Feature,MeanAbsSHAP,BuiltinImportance,Task,Model,SHAPMethod
diff_xg_for_l3,0.014389981974766056,0.01763605416085421,Task C,Random Forest,TreeExplainer
p1_away_scr_home,0.009896432536437749,0.014348903443475504,Task C,Random Forest,TreeExplainer
diff_shots_for_l10,0.007601884794815559,0.011510741578493433,Task C,Random Forest,TreeExplainer
p1_away_rank_total,0.007439889230297447,0.013027885354849882,Task C,Random Forest,TreeExplainer
p1_away_scr_total,0.007322452134775758,0.011848532249626122,Task C,Random Forest,TreeExplainer
p1_away_con_total,0.007038246980619896,0.011506809915322597,Task C,Random Forest,TreeExplainer
diff_xg_for_l5,0.006584990676939634,0.011083062521729763,Task C,Random Forest,TreeExplainer
home_final_third_entries_for_l5,0.0057125787206599166,0.011532190872542043,Task C,Random Forest,TreeExplainer
away_pass_completion_for_l3,0.005283431281642308,0.009938583040952713,Task C,Random Forest,TreeExplainer
away_shots_on_target_for_l10,0.0051376267151230235,0.00936390669270299,Task C,Random Forest,TreeExplainer
p1_away_con_away,0.0049404018666950504,0.011579426034180579,Task C,Random Forest,TreeExplainer
diff_xg_for_l10,0.0048678281512682855,0.009582275111241859,Task C,Random Forest,TreeExplainer
home_xg_for_l3,0.00468958399397472,0.010340265488604911,Task C,Random Forest,TreeExplainer
away_pass_completion_for_l10,0.0046758767146119476,0.009598788692631664,Task C,Random Forest,TreeExplainer
home_pressures_for_l5,0.00458882830616009,0.008098516331961432,Task C,Random Forest,TreeExplainer
p1_away_rank_home,0.004497540367189869,0.008703879759176405,Task C,Random Forest,TreeExplainer
p1_home_scr_home,0.004434465904120508,0.009085926700420462,Task C,Random Forest,TreeExplainer
away_final_third_entries_for_l10,0.00432893215667077,0.01078511801892502,Task C,Random Forest,TreeExplainer
p1_away_rank_away,0.0042633901538648685,0.008192673035321618,Task C,Random Forest,TreeExplainer
home_rest_days,0.0039685461238271194,0.009977740534210518,Task C,Random Forest,TreeExplainer
away_shots_on_target_for_l5,0.0038952607396083427,0.009422616036949268,Task C,Random Forest,TreeExplainer
home_shots_for_l5,0.003871851759222349,0.009665545744058975,Task C,Random Forest,TreeExplainer
home_shots_for_l10,0.0037915110275174887,0.007861857877098337,Task C,Random Forest,TreeExplainer
away_goal_difference_l10,0.003746777605956255,0.009106640667965389,Task C,Random Forest,TreeExplainer
p1_home_scr_total,0.003661997098249892,0.007685403148584792,Task C,Random Forest,TreeExplainer
away_final_third_entries_for_l5,0.0035287704965162392,0.00967075108250271,Task C,Random Forest,TreeExplainer
diff_pressures_for_l3,0.0033740345054570613,0.006834627479662081,Task C,Random Forest,TreeExplainer
p1_home_con_total,0.003364703762365638,0.007220359397835721,Task C,Random Forest,TreeExplainer
home_shots_on_target_for_l3,0.003302969098330029,0.010617088987972867,Task C,Random Forest,TreeExplainer
home_pressures_for_l3,0.003300732497595402,0.008741606490512305,Task C,Random Forest,TreeExplainer
home_goals_for_l5,0.0032513579024703227,0.006678920892145792,Task C,Random Forest,TreeExplainer
home_shots_for_l3,0.0032403557098454154,0.007748749835958864,Task C,Random Forest,TreeExplainer
away_goals_for_l3,0.0032308883578940073,0.004522873962464226,Task C,Random Forest,TreeExplainer
diff_possession_share_l3,0.0031569567418248076,0.01037139675100517,Task C,Random Forest,TreeExplainer
p1_home_con_away,0.003018089406958232,0.008575317514965214,Task C,Random Forest,TreeExplainer
diff_pressures_for_l10,0.0030178129743970317,0.007258156401457139,Task C,Random Forest,TreeExplainer
away_xg_against_l3,0.0029715086394445245,0.006926632446673523,Task C,Random Forest,TreeExplainer
away_xg_for_l3,0.002971163835949542,0.008387424824688253,Task C,Random Forest,TreeExplainer
away_pass_completion_for_l5,0.0029537535018280734,0.0075107512062706615,Task C,Random Forest,TreeExplainer
diff_shots_for_l5,0.0028817432719309257,0.01101071084827625,Task C,Random Forest,TreeExplainer
home_xg_for_l5,0.0028340614022907273,0.008688838619176688,Task C,Random Forest,TreeExplainer
home_xg_for_l10,0.0028085887331263963,0.006769191109149786,Task C,Random Forest,TreeExplainer
diff_points_l10,0.0027252112060980253,0.007854635271124635,Task C,Random Forest,TreeExplainer
home_shots_on_target_against_l5,0.0027139110994739237,0.007419550398325335,Task C,Random Forest,TreeExplainer
p1_home_rank_home,0.0027051817315713973,0.005513811994350434,Task C,Random Forest,TreeExplainer
home_passes_for_l3,0.0026529291524325675,0.008042764888628965,Task C,Random Forest,TreeExplainer
away_xg_against_l10,0.002550285701301226,0.010088635952577097,Task C,Random Forest,TreeExplainer
away_shots_for_l10,0.0025484339003745303,0.007270435554475824,Task C,Random Forest,TreeExplainer
home_possession_share_l5,0.00253331393787878,0.007898749191264006,Task C,Random Forest,TreeExplainer
away_passes_for_l10,0.0024817870046839087,0.00610574631151716,Task C,Random Forest,TreeExplainer
diff_possession_share_l5,0.0024782516010959403,0.011003450496991229,Task C,Random Forest,TreeExplainer
home_pass_completion_for_l10,0.002396830632704314,0.006780335449892341,Task C,Random Forest,TreeExplainer
diff_pass_completion_for_l3,0.0023364330739484972,0.007568100329669967,Task C,Random Forest,TreeExplainer
away_shots_on_target_against_l3,0.0023105566713969047,0.006810791122257184,Task C,Random Forest,TreeExplainer
away_rest_days,0.0023000129117899336,0.007265552983839899,Task C,Random Forest,TreeExplainer
diff_shots_for_l3,0.0022756186031244107,0.00753000110613367,Task C,Random Forest,TreeExplainer
away_goal_difference_l5,0.0022405417940250813,0.006527396156567651,Task C,Random Forest,TreeExplainer
home_shots_on_target_for_l10,0.0021717842534606925,0.005199618906679159,Task C,Random Forest,TreeExplainer
rest_days_difference,0.002107180142404224,0.006478086032609958,Task C,Random Forest,TreeExplainer
away_passes_for_l3,0.00209116686816249,0.008403488099316575,Task C,Random Forest,TreeExplainer
home_possession_share_l10,0.0020627570396256735,0.007378669564833276,Task C,Random Forest,TreeExplainer
home_shots_on_target_for_l5,0.002057524539533214,0.006911931111807391,Task C,Random Forest,TreeExplainer
home_shots_on_target_against_l3,0.0020370232990765346,0.011988264165957134,Task C,Random Forest,TreeExplainer
home_pass_completion_for_l5,0.002007522616846833,0.0077520958879754,Task C,Random Forest,TreeExplainer
away_shots_against_l3,0.0020057553272318936,0.006689676016495897,Task C,Random Forest,TreeExplainer
home_goals_against_l10,0.001984549763317993,0.006317093505085115,Task C,Random Forest,TreeExplainer
away_shots_on_target_for_l3,0.0019839695248264487,0.005975784958347329,Task C,Random Forest,TreeExplainer
diff_pass_completion_for_l10,0.0019698332026873494,0.007355652426131648,Task C,Random Forest,TreeExplainer
diff_possession_share_l10,0.0018951583933408777,0.010462537966177752,Task C,Random Forest,TreeExplainer
p1_home_rank_total,0.0018832535692874612,0.0055591413211423905,Task C,Random Forest,TreeExplainer
diff_goal_difference_l10,0.0018506880321743472,0.010286719714802665,Task C,Random Forest,TreeExplainer
p1_home_rank_away,0.001823869296511806,0.005817423405880111,Task C,Random Forest,TreeExplainer
away_pressures_for_l3,0.0018110746157087574,0.007937676585840705,Task C,Random Forest,TreeExplainer
away_goals_against_l5,0.0018056986441773656,0.005094897902316538,Task C,Random Forest,TreeExplainer
diff_pass_completion_for_l5,0.0016618286122368619,0.007058429602008397,Task C,Random Forest,TreeExplainer
home_final_third_entries_for_l3,0.0016423366539627074,0.006839884264797267,Task C,Random Forest,TreeExplainer
home_pass_completion_for_l3,0.001587125300329416,0.00768521780031599,Task C,Random Forest,TreeExplainer
home_final_third_entries_for_l10,0.0015721257903089886,0.006788875341810519,Task C,Random Forest,TreeExplainer
away_shots_against_l10,0.001509882240516885,0.008482042027977928,Task C,Random Forest,TreeExplainer
home_passes_for_l10,0.0014895798928431932,0.007229017202945571,Task C,Random Forest,TreeExplainer
away_xg_for_l10,0.0014600312500344065,0.004925131414622801,Task C,Random Forest,TreeExplainer
away_goals_for_l5,0.0014172692450453994,0.0044261253243488875,Task C,Random Forest,TreeExplainer
away_points_l10,0.0014078400164515322,0.005695328312174522,Task C,Random Forest,TreeExplainer
home_pressures_for_l10,0.0014054713417821119,0.0058260185944756,Task C,Random Forest,TreeExplainer
p1_away_con_home,0.001399680983262535,0.004535008702977724,Task C,Random Forest,TreeExplainer
away_xg_against_l5,0.0013969268476341145,0.0050279371669547275,Task C,Random Forest,TreeExplainer
away_possession_share_l3,0.001378770043854639,0.00842798733257224,Task C,Random Forest,TreeExplainer
away_xg_for_l5,0.0013252709516917518,0.006348345136602307,Task C,Random Forest,TreeExplainer
diff_goal_difference_l5,0.0012809677795584172,0.006069553429322485,Task C,Random Forest,TreeExplainer
diff_pressures_for_l5,0.0012732967094741475,0.007722036094254555,Task C,Random Forest,TreeExplainer
home_shots_against_l10,0.0012730345474627086,0.006369590429885117,Task C,Random Forest,TreeExplainer
away_possession_share_l5,0.0012691870652977142,0.008448067105361844,Task C,Random Forest,TreeExplainer
home_xg_against_l10,0.0012508481052926964,0.006895851249745869,Task C,Random Forest,TreeExplainer
away_goal_difference_l3,0.0012411582012172586,0.0038561023213706186,Task C,Random Forest,TreeExplainer
home_possession_share_l3,0.0012383045035225452,0.0065380376156112,Task C,Random Forest,TreeExplainer
away_pressures_for_l5,0.0012374449943632698,0.006958932000977604,Task C,Random Forest,TreeExplainer
away_final_third_entries_for_l3,0.001234279690015425,0.0077993954382244825,Task C,Random Forest,TreeExplainer
home_goals_for_l10,0.0012339109221544975,0.005715437835070976,Task C,Random Forest,TreeExplainer
home_goals_for_l3,0.0011994675359615792,0.003370231713918823,Task C,Random Forest,TreeExplainer
home_red_cards_for_l10,0.001165590613440289,0.001895881636941244,Task C,Random Forest,TreeExplainer
home_xg_against_l5,0.0011487965417165131,0.00887578632217816,Task C,Random Forest,TreeExplainer
away_points_l5,0.0011402894835683432,0.004452949951761249,Task C,Random Forest,TreeExplainer
p1_home_con_home,0.0011249090932293232,0.006744271270005484,Task C,Random Forest,TreeExplainer
away_shots_for_l5,0.0011220744849906848,0.00689400075727844,Task C,Random Forest,TreeExplainer
away_shots_for_l3,0.0011205766563740665,0.007794558629447471,Task C,Random Forest,TreeExplainer
p1_home_scr_away,0.001118973997587084,0.004589075495758353,Task C,Random Forest,TreeExplainer
away_goals_against_l10,0.0011112909326804555,0.007363876820188623,Task C,Random Forest,TreeExplainer
p1_away_scr_away,0.00109906890041592,0.005500906072860172,Task C,Random Forest,TreeExplainer
away_shots_against_l5,0.0010164395512135844,0.006084393086650444,Task C,Random Forest,TreeExplainer
away_pressures_for_l10,0.0009823353560546577,0.007457496277712297,Task C,Random Forest,TreeExplainer
home_goals_against_l5,0.0009346401133452915,0.005343701573253714,Task C,Random Forest,TreeExplainer
home_points_l3,0.000931398358961677,0.0035094621196010084,Task C,Random Forest,TreeExplainer
diff_points_l5,0.0009169214332202529,0.00473020874146356,Task C,Random Forest,TreeExplainer
away_goals_for_l10,0.0009029092338662947,0.004599416905418432,Task C,Random Forest,TreeExplainer
home_xg_against_l3,0.0008881992407485786,0.006767645694841317,Task C,Random Forest,TreeExplainer
away_shots_on_target_against_l5,0.0008786534177945972,0.005667976197395168,Task C,Random Forest,TreeExplainer
home_shots_against_l3,0.0008684193403279408,0.006375655775573959,Task C,Random Forest,TreeExplainer
home_passes_for_l5,0.000865810825979978,0.006332655546956755,Task C,Random Forest,TreeExplainer
away_shots_on_target_against_l10,0.000862740575628421,0.007541453208743295,Task C,Random Forest,TreeExplainer
home_shots_on_target_against_l10,0.000854031724436645,0.004986670377193982,Task C,Random Forest,TreeExplainer
away_goals_against_l3,0.000822957228405313,0.002886984927448229,Task C,Random Forest,TreeExplainer
away_passes_for_l5,0.0007916522622381843,0.007140383979696628,Task C,Random Forest,TreeExplainer
away_possession_share_l10,0.0007792677476705247,0.006709196181766053,Task C,Random Forest,TreeExplainer
home_goal_difference_l5,0.0007771738873921034,0.0038922686345331794,Task C,Random Forest,TreeExplainer
away_red_cards_for_l10,0.0007758162054909873,0.0016266159437964267,Task C,Random Forest,TreeExplainer
home_shots_against_l5,0.0007716802396267784,0.006551077570824619,Task C,Random Forest,TreeExplainer
away_points_l3,0.0007704687611886794,0.0018568854263898255,Task C,Random Forest,TreeExplainer
diff_points_l3,0.0007612127499304954,0.004817342625167007,Task C,Random Forest,TreeExplainer
home_goal_difference_l10,0.0007543878764363745,0.003525638559748343,Task C,Random Forest,TreeExplainer
home_goal_difference_l3,0.0007377491034540226,0.003026209882424173,Task C,Random Forest,TreeExplainer
home_goals_against_l3,0.0007248354048826964,0.005110915882081171,Task C,Random Forest,TreeExplainer
home_points_l10,0.0007200257142978827,0.004043801512390115,Task C,Random Forest,TreeExplainer
diff_goal_difference_l3,0.0006320225816645535,0.00487004239842503,Task C,Random Forest,TreeExplainer
home_points_l5,0.000599866283564449,0.002904663180709845,Task C,Random Forest,TreeExplainer
away_red_cards_for_l3,0.00037967901115436704,0.0009867421305395406,Task C,Random Forest,TreeExplainer
home_red_cards_for_l5,0.00026112487193869107,0.0008419504686120743,Task C,Random Forest,TreeExplainer
home_red_cards_for_l3,0.0002292661658364673,0.0003904403714401224,Task C,Random Forest,TreeExplainer
away_red_cards_for_l5,0.00013559289730494476,0.0005820489449671705,Task C,Random Forest,TreeExplainer
missingindicator_diff_pass_completion_for_l5,0.0,0.0,Task C,Random Forest,TreeExplainer
away_missing_history_l3,0.0,0.0,Task C,Random Forest,TreeExplainer
missingindicator_away_final_third_entries_for_l10,0.0,4.9063148831990014e-05,Task C,Random Forest,TreeExplainer
missingindicator_away_red_cards_for_l10,0.0,1.5543534824934692e-05,Task C,Random Forest,TreeExplainer
missingindicator_away_possession_share_l10,0.0,0.0,Task C,Random Forest,TreeExplainer
missingindicator_diff_points_l3,0.0,0.0,Task C,Random Forest,TreeExplainer
missingindicator_diff_goal_difference_l3,0.0,0.0,Task C,Random Forest,TreeExplainer
missingindicator_diff_shots_for_l3,0.0,4.629567487985393e-05,Task C,Random Forest,TreeExplainer
missingindicator_diff_xg_for_l3,0.0,0.0,Task C,Random Forest,TreeExplainer
missingindicator_diff_pass_completion_for_l3,0.0,6.959129417150296e-05,Task C,Random Forest,TreeExplainer
missingindicator_diff_pressures_for_l3,0.0,0.0,Task C,Random Forest,TreeExplainer
missingindicator_diff_possession_share_l3,0.0,5.7681963975124624e-05,Task C,Random Forest,TreeExplainer
missingindicator_diff_points_l5,0.0,0.0,Task C,Random Forest,TreeExplainer
missingindicator_diff_goal_difference_l5,0.0,0.0,Task C,Random Forest,TreeExplainer
missingindicator_diff_shots_for_l5,0.0,2.9457444526878648e-05,Task C,Random Forest,TreeExplainer
missingindicator_diff_xg_for_l5,0.0,4.9956313795144905e-05,Task C,Random Forest,TreeExplainer
missingindicator_away_pressures_for_l10,0.0,0.0,Task C,Random Forest,TreeExplainer
missingindicator_away_pass_completion_for_l10,0.0,0.0,Task C,Random Forest,TreeExplainer
missingindicator_away_final_third_entries_for_l5,0.0,4.819850138109296e-05,Task C,Random Forest,TreeExplainer
missingindicator_away_red_cards_for_l5,0.0,0.0,Task C,Random Forest,TreeExplainer
missingindicator_away_possession_share_l5,0.0,0.0,Task C,Random Forest,TreeExplainer
missingindicator_away_points_l10,0.0,0.0,Task C,Random Forest,TreeExplainer
missingindicator_away_goals_for_l10,0.0,2.911787174215859e-05,Task C,Random Forest,TreeExplainer
missingindicator_away_goals_against_l10,0.0,0.0,Task C,Random Forest,TreeExplainer
missingindicator_away_goal_difference_l10,0.0,0.0,Task C,Random Forest,TreeExplainer
missingindicator_away_shots_for_l10,0.0,2.3376653072405912e-05,Task C,Random Forest,TreeExplainer
missingindicator_away_shots_against_l10,0.0,0.0001089872012174829,Task C,Random Forest,TreeExplainer
missingindicator_away_shots_on_target_for_l10,0.0,2.348780903996033e-05,Task C,Random Forest,TreeExplainer
missingindicator_away_shots_on_target_against_l10,0.0,0.0,Task C,Random Forest,TreeExplainer
missingindicator_away_xg_for_l10,0.0,0.0,Task C,Random Forest,TreeExplainer
missingindicator_away_xg_against_l10,0.0,0.0,Task C,Random Forest,TreeExplainer
missingindicator_away_passes_for_l10,0.0,5.8728310286264636e-05,Task C,Random Forest,TreeExplainer
missingindicator_away_pressures_for_l5,0.0,0.0,Task C,Random Forest,TreeExplainer
home_missing_history_l3,0.0,0.001021963936441102,Task C,Random Forest,TreeExplainer
home_history_matches_before,0.0,0.004814589532446129,Task C,Random Forest,TreeExplainer
away_history_matches_before,0.0,0.006331326893395021,Task C,Random Forest,TreeExplainer
away_missing_history_l5,0.0,0.0005940364014994872,Task C,Random Forest,TreeExplainer
home_missing_history_l10,0.0,0.000835266192295924,Task C,Random Forest,TreeExplainer
home_missing_history_l5,0.0,0.00029037575559507484,Task C,Random Forest,TreeExplainer
away_missing_history_l10,0.0,0.0008552905670748729,Task C,Random Forest,TreeExplainer
missingindicator_home_rest_days,0.0,0.0,Task C,Random Forest,TreeExplainer
missingindicator_home_points_l3,0.0,0.0,Task C,Random Forest,TreeExplainer
missingindicator_home_goals_for_l3,0.0,0.0,Task C,Random Forest,TreeExplainer
missingindicator_home_goals_against_l3,0.0,0.0001895738183124411,Task C,Random Forest,TreeExplainer
missingindicator_home_goal_difference_l3,0.0,0.0,Task C,Random Forest,TreeExplainer
missingindicator_home_shots_for_l3,0.0,0.0,Task C,Random Forest,TreeExplainer
missingindicator_home_shots_against_l3,0.0,1.3120410921955388e-05,Task C,Random Forest,TreeExplainer
missingindicator_home_shots_on_target_for_l3,0.0,0.0,Task C,Random Forest,TreeExplainer
missingindicator_home_shots_on_target_against_l3,0.0,1.182274459446035e-05,Task C,Random Forest,TreeExplainer
missingindicator_home_xg_for_l3,0.0,7.480703529319376e-05,Task C,Random Forest,TreeExplainer
missingindicator_home_xg_against_l3,0.0,0.0,Task C,Random Forest,TreeExplainer
missingindicator_home_passes_for_l3,0.0,0.0,Task C,Random Forest,TreeExplainer
missingindicator_home_pass_completion_for_l3,0.0,0.0,Task C,Random Forest,TreeExplainer
missingindicator_home_pressures_for_l3,0.0,4.014877400502267e-05,Task C,Random Forest,TreeExplainer
missingindicator_home_final_third_entries_for_l3,0.0,9.44483905792547e-05,Task C,Random Forest,TreeExplainer
missingindicator_home_red_cards_for_l3,0.0,0.0,Task C,Random Forest,TreeExplainer
missingindicator_home_possession_share_l3,0.0,0.0,Task C,Random Forest,TreeExplainer
missingindicator_home_points_l5,0.0,0.0,Task C,Random Forest,TreeExplainer
missingindicator_home_goals_for_l5,0.0,5.144331059181265e-05,Task C,Random Forest,TreeExplainer
missingindicator_home_goals_against_l5,0.0,0.0,Task C,Random Forest,TreeExplainer
missingindicator_home_goal_difference_l5,0.0,3.0029386458346125e-05,Task C,Random Forest,TreeExplainer
missingindicator_home_shots_for_l5,0.0,0.0,Task C,Random Forest,TreeExplainer
missingindicator_home_shots_against_l5,0.0,0.0,Task C,Random Forest,TreeExplainer
missingindicator_home_shots_on_target_for_l5,0.0,0.00015871558925881153,Task C,Random Forest,TreeExplainer
missingindicator_home_shots_on_target_against_l5,0.0,0.0,Task C,Random Forest,TreeExplainer
missingindicator_home_xg_for_l5,0.0,0.00010012177389386375,Task C,Random Forest,TreeExplainer
missingindicator_home_xg_against_l5,0.0,0.0,Task C,Random Forest,TreeExplainer
missingindicator_home_passes_for_l5,0.0,0.0,Task C,Random Forest,TreeExplainer
missingindicator_home_pass_completion_for_l5,0.0,5.447239882734173e-05,Task C,Random Forest,TreeExplainer
missingindicator_home_pressures_for_l5,0.0,0.0,Task C,Random Forest,TreeExplainer
missingindicator_home_final_third_entries_for_l5,0.0,7.041139886388714e-06,Task C,Random Forest,TreeExplainer
missingindicator_home_red_cards_for_l5,0.0,4.475731296256649e-05,Task C,Random Forest,TreeExplainer
missingindicator_home_possession_share_l5,0.0,0.0,Task C,Random Forest,TreeExplainer
missingindicator_home_points_l10,0.0,0.00014346629972041572,Task C,Random Forest,TreeExplainer
missingindicator_home_goals_for_l10,0.0,0.0003082083297697848,Task C,Random Forest,TreeExplainer
missingindicator_home_goals_against_l10,0.0,0.0,Task C,Random Forest,TreeExplainer
missingindicator_home_goal_difference_l10,0.0,0.0,Task C,Random Forest,TreeExplainer
missingindicator_home_shots_for_l10,0.0,0.0,Task C,Random Forest,TreeExplainer
missingindicator_home_shots_against_l10,0.0,0.0,Task C,Random Forest,TreeExplainer
missingindicator_home_shots_on_target_for_l10,0.0,0.0,Task C,Random Forest,TreeExplainer
missingindicator_home_shots_on_target_against_l10,0.0,0.0,Task C,Random Forest,TreeExplainer
missingindicator_home_xg_for_l10,0.0,6.953227412244806e-05,Task C,Random Forest,TreeExplainer
missingindicator_home_xg_against_l10,0.0,0.0,Task C,Random Forest,TreeExplainer
missingindicator_home_passes_for_l10,0.0,0.0,Task C,Random Forest,TreeExplainer
missingindicator_home_pass_completion_for_l10,0.0,0.0,Task C,Random Forest,TreeExplainer
missingindicator_home_pressures_for_l10,0.0,0.0,Task C,Random Forest,TreeExplainer
missingindicator_home_final_third_entries_for_l10,0.0,0.0,Task C,Random Forest,TreeExplainer
missingindicator_home_red_cards_for_l10,0.0,0.0,Task C,Random Forest,TreeExplainer
missingindicator_home_possession_share_l10,0.0,0.0,Task C,Random Forest,TreeExplainer
missingindicator_away_rest_days,0.0,0.0,Task C,Random Forest,TreeExplainer
missingindicator_away_points_l3,0.0,0.0,Task C,Random Forest,TreeExplainer
missingindicator_away_goals_for_l3,0.0,0.0,Task C,Random Forest,TreeExplainer
missingindicator_away_goals_against_l3,0.0,0.0,Task C,Random Forest,TreeExplainer
missingindicator_away_goal_difference_l3,0.0,0.0,Task C,Random Forest,TreeExplainer
missingindicator_away_shots_for_l3,0.0,0.0,Task C,Random Forest,TreeExplainer
missingindicator_away_shots_against_l3,0.0,0.0,Task C,Random Forest,TreeExplainer
missingindicator_away_shots_on_target_for_l3,0.0,0.0,Task C,Random Forest,TreeExplainer
missingindicator_away_shots_on_target_against_l3,0.0,0.0,Task C,Random Forest,TreeExplainer
missingindicator_away_xg_for_l3,0.0,0.0,Task C,Random Forest,TreeExplainer
missingindicator_away_xg_against_l3,0.0,0.0,Task C,Random Forest,TreeExplainer
missingindicator_away_passes_for_l3,0.0,0.0,Task C,Random Forest,TreeExplainer
missingindicator_away_pass_completion_for_l3,0.0,0.0,Task C,Random Forest,TreeExplainer
missingindicator_away_pressures_for_l3,0.0,0.0,Task C,Random Forest,TreeExplainer
missingindicator_away_final_third_entries_for_l3,0.0,0.0,Task C,Random Forest,TreeExplainer
missingindicator_away_red_cards_for_l3,0.0,0.0,Task C,Random Forest,TreeExplainer
missingindicator_away_possession_share_l3,0.0,0.0,Task C,Random Forest,TreeExplainer
missingindicator_away_points_l5,0.0,0.0001485314860767803,Task C,Random Forest,TreeExplainer
missingindicator_away_goals_for_l5,0.0,0.0,Task C,Random Forest,TreeExplainer
missingindicator_away_goals_against_l5,0.0,0.0,Task C,Random Forest,TreeExplainer
missingindicator_away_goal_difference_l5,0.0,0.0,Task C,Random Forest,TreeExplainer
missingindicator_away_shots_for_l5,0.0,0.0,Task C,Random Forest,TreeExplainer
missingindicator_away_shots_against_l5,0.0,3.678416617440181e-05,Task C,Random Forest,TreeExplainer
missingindicator_away_shots_on_target_for_l5,0.0,9.488837574523913e-05,Task C,Random Forest,TreeExplainer
missingindicator_away_shots_on_target_against_l5,0.0,0.0,Task C,Random Forest,TreeExplainer
missingindicator_away_xg_for_l5,0.0,6.128358497164415e-05,Task C,Random Forest,TreeExplainer
missingindicator_away_xg_against_l5,0.0,1.1571169495866252e-05,Task C,Random Forest,TreeExplainer
missingindicator_away_passes_for_l5,0.0,0.0,Task C,Random Forest,TreeExplainer
missingindicator_away_pass_completion_for_l5,0.0,1.593097151016647e-05,Task C,Random Forest,TreeExplainer
missingindicator_diff_pressures_for_l5,0.0,0.0,Task C,Random Forest,TreeExplainer
missingindicator_diff_possession_share_l5,0.0,0.0,Task C,Random Forest,TreeExplainer
missingindicator_diff_points_l10,0.0,6.472273524637668e-05,Task C,Random Forest,TreeExplainer
missingindicator_diff_goal_difference_l10,0.0,4.931645319273696e-05,Task C,Random Forest,TreeExplainer
missingindicator_diff_shots_for_l10,0.0,0.0,Task C,Random Forest,TreeExplainer
missingindicator_diff_xg_for_l10,0.0,3.18452766501277e-05,Task C,Random Forest,TreeExplainer
missingindicator_diff_pass_completion_for_l10,0.0,0.0001257916091232153,Task C,Random Forest,TreeExplainer
missingindicator_diff_pressures_for_l10,0.0,0.0,Task C,Random Forest,TreeExplainer
missingindicator_diff_possession_share_l10,0.0,0.0,Task C,Random Forest,TreeExplainer
missingindicator_rest_days_difference,0.0,0.0,Task C,Random Forest,TreeExplainer
diff_xg_for_l3,0.06811857341582993,0.059329283424780783,Task C,GBM,Permutation fallback (InvalidModelError)
diff_pressures_for_l3,0.050867047957020024,0.02314181360890893,Task C,GBM,Permutation fallback (InvalidModelError)
home_goals_for_l5,0.034665478675989826,0.022926106882715253,Task C,GBM,Permutation fallback (InvalidModelError)
home_pass_completion_for_l5,0.03282418287253406,0.02514661643101268,Task C,GBM,Permutation fallback (InvalidModelError)
away_shots_on_target_for_l5,0.026752602882400514,0.012255328111043618,Task C,GBM,Permutation fallback (InvalidModelError)
p1_away_con_away,0.025298632642188613,0.029339384975792575,Task C,GBM,Permutation fallback (InvalidModelError)
home_shots_on_target_for_l3,0.025037506328966085,0.019301500696866904,Task C,GBM,Permutation fallback (InvalidModelError)
home_final_third_entries_for_l5,0.0250140955304169,0.016853270340888266,Task C,GBM,Permutation fallback (InvalidModelError)
p1_away_con_total,0.02482846535984782,0.029157665488161868,Task C,GBM,Permutation fallback (InvalidModelError)
home_shots_on_target_against_l3,0.021962741625021175,0.038477186209705604,Task C,GBM,Permutation fallback (InvalidModelError)
away_final_third_entries_for_l10,0.02188074486659465,0.019490334406209134,Task C,GBM,Permutation fallback (InvalidModelError)
home_rest_days,0.020010460221671283,0.016781550451189488,Task C,GBM,Permutation fallback (InvalidModelError)
away_goals_against_l5,0.01950357388630096,0.013929628484825577,Task C,GBM,Permutation fallback (InvalidModelError)
p1_away_scr_home,0.019166127813692556,0.031468340983397035,Task C,GBM,Permutation fallback (InvalidModelError)
home_xg_against_l3,0.01728304106167905,0.018366469452520184,Task C,GBM,Permutation fallback (InvalidModelError)
p1_home_scr_home,0.016954589520117858,0.018340932401684,Task C,GBM,Permutation fallback (InvalidModelError)
away_pressures_for_l5,0.016460775862083946,0.006109866069957688,Task C,GBM,Permutation fallback (InvalidModelError)
home_passes_for_l3,0.015940345274232194,0.01024602148289496,Task C,GBM,Permutation fallback (InvalidModelError)
away_goal_difference_l10,0.01448265603622355,0.026383287554295316,Task C,GBM,Permutation fallback (InvalidModelError)
p1_home_con_total,0.0143075039852558,0.014473943515928189,Task C,GBM,Permutation fallback (InvalidModelError)
diff_pass_completion_for_l10,0.013856234023557222,0.005942528418201983,Task C,GBM,Permutation fallback (InvalidModelError)
home_pass_completion_for_l3,0.0137458227967014,0.023285792760654137,Task C,GBM,Permutation fallback (InvalidModelError)
away_pass_completion_for_l3,0.013131811396376394,0.010673071232875194,Task C,GBM,Permutation fallback (InvalidModelError)
diff_possession_share_l10,0.013081174059963114,0.021024061949440367,Task C,GBM,Permutation fallback (InvalidModelError)
away_pass_completion_for_l10,0.012923246200113658,0.014435850024368044,Task C,GBM,Permutation fallback (InvalidModelError)
home_shots_against_l3,0.011404459536644087,0.008234251036862494,Task C,GBM,Permutation fallback (InvalidModelError)
away_possession_share_l10,0.010683024000566789,0.011904253317970452,Task C,GBM,Permutation fallback (InvalidModelError)
away_goals_for_l3,0.010667669626512869,0.01019403345436365,Task C,GBM,Permutation fallback (InvalidModelError)
p1_home_con_away,0.009924695159883982,0.005833603265267463,Task C,GBM,Permutation fallback (InvalidModelError)
diff_possession_share_l3,0.009482498238271627,0.00749978547253817,Task C,GBM,Permutation fallback (InvalidModelError)
away_pressures_for_l3,0.009205124748745975,0.006863921220370244,Task C,GBM,Permutation fallback (InvalidModelError)
home_points_l5,0.009187890331414832,0.00783257008707285,Task C,GBM,Permutation fallback (InvalidModelError)
away_xg_against_l3,0.007464856105864249,0.008565731711105496,Task C,GBM,Permutation fallback (InvalidModelError)
home_xg_for_l5,0.007183509157105048,0.008864869258414903,Task C,GBM,Permutation fallback (InvalidModelError)
home_possession_share_l3,0.007123918497658787,0.014135447029533203,Task C,GBM,Permutation fallback (InvalidModelError)
diff_pass_completion_for_l3,0.007088086122571084,0.0022681931383645715,Task C,GBM,Permutation fallback (InvalidModelError)
home_final_third_entries_for_l3,0.007022918428873118,0.005398880712680546,Task C,GBM,Permutation fallback (InvalidModelError)
p1_home_rank_away,0.0070116277333682345,0.00530519484442097,Task C,GBM,Permutation fallback (InvalidModelError)
diff_pressures_for_l10,0.0068826838954806945,0.002396505923354721,Task C,GBM,Permutation fallback (InvalidModelError)
home_shots_on_target_for_l5,0.006874711743759392,0.009784900226889217,Task C,GBM,Permutation fallback (InvalidModelError)
away_shots_on_target_against_l3,0.006855571142331626,0.018594638658739768,Task C,GBM,Permutation fallback (InvalidModelError)
away_xg_for_l5,0.006692385798570721,0.004328548514047389,Task C,GBM,Permutation fallback (InvalidModelError)
home_pass_completion_for_l10,0.006689733764254025,0.0027285526793193343,Task C,GBM,Permutation fallback (InvalidModelError)
home_shots_on_target_against_l5,0.006316598089800027,0.0064812034188641825,Task C,GBM,Permutation fallback (InvalidModelError)
away_passes_for_l10,0.006245396773240347,0.004206264941525572,Task C,GBM,Permutation fallback (InvalidModelError)
home_shots_on_target_for_l10,0.006156807606271659,0.0019861434380094045,Task C,GBM,Permutation fallback (InvalidModelError)
away_xg_against_l10,0.005805373971738743,0.011249783175888888,Task C,GBM,Permutation fallback (InvalidModelError)
home_xg_against_l5,0.005802666891762958,0.00787407454960479,Task C,GBM,Permutation fallback (InvalidModelError)
away_shots_on_target_for_l10,0.005618425979531031,0.006889584748298215,Task C,GBM,Permutation fallback (InvalidModelError)
away_possession_share_l5,0.0055286232464500555,0.006017802152146596,Task C,GBM,Permutation fallback (InvalidModelError)
home_shots_against_l5,0.005499754519631485,0.009950987740492538,Task C,GBM,Permutation fallback (InvalidModelError)
diff_pressures_for_l5,0.005463261525013374,0.0027148399443229763,Task C,GBM,Permutation fallback (InvalidModelError)
away_goal_difference_l3,0.005455444482053791,0.005493231183587133,Task C,GBM,Permutation fallback (InvalidModelError)
home_goal_difference_l5,0.004925183976670856,0.0075834848119379255,Task C,GBM,Permutation fallback (InvalidModelError)
away_shots_on_target_against_l5,0.004693686618824778,0.004451173394653212,Task C,GBM,Permutation fallback (InvalidModelError)
away_xg_against_l5,0.004690908673858218,0.0038865215838439593,Task C,GBM,Permutation fallback (InvalidModelError)
diff_xg_for_l10,0.0046701553526298095,0.004246540303106751,Task C,GBM,Permutation fallback (InvalidModelError)
rest_days_difference,0.00451349526625965,0.010954590617195118,Task C,GBM,Permutation fallback (InvalidModelError)
diff_points_l10,0.004295024039075788,0.030877479896942516,Task C,GBM,Permutation fallback (InvalidModelError)
away_goals_for_l5,0.004259742305551756,0.005339303138628533,Task C,GBM,Permutation fallback (InvalidModelError)
diff_points_l5,0.004191852224317402,0.0034674497661339658,Task C,GBM,Permutation fallback (InvalidModelError)
away_shots_on_target_against_l10,0.004165775373142337,0.001147387498384669,Task C,GBM,Permutation fallback (InvalidModelError)
diff_goal_difference_l10,0.004081983773903242,0.004469810691070447,Task C,GBM,Permutation fallback (InvalidModelError)
away_possession_share_l3,0.004068583009344456,0.02681708599781738,Task C,GBM,Permutation fallback (InvalidModelError)
away_points_l5,0.0036897945699716746,0.004122864145727003,Task C,GBM,Permutation fallback (InvalidModelError)
home_xg_for_l3,0.0034233730492614317,0.005236415700343471,Task C,GBM,Permutation fallback (InvalidModelError)
away_xg_for_l3,0.0030553225642594647,0.00155771763085096,Task C,GBM,Permutation fallback (InvalidModelError)
home_shots_for_l3,0.0029994490834314514,0.0024592345014965455,Task C,GBM,Permutation fallback (InvalidModelError)
home_points_l10,0.002828578151463188,0.0064454303615745535,Task C,GBM,Permutation fallback (InvalidModelError)
home_xg_for_l10,0.0027541901469683785,0.010265890098656315,Task C,GBM,Permutation fallback (InvalidModelError)
diff_possession_share_l5,0.0025392715501252705,0.0017756391904998532,Task C,GBM,Permutation fallback (InvalidModelError)
away_shots_against_l3,0.0025376991345610334,0.0019368433054945257,Task C,GBM,Permutation fallback (InvalidModelError)
home_xg_against_l10,0.0024743049795829383,0.0018465694685143254,Task C,GBM,Permutation fallback (InvalidModelError)
home_shots_for_l5,0.0024455810656618697,0.001508520812551388,Task C,GBM,Permutation fallback (InvalidModelError)
away_xg_for_l10,0.0023918534578142637,0.0023993878620749104,Task C,GBM,Permutation fallback (InvalidModelError)
p1_away_rank_total,0.002341667593187679,0.005085416866948863,Task C,GBM,Permutation fallback (InvalidModelError)
diff_shots_for_l5,0.0023293728612729984,0.007475165449297069,Task C,GBM,Permutation fallback (InvalidModelError)
home_possession_share_l5,0.0023025973903109524,0.004978147541509883,Task C,GBM,Permutation fallback (InvalidModelError)
away_shots_for_l10,0.0022845572652416936,0.001202725339716612,Task C,GBM,Permutation fallback (InvalidModelError)
away_goals_for_l10,0.0021831194621930866,0.004084026181815483,Task C,GBM,Permutation fallback (InvalidModelError)
away_final_third_entries_for_l3,0.0021154881867107237,0.003210382370235082,Task C,GBM,Permutation fallback (InvalidModelError)
away_rest_days,0.002048943213791542,0.006701623759994625,Task C,GBM,Permutation fallback (InvalidModelError)
home_pressures_for_l3,0.001976479975409512,0.002268652333110381,Task C,GBM,Permutation fallback (InvalidModelError)
p1_home_scr_away,0.001896568564092056,0.0015758235573818276,Task C,GBM,Permutation fallback (InvalidModelError)
away_passes_for_l5,0.0018732428424275574,0.005060251664429277,Task C,GBM,Permutation fallback (InvalidModelError)
away_shots_for_l5,0.0018123652094858777,0.0031398360899332614,Task C,GBM,Permutation fallback (InvalidModelError)
away_shots_against_l10,0.001797358041160048,0.002560391071326758,Task C,GBM,Permutation fallback (InvalidModelError)
home_pressures_for_l5,0.001780540241684928,0.004429642573077016,Task C,GBM,Permutation fallback (InvalidModelError)
away_goals_against_l10,0.001704383978724067,0.0017426184682146674,Task C,GBM,Permutation fallback (InvalidModelError)
diff_pass_completion_for_l5,0.001643225131986858,0.004688625442207322,Task C,GBM,Permutation fallback (InvalidModelError)
diff_shots_for_l10,0.0016033893369909477,0.003565137065980919,Task C,GBM,Permutation fallback (InvalidModelError)
home_shots_for_l10,0.00153799603096342,0.0038652555171360776,Task C,GBM,Permutation fallback (InvalidModelError)
p1_away_rank_home,0.0014537525907198899,0.003957979115470268,Task C,GBM,Permutation fallback (InvalidModelError)
home_goals_against_l3,0.001417019526051515,0.004526583693788686,Task C,GBM,Permutation fallback (InvalidModelError)
p1_home_con_home,0.0013490535083819154,0.0005671693629100507,Task C,GBM,Permutation fallback (InvalidModelError)
home_shots_against_l10,0.0013338506977908168,0.010641011902120152,Task C,GBM,Permutation fallback (InvalidModelError)
diff_shots_for_l3,0.0012696061886437967,0.0036200606821528685,Task C,GBM,Permutation fallback (InvalidModelError)
p1_away_scr_total,0.0012492976645585303,0.0017087705867838995,Task C,GBM,Permutation fallback (InvalidModelError)
home_pressures_for_l10,0.00110006730388704,0.006507347860940029,Task C,GBM,Permutation fallback (InvalidModelError)
diff_goal_difference_l5,0.0010903890446921347,0.00024730973285807547,Task C,GBM,Permutation fallback (InvalidModelError)
away_pass_completion_for_l5,0.0010845013333692177,0.0006026556395634721,Task C,GBM,Permutation fallback (InvalidModelError)
away_pressures_for_l10,0.001078784541315122,0.0023279335803816905,Task C,GBM,Permutation fallback (InvalidModelError)
diff_points_l3,0.0009985797398797088,0.004205355476776598,Task C,GBM,Permutation fallback (InvalidModelError)
home_passes_for_l5,0.0009876824324196601,0.0005092686288356405,Task C,GBM,Permutation fallback (InvalidModelError)
p1_away_scr_away,0.000964491610194496,0.0005371052101729833,Task C,GBM,Permutation fallback (InvalidModelError)
p1_home_rank_total,0.0009264300443751557,0.002609474276521432,Task C,GBM,Permutation fallback (InvalidModelError)
home_goal_difference_l3,0.0008085666561968958,0.0006490946915682479,Task C,GBM,Permutation fallback (InvalidModelError)
away_goal_difference_l5,0.000768626012074453,0.00046150719174658204,Task C,GBM,Permutation fallback (InvalidModelError)
home_goals_for_l3,0.0006437269399328168,0.0002964867468221745,Task C,GBM,Permutation fallback (InvalidModelError)
away_final_third_entries_for_l5,0.000639086678363147,0.0011247474577003853,Task C,GBM,Permutation fallback (InvalidModelError)
p1_away_rank_away,0.0005822415657503808,0.00046689880197178546,Task C,GBM,Permutation fallback (InvalidModelError)
p1_away_con_home,0.0005514413629019809,0.0008767388900265973,Task C,GBM,Permutation fallback (InvalidModelError)
home_points_l3,0.0005257993456408478,0.0008324686243627643,Task C,GBM,Permutation fallback (InvalidModelError)
away_shots_against_l5,0.00040941141472902314,0.006432652832840084,Task C,GBM,Permutation fallback (InvalidModelError)
home_shots_on_target_against_l10,0.00035062690166074486,0.0008460236067501932,Task C,GBM,Permutation fallback (InvalidModelError)
home_possession_share_l10,0.0003140506235784028,0.00034597246069635574,Task C,GBM,Permutation fallback (InvalidModelError)
away_shots_on_target_for_l3,0.00030097012353060676,0.004078717863208365,Task C,GBM,Permutation fallback (InvalidModelError)
diff_goal_difference_l3,0.00029309114621589675,0.0015206022518547903,Task C,GBM,Permutation fallback (InvalidModelError)
p1_home_scr_total,7.610765801723541e-05,6.80057657730696e-05,Task C,GBM,Permutation fallback (InvalidModelError)
missingindicator_away_shots_for_l10,0.0,0.0,Task C,GBM,Permutation fallback (InvalidModelError)
missingindicator_away_shots_on_target_for_l10,0.0,0.0,Task C,GBM,Permutation fallback (InvalidModelError)
missingindicator_away_shots_against_l10,0.0,0.0,Task C,GBM,Permutation fallback (InvalidModelError)
missingindicator_away_pressures_for_l10,0.0,0.0,Task C,GBM,Permutation fallback (InvalidModelError)
missingindicator_away_pass_completion_for_l10,0.0,0.0,Task C,GBM,Permutation fallback (InvalidModelError)
missingindicator_away_passes_for_l10,0.0,0.0,Task C,GBM,Permutation fallback (InvalidModelError)
missingindicator_away_xg_against_l10,0.0,0.0,Task C,GBM,Permutation fallback (InvalidModelError)
missingindicator_away_xg_for_l10,0.0,0.0,Task C,GBM,Permutation fallback (InvalidModelError)
missingindicator_away_shots_on_target_against_l10,0.0,0.0,Task C,GBM,Permutation fallback (InvalidModelError)
missingindicator_away_goals_for_l10,0.0,0.0,Task C,GBM,Permutation fallback (InvalidModelError)
missingindicator_away_points_l10,0.0,0.0,Task C,GBM,Permutation fallback (InvalidModelError)
missingindicator_away_final_third_entries_for_l5,0.0,0.0,Task C,GBM,Permutation fallback (InvalidModelError)
missingindicator_away_red_cards_for_l5,0.0,0.0,Task C,GBM,Permutation fallback (InvalidModelError)
missingindicator_away_possession_share_l5,0.0,0.0,Task C,GBM,Permutation fallback (InvalidModelError)
home_history_matches_before,0.0,0.0,Task C,GBM,Permutation fallback (InvalidModelError)
home_missing_history_l3,0.0,0.0,Task C,GBM,Permutation fallback (InvalidModelError)
home_red_cards_for_l3,0.0,0.0,Task C,GBM,Permutation fallback (InvalidModelError)
home_goals_against_l5,0.0,0.0,Task C,GBM,Permutation fallback (InvalidModelError)
missingindicator_away_pressures_for_l5,0.0,0.0,Task C,GBM,Permutation fallback (InvalidModelError)
away_missing_history_l5,0.0,0.0,Task C,GBM,Permutation fallback (InvalidModelError)
away_red_cards_for_l5,0.0,0.0,Task C,GBM,Permutation fallback (InvalidModelError)
away_points_l10,0.0,0.0,Task C,GBM,Permutation fallback (InvalidModelError)
away_red_cards_for_l3,0.0,0.0,Task C,GBM,Permutation fallback (InvalidModelError)
away_missing_history_l3,0.0,0.0,Task C,GBM,Permutation fallback (InvalidModelError)
missingindicator_diff_shots_for_l3,0.0,0.0,Task C,GBM,Permutation fallback (InvalidModelError)
missingindicator_diff_xg_for_l3,0.0,0.0,Task C,GBM,Permutation fallback (InvalidModelError)
missingindicator_diff_pass_completion_for_l3,0.0,0.0,Task C,GBM,Permutation fallback (InvalidModelError)
missingindicator_diff_pressures_for_l3,0.0,0.0,Task C,GBM,Permutation fallback (InvalidModelError)
missingindicator_diff_possession_share_l3,0.0,0.0,Task C,GBM,Permutation fallback (InvalidModelError)
missingindicator_diff_points_l5,0.0,0.0,Task C,GBM,Permutation fallback (InvalidModelError)
missingindicator_diff_goal_difference_l5,0.0,0.0,Task C,GBM,Permutation fallback (InvalidModelError)
missingindicator_diff_shots_for_l5,0.0,0.0,Task C,GBM,Permutation fallback (InvalidModelError)
missingindicator_diff_xg_for_l5,0.0,0.0,Task C,GBM,Permutation fallback (InvalidModelError)
missingindicator_diff_pass_completion_for_l5,0.0,0.0,Task C,GBM,Permutation fallback (InvalidModelError)
away_passes_for_l3,0.0,0.0,Task C,GBM,Permutation fallback (InvalidModelError)
missingindicator_diff_points_l3,0.0,0.0,Task C,GBM,Permutation fallback (InvalidModelError)
missingindicator_away_possession_share_l10,0.0,0.0,Task C,GBM,Permutation fallback (InvalidModelError)
missingindicator_away_red_cards_for_l10,0.0,0.0,Task C,GBM,Permutation fallback (InvalidModelError)
missingindicator_diff_goal_difference_l3,0.0,0.0,Task C,GBM,Permutation fallback (InvalidModelError)
missingindicator_away_final_third_entries_for_l10,0.0,0.0,Task C,GBM,Permutation fallback (InvalidModelError)
missingindicator_away_goals_against_l10,0.0,0.0,Task C,GBM,Permutation fallback (InvalidModelError)
missingindicator_away_goal_difference_l10,0.0,0.0,Task C,GBM,Permutation fallback (InvalidModelError)
home_goal_difference_l10,0.0,0.0,Task C,GBM,Permutation fallback (InvalidModelError)
home_missing_history_l10,0.0,0.0,Task C,GBM,Permutation fallback (InvalidModelError)
home_goals_against_l10,0.0,0.0,Task C,GBM,Permutation fallback (InvalidModelError)
home_goals_for_l10,0.0,0.0,Task C,GBM,Permutation fallback (InvalidModelError)
home_missing_history_l5,0.0,0.0,Task C,GBM,Permutation fallback (InvalidModelError)
home_red_cards_for_l5,0.0,0.0,Task C,GBM,Permutation fallback (InvalidModelError)
away_red_cards_for_l10,0.0,0.0,Task C,GBM,Permutation fallback (InvalidModelError)
away_missing_history_l10,0.0,0.0,Task C,GBM,Permutation fallback (InvalidModelError)
diff_xg_for_l5,0.0,0.0,Task C,GBM,Permutation fallback (InvalidModelError)
away_shots_for_l3,0.0,0.0,Task C,GBM,Permutation fallback (InvalidModelError)
away_history_matches_before,0.0,0.0005253637932159068,Task C,GBM,Permutation fallback (InvalidModelError)
away_points_l3,0.0,0.0,Task C,GBM,Permutation fallback (InvalidModelError)
away_goals_against_l3,0.0,0.0,Task C,GBM,Permutation fallback (InvalidModelError)
home_passes_for_l10,0.0,0.0,Task C,GBM,Permutation fallback (InvalidModelError)
home_final_third_entries_for_l10,0.0,0.0,Task C,GBM,Permutation fallback (InvalidModelError)
home_red_cards_for_l10,0.0,0.0,Task C,GBM,Permutation fallback (InvalidModelError)
p1_home_rank_home,0.0,0.0,Task C,GBM,Permutation fallback (InvalidModelError)
missingindicator_home_rest_days,0.0,0.0,Task C,GBM,Permutation fallback (InvalidModelError)
missingindicator_home_points_l3,0.0,0.0,Task C,GBM,Permutation fallback (InvalidModelError)
missingindicator_home_goals_for_l3,0.0,0.0,Task C,GBM,Permutation fallback (InvalidModelError)
missingindicator_home_goals_against_l3,0.0,0.0,Task C,GBM,Permutation fallback (InvalidModelError)
missingindicator_home_goal_difference_l3,0.0,0.0,Task C,GBM,Permutation fallback (InvalidModelError)
missingindicator_home_shots_for_l3,0.0,0.0,Task C,GBM,Permutation fallback (InvalidModelError)
missingindicator_home_shots_against_l3,0.0,0.0,Task C,GBM,Permutation fallback (InvalidModelError)
missingindicator_home_shots_on_target_for_l3,0.0,0.0,Task C,GBM,Permutation fallback (InvalidModelError)
missingindicator_home_shots_on_target_against_l3,0.0,0.0,Task C,GBM,Permutation fallback (InvalidModelError)
missingindicator_home_xg_for_l3,0.0,0.0,Task C,GBM,Permutation fallback (InvalidModelError)
missingindicator_home_xg_against_l3,0.0,0.0,Task C,GBM,Permutation fallback (InvalidModelError)
missingindicator_home_passes_for_l3,0.0,0.0,Task C,GBM,Permutation fallback (InvalidModelError)
missingindicator_home_pass_completion_for_l3,0.0,0.0,Task C,GBM,Permutation fallback (InvalidModelError)
missingindicator_home_pressures_for_l3,0.0,0.0,Task C,GBM,Permutation fallback (InvalidModelError)
missingindicator_home_final_third_entries_for_l3,0.0,0.0,Task C,GBM,Permutation fallback (InvalidModelError)
missingindicator_home_red_cards_for_l3,0.0,0.0,Task C,GBM,Permutation fallback (InvalidModelError)
missingindicator_home_possession_share_l3,0.0,0.0,Task C,GBM,Permutation fallback (InvalidModelError)
missingindicator_home_points_l5,0.0,0.0,Task C,GBM,Permutation fallback (InvalidModelError)
missingindicator_home_goals_for_l5,0.0,0.0,Task C,GBM,Permutation fallback (InvalidModelError)
missingindicator_home_goals_against_l5,0.0,0.0,Task C,GBM,Permutation fallback (InvalidModelError)
missingindicator_home_goal_difference_l5,0.0,0.0,Task C,GBM,Permutation fallback (InvalidModelError)
missingindicator_home_shots_for_l5,0.0,0.0,Task C,GBM,Permutation fallback (InvalidModelError)
missingindicator_home_shots_against_l5,0.0,0.0,Task C,GBM,Permutation fallback (InvalidModelError)
missingindicator_home_shots_on_target_for_l5,0.0,0.0,Task C,GBM,Permutation fallback (InvalidModelError)
missingindicator_home_shots_on_target_against_l5,0.0,0.0,Task C,GBM,Permutation fallback (InvalidModelError)
missingindicator_home_xg_for_l5,0.0,0.0,Task C,GBM,Permutation fallback (InvalidModelError)
missingindicator_home_xg_against_l5,0.0,0.0,Task C,GBM,Permutation fallback (InvalidModelError)
missingindicator_home_passes_for_l5,0.0,0.0,Task C,GBM,Permutation fallback (InvalidModelError)
missingindicator_home_pass_completion_for_l5,0.0,0.0,Task C,GBM,Permutation fallback (InvalidModelError)
missingindicator_home_pressures_for_l5,0.0,0.0,Task C,GBM,Permutation fallback (InvalidModelError)
missingindicator_home_final_third_entries_for_l5,0.0,0.0,Task C,GBM,Permutation fallback (InvalidModelError)
missingindicator_home_red_cards_for_l5,0.0,0.0,Task C,GBM,Permutation fallback (InvalidModelError)
missingindicator_home_possession_share_l5,0.0,0.0,Task C,GBM,Permutation fallback (InvalidModelError)
missingindicator_home_points_l10,0.0,0.0,Task C,GBM,Permutation fallback (InvalidModelError)
missingindicator_home_goals_for_l10,0.0,0.0,Task C,GBM,Permutation fallback (InvalidModelError)
missingindicator_home_goals_against_l10,0.0,0.0,Task C,GBM,Permutation fallback (InvalidModelError)
missingindicator_home_goal_difference_l10,0.0,0.0,Task C,GBM,Permutation fallback (InvalidModelError)
missingindicator_home_shots_for_l10,0.0,0.0,Task C,GBM,Permutation fallback (InvalidModelError)
missingindicator_home_shots_against_l10,0.0,0.0,Task C,GBM,Permutation fallback (InvalidModelError)
missingindicator_home_shots_on_target_for_l10,0.0,0.0,Task C,GBM,Permutation fallback (InvalidModelError)
missingindicator_home_shots_on_target_against_l10,0.0,0.0,Task C,GBM,Permutation fallback (InvalidModelError)
missingindicator_home_xg_for_l10,0.0,0.0,Task C,GBM,Permutation fallback (InvalidModelError)
missingindicator_home_xg_against_l10,0.0,0.0,Task C,GBM,Permutation fallback (InvalidModelError)
missingindicator_home_passes_for_l10,0.0,0.0,Task C,GBM,Permutation fallback (InvalidModelError)
missingindicator_home_pass_completion_for_l10,0.0,0.0,Task C,GBM,Permutation fallback (InvalidModelError)
missingindicator_home_pressures_for_l10,0.0,0.0,Task C,GBM,Permutation fallback (InvalidModelError)
missingindicator_home_final_third_entries_for_l10,0.0,0.0,Task C,GBM,Permutation fallback (InvalidModelError)
missingindicator_home_red_cards_for_l10,0.0,0.0,Task C,GBM,Permutation fallback (InvalidModelError)
missingindicator_home_possession_share_l10,0.0,0.0,Task C,GBM,Permutation fallback (InvalidModelError)
missingindicator_away_rest_days,0.0,0.0,Task C,GBM,Permutation fallback (InvalidModelError)
missingindicator_away_points_l3,0.0,0.0,Task C,GBM,Permutation fallback (InvalidModelError)
missingindicator_away_goals_for_l3,0.0,0.0,Task C,GBM,Permutation fallback (InvalidModelError)
missingindicator_away_goals_against_l3,0.0,0.0,Task C,GBM,Permutation fallback (InvalidModelError)
missingindicator_away_goal_difference_l3,0.0,0.0,Task C,GBM,Permutation fallback (InvalidModelError)
missingindicator_away_shots_for_l3,0.0,0.0,Task C,GBM,Permutation fallback (InvalidModelError)
missingindicator_away_shots_against_l3,0.0,0.0,Task C,GBM,Permutation fallback (InvalidModelError)
missingindicator_away_shots_on_target_for_l3,0.0,0.0,Task C,GBM,Permutation fallback (InvalidModelError)
missingindicator_away_shots_on_target_against_l3,0.0,0.0,Task C,GBM,Permutation fallback (InvalidModelError)
missingindicator_away_xg_for_l3,0.0,0.0,Task C,GBM,Permutation fallback (InvalidModelError)
missingindicator_away_xg_against_l3,0.0,0.0,Task C,GBM,Permutation fallback (InvalidModelError)
missingindicator_away_passes_for_l3,0.0,0.0,Task C,GBM,Permutation fallback (InvalidModelError)
missingindicator_away_pass_completion_for_l3,0.0,0.0,Task C,GBM,Permutation fallback (InvalidModelError)
missingindicator_away_pressures_for_l3,0.0,0.0,Task C,GBM,Permutation fallback (InvalidModelError)
missingindicator_away_final_third_entries_for_l3,0.0,0.0,Task C,GBM,Permutation fallback (InvalidModelError)
missingindicator_away_red_cards_for_l3,0.0,0.0,Task C,GBM,Permutation fallback (InvalidModelError)
missingindicator_away_possession_share_l3,0.0,0.0,Task C,GBM,Permutation fallback (InvalidModelError)
missingindicator_away_points_l5,0.0,0.0,Task C,GBM,Permutation fallback (InvalidModelError)
missingindicator_away_goals_for_l5,0.0,0.0,Task C,GBM,Permutation fallback (InvalidModelError)
missingindicator_away_goals_against_l5,0.0,0.0,Task C,GBM,Permutation fallback (InvalidModelError)
missingindicator_away_goal_difference_l5,0.0,0.0,Task C,GBM,Permutation fallback (InvalidModelError)
missingindicator_away_shots_for_l5,0.0,0.0,Task C,GBM,Permutation fallback (InvalidModelError)
missingindicator_away_shots_against_l5,0.0,0.0,Task C,GBM,Permutation fallback (InvalidModelError)
missingindicator_away_shots_on_target_for_l5,0.0,0.0,Task C,GBM,Permutation fallback (InvalidModelError)
missingindicator_away_shots_on_target_against_l5,0.0,0.0,Task C,GBM,Permutation fallback (InvalidModelError)
missingindicator_away_xg_for_l5,0.0,0.0,Task C,GBM,Permutation fallback (InvalidModelError)
missingindicator_away_xg_against_l5,0.0,0.0,Task C,GBM,Permutation fallback (InvalidModelError)
missingindicator_away_passes_for_l5,0.0,0.0,Task C,GBM,Permutation fallback (InvalidModelError)
missingindicator_away_pass_completion_for_l5,0.0,0.0,Task C,GBM,Permutation fallback (InvalidModelError)
missingindicator_diff_pressures_for_l5,0.0,0.0,Task C,GBM,Permutation fallback (InvalidModelError)
missingindicator_diff_possession_share_l5,0.0,0.0,Task C,GBM,Permutation fallback (InvalidModelError)
missingindicator_diff_points_l10,0.0,0.0,Task C,GBM,Permutation fallback (InvalidModelError)
missingindicator_diff_goal_difference_l10,0.0,0.0,Task C,GBM,Permutation fallback (InvalidModelError)
missingindicator_diff_shots_for_l10,0.0,0.0,Task C,GBM,Permutation fallback (InvalidModelError)
missingindicator_diff_xg_for_l10,0.0,0.0,Task C,GBM,Permutation fallback (InvalidModelError)
missingindicator_diff_pass_completion_for_l10,0.0,0.0,Task C,GBM,Permutation fallback (InvalidModelError)
missingindicator_diff_pressures_for_l10,0.0,0.0,Task C,GBM,Permutation fallback (InvalidModelError)
missingindicator_diff_possession_share_l10,0.0,0.0,Task C,GBM,Permutation fallback (InvalidModelError)
missingindicator_rest_days_difference,0.0,0.0,Task C,GBM,Permutation fallback (InvalidModelError)
diff_xg_for_l3,0.07072694994563208,0.011808302253484726,Task C,XGBoost,Permutation fallback (ValueError)
home_final_third_entries_for_l5,0.02905321228115454,0.008965239860117435,Task C,XGBoost,Permutation fallback (ValueError)
home_goals_for_l5,0.027295907635403703,0.008239260874688625,Task C,XGBoost,Permutation fallback (ValueError)
diff_pressures_for_l3,0.025317552210628126,0.007210999261587858,Task C,XGBoost,Permutation fallback (ValueError)
p1_away_scr_home,0.023594151035059196,0.010420012287795544,Task C,XGBoost,Permutation fallback (ValueError)
home_rest_days,0.022484679854866386,0.00780000165104866,Task C,XGBoost,Permutation fallback (ValueError)
home_shots_on_target_against_l3,0.02205899918748849,0.009386599995195866,Task C,XGBoost,Permutation fallback (ValueError)
p1_away_con_total,0.02151141756524642,0.011039665900170803,Task C,XGBoost,Permutation fallback (ValueError)
away_pass_completion_for_l3,0.02112695449639274,0.007774540223181248,Task C,XGBoost,Permutation fallback (ValueError)
away_final_third_entries_for_l10,0.019083988873045087,0.009764648042619228,Task C,XGBoost,Permutation fallback (ValueError)
home_shots_on_target_for_l3,0.018386807709770366,0.008577883243560791,Task C,XGBoost,Permutation fallback (ValueError)
p1_home_con_total,0.018314175371188613,0.008653656579554081,Task C,XGBoost,Permutation fallback (ValueError)
away_pass_completion_for_l10,0.015668916981667273,0.008243250660598278,Task C,XGBoost,Permutation fallback (ValueError)
away_shots_on_target_for_l5,0.015492101325451035,0.009411926381289959,Task C,XGBoost,Permutation fallback (ValueError)
away_goals_against_l5,0.015301985767386539,0.007211743853986263,Task C,XGBoost,Permutation fallback (ValueError)
home_pass_completion_for_l3,0.014006976012572428,0.007494400255382061,Task C,XGBoost,Permutation fallback (ValueError)
p1_away_rank_total,0.012476327418741101,0.012212825939059258,Task C,XGBoost,Permutation fallback (ValueError)
home_shots_for_l3,0.011683511547744272,0.008885242976248264,Task C,XGBoost,Permutation fallback (ValueError)
home_xg_for_l3,0.011001279487180101,0.009452061727643013,Task C,XGBoost,Permutation fallback (ValueError)
diff_possession_share_l10,0.010445298018284893,0.007710369769483805,Task C,XGBoost,Permutation fallback (ValueError)
diff_pass_completion_for_l3,0.010220672097057104,0.007762942463159561,Task C,XGBoost,Permutation fallback (ValueError)
away_shots_on_target_against_l3,0.010004858005845888,0.00793191883713007,Task C,XGBoost,Permutation fallback (ValueError)
p1_home_scr_home,0.009980623131158996,0.008774497546255589,Task C,XGBoost,Permutation fallback (ValueError)
p1_away_con_away,0.00976667289851584,0.00872085615992546,Task C,XGBoost,Permutation fallback (ValueError)
away_goal_difference_l10,0.009454456043254204,0.007628084160387516,Task C,XGBoost,Permutation fallback (ValueError)
home_pass_completion_for_l10,0.00940266757177702,0.006602184381335974,Task C,XGBoost,Permutation fallback (ValueError)
diff_possession_share_l5,0.009252939254477408,0.008245661854743958,Task C,XGBoost,Permutation fallback (ValueError)
home_pressures_for_l3,0.009037884014348185,0.006853024009615183,Task C,XGBoost,Permutation fallback (ValueError)
home_xg_for_l5,0.009031612512426101,0.00895148515701294,Task C,XGBoost,Permutation fallback (ValueError)
diff_shots_for_l10,0.008929906444003185,0.010627605952322483,Task C,XGBoost,Permutation fallback (ValueError)
away_xg_against_l3,0.00855607466664219,0.007010709028691053,Task C,XGBoost,Permutation fallback (ValueError)
home_pass_completion_for_l5,0.008484723047771741,0.007386820390820503,Task C,XGBoost,Permutation fallback (ValueError)
away_possession_share_l5,0.008352723362707141,0.006533416919410229,Task C,XGBoost,Permutation fallback (ValueError)
away_shots_on_target_for_l10,0.008333247163049555,0.012197086587548256,Task C,XGBoost,Permutation fallback (ValueError)
diff_possession_share_l3,0.008239949161213808,0.00673700962215662,Task C,XGBoost,Permutation fallback (ValueError)
away_goals_for_l3,0.00821502689218175,0.0077014099806547165,Task C,XGBoost,Permutation fallback (ValueError)
away_shots_against_l3,0.007587255945132257,0.006463976576924324,Task C,XGBoost,Permutation fallback (ValueError)
home_xg_against_l5,0.007088188345179611,0.0063357483595609665,Task C,XGBoost,Permutation fallback (ValueError)
away_xg_for_l3,0.006587227065440108,0.006819702219218016,Task C,XGBoost,Permutation fallback (ValueError)
away_final_third_entries_for_l5,0.00658447251965602,0.007616556715220213,Task C,XGBoost,Permutation fallback (ValueError)
away_possession_share_l3,0.006284636322516892,0.007648879196494818,Task C,XGBoost,Permutation fallback (ValueError)
diff_pressures_for_l10,0.006235464678510379,0.007426944561302662,Task C,XGBoost,Permutation fallback (ValueError)
home_shots_on_target_for_l5,0.005782564791540307,0.008656303398311138,Task C,XGBoost,Permutation fallback (ValueError)
home_pressures_for_l5,0.005590846043997914,0.008424513041973114,Task C,XGBoost,Permutation fallback (ValueError)
diff_pass_completion_for_l5,0.0047782059988357856,0.005846814718097448,Task C,XGBoost,Permutation fallback (ValueError)
home_goals_for_l10,0.0047212924578807535,0.006257893517613411,Task C,XGBoost,Permutation fallback (ValueError)
home_final_third_entries_for_l3,0.0046645608406675875,0.006775969173759222,Task C,XGBoost,Permutation fallback (ValueError)
away_possession_share_l10,0.004510573103376061,0.006962395738810301,Task C,XGBoost,Permutation fallback (ValueError)
home_pressures_for_l10,0.004258189053423162,0.0075571839697659016,Task C,XGBoost,Permutation fallback (ValueError)
p1_home_con_away,0.004247045754522515,0.009207281284034252,Task C,XGBoost,Permutation fallback (ValueError)
home_goal_difference_l5,0.003929942836850024,0.007904809899628162,Task C,XGBoost,Permutation fallback (ValueError)
away_xg_for_l5,0.003795183551214311,0.006222565192729235,Task C,XGBoost,Permutation fallback (ValueError)
home_shots_against_l10,0.003783211187608004,0.0073168920353055,Task C,XGBoost,Permutation fallback (ValueError)
home_shots_for_l10,0.003724047756227464,0.007553175091743469,Task C,XGBoost,Permutation fallback (ValueError)
away_shots_on_target_for_l3,0.0037187426944897658,0.007589160464704037,Task C,XGBoost,Permutation fallback (ValueError)
home_points_l3,0.003662786389822545,0.007819034159183502,Task C,XGBoost,Permutation fallback (ValueError)
home_goal_difference_l3,0.003378428296064557,0.008272157981991768,Task C,XGBoost,Permutation fallback (ValueError)
p1_home_rank_away,0.003338491006929804,0.005944196134805679,Task C,XGBoost,Permutation fallback (ValueError)
away_pressures_for_l3,0.0033170961329470525,0.006531928665935993,Task C,XGBoost,Permutation fallback (ValueError)
away_goal_difference_l5,0.0032667972430910743,0.006052549462765455,Task C,XGBoost,Permutation fallback (ValueError)
away_xg_against_l5,0.003245473624733486,0.009791092947125435,Task C,XGBoost,Permutation fallback (ValueError)
away_shots_for_l5,0.003181453911668584,0.009725429117679596,Task C,XGBoost,Permutation fallback (ValueError)
diff_pass_completion_for_l10,0.003179006370297376,0.006404133979231119,Task C,XGBoost,Permutation fallback (ValueError)
diff_points_l5,0.003125266863060172,0.007414823863655329,Task C,XGBoost,Permutation fallback (ValueError)
p1_home_con_home,0.00304153055438529,0.00606488948687911,Task C,XGBoost,Permutation fallback (ValueError)
home_goals_for_l3,0.0029915916328520924,0.00936910044401884,Task C,XGBoost,Permutation fallback (ValueError)
p1_away_scr_total,0.0029524693778459617,0.007642847951501608,Task C,XGBoost,Permutation fallback (ValueError)
home_shots_on_target_against_l5,0.002943232887680982,0.006016639526933432,Task C,XGBoost,Permutation fallback (ValueError)
diff_goal_difference_l10,0.002610356931615131,0.007881454192101955,Task C,XGBoost,Permutation fallback (ValueError)
away_shots_on_target_against_l10,0.002531861006349758,0.007305378559976816,Task C,XGBoost,Permutation fallback (ValueError)
away_red_cards_for_l10,0.002497436261425415,0.007757729385048151,Task C,XGBoost,Permutation fallback (ValueError)
home_possession_share_l10,0.0024868238028948777,0.005632440093904734,Task C,XGBoost,Permutation fallback (ValueError)
away_shots_against_l10,0.002398809990373213,0.007472276221960783,Task C,XGBoost,Permutation fallback (ValueError)
home_shots_for_l5,0.002372664794919715,0.006081782281398773,Task C,XGBoost,Permutation fallback (ValueError)
away_rest_days,0.0022339324331909828,0.007402422372251749,Task C,XGBoost,Permutation fallback (ValueError)
home_goals_against_l5,0.00219105409080352,0.006909640971571207,Task C,XGBoost,Permutation fallback (ValueError)
home_xg_against_l3,0.0019615631860991235,0.004760959185659885,Task C,XGBoost,Permutation fallback (ValueError)
home_possession_share_l5,0.001923031574520082,0.007292625959962606,Task C,XGBoost,Permutation fallback (ValueError)
p1_away_scr_away,0.001899858785496243,0.0061857206746935844,Task C,XGBoost,Permutation fallback (ValueError)
home_goals_against_l3,0.0018391400562140392,0.007065199315547943,Task C,XGBoost,Permutation fallback (ValueError)
away_shots_against_l5,0.0018353692863298447,0.008161110803484917,Task C,XGBoost,Permutation fallback (ValueError)
home_shots_against_l3,0.0016715700481680852,0.006123803555965424,Task C,XGBoost,Permutation fallback (ValueError)
p1_away_rank_away,0.0016227391318998428,0.0065987915731966496,Task C,XGBoost,Permutation fallback (ValueError)
away_goals_against_l10,0.0015151544163624427,0.006533300969749689,Task C,XGBoost,Permutation fallback (ValueError)
home_points_l5,0.0015014341802916697,0.008026705123484135,Task C,XGBoost,Permutation fallback (ValueError)
away_passes_for_l5,0.001470087877596206,0.008427557535469532,Task C,XGBoost,Permutation fallback (ValueError)
home_final_third_entries_for_l10,0.0014308340995963893,0.005626547150313854,Task C,XGBoost,Permutation fallback (ValueError)
away_goal_difference_l3,0.001365929856842408,0.008859452791512012,Task C,XGBoost,Permutation fallback (ValueError)
home_shots_on_target_against_l10,0.0013321609303787146,0.0077707963064312935,Task C,XGBoost,Permutation fallback (ValueError)
away_shots_for_l10,0.0013217417833705784,0.0059355515986680984,Task C,XGBoost,Permutation fallback (ValueError)
away_points_l5,0.00131566045211925,0.006231761537492275,Task C,XGBoost,Permutation fallback (ValueError)
rest_days_difference,0.0013025417599989084,0.005805909633636475,Task C,XGBoost,Permutation fallback (ValueError)
home_goal_difference_l10,0.0012908393031229074,0.005733891855925322,Task C,XGBoost,Permutation fallback (ValueError)
p1_away_rank_home,0.0012784647620350503,0.005524055100977421,Task C,XGBoost,Permutation fallback (ValueError)
away_passes_for_l3,0.0012702365621816462,0.006217600777745247,Task C,XGBoost,Permutation fallback (ValueError)
away_goals_for_l10,0.0012681741172960706,0.007630129344761372,Task C,XGBoost,Permutation fallback (ValueError)
away_xg_against_l10,0.0012545393037515225,0.006153881549835205,Task C,XGBoost,Permutation fallback (ValueError)
diff_points_l10,0.001198627560844892,0.006292408797889948,Task C,XGBoost,Permutation fallback (ValueError)
home_passes_for_l5,0.0011916818880084673,0.008124909363687038,Task C,XGBoost,Permutation fallback (ValueError)
diff_xg_for_l5,0.0011903374766310064,0.006511353421956301,Task C,XGBoost,Permutation fallback (ValueError)
diff_goal_difference_l5,0.0011693010673574774,0.007113004103302956,Task C,XGBoost,Permutation fallback (ValueError)
away_pass_completion_for_l5,0.0010835033193554548,0.007119016256183386,Task C,XGBoost,Permutation fallback (ValueError)
p1_home_rank_home,0.0010661085338696183,0.00595070468261838,Task C,XGBoost,Permutation fallback (ValueError)
away_goals_for_l5,0.0010525744570338215,0.008601163513958454,Task C,XGBoost,Permutation fallback (ValueError)
away_final_third_entries_for_l3,0.0010393351356944298,0.006584994029253721,Task C,XGBoost,Permutation fallback (ValueError)
away_pressures_for_l10,0.0010182611131365703,0.006121352780610323,Task C,XGBoost,Permutation fallback (ValueError)
diff_xg_for_l10,0.0010129264609861134,0.005004245322197676,Task C,XGBoost,Permutation fallback (ValueError)
diff_shots_for_l5,0.0009804271080571724,0.008628198876976967,Task C,XGBoost,Permutation fallback (ValueError)
diff_points_l3,0.0009562759403733261,0.004171930719166994,Task C,XGBoost,Permutation fallback (ValueError)
home_passes_for_l3,0.0009437216000388488,0.007521049119532108,Task C,XGBoost,Permutation fallback (ValueError)
away_pressures_for_l5,0.0009336494233297261,0.005645624827593565,Task C,XGBoost,Permutation fallback (ValueError)
diff_shots_for_l3,0.0009004187432752113,0.008369912393391132,Task C,XGBoost,Permutation fallback (ValueError)
p1_home_scr_total,0.0008252510692978245,0.007538071367889643,Task C,XGBoost,Permutation fallback (ValueError)
home_xg_against_l10,0.0008167956793761708,0.006309059914201498,Task C,XGBoost,Permutation fallback (ValueError)
home_shots_against_l5,0.0008063651567351976,0.006032377947121859,Task C,XGBoost,Permutation fallback (ValueError)
away_shots_on_target_against_l5,0.0007939896235863358,0.0042979419231414795,Task C,XGBoost,Permutation fallback (ValueError)
home_passes_for_l10,0.0007907491865689314,0.004121375270187855,Task C,XGBoost,Permutation fallback (ValueError)
away_points_l10,0.0007775924991870254,0.005060970317572355,Task C,XGBoost,Permutation fallback (ValueError)
home_shots_on_target_for_l10,0.0007642231611669937,0.00646206783130765,Task C,XGBoost,Permutation fallback (ValueError)
home_red_cards_for_l3,0.0007329392462860833,0.007127512712031603,Task C,XGBoost,Permutation fallback (ValueError)
home_possession_share_l3,0.00068974109987418,0.00746153574436903,Task C,XGBoost,Permutation fallback (ValueError)
home_points_l10,0.0006894524141714189,0.006306224036961794,Task C,XGBoost,Permutation fallback (ValueError)
home_goals_against_l10,0.0006331894789700925,0.005780024453997612,Task C,XGBoost,Permutation fallback (ValueError)
diff_pressures_for_l5,0.0006052155128639699,0.0054731955751776695,Task C,XGBoost,Permutation fallback (ValueError)
home_xg_for_l10,0.0005662565133061931,0.004342461004853249,Task C,XGBoost,Permutation fallback (ValueError)
away_shots_for_l3,0.000525243904279626,0.006130326073616743,Task C,XGBoost,Permutation fallback (ValueError)
away_points_l3,0.0004521247012999626,0.006908186711370945,Task C,XGBoost,Permutation fallback (ValueError)
p1_away_con_home,0.0004510381299516422,0.015749147161841393,Task C,XGBoost,Permutation fallback (ValueError)
home_red_cards_for_l10,0.0004297793559406175,0.0066446578130126,Task C,XGBoost,Permutation fallback (ValueError)
away_xg_for_l10,0.00041770461838746414,0.005433603189885616,Task C,XGBoost,Permutation fallback (ValueError)
away_passes_for_l10,0.00039809530978833496,0.00679839588701725,Task C,XGBoost,Permutation fallback (ValueError)
p1_home_rank_total,0.0003686330578141407,0.005785623099654913,Task C,XGBoost,Permutation fallback (ValueError)
away_goals_against_l3,0.00034081077716056755,0.004216051660478115,Task C,XGBoost,Permutation fallback (ValueError)
p1_home_scr_away,0.0003266080836023089,0.005509500857442617,Task C,XGBoost,Permutation fallback (ValueError)
diff_goal_difference_l3,0.0003211271355225559,0.006528595928102732,Task C,XGBoost,Permutation fallback (ValueError)
home_history_matches_before,0.0,0.005168895702809095,Task C,XGBoost,Permutation fallback (ValueError)
missingindicator_away_red_cards_for_l5,0.0,0.0,Task C,XGBoost,Permutation fallback (ValueError)
missingindicator_away_possession_share_l5,0.0,0.0,Task C,XGBoost,Permutation fallback (ValueError)
away_red_cards_for_l5,0.0,0.0,Task C,XGBoost,Permutation fallback (ValueError)
away_missing_history_l5,0.0,0.0,Task C,XGBoost,Permutation fallback (ValueError)
away_red_cards_for_l3,0.0,0.0,Task C,XGBoost,Permutation fallback (ValueError)
away_missing_history_l3,0.0,0.0,Task C,XGBoost,Permutation fallback (ValueError)
missingindicator_diff_shots_for_l3,0.0,0.0,Task C,XGBoost,Permutation fallback (ValueError)
missingindicator_diff_xg_for_l3,0.0,0.0,Task C,XGBoost,Permutation fallback (ValueError)
missingindicator_diff_points_l3,0.0,0.0,Task C,XGBoost,Permutation fallback (ValueError)
missingindicator_diff_goal_difference_l3,0.0,0.0,Task C,XGBoost,Permutation fallback (ValueError)
missingindicator_diff_pressures_for_l3,0.0,0.0,Task C,XGBoost,Permutation fallback (ValueError)
missingindicator_diff_pass_completion_for_l3,0.0,0.0,Task C,XGBoost,Permutation fallback (ValueError)
missingindicator_diff_possession_share_l3,0.0,0.0,Task C,XGBoost,Permutation fallback (ValueError)
missingindicator_diff_points_l5,0.0,0.0,Task C,XGBoost,Permutation fallback (ValueError)
missingindicator_diff_shots_for_l5,0.0,0.0,Task C,XGBoost,Permutation fallback (ValueError)
missingindicator_diff_goal_difference_l5,0.0,0.0,Task C,XGBoost,Permutation fallback (ValueError)
missingindicator_diff_pass_completion_for_l5,0.0,0.0,Task C,XGBoost,Permutation fallback (ValueError)
missingindicator_diff_xg_for_l5,0.0,0.0,Task C,XGBoost,Permutation fallback (ValueError)
missingindicator_away_possession_share_l10,0.0,0.0,Task C,XGBoost,Permutation fallback (ValueError)
missingindicator_away_red_cards_for_l10,0.0,0.0,Task C,XGBoost,Permutation fallback (ValueError)
missingindicator_away_points_l10,0.0,0.0,Task C,XGBoost,Permutation fallback (ValueError)
missingindicator_away_goals_for_l10,0.0,0.0,Task C,XGBoost,Permutation fallback (ValueError)
missingindicator_away_goals_against_l10,0.0,0.0,Task C,XGBoost,Permutation fallback (ValueError)
missingindicator_away_goal_difference_l10,0.0,0.0,Task C,XGBoost,Permutation fallback (ValueError)
missingindicator_away_shots_for_l10,0.0,0.0,Task C,XGBoost,Permutation fallback (ValueError)
missingindicator_away_shots_against_l10,0.0,0.0,Task C,XGBoost,Permutation fallback (ValueError)
missingindicator_away_shots_on_target_for_l10,0.0,0.0,Task C,XGBoost,Permutation fallback (ValueError)
missingindicator_away_shots_on_target_against_l10,0.0,0.0,Task C,XGBoost,Permutation fallback (ValueError)
missingindicator_away_xg_for_l10,0.0,0.0,Task C,XGBoost,Permutation fallback (ValueError)
missingindicator_away_xg_against_l10,0.0,0.0,Task C,XGBoost,Permutation fallback (ValueError)
missingindicator_away_passes_for_l10,0.0,0.0,Task C,XGBoost,Permutation fallback (ValueError)
missingindicator_away_pass_completion_for_l10,0.0,0.0,Task C,XGBoost,Permutation fallback (ValueError)
missingindicator_away_pressures_for_l10,0.0,0.0,Task C,XGBoost,Permutation fallback (ValueError)
missingindicator_away_final_third_entries_for_l10,0.0,0.0,Task C,XGBoost,Permutation fallback (ValueError)
missingindicator_away_final_third_entries_for_l5,0.0,0.0,Task C,XGBoost,Permutation fallback (ValueError)
missingindicator_away_pressures_for_l5,0.0,0.0,Task C,XGBoost,Permutation fallback (ValueError)
home_missing_history_l3,0.0,0.0,Task C,XGBoost,Permutation fallback (ValueError)
home_missing_history_l10,0.0,0.0,Task C,XGBoost,Permutation fallback (ValueError)
away_missing_history_l10,0.0,0.0,Task C,XGBoost,Permutation fallback (ValueError)
away_history_matches_before,0.0,0.0043830121867358685,Task C,XGBoost,Permutation fallback (ValueError)
home_red_cards_for_l5,0.0,0.0,Task C,XGBoost,Permutation fallback (ValueError)
home_missing_history_l5,0.0,0.0,Task C,XGBoost,Permutation fallback (ValueError)
missingindicator_home_rest_days,0.0,0.0,Task C,XGBoost,Permutation fallback (ValueError)
missingindicator_home_points_l3,0.0,0.0,Task C,XGBoost,Permutation fallback (ValueError)
missingindicator_home_goals_for_l3,0.0,0.0,Task C,XGBoost,Permutation fallback (ValueError)
missingindicator_home_goals_against_l3,0.0,0.0,Task C,XGBoost,Permutation fallback (ValueError)
missingindicator_home_goal_difference_l3,0.0,0.0,Task C,XGBoost,Permutation fallback (ValueError)
missingindicator_home_shots_for_l3,0.0,0.0,Task C,XGBoost,Permutation fallback (ValueError)
missingindicator_home_shots_against_l3,0.0,0.0,Task C,XGBoost,Permutation fallback (ValueError)
missingindicator_home_shots_on_target_for_l3,0.0,0.0,Task C,XGBoost,Permutation fallback (ValueError)
missingindicator_home_shots_on_target_against_l3,0.0,0.0,Task C,XGBoost,Permutation fallback (ValueError)
missingindicator_home_xg_for_l3,0.0,0.0,Task C,XGBoost,Permutation fallback (ValueError)
missingindicator_home_xg_against_l3,0.0,0.0,Task C,XGBoost,Permutation fallback (ValueError)
missingindicator_home_passes_for_l3,0.0,0.0,Task C,XGBoost,Permutation fallback (ValueError)
missingindicator_home_pass_completion_for_l3,0.0,0.0,Task C,XGBoost,Permutation fallback (ValueError)
missingindicator_home_pressures_for_l3,0.0,0.0,Task C,XGBoost,Permutation fallback (ValueError)
missingindicator_home_final_third_entries_for_l3,0.0,0.0,Task C,XGBoost,Permutation fallback (ValueError)
missingindicator_home_red_cards_for_l3,0.0,0.0,Task C,XGBoost,Permutation fallback (ValueError)
missingindicator_home_possession_share_l3,0.0,0.0,Task C,XGBoost,Permutation fallback (ValueError)
missingindicator_home_points_l5,0.0,0.0,Task C,XGBoost,Permutation fallback (ValueError)
missingindicator_home_goals_for_l5,0.0,0.0,Task C,XGBoost,Permutation fallback (ValueError)
missingindicator_home_goals_against_l5,0.0,0.0,Task C,XGBoost,Permutation fallback (ValueError)
missingindicator_home_goal_difference_l5,0.0,0.0,Task C,XGBoost,Permutation fallback (ValueError)
missingindicator_home_shots_for_l5,0.0,0.0,Task C,XGBoost,Permutation fallback (ValueError)
missingindicator_home_shots_against_l5,0.0,0.0,Task C,XGBoost,Permutation fallback (ValueError)
missingindicator_home_shots_on_target_for_l5,0.0,0.0,Task C,XGBoost,Permutation fallback (ValueError)
missingindicator_home_shots_on_target_against_l5,0.0,0.0,Task C,XGBoost,Permutation fallback (ValueError)
missingindicator_home_xg_for_l5,0.0,0.0,Task C,XGBoost,Permutation fallback (ValueError)
missingindicator_home_xg_against_l5,0.0,0.0,Task C,XGBoost,Permutation fallback (ValueError)
missingindicator_home_passes_for_l5,0.0,0.0,Task C,XGBoost,Permutation fallback (ValueError)
missingindicator_home_pass_completion_for_l5,0.0,0.0,Task C,XGBoost,Permutation fallback (ValueError)
missingindicator_home_pressures_for_l5,0.0,0.0,Task C,XGBoost,Permutation fallback (ValueError)
missingindicator_home_final_third_entries_for_l5,0.0,0.0,Task C,XGBoost,Permutation fallback (ValueError)
missingindicator_home_red_cards_for_l5,0.0,0.0,Task C,XGBoost,Permutation fallback (ValueError)
missingindicator_home_possession_share_l5,0.0,0.0,Task C,XGBoost,Permutation fallback (ValueError)
missingindicator_home_points_l10,0.0,0.0,Task C,XGBoost,Permutation fallback (ValueError)
missingindicator_home_goals_for_l10,0.0,0.0,Task C,XGBoost,Permutation fallback (ValueError)
missingindicator_home_goals_against_l10,0.0,0.0,Task C,XGBoost,Permutation fallback (ValueError)
missingindicator_home_goal_difference_l10,0.0,0.0,Task C,XGBoost,Permutation fallback (ValueError)
missingindicator_home_shots_for_l10,0.0,0.0,Task C,XGBoost,Permutation fallback (ValueError)
missingindicator_home_shots_against_l10,0.0,0.0,Task C,XGBoost,Permutation fallback (ValueError)
missingindicator_home_shots_on_target_for_l10,0.0,0.0,Task C,XGBoost,Permutation fallback (ValueError)
missingindicator_home_shots_on_target_against_l10,0.0,0.0,Task C,XGBoost,Permutation fallback (ValueError)
missingindicator_home_xg_for_l10,0.0,0.0,Task C,XGBoost,Permutation fallback (ValueError)
missingindicator_home_xg_against_l10,0.0,0.0,Task C,XGBoost,Permutation fallback (ValueError)
missingindicator_home_passes_for_l10,0.0,0.0,Task C,XGBoost,Permutation fallback (ValueError)
missingindicator_home_pass_completion_for_l10,0.0,0.0,Task C,XGBoost,Permutation fallback (ValueError)
missingindicator_home_pressures_for_l10,0.0,0.0,Task C,XGBoost,Permutation fallback (ValueError)
missingindicator_home_final_third_entries_for_l10,0.0,0.0,Task C,XGBoost,Permutation fallback (ValueError)
missingindicator_home_red_cards_for_l10,0.0,0.0,Task C,XGBoost,Permutation fallback (ValueError)
missingindicator_home_possession_share_l10,0.0,0.0,Task C,XGBoost,Permutation fallback (ValueError)
missingindicator_away_rest_days,0.0,0.0,Task C,XGBoost,Permutation fallback (ValueError)
missingindicator_away_points_l3,0.0,0.0,Task C,XGBoost,Permutation fallback (ValueError)
missingindicator_away_goals_for_l3,0.0,0.0,Task C,XGBoost,Permutation fallback (ValueError)
missingindicator_away_goals_against_l3,0.0,0.0,Task C,XGBoost,Permutation fallback (ValueError)
missingindicator_away_goal_difference_l3,0.0,0.0,Task C,XGBoost,Permutation fallback (ValueError)
missingindicator_away_shots_for_l3,0.0,0.0,Task C,XGBoost,Permutation fallback (ValueError)
missingindicator_away_shots_against_l3,0.0,0.0,Task C,XGBoost,Permutation fallback (ValueError)
missingindicator_away_shots_on_target_for_l3,0.0,0.0,Task C,XGBoost,Permutation fallback (ValueError)
missingindicator_away_shots_on_target_against_l3,0.0,0.0,Task C,XGBoost,Permutation fallback (ValueError)
missingindicator_away_xg_for_l3,0.0,0.0,Task C,XGBoost,Permutation fallback (ValueError)
missingindicator_away_xg_against_l3,0.0,0.0,Task C,XGBoost,Permutation fallback (ValueError)
missingindicator_away_passes_for_l3,0.0,0.0,Task C,XGBoost,Permutation fallback (ValueError)
missingindicator_away_pass_completion_for_l3,0.0,0.0,Task C,XGBoost,Permutation fallback (ValueError)
missingindicator_away_pressures_for_l3,0.0,0.0,Task C,XGBoost,Permutation fallback (ValueError)
missingindicator_away_final_third_entries_for_l3,0.0,0.0,Task C,XGBoost,Permutation fallback (ValueError)
missingindicator_away_red_cards_for_l3,0.0,0.0,Task C,XGBoost,Permutation fallback (ValueError)
missingindicator_away_possession_share_l3,0.0,0.0,Task C,XGBoost,Permutation fallback (ValueError)
missingindicator_away_points_l5,0.0,0.0,Task C,XGBoost,Permutation fallback (ValueError)
missingindicator_away_goals_for_l5,0.0,0.0,Task C,XGBoost,Permutation fallback (ValueError)
missingindicator_away_goals_against_l5,0.0,0.0,Task C,XGBoost,Permutation fallback (ValueError)
missingindicator_away_goal_difference_l5,0.0,0.0,Task C,XGBoost,Permutation fallback (ValueError)
missingindicator_away_shots_for_l5,0.0,0.0,Task C,XGBoost,Permutation fallback (ValueError)
missingindicator_away_shots_against_l5,0.0,0.0,Task C,XGBoost,Permutation fallback (ValueError)
missingindicator_away_shots_on_target_for_l5,0.0,0.0,Task C,XGBoost,Permutation fallback (ValueError)
missingindicator_away_shots_on_target_against_l5,0.0,0.0,Task C,XGBoost,Permutation fallback (ValueError)
missingindicator_away_xg_for_l5,0.0,0.0,Task C,XGBoost,Permutation fallback (ValueError)
missingindicator_away_xg_against_l5,0.0,0.0,Task C,XGBoost,Permutation fallback (ValueError)
missingindicator_away_passes_for_l5,0.0,0.0,Task C,XGBoost,Permutation fallback (ValueError)
missingindicator_away_pass_completion_for_l5,0.0,0.0,Task C,XGBoost,Permutation fallback (ValueError)
missingindicator_diff_pressures_for_l5,0.0,0.0,Task C,XGBoost,Permutation fallback (ValueError)
missingindicator_diff_possession_share_l5,0.0,0.0,Task C,XGBoost,Permutation fallback (ValueError)
missingindicator_diff_points_l10,0.0,0.0,Task C,XGBoost,Permutation fallback (ValueError)
missingindicator_diff_goal_difference_l10,0.0,0.0,Task C,XGBoost,Permutation fallback (ValueError)
missingindicator_diff_shots_for_l10,0.0,0.0,Task C,XGBoost,Permutation fallback (ValueError)
missingindicator_diff_xg_for_l10,0.0,0.0,Task C,XGBoost,Permutation fallback (ValueError)
missingindicator_diff_pass_completion_for_l10,0.0,0.0,Task C,XGBoost,Permutation fallback (ValueError)
missingindicator_diff_pressures_for_l10,0.0,0.0,Task C,XGBoost,Permutation fallback (ValueError)
missingindicator_diff_possession_share_l10,0.0,0.0,Task C,XGBoost,Permutation fallback (ValueError)
missingindicator_rest_days_difference,0.0,0.0,Task C,XGBoost,Permutation fallback (ValueError)
diff_xg_for_l3,0.09349208833286299,60.0,Task C,LightGBM,Permutation fallback (ExplainerError)
diff_pressures_for_l3,0.03140954005829203,46.0,Task C,LightGBM,Permutation fallback (ExplainerError)
home_goals_for_l5,0.031380015755794126,28.0,Task C,LightGBM,Permutation fallback (ExplainerError)
away_shots_on_target_for_l5,0.031204936259910117,44.0,Task C,LightGBM,Permutation fallback (ExplainerError)
p1_away_scr_home,0.02988786229780566,57.0,Task C,LightGBM,Permutation fallback (ExplainerError)
home_shots_on_target_for_l3,0.02983534566161606,52.0,Task C,LightGBM,Permutation fallback (ExplainerError)
home_final_third_entries_for_l5,0.027868663328783135,60.0,Task C,LightGBM,Permutation fallback (ExplainerError)
p1_away_con_away,0.02684031287427931,40.0,Task C,LightGBM,Permutation fallback (ExplainerError)
away_goals_against_l5,0.02642059145123483,48.0,Task C,LightGBM,Permutation fallback (ExplainerError)
home_pass_completion_for_l3,0.025639290735983703,91.0,Task C,LightGBM,Permutation fallback (ExplainerError)
home_shots_on_target_against_l3,0.024817548200045614,67.0,Task C,LightGBM,Permutation fallback (ExplainerError)
away_final_third_entries_for_l10,0.021468551334146112,39.0,Task C,LightGBM,Permutation fallback (ExplainerError)
away_pass_completion_for_l10,0.021455698642233366,36.0,Task C,LightGBM,Permutation fallback (ExplainerError)
p1_away_con_total,0.017286618147477197,18.0,Task C,LightGBM,Permutation fallback (ExplainerError)
p1_home_con_total,0.017102641826840494,31.0,Task C,LightGBM,Permutation fallback (ExplainerError)
home_pass_completion_for_l5,0.01639951769648731,17.0,Task C,LightGBM,Permutation fallback (ExplainerError)
away_goal_difference_l10,0.016046013370600572,46.0,Task C,LightGBM,Permutation fallback (ExplainerError)
away_pass_completion_for_l3,0.015559711816503398,28.0,Task C,LightGBM,Permutation fallback (ExplainerError)
home_rest_days,0.01522628785303451,33.0,Task C,LightGBM,Permutation fallback (ExplainerError)
p1_home_scr_home,0.013776676578805703,31.0,Task C,LightGBM,Permutation fallback (ExplainerError)
home_xg_for_l3,0.013607168905372247,12.0,Task C,LightGBM,Permutation fallback (ExplainerError)
away_goals_for_l3,0.013444708889253932,27.0,Task C,LightGBM,Permutation fallback (ExplainerError)
home_pass_completion_for_l10,0.012841668871213336,18.0,Task C,LightGBM,Permutation fallback (ExplainerError)
diff_possession_share_l10,0.011732014610311,40.0,Task C,LightGBM,Permutation fallback (ExplainerError)
diff_shots_for_l10,0.01163940184394835,23.0,Task C,LightGBM,Permutation fallback (ExplainerError)
home_xg_against_l3,0.011339359521411747,39.0,Task C,LightGBM,Permutation fallback (ExplainerError)
home_final_third_entries_for_l3,0.010602885453220951,19.0,Task C,LightGBM,Permutation fallback (ExplainerError)
away_xg_against_l3,0.009650908423573927,14.0,Task C,LightGBM,Permutation fallback (ExplainerError)
home_shots_for_l3,0.009509838054795109,14.0,Task C,LightGBM,Permutation fallback (ExplainerError)
home_goal_difference_l5,0.00870875132779874,18.0,Task C,LightGBM,Permutation fallback (ExplainerError)
p1_away_rank_total,0.007831817465689185,9.0,Task C,LightGBM,Permutation fallback (ExplainerError)
diff_pass_completion_for_l5,0.007479922325738288,23.0,Task C,LightGBM,Permutation fallback (ExplainerError)
diff_possession_share_l3,0.007381701754999305,16.0,Task C,LightGBM,Permutation fallback (ExplainerError)
p1_home_con_away,0.007267115396461354,20.0,Task C,LightGBM,Permutation fallback (ExplainerError)
away_shots_on_target_against_l3,0.00723143355632016,49.0,Task C,LightGBM,Permutation fallback (ExplainerError)
away_shots_on_target_against_l5,0.006829376360143139,14.0,Task C,LightGBM,Permutation fallback (ExplainerError)
diff_goal_difference_l10,0.006542157914399347,16.0,Task C,LightGBM,Permutation fallback (ExplainerError)
diff_possession_share_l5,0.006530321715533584,21.0,Task C,LightGBM,Permutation fallback (ExplainerError)
away_passes_for_l5,0.006333403282995007,23.0,Task C,LightGBM,Permutation fallback (ExplainerError)
home_shots_on_target_against_l5,0.006057830746870663,16.0,Task C,LightGBM,Permutation fallback (ExplainerError)
away_xg_for_l3,0.0060165759989324165,16.0,Task C,LightGBM,Permutation fallback (ExplainerError)
diff_pressures_for_l10,0.005846366067738193,14.0,Task C,LightGBM,Permutation fallback (ExplainerError)
home_xg_against_l5,0.005792522372706702,32.0,Task C,LightGBM,Permutation fallback (ExplainerError)
away_possession_share_l5,0.0057882902254836,24.0,Task C,LightGBM,Permutation fallback (ExplainerError)
away_possession_share_l3,0.00561230157680965,42.0,Task C,LightGBM,Permutation fallback (ExplainerError)
home_pressures_for_l3,0.005473315860266498,11.0,Task C,LightGBM,Permutation fallback (ExplainerError)
away_xg_against_l5,0.005387419262287894,22.0,Task C,LightGBM,Permutation fallback (ExplainerError)
away_shots_on_target_against_l10,0.004810380463963878,29.0,Task C,LightGBM,Permutation fallback (ExplainerError)
home_possession_share_l5,0.004684648332573707,6.0,Task C,LightGBM,Permutation fallback (ExplainerError)
away_shots_against_l10,0.004454989435480111,21.0,Task C,LightGBM,Permutation fallback (ExplainerError)
diff_goal_difference_l5,0.00433917624410773,10.0,Task C,LightGBM,Permutation fallback (ExplainerError)
away_pressures_for_l3,0.004241530495534283,16.0,Task C,LightGBM,Permutation fallback (ExplainerError)
p1_away_scr_away,0.004116852847338552,14.0,Task C,LightGBM,Permutation fallback (ExplainerError)
home_goal_difference_l3,0.003945172975736059,9.0,Task C,LightGBM,Permutation fallback (ExplainerError)
away_xg_against_l10,0.003809061952065988,26.0,Task C,LightGBM,Permutation fallback (ExplainerError)
home_goals_against_l3,0.003567135383833461,30.0,Task C,LightGBM,Permutation fallback (ExplainerError)
p1_home_con_home,0.0034319661543511814,6.0,Task C,LightGBM,Permutation fallback (ExplainerError)
home_xg_against_l10,0.00341332190778878,5.0,Task C,LightGBM,Permutation fallback (ExplainerError)
diff_pass_completion_for_l3,0.0034055620507575323,10.0,Task C,LightGBM,Permutation fallback (ExplainerError)
away_shots_against_l3,0.003319495503397698,4.0,Task C,LightGBM,Permutation fallback (ExplainerError)
away_shots_for_l5,0.0032084847662948598,5.0,Task C,LightGBM,Permutation fallback (ExplainerError)
rest_days_difference,0.003190819400605222,24.0,Task C,LightGBM,Permutation fallback (ExplainerError)
home_shots_on_target_for_l5,0.0030428781730289897,21.0,Task C,LightGBM,Permutation fallback (ExplainerError)
p1_home_rank_home,0.002899521862477714,12.0,Task C,LightGBM,Permutation fallback (ExplainerError)
away_passes_for_l3,0.0028596017397464466,6.0,Task C,LightGBM,Permutation fallback (ExplainerError)
home_points_l10,0.0028566617646269424,10.0,Task C,LightGBM,Permutation fallback (ExplainerError)
away_goals_for_l5,0.0027621298347422626,6.0,Task C,LightGBM,Permutation fallback (ExplainerError)
away_goal_difference_l5,0.0026420850830513507,6.0,Task C,LightGBM,Permutation fallback (ExplainerError)
away_shots_on_target_for_l10,0.0025924614536688806,4.0,Task C,LightGBM,Permutation fallback (ExplainerError)
home_shots_against_l10,0.002542972140618193,37.0,Task C,LightGBM,Permutation fallback (ExplainerError)
home_shots_against_l3,0.0024977517975477213,16.0,Task C,LightGBM,Permutation fallback (ExplainerError)
home_shots_against_l5,0.002318821998743969,19.0,Task C,LightGBM,Permutation fallback (ExplainerError)
p1_away_rank_home,0.0023153919473924106,18.0,Task C,LightGBM,Permutation fallback (ExplainerError)
away_rest_days,0.002242914891948048,28.0,Task C,LightGBM,Permutation fallback (ExplainerError)
away_goals_against_l10,0.0020726638930085193,9.0,Task C,LightGBM,Permutation fallback (ExplainerError)
home_points_l3,0.0019211983184683524,7.0,Task C,LightGBM,Permutation fallback (ExplainerError)
away_pressures_for_l10,0.0018101085524703977,9.0,Task C,LightGBM,Permutation fallback (ExplainerError)
home_points_l5,0.0017999338250872011,3.0,Task C,LightGBM,Permutation fallback (ExplainerError)
home_pressures_for_l5,0.0015847215320241386,11.0,Task C,LightGBM,Permutation fallback (ExplainerError)
home_xg_for_l5,0.001570308935291587,5.0,Task C,LightGBM,Permutation fallback (ExplainerError)
away_red_cards_for_l10,0.0015311035076083404,2.0,Task C,LightGBM,Permutation fallback (ExplainerError)
away_final_third_entries_for_l5,0.0014889041097856945,4.0,Task C,LightGBM,Permutation fallback (ExplainerError)
away_passes_for_l10,0.0013647407123678712,3.0,Task C,LightGBM,Permutation fallback (ExplainerError)
away_shots_for_l10,0.0013499513525366792,5.0,Task C,LightGBM,Permutation fallback (ExplainerError)
away_possession_share_l10,0.0013485014083790849,3.0,Task C,LightGBM,Permutation fallback (ExplainerError)
home_pressures_for_l10,0.0013449133304026524,3.0,Task C,LightGBM,Permutation fallback (ExplainerError)
p1_home_rank_total,0.0013209965258123189,6.0,Task C,LightGBM,Permutation fallback (ExplainerError)
away_points_l10,0.0012707391000277687,5.0,Task C,LightGBM,Permutation fallback (ExplainerError)
home_goals_for_l10,0.0012373514211353747,4.0,Task C,LightGBM,Permutation fallback (ExplainerError)
home_shots_on_target_for_l10,0.0010419216871577473,2.0,Task C,LightGBM,Permutation fallback (ExplainerError)
diff_points_l10,0.0010069118918511273,2.0,Task C,LightGBM,Permutation fallback (ExplainerError)
diff_points_l5,0.0009820382219544509,6.0,Task C,LightGBM,Permutation fallback (ExplainerError)
away_final_third_entries_for_l3,0.0008997208274628479,2.0,Task C,LightGBM,Permutation fallback (ExplainerError)
away_goals_for_l10,0.0008906802024439317,4.0,Task C,LightGBM,Permutation fallback (ExplainerError)
home_possession_share_l10,0.0008436519806881449,2.0,Task C,LightGBM,Permutation fallback (ExplainerError)
p1_away_scr_total,0.0007995999340086042,3.0,Task C,LightGBM,Permutation fallback (ExplainerError)
diff_xg_for_l10,0.0007508305410489629,4.0,Task C,LightGBM,Permutation fallback (ExplainerError)
home_possession_share_l3,0.000702044831175871,3.0,Task C,LightGBM,Permutation fallback (ExplainerError)
away_goal_difference_l3,0.0006904536607772571,3.0,Task C,LightGBM,Permutation fallback (ExplainerError)
away_xg_for_l10,0.0006473321762989075,5.0,Task C,LightGBM,Permutation fallback (ExplainerError)
diff_pass_completion_for_l10,0.0006276647790154575,5.0,Task C,LightGBM,Permutation fallback (ExplainerError)
home_passes_for_l10,0.0005657351577683152,3.0,Task C,LightGBM,Permutation fallback (ExplainerError)
away_shots_against_l5,0.0005197828284619631,1.0,Task C,LightGBM,Permutation fallback (ExplainerError)
away_pass_completion_for_l5,0.00047275664970418846,1.0,Task C,LightGBM,Permutation fallback (ExplainerError)
home_shots_for_l5,0.0003522650675062864,1.0,Task C,LightGBM,Permutation fallback (ExplainerError)
diff_shots_for_l3,0.00030687655811072835,1.0,Task C,LightGBM,Permutation fallback (ExplainerError)
home_shots_for_l10,0.00029678906280935314,1.0,Task C,LightGBM,Permutation fallback (ExplainerError)
home_red_cards_for_l5,0.0002594527638098744,1.0,Task C,LightGBM,Permutation fallback (ExplainerError)
home_red_cards_for_l3,0.00025729172625012974,1.0,Task C,LightGBM,Permutation fallback (ExplainerError)
p1_home_scr_total,0.00023671832159514368,1.0,Task C,LightGBM,Permutation fallback (ExplainerError)
p1_home_scr_away,0.000234192980321458,1.0,Task C,LightGBM,Permutation fallback (ExplainerError)
away_pressures_for_l5,0.0001625920426242262,2.0,Task C,LightGBM,Permutation fallback (ExplainerError)
missingindicator_diff_possession_share_l3,0.0,0.0,Task C,LightGBM,Permutation fallback (ExplainerError)
missingindicator_diff_points_l5,0.0,0.0,Task C,LightGBM,Permutation fallback (ExplainerError)
away_missing_history_l3,0.0,0.0,Task C,LightGBM,Permutation fallback (ExplainerError)
away_red_cards_for_l3,0.0,0.0,Task C,LightGBM,Permutation fallback (ExplainerError)
missingindicator_diff_xg_for_l5,0.0,0.0,Task C,LightGBM,Permutation fallback (ExplainerError)
missingindicator_diff_pass_completion_for_l5,0.0,0.0,Task C,LightGBM,Permutation fallback (ExplainerError)
missingindicator_diff_shots_for_l5,0.0,0.0,Task C,LightGBM,Permutation fallback (ExplainerError)
missingindicator_diff_goal_difference_l5,0.0,0.0,Task C,LightGBM,Permutation fallback (ExplainerError)
home_history_matches_before,0.0,0.0,Task C,LightGBM,Permutation fallback (ExplainerError)
home_goals_for_l3,0.0,0.0,Task C,LightGBM,Permutation fallback (ExplainerError)
missingindicator_away_possession_share_l5,0.0,0.0,Task C,LightGBM,Permutation fallback (ExplainerError)
missingindicator_away_red_cards_for_l5,0.0,0.0,Task C,LightGBM,Permutation fallback (ExplainerError)
missingindicator_away_final_third_entries_for_l5,0.0,0.0,Task C,LightGBM,Permutation fallback (ExplainerError)
missingindicator_away_pressures_for_l5,0.0,0.0,Task C,LightGBM,Permutation fallback (ExplainerError)
home_passes_for_l5,0.0,0.0,Task C,LightGBM,Permutation fallback (ExplainerError)
home_passes_for_l3,0.0,0.0,Task C,LightGBM,Permutation fallback (ExplainerError)
home_missing_history_l3,0.0,0.0,Task C,LightGBM,Permutation fallback (ExplainerError)
home_goals_against_l5,0.0,0.0,Task C,LightGBM,Permutation fallback (ExplainerError)
missingindicator_away_xg_for_l10,0.0,0.0,Task C,LightGBM,Permutation fallback (ExplainerError)
missingindicator_away_xg_against_l10,0.0,0.0,Task C,LightGBM,Permutation fallback (ExplainerError)
missingindicator_away_points_l10,0.0,0.0,Task C,LightGBM,Permutation fallback (ExplainerError)
missingindicator_away_goals_for_l10,0.0,0.0,Task C,LightGBM,Permutation fallback (ExplainerError)
missingindicator_away_shots_for_l10,0.0,0.0,Task C,LightGBM,Permutation fallback (ExplainerError)
missingindicator_away_shots_against_l10,0.0,0.0,Task C,LightGBM,Permutation fallback (ExplainerError)
missingindicator_away_goals_against_l10,0.0,0.0,Task C,LightGBM,Permutation fallback (ExplainerError)
missingindicator_away_goal_difference_l10,0.0,0.0,Task C,LightGBM,Permutation fallback (ExplainerError)
diff_pressures_for_l5,0.0,0.0,Task C,LightGBM,Permutation fallback (ExplainerError)
diff_xg_for_l5,0.0,0.0,Task C,LightGBM,Permutation fallback (ExplainerError)
diff_shots_for_l5,0.0,0.0,Task C,LightGBM,Permutation fallback (ExplainerError)
diff_goal_difference_l3,0.0,0.0,Task C,LightGBM,Permutation fallback (ExplainerError)
away_missing_history_l10,0.0,0.0,Task C,LightGBM,Permutation fallback (ExplainerError)
diff_points_l3,0.0,0.0,Task C,LightGBM,Permutation fallback (ExplainerError)
away_missing_history_l5,0.0,0.0,Task C,LightGBM,Permutation fallback (ExplainerError)
away_red_cards_for_l5,0.0,0.0,Task C,LightGBM,Permutation fallback (ExplainerError)
away_xg_for_l5,0.0,0.0,Task C,LightGBM,Permutation fallback (ExplainerError)
away_points_l5,0.0,0.0,Task C,LightGBM,Permutation fallback (ExplainerError)
missingindicator_away_passes_for_l10,0.0,0.0,Task C,LightGBM,Permutation fallback (ExplainerError)
missingindicator_away_pass_completion_for_l10,0.0,0.0,Task C,LightGBM,Permutation fallback (ExplainerError)
missingindicator_away_pressures_for_l10,0.0,0.0,Task C,LightGBM,Permutation fallback (ExplainerError)
missingindicator_away_final_third_entries_for_l10,0.0,0.0,Task C,LightGBM,Permutation fallback (ExplainerError)
missingindicator_away_shots_on_target_for_l10,0.0,0.0,Task C,LightGBM,Permutation fallback (ExplainerError)
missingindicator_away_shots_on_target_against_l10,0.0,0.0,Task C,LightGBM,Permutation fallback (ExplainerError)
missingindicator_away_possession_share_l10,0.0,0.0,Task C,LightGBM,Permutation fallback (ExplainerError)
missingindicator_away_red_cards_for_l10,0.0,0.0,Task C,LightGBM,Permutation fallback (ExplainerError)
missingindicator_diff_points_l3,0.0,0.0,Task C,LightGBM,Permutation fallback (ExplainerError)
missingindicator_diff_goal_difference_l3,0.0,0.0,Task C,LightGBM,Permutation fallback (ExplainerError)
missingindicator_diff_pass_completion_for_l3,0.0,0.0,Task C,LightGBM,Permutation fallback (ExplainerError)
missingindicator_diff_pressures_for_l3,0.0,0.0,Task C,LightGBM,Permutation fallback (ExplainerError)
missingindicator_diff_shots_for_l3,0.0,0.0,Task C,LightGBM,Permutation fallback (ExplainerError)
missingindicator_diff_xg_for_l3,0.0,0.0,Task C,LightGBM,Permutation fallback (ExplainerError)
away_points_l3,0.0,0.0,Task C,LightGBM,Permutation fallback (ExplainerError)
away_history_matches_before,0.0,0.0,Task C,LightGBM,Permutation fallback (ExplainerError)
home_missing_history_l10,0.0,0.0,Task C,LightGBM,Permutation fallback (ExplainerError)
home_shots_on_target_against_l10,0.0,0.0,Task C,LightGBM,Permutation fallback (ExplainerError)
home_missing_history_l5,0.0,0.0,Task C,LightGBM,Permutation fallback (ExplainerError)
home_xg_for_l10,0.0,0.0,Task C,LightGBM,Permutation fallback (ExplainerError)
home_goal_difference_l10,0.0,0.0,Task C,LightGBM,Permutation fallback (ExplainerError)
home_goals_against_l10,0.0,0.0,Task C,LightGBM,Permutation fallback (ExplainerError)
away_shots_on_target_for_l3,0.0,0.0,Task C,LightGBM,Permutation fallback (ExplainerError)
away_shots_for_l3,0.0,0.0,Task C,LightGBM,Permutation fallback (ExplainerError)
away_goals_against_l3,0.0,0.0,Task C,LightGBM,Permutation fallback (ExplainerError)
home_final_third_entries_for_l10,0.0,0.0,Task C,LightGBM,Permutation fallback (ExplainerError)
home_red_cards_for_l10,0.0,0.0,Task C,LightGBM,Permutation fallback (ExplainerError)
p1_away_con_home,0.0,0.0,Task C,LightGBM,Permutation fallback (ExplainerError)
p1_home_rank_away,0.0,0.0,Task C,LightGBM,Permutation fallback (ExplainerError)
p1_away_rank_away,0.0,0.0,Task C,LightGBM,Permutation fallback (ExplainerError)
missingindicator_home_rest_days,0.0,0.0,Task C,LightGBM,Permutation fallback (ExplainerError)
missingindicator_home_points_l3,0.0,0.0,Task C,LightGBM,Permutation fallback (ExplainerError)
missingindicator_home_goals_for_l3,0.0,0.0,Task C,LightGBM,Permutation fallback (ExplainerError)
missingindicator_home_goals_against_l3,0.0,0.0,Task C,LightGBM,Permutation fallback (ExplainerError)
missingindicator_home_goal_difference_l3,0.0,0.0,Task C,LightGBM,Permutation fallback (ExplainerError)
missingindicator_home_shots_for_l3,0.0,0.0,Task C,LightGBM,Permutation fallback (ExplainerError)
missingindicator_home_shots_against_l3,0.0,0.0,Task C,LightGBM,Permutation fallback (ExplainerError)
missingindicator_home_shots_on_target_for_l3,0.0,0.0,Task C,LightGBM,Permutation fallback (ExplainerError)
missingindicator_home_shots_on_target_against_l3,0.0,0.0,Task C,LightGBM,Permutation fallback (ExplainerError)
missingindicator_home_xg_for_l3,0.0,0.0,Task C,LightGBM,Permutation fallback (ExplainerError)
missingindicator_home_xg_against_l3,0.0,0.0,Task C,LightGBM,Permutation fallback (ExplainerError)
missingindicator_home_passes_for_l3,0.0,0.0,Task C,LightGBM,Permutation fallback (ExplainerError)
missingindicator_home_pass_completion_for_l3,0.0,0.0,Task C,LightGBM,Permutation fallback (ExplainerError)
missingindicator_home_pressures_for_l3,0.0,0.0,Task C,LightGBM,Permutation fallback (ExplainerError)
missingindicator_home_final_third_entries_for_l3,0.0,0.0,Task C,LightGBM,Permutation fallback (ExplainerError)
missingindicator_home_red_cards_for_l3,0.0,0.0,Task C,LightGBM,Permutation fallback (ExplainerError)
missingindicator_home_possession_share_l3,0.0,0.0,Task C,LightGBM,Permutation fallback (ExplainerError)
missingindicator_home_points_l5,0.0,0.0,Task C,LightGBM,Permutation fallback (ExplainerError)
missingindicator_home_goals_for_l5,0.0,0.0,Task C,LightGBM,Permutation fallback (ExplainerError)
missingindicator_home_goals_against_l5,0.0,0.0,Task C,LightGBM,Permutation fallback (ExplainerError)
missingindicator_home_goal_difference_l5,0.0,0.0,Task C,LightGBM,Permutation fallback (ExplainerError)
missingindicator_home_shots_for_l5,0.0,0.0,Task C,LightGBM,Permutation fallback (ExplainerError)
missingindicator_home_shots_against_l5,0.0,0.0,Task C,LightGBM,Permutation fallback (ExplainerError)
missingindicator_home_shots_on_target_for_l5,0.0,0.0,Task C,LightGBM,Permutation fallback (ExplainerError)
missingindicator_home_shots_on_target_against_l5,0.0,0.0,Task C,LightGBM,Permutation fallback (ExplainerError)
missingindicator_home_xg_for_l5,0.0,0.0,Task C,LightGBM,Permutation fallback (ExplainerError)
missingindicator_home_xg_against_l5,0.0,0.0,Task C,LightGBM,Permutation fallback (ExplainerError)
missingindicator_home_passes_for_l5,0.0,0.0,Task C,LightGBM,Permutation fallback (ExplainerError)
missingindicator_home_pass_completion_for_l5,0.0,0.0,Task C,LightGBM,Permutation fallback (ExplainerError)
missingindicator_home_pressures_for_l5,0.0,0.0,Task C,LightGBM,Permutation fallback (ExplainerError)
missingindicator_home_final_third_entries_for_l5,0.0,0.0,Task C,LightGBM,Permutation fallback (ExplainerError)
missingindicator_home_red_cards_for_l5,0.0,0.0,Task C,LightGBM,Permutation fallback (ExplainerError)
missingindicator_home_possession_share_l5,0.0,0.0,Task C,LightGBM,Permutation fallback (ExplainerError)
missingindicator_home_points_l10,0.0,0.0,Task C,LightGBM,Permutation fallback (ExplainerError)
missingindicator_home_goals_for_l10,0.0,0.0,Task C,LightGBM,Permutation fallback (ExplainerError)
missingindicator_home_goals_against_l10,0.0,0.0,Task C,LightGBM,Permutation fallback (ExplainerError)
missingindicator_home_goal_difference_l10,0.0,0.0,Task C,LightGBM,Permutation fallback (ExplainerError)
missingindicator_home_shots_for_l10,0.0,0.0,Task C,LightGBM,Permutation fallback (ExplainerError)
missingindicator_home_shots_against_l10,0.0,0.0,Task C,LightGBM,Permutation fallback (ExplainerError)
missingindicator_home_shots_on_target_for_l10,0.0,0.0,Task C,LightGBM,Permutation fallback (ExplainerError)
missingindicator_home_shots_on_target_against_l10,0.0,0.0,Task C,LightGBM,Permutation fallback (ExplainerError)
missingindicator_home_xg_for_l10,0.0,0.0,Task C,LightGBM,Permutation fallback (ExplainerError)
missingindicator_home_xg_against_l10,0.0,0.0,Task C,LightGBM,Permutation fallback (ExplainerError)
missingindicator_home_passes_for_l10,0.0,0.0,Task C,LightGBM,Permutation fallback (ExplainerError)
missingindicator_home_pass_completion_for_l10,0.0,0.0,Task C,LightGBM,Permutation fallback (ExplainerError)
missingindicator_home_pressures_for_l10,0.0,0.0,Task C,LightGBM,Permutation fallback (ExplainerError)
missingindicator_home_final_third_entries_for_l10,0.0,0.0,Task C,LightGBM,Permutation fallback (ExplainerError)
missingindicator_home_red_cards_for_l10,0.0,0.0,Task C,LightGBM,Permutation fallback (ExplainerError)
missingindicator_home_possession_share_l10,0.0,0.0,Task C,LightGBM,Permutation fallback (ExplainerError)
missingindicator_away_rest_days,0.0,0.0,Task C,LightGBM,Permutation fallback (ExplainerError)
missingindicator_away_points_l3,0.0,0.0,Task C,LightGBM,Permutation fallback (ExplainerError)
missingindicator_away_goals_for_l3,0.0,0.0,Task C,LightGBM,Permutation fallback (ExplainerError)
missingindicator_away_goals_against_l3,0.0,0.0,Task C,LightGBM,Permutation fallback (ExplainerError)
missingindicator_away_goal_difference_l3,0.0,0.0,Task C,LightGBM,Permutation fallback (ExplainerError)
missingindicator_away_shots_for_l3,0.0,0.0,Task C,LightGBM,Permutation fallback (ExplainerError)
missingindicator_away_shots_against_l3,0.0,0.0,Task C,LightGBM,Permutation fallback (ExplainerError)
missingindicator_away_shots_on_target_for_l3,0.0,0.0,Task C,LightGBM,Permutation fallback (ExplainerError)
missingindicator_away_shots_on_target_against_l3,0.0,0.0,Task C,LightGBM,Permutation fallback (ExplainerError)
missingindicator_away_xg_for_l3,0.0,0.0,Task C,LightGBM,Permutation fallback (ExplainerError)
missingindicator_away_xg_against_l3,0.0,0.0,Task C,LightGBM,Permutation fallback (ExplainerError)
missingindicator_away_passes_for_l3,0.0,0.0,Task C,LightGBM,Permutation fallback (ExplainerError)
missingindicator_away_pass_completion_for_l3,0.0,0.0,Task C,LightGBM,Permutation fallback (ExplainerError)
missingindicator_away_pressures_for_l3,0.0,0.0,Task C,LightGBM,Permutation fallback (ExplainerError)
missingindicator_away_final_third_entries_for_l3,0.0,0.0,Task C,LightGBM,Permutation fallback (ExplainerError)
missingindicator_away_red_cards_for_l3,0.0,0.0,Task C,LightGBM,Permutation fallback (ExplainerError)
missingindicator_away_possession_share_l3,0.0,0.0,Task C,LightGBM,Permutation fallback (ExplainerError)
missingindicator_away_points_l5,0.0,0.0,Task C,LightGBM,Permutation fallback (ExplainerError)
missingindicator_away_goals_for_l5,0.0,0.0,Task C,LightGBM,Permutation fallback (ExplainerError)
missingindicator_away_goals_against_l5,0.0,0.0,Task C,LightGBM,Permutation fallback (ExplainerError)
missingindicator_away_goal_difference_l5,0.0,0.0,Task C,LightGBM,Permutation fallback (ExplainerError)
missingindicator_away_shots_for_l5,0.0,0.0,Task C,LightGBM,Permutation fallback (ExplainerError)
missingindicator_away_shots_against_l5,0.0,0.0,Task C,LightGBM,Permutation fallback (ExplainerError)
missingindicator_away_shots_on_target_for_l5,0.0,0.0,Task C,LightGBM,Permutation fallback (ExplainerError)
missingindicator_away_shots_on_target_against_l5,0.0,0.0,Task C,LightGBM,Permutation fallback (ExplainerError)
missingindicator_away_xg_for_l5,0.0,0.0,Task C,LightGBM,Permutation fallback (ExplainerError)
missingindicator_away_xg_against_l5,0.0,0.0,Task C,LightGBM,Permutation fallback (ExplainerError)
missingindicator_away_passes_for_l5,0.0,0.0,Task C,LightGBM,Permutation fallback (ExplainerError)
missingindicator_away_pass_completion_for_l5,0.0,0.0,Task C,LightGBM,Permutation fallback (ExplainerError)
missingindicator_diff_pressures_for_l5,0.0,0.0,Task C,LightGBM,Permutation fallback (ExplainerError)
missingindicator_diff_possession_share_l5,0.0,0.0,Task C,LightGBM,Permutation fallback (ExplainerError)
missingindicator_diff_points_l10,0.0,0.0,Task C,LightGBM,Permutation fallback (ExplainerError)
missingindicator_diff_goal_difference_l10,0.0,0.0,Task C,LightGBM,Permutation fallback (ExplainerError)
missingindicator_diff_shots_for_l10,0.0,0.0,Task C,LightGBM,Permutation fallback (ExplainerError)
missingindicator_diff_xg_for_l10,0.0,0.0,Task C,LightGBM,Permutation fallback (ExplainerError)
missingindicator_diff_pass_completion_for_l10,0.0,0.0,Task C,LightGBM,Permutation fallback (ExplainerError)
missingindicator_diff_pressures_for_l10,0.0,0.0,Task C,LightGBM,Permutation fallback (ExplainerError)
missingindicator_diff_possession_share_l10,0.0,0.0,Task C,LightGBM,Permutation fallback (ExplainerError)
missingindicator_rest_days_difference,0.0,0.0,Task C,LightGBM,Permutation fallback (ExplainerError)
p1_away_con_total,0.04262139030184709,0.022225304406331334,Task R,Random Forest,TreeExplainer
diff_xg_for_l3,0.042593340619169376,0.01752380232792076,Task R,Random Forest,TreeExplainer
p1_away_scr_total,0.040140797738720015,0.014663778533025997,Task R,Random Forest,TreeExplainer
p1_away_rank_total,0.036461837021188805,0.018236575158345033,Task R,Random Forest,TreeExplainer
p1_away_con_away,0.028704274263652515,0.018952088616554508,Task R,Random Forest,TreeExplainer
diff_shots_for_l10,0.026318442200586357,0.013619299048882873,Task R,Random Forest,TreeExplainer
away_final_third_entries_for_l10,0.026159149431310688,0.01543708811709309,Task R,Random Forest,TreeExplainer
p1_away_scr_home,0.026120703201068306,0.01290750244340743,Task R,Random Forest,TreeExplainer
p1_away_rank_away,0.025464626809045276,0.015443742545764293,Task R,Random Forest,TreeExplainer
home_xg_for_l3,0.024675625326012342,0.013185671953579704,Task R,Random Forest,TreeExplainer
home_xg_for_l5,0.023234419107844274,0.009021378562490688,Task R,Random Forest,TreeExplainer
home_xg_for_l10,0.02208739093142795,0.008825377499263137,Task R,Random Forest,TreeExplainer
away_goals_against_l5,0.019992653040623386,0.009067975706401183,Task R,Random Forest,TreeExplainer
home_shots_for_l5,0.019595226539726892,0.01009489939495473,Task R,Random Forest,TreeExplainer
away_goal_difference_l5,0.01863844544014661,0.007087872690981783,Task R,Random Forest,TreeExplainer
home_shots_for_l10,0.018428262800819446,0.01140686636441977,Task R,Random Forest,TreeExplainer
p1_away_rank_home,0.017961797500647865,0.009524194973271432,Task R,Random Forest,TreeExplainer
diff_xg_for_l5,0.017859209956795578,0.008588465778794737,Task R,Random Forest,TreeExplainer
p1_home_scr_home,0.01712234912664291,0.00977496880928741,Task R,Random Forest,TreeExplainer
diff_xg_for_l10,0.015934074868759873,0.011073363075646074,Task R,Random Forest,TreeExplainer
away_final_third_entries_for_l5,0.0158070980134839,0.01167810591097652,Task R,Random Forest,TreeExplainer
away_shots_on_target_for_l10,0.01482290210793617,0.010141841850938825,Task R,Random Forest,TreeExplainer
p1_home_scr_total,0.014578107865344853,0.007029185269688633,Task R,Random Forest,TreeExplainer
home_pass_completion_for_l3,0.014538890273029214,0.013258162792432988,Task R,Random Forest,TreeExplainer
home_shots_for_l3,0.014464781291567069,0.011017951053457207,Task R,Random Forest,TreeExplainer
away_xg_for_l3,0.0141556569918312,0.010274495248966033,Task R,Random Forest,TreeExplainer
away_goal_difference_l10,0.014134598059826456,0.0075345848245490935,Task R,Random Forest,TreeExplainer
diff_possession_share_l10,0.013463475269071408,0.009789095858169753,Task R,Random Forest,TreeExplainer
diff_pressures_for_l10,0.013347391012475656,0.008006440677137891,Task R,Random Forest,TreeExplainer
home_shots_on_target_against_l5,0.01320413247294808,0.00624563487750092,Task R,Random Forest,TreeExplainer
home_pass_completion_for_l5,0.013052463444780097,0.008102283973110087,Task R,Random Forest,TreeExplainer
away_shots_on_target_for_l3,0.012927449205000675,0.0066268609024725915,Task R,Random Forest,TreeExplainer
away_shots_for_l10,0.012666879131487088,0.00924450781759245,Task R,Random Forest,TreeExplainer
p1_home_rank_home,0.012660225438920692,0.007726792724627641,Task R,Random Forest,TreeExplainer
away_shots_against_l10,0.012455285421043344,0.01011399832801731,Task R,Random Forest,TreeExplainer
home_passes_for_l5,0.012401608067774487,0.010381512006530352,Task R,Random Forest,TreeExplainer
home_shots_on_target_for_l3,0.012261447318002518,0.008090036984595457,Task R,Random Forest,TreeExplainer
diff_goal_difference_l10,0.012185348296406854,0.009429212679194257,Task R,Random Forest,TreeExplainer
away_goals_for_l3,0.01216874318224964,0.005390887947616302,Task R,Random Forest,TreeExplainer
diff_possession_share_l5,0.011720284281880983,0.012027612629012788,Task R,Random Forest,TreeExplainer
away_pass_completion_for_l10,0.011456972249005904,0.010153986892537355,Task R,Random Forest,TreeExplainer
away_shots_on_target_for_l5,0.011293099112276347,0.007735133396008148,Task R,Random Forest,TreeExplainer
away_shots_for_l5,0.010996119051990086,0.007422306562513144,Task R,Random Forest,TreeExplainer
home_final_third_entries_for_l5,0.010944806632299822,0.008829939155370574,Task R,Random Forest,TreeExplainer
home_pressures_for_l5,0.01079316206702165,0.007818630668593056,Task R,Random Forest,TreeExplainer
diff_shots_for_l5,0.010716959623317835,0.013059195286351471,Task R,Random Forest,TreeExplainer
home_shots_on_target_for_l5,0.010693711757041272,0.0071924069709516335,Task R,Random Forest,TreeExplainer
home_final_third_entries_for_l10,0.010063069234578528,0.0077810745614284105,Task R,Random Forest,TreeExplainer
away_possession_share_l3,0.009288490470022647,0.006736947779837994,Task R,Random Forest,TreeExplainer
home_possession_share_l10,0.009122366812703156,0.006564073974443104,Task R,Random Forest,TreeExplainer
p1_away_scr_away,0.008696507187535419,0.006702626724972168,Task R,Random Forest,TreeExplainer
away_passes_for_l5,0.008634695834040472,0.00760675733631389,Task R,Random Forest,TreeExplainer
away_xg_against_l10,0.008566307152698781,0.011607079227194292,Task R,Random Forest,TreeExplainer
away_xg_against_l5,0.008381767852609084,0.007944835290305626,Task R,Random Forest,TreeExplainer
diff_pass_completion_for_l10,0.008126792612622082,0.007831333433625118,Task R,Random Forest,TreeExplainer
p1_away_con_home,0.007793646740998285,0.006764196272766604,Task R,Random Forest,TreeExplainer
home_passes_for_l3,0.007605676729858777,0.008336637022134073,Task R,Random Forest,TreeExplainer
diff_shots_for_l3,0.007514071711703774,0.009424287430113212,Task R,Random Forest,TreeExplainer
home_pass_completion_for_l10,0.007494155939253338,0.008238470185935615,Task R,Random Forest,TreeExplainer
away_goals_against_l10,0.007469559085288177,0.007208678109600392,Task R,Random Forest,TreeExplainer
home_points_l5,0.0072897219516031226,0.0036698367336722585,Task R,Random Forest,TreeExplainer
p1_home_con_total,0.007170795906605553,0.0068361318141093004,Task R,Random Forest,TreeExplainer
away_pass_completion_for_l3,0.0071556596898571636,0.005746846780124565,Task R,Random Forest,TreeExplainer
home_rest_days,0.007118318864510629,0.00756979126143894,Task R,Random Forest,TreeExplainer
home_goals_for_l5,0.007090934237115815,0.0038888787966648336,Task R,Random Forest,TreeExplainer
away_shots_on_target_against_l10,0.007019750029782728,0.0057118633254804934,Task R,Random Forest,TreeExplainer
home_passes_for_l10,0.006934083029722948,0.009179186910353701,Task R,Random Forest,TreeExplainer
away_shots_on_target_against_l3,0.006871882721156264,0.004836275746237802,Task R,Random Forest,TreeExplainer
p1_home_rank_total,0.00639123070110368,0.00535721895976514,Task R,Random Forest,TreeExplainer
away_goals_for_l10,0.006356548283750768,0.00541492039725651,Task R,Random Forest,TreeExplainer
diff_pass_completion_for_l3,0.0062895672401397556,0.0062265889603692086,Task R,Random Forest,TreeExplainer
away_pressures_for_l5,0.0061639259275498015,0.006749266048296595,Task R,Random Forest,TreeExplainer
home_xg_against_l10,0.006163548523897206,0.0046655215954361055,Task R,Random Forest,TreeExplainer
away_shots_on_target_against_l5,0.0060466828907045755,0.006233068496037641,Task R,Random Forest,TreeExplainer
home_final_third_entries_for_l3,0.006038135937156537,0.008862077620504246,Task R,Random Forest,TreeExplainer
diff_pressures_for_l3,0.005832312155645309,0.005826855148627715,Task R,Random Forest,TreeExplainer
home_shots_on_target_against_l10,0.005774469605284835,0.005060237518773124,Task R,Random Forest,TreeExplainer
away_points_l5,0.005765949753439957,0.004038528114978071,Task R,Random Forest,TreeExplainer
diff_pass_completion_for_l5,0.005652783830651629,0.0049826252635276295,Task R,Random Forest,TreeExplainer
away_xg_against_l3,0.005629940464923313,0.00810931551190266,Task R,Random Forest,TreeExplainer
diff_points_l10,0.005556626764989438,0.007200692115979828,Task R,Random Forest,TreeExplainer
away_goals_for_l5,0.005499664835289639,0.004651287638005709,Task R,Random Forest,TreeExplainer
home_xg_against_l5,0.005421178423398101,0.00455159209009478,Task R,Random Forest,TreeExplainer
away_pressures_for_l3,0.0054097566718045555,0.007512920862359306,Task R,Random Forest,TreeExplainer
away_possession_share_l5,0.005399981226900788,0.008437581853624164,Task R,Random Forest,TreeExplainer
home_goals_against_l10,0.005365189612847458,0.006254509710526437,Task R,Random Forest,TreeExplainer
away_shots_against_l3,0.00534449668683505,0.004175412040234206,Task R,Random Forest,TreeExplainer
diff_pressures_for_l5,0.005271716080489778,0.005582467068107244,Task R,Random Forest,TreeExplainer
away_xg_for_l5,0.00516860283176353,0.007773746538374453,Task R,Random Forest,TreeExplainer
p1_home_rank_away,0.00516528846085126,0.005695698860069906,Task R,Random Forest,TreeExplainer
home_xg_against_l3,0.005124210935237354,0.0062334256699152725,Task R,Random Forest,TreeExplainer
away_possession_share_l10,0.005075118582416832,0.005888847500590617,Task R,Random Forest,TreeExplainer
home_shots_against_l10,0.004940535174507586,0.004426437810006227,Task R,Random Forest,TreeExplainer
away_passes_for_l3,0.004927913244537994,0.005973561268920677,Task R,Random Forest,TreeExplainer
away_final_third_entries_for_l3,0.004687002231650269,0.00772007093413343,Task R,Random Forest,TreeExplainer
home_points_l10,0.004580456427604312,0.0038495861467104904,Task R,Random Forest,TreeExplainer
away_pass_completion_for_l5,0.0044664734278074495,0.005329957407602517,Task R,Random Forest,TreeExplainer
diff_goal_difference_l3,0.0043441288827260355,0.004800961549958673,Task R,Random Forest,TreeExplainer
diff_points_l5,0.004333623724827138,0.0035973750276361363,Task R,Random Forest,TreeExplainer
away_xg_for_l10,0.004287315084923301,0.006391511779656603,Task R,Random Forest,TreeExplainer
home_points_l3,0.004250474431953659,0.002923468645830374,Task R,Random Forest,TreeExplainer
rest_days_difference,0.004197355510610658,0.004712036601963074,Task R,Random Forest,TreeExplainer
away_shots_for_l3,0.004166431345288789,0.004432094683411939,Task R,Random Forest,TreeExplainer
away_goals_against_l3,0.0041591423877201045,0.0036708156484889618,Task R,Random Forest,TreeExplainer
home_shots_on_target_for_l10,0.004154475859333773,0.004971066977801609,Task R,Random Forest,TreeExplainer
home_shots_against_l5,0.0041172499921072895,0.005240764002599269,Task R,Random Forest,TreeExplainer
away_passes_for_l10,0.004114278812357909,0.006671133923072494,Task R,Random Forest,TreeExplainer
diff_possession_share_l3,0.003993157482684513,0.006046491927032733,Task R,Random Forest,TreeExplainer
away_goal_difference_l3,0.003966865296060671,0.002405080925907685,Task R,Random Forest,TreeExplainer
home_shots_against_l3,0.0038602279691384296,0.005602181301978552,Task R,Random Forest,TreeExplainer
home_pressures_for_l3,0.0038552709533827586,0.003393331860874428,Task R,Random Forest,TreeExplainer
p1_home_con_away,0.0037432793035831035,0.004310145215302044,Task R,Random Forest,TreeExplainer
away_shots_against_l5,0.0036809830998873285,0.007458985151440319,Task R,Random Forest,TreeExplainer
diff_points_l3,0.003616789061202077,0.003444389084498979,Task R,Random Forest,TreeExplainer
home_goals_against_l5,0.0036114333775906227,0.0030022674226719203,Task R,Random Forest,TreeExplainer
home_goals_against_l3,0.0034859702365080845,0.0035230672235333155,Task R,Random Forest,TreeExplainer
home_goals_for_l10,0.0034636027635667707,0.0026185104191978974,Task R,Random Forest,TreeExplainer
home_possession_share_l3,0.0034512784605396874,0.004789743878651587,Task R,Random Forest,TreeExplainer
home_goal_difference_l3,0.0034108551263285843,0.002925518925490251,Task R,Random Forest,TreeExplainer
p1_home_con_home,0.00337540213805826,0.0050217639786843005,Task R,Random Forest,TreeExplainer
home_red_cards_for_l10,0.0033535635703944413,0.0019426185575009472,Task R,Random Forest,TreeExplainer
home_possession_share_l5,0.0033360020654780624,0.00487328590156832,Task R,Random Forest,TreeExplainer
away_points_l10,0.0033095459514548148,0.005757125081485218,Task R,Random Forest,TreeExplainer
diff_goal_difference_l5,0.0032488419648706887,0.0037367199676196687,Task R,Random Forest,TreeExplainer
home_shots_on_target_against_l3,0.003115269445447966,0.0035622173359777997,Task R,Random Forest,TreeExplainer
home_goals_for_l3,0.002957637982754177,0.0033057678496573226,Task R,Random Forest,TreeExplainer
away_rest_days,0.0028910712699204088,0.006362817098611629,Task R,Random Forest,TreeExplainer
p1_home_scr_away,0.0028273614586929357,0.0040714189823443155,Task R,Random Forest,TreeExplainer
home_pressures_for_l10,0.0025511394188884495,0.0047301581814697255,Task R,Random Forest,TreeExplainer
home_goal_difference_l5,0.002299492230929466,0.0034572789844580644,Task R,Random Forest,TreeExplainer
home_goal_difference_l10,0.002259102381267379,0.0030292818546640596,Task R,Random Forest,TreeExplainer
away_red_cards_for_l10,0.0018803796166708441,0.002445169797583212,Task R,Random Forest,TreeExplainer
away_red_cards_for_l5,0.001794522216027141,0.0015457605161666632,Task R,Random Forest,TreeExplainer
away_points_l3,0.0017388409230186153,0.0024429667464499856,Task R,Random Forest,TreeExplainer
home_red_cards_for_l5,0.0013765374940253176,0.0008149975067577311,Task R,Random Forest,TreeExplainer
away_pressures_for_l10,0.0013495594528387907,0.005034161347417649,Task R,Random Forest,TreeExplainer
away_red_cards_for_l3,0.0009455204214434602,0.000364788155155228,Task R,Random Forest,TreeExplainer
home_red_cards_for_l3,0.0005509351693530719,0.0007639599540909387,Task R,Random Forest,TreeExplainer
missingindicator_away_shots_against_l10,0.0,0.0,Task R,Random Forest,TreeExplainer
missingindicator_away_shots_for_l10,0.0,0.0,Task R,Random Forest,TreeExplainer
missingindicator_away_goal_difference_l10,0.0,0.0,Task R,Random Forest,TreeExplainer
missingindicator_away_goals_against_l10,0.0,0.0,Task R,Random Forest,TreeExplainer
missingindicator_away_goals_for_l10,0.0,0.0,Task R,Random Forest,TreeExplainer
missingindicator_away_points_l10,0.0,0.0,Task R,Random Forest,TreeExplainer
missingindicator_away_possession_share_l5,0.0,0.0,Task R,Random Forest,TreeExplainer
missingindicator_away_red_cards_for_l5,0.0,0.0,Task R,Random Forest,TreeExplainer
missingindicator_away_final_third_entries_for_l5,0.0,6.996213519681474e-05,Task R,Random Forest,TreeExplainer
missingindicator_away_pressures_for_l5,0.0,0.0,Task R,Random Forest,TreeExplainer
home_missing_history_l3,0.0,0.0008131692437004735,Task R,Random Forest,TreeExplainer
home_history_matches_before,0.0,0.005093257385239341,Task R,Random Forest,TreeExplainer
missingindicator_away_red_cards_for_l10,0.0,0.0,Task R,Random Forest,TreeExplainer
missingindicator_away_shots_on_target_against_l10,0.0,0.0,Task R,Random Forest,TreeExplainer
missingindicator_away_xg_for_l10,0.0,0.0,Task R,Random Forest,TreeExplainer
missingindicator_away_shots_on_target_for_l10,0.0,2.839471319177767e-05,Task R,Random Forest,TreeExplainer
missingindicator_diff_pressures_for_l3,0.0,0.0,Task R,Random Forest,TreeExplainer
missingindicator_diff_pass_completion_for_l3,0.0,0.0,Task R,Random Forest,TreeExplainer
missingindicator_diff_xg_for_l3,0.0,0.0,Task R,Random Forest,TreeExplainer
missingindicator_diff_shots_for_l3,0.0,0.0,Task R,Random Forest,TreeExplainer
missingindicator_diff_goal_difference_l3,0.0,1.3154226891546218e-06,Task R,Random Forest,TreeExplainer
missingindicator_diff_points_l3,0.0,0.0,Task R,Random Forest,TreeExplainer
missingindicator_away_possession_share_l10,0.0,0.0,Task R,Random Forest,TreeExplainer
missingindicator_diff_possession_share_l3,0.0,0.0,Task R,Random Forest,TreeExplainer
missingindicator_diff_xg_for_l5,0.0,3.7579848687519426e-08,Task R,Random Forest,TreeExplainer
missingindicator_diff_pass_completion_for_l5,0.0,0.0,Task R,Random Forest,TreeExplainer
missingindicator_diff_goal_difference_l5,0.0,0.0,Task R,Random Forest,TreeExplainer
missingindicator_away_xg_against_l10,0.0,0.0,Task R,Random Forest,TreeExplainer
missingindicator_away_passes_for_l10,0.0,1.042339383851886e-05,Task R,Random Forest,TreeExplainer
missingindicator_away_pass_completion_for_l10,0.0,0.0,Task R,Random Forest,TreeExplainer
missingindicator_away_pressures_for_l10,0.0,0.0,Task R,Random Forest,TreeExplainer
missingindicator_away_final_third_entries_for_l10,0.0,0.0,Task R,Random Forest,TreeExplainer
away_missing_history_l5,0.0,0.0002031838167609499,Task R,Random Forest,TreeExplainer
away_missing_history_l3,0.0,0.00040028602530129954,Task R,Random Forest,TreeExplainer
away_missing_history_l10,0.0,0.001759948952681703,Task R,Random Forest,TreeExplainer
missingindicator_diff_points_l5,0.0,0.0,Task R,Random Forest,TreeExplainer
missingindicator_diff_shots_for_l5,0.0,0.0,Task R,Random Forest,TreeExplainer
home_missing_history_l5,0.0,0.00012570745538083232,Task R,Random Forest,TreeExplainer
home_missing_history_l10,0.0,0.0009826257014906884,Task R,Random Forest,TreeExplainer
away_history_matches_before,0.0,0.005242058542294217,Task R,Random Forest,TreeExplainer
missingindicator_home_rest_days,0.0,0.0,Task R,Random Forest,TreeExplainer
missingindicator_home_points_l3,0.0,0.0,Task R,Random Forest,TreeExplainer
missingindicator_home_goals_for_l3,0.0,0.0,Task R,Random Forest,TreeExplainer
missingindicator_home_goals_against_l3,0.0,0.0,Task R,Random Forest,TreeExplainer
missingindicator_home_goal_difference_l3,0.0,0.00012996636095270503,Task R,Random Forest,TreeExplainer
missingindicator_home_shots_for_l3,0.0,0.0,Task R,Random Forest,TreeExplainer
missingindicator_home_shots_against_l3,0.0,0.0,Task R,Random Forest,TreeExplainer
missingindicator_home_shots_on_target_for_l3,0.0,0.0,Task R,Random Forest,TreeExplainer
missingindicator_home_shots_on_target_against_l3,0.0,0.0002999851418990519,Task R,Random Forest,TreeExplainer
missingindicator_home_xg_for_l3,0.0,0.0,Task R,Random Forest,TreeExplainer
missingindicator_home_xg_against_l3,0.0,0.0,Task R,Random Forest,TreeExplainer
missingindicator_home_passes_for_l3,0.0,0.0,Task R,Random Forest,TreeExplainer
missingindicator_home_pass_completion_for_l3,0.0,0.0,Task R,Random Forest,TreeExplainer
missingindicator_home_pressures_for_l3,0.0,0.0,Task R,Random Forest,TreeExplainer
missingindicator_home_final_third_entries_for_l3,0.0,0.0,Task R,Random Forest,TreeExplainer
missingindicator_home_red_cards_for_l3,0.0,0.0,Task R,Random Forest,TreeExplainer
missingindicator_home_possession_share_l3,0.0,0.0,Task R,Random Forest,TreeExplainer
missingindicator_home_points_l5,0.0,0.0,Task R,Random Forest,TreeExplainer
missingindicator_home_goals_for_l5,0.0,0.0,Task R,Random Forest,TreeExplainer
missingindicator_home_goals_against_l5,0.0,0.0,Task R,Random Forest,TreeExplainer
missingindicator_home_goal_difference_l5,0.0,0.0,Task R,Random Forest,TreeExplainer
missingindicator_home_shots_for_l5,0.0,0.0,Task R,Random Forest,TreeExplainer
missingindicator_home_shots_against_l5,0.0,0.0,Task R,Random Forest,TreeExplainer
missingindicator_home_shots_on_target_for_l5,0.0,0.0,Task R,Random Forest,TreeExplainer
missingindicator_home_shots_on_target_against_l5,0.0,0.0,Task R,Random Forest,TreeExplainer
missingindicator_home_xg_for_l5,0.0,0.0,Task R,Random Forest,TreeExplainer
missingindicator_home_xg_against_l5,0.0,0.0,Task R,Random Forest,TreeExplainer
missingindicator_home_passes_for_l5,0.0,0.0,Task R,Random Forest,TreeExplainer
missingindicator_home_pass_completion_for_l5,0.0,0.0,Task R,Random Forest,TreeExplainer
missingindicator_home_pressures_for_l5,0.0,1.6097479196546547e-05,Task R,Random Forest,TreeExplainer
missingindicator_home_final_third_entries_for_l5,0.0,0.0,Task R,Random Forest,TreeExplainer
missingindicator_home_red_cards_for_l5,0.0,0.0,Task R,Random Forest,TreeExplainer
missingindicator_home_possession_share_l5,0.0,0.0,Task R,Random Forest,TreeExplainer
missingindicator_home_points_l10,0.0,1.3331004585852184e-05,Task R,Random Forest,TreeExplainer
missingindicator_home_goals_for_l10,0.0,0.0,Task R,Random Forest,TreeExplainer
missingindicator_home_goals_against_l10,0.0,0.0,Task R,Random Forest,TreeExplainer
missingindicator_home_goal_difference_l10,0.0,0.0,Task R,Random Forest,TreeExplainer
missingindicator_home_shots_for_l10,0.0,1.89871180000432e-05,Task R,Random Forest,TreeExplainer
missingindicator_home_shots_against_l10,0.0,0.0,Task R,Random Forest,TreeExplainer
missingindicator_home_shots_on_target_for_l10,0.0,0.0,Task R,Random Forest,TreeExplainer
missingindicator_home_shots_on_target_against_l10,0.0,0.0,Task R,Random Forest,TreeExplainer
missingindicator_home_xg_for_l10,0.0,0.00014506967125225617,Task R,Random Forest,TreeExplainer
missingindicator_home_xg_against_l10,0.0,0.0,Task R,Random Forest,TreeExplainer
missingindicator_home_passes_for_l10,0.0,0.0,Task R,Random Forest,TreeExplainer
missingindicator_home_pass_completion_for_l10,0.0,0.0,Task R,Random Forest,TreeExplainer
missingindicator_home_pressures_for_l10,0.0,0.0,Task R,Random Forest,TreeExplainer
missingindicator_home_final_third_entries_for_l10,0.0,7.009710664448945e-05,Task R,Random Forest,TreeExplainer
missingindicator_home_red_cards_for_l10,0.0,0.0,Task R,Random Forest,TreeExplainer
missingindicator_home_possession_share_l10,0.0,0.0,Task R,Random Forest,TreeExplainer
missingindicator_away_rest_days,0.0,0.0,Task R,Random Forest,TreeExplainer
missingindicator_away_points_l3,0.0,1.7943494896972148e-06,Task R,Random Forest,TreeExplainer
missingindicator_away_goals_for_l3,0.0,0.0,Task R,Random Forest,TreeExplainer
missingindicator_away_goals_against_l3,0.0,0.0,Task R,Random Forest,TreeExplainer
missingindicator_away_goal_difference_l3,0.0,0.0,Task R,Random Forest,TreeExplainer
missingindicator_away_shots_for_l3,0.0,0.0,Task R,Random Forest,TreeExplainer
missingindicator_away_shots_against_l3,0.0,0.00010817266020033957,Task R,Random Forest,TreeExplainer
missingindicator_away_shots_on_target_for_l3,0.0,0.0,Task R,Random Forest,TreeExplainer
missingindicator_away_shots_on_target_against_l3,0.0,0.0,Task R,Random Forest,TreeExplainer
missingindicator_away_xg_for_l3,0.0,0.0,Task R,Random Forest,TreeExplainer
missingindicator_away_xg_against_l3,0.0,0.0,Task R,Random Forest,TreeExplainer
missingindicator_away_passes_for_l3,0.0,0.0,Task R,Random Forest,TreeExplainer
missingindicator_away_pass_completion_for_l3,0.0,0.0,Task R,Random Forest,TreeExplainer
missingindicator_away_pressures_for_l3,0.0,0.0,Task R,Random Forest,TreeExplainer
missingindicator_away_final_third_entries_for_l3,0.0,0.0,Task R,Random Forest,TreeExplainer
missingindicator_away_red_cards_for_l3,0.0,0.0,Task R,Random Forest,TreeExplainer
missingindicator_away_possession_share_l3,0.0,0.0,Task R,Random Forest,TreeExplainer
missingindicator_away_points_l5,0.0,0.0,Task R,Random Forest,TreeExplainer
missingindicator_away_goals_for_l5,0.0,0.0,Task R,Random Forest,TreeExplainer
missingindicator_away_goals_against_l5,0.0,0.00017438295447934823,Task R,Random Forest,TreeExplainer
missingindicator_away_goal_difference_l5,0.0,0.0,Task R,Random Forest,TreeExplainer
missingindicator_away_shots_for_l5,0.0,0.0,Task R,Random Forest,TreeExplainer
missingindicator_away_shots_against_l5,0.0,0.0,Task R,Random Forest,TreeExplainer
missingindicator_away_shots_on_target_for_l5,0.0,0.0,Task R,Random Forest,TreeExplainer
missingindicator_away_shots_on_target_against_l5,0.0,0.0,Task R,Random Forest,TreeExplainer
missingindicator_away_xg_for_l5,0.0,0.0,Task R,Random Forest,TreeExplainer
missingindicator_away_xg_against_l5,0.0,0.0,Task R,Random Forest,TreeExplainer
missingindicator_away_passes_for_l5,0.0,0.0,Task R,Random Forest,TreeExplainer
missingindicator_away_pass_completion_for_l5,0.0,0.0,Task R,Random Forest,TreeExplainer
missingindicator_diff_pressures_for_l5,0.0,0.00011484677659769421,Task R,Random Forest,TreeExplainer
missingindicator_diff_possession_share_l5,0.0,0.0,Task R,Random Forest,TreeExplainer
missingindicator_diff_points_l10,0.0,0.0,Task R,Random Forest,TreeExplainer
missingindicator_diff_goal_difference_l10,0.0,0.0,Task R,Random Forest,TreeExplainer
missingindicator_diff_shots_for_l10,0.0,0.0,Task R,Random Forest,TreeExplainer
missingindicator_diff_xg_for_l10,0.0,0.0,Task R,Random Forest,TreeExplainer
missingindicator_diff_pass_completion_for_l10,0.0,3.2851871615121056e-05,Task R,Random Forest,TreeExplainer
missingindicator_diff_pressures_for_l10,0.0,0.0,Task R,Random Forest,TreeExplainer
missingindicator_diff_possession_share_l10,0.0,0.0,Task R,Random Forest,TreeExplainer
missingindicator_rest_days_difference,0.0,0.0,Task R,Random Forest,TreeExplainer
p1_away_rank_total,0.16545931261520488,0.11530153880890752,Task R,GBM,TreeExplainer
p1_away_scr_home,0.1612723840590714,0.06120540868110477,Task R,GBM,TreeExplainer
home_pass_completion_for_l3,0.13700418352873006,0.050762959160118,Task R,GBM,TreeExplainer
home_shots_on_target_for_l3,0.13331163624087647,0.022533021713622682,Task R,GBM,TreeExplainer
home_xg_for_l3,0.09597993928002498,0.03960630067908399,Task R,GBM,TreeExplainer
away_shots_on_target_against_l3,0.09078952358702871,0.014454769650335124,Task R,GBM,TreeExplainer
home_passes_for_l10,0.08387951647936735,0.06976593744042446,Task R,GBM,TreeExplainer
diff_xg_for_l3,0.0785698566047936,0.018661272085251687,Task R,GBM,TreeExplainer
p1_away_con_away,0.07538257558418118,0.03227233606833004,Task R,GBM,TreeExplainer
diff_pressures_for_l5,0.06652829969488433,0.015124217408134133,Task R,GBM,TreeExplainer
away_goals_against_l5,0.0649111690633492,0.009602269977023856,Task R,GBM,TreeExplainer
away_shots_on_target_for_l5,0.06135228978793905,0.02517630086363526,Task R,GBM,TreeExplainer
away_goals_for_l3,0.05904697348994849,0.006634923782665907,Task R,GBM,TreeExplainer
away_goals_for_l5,0.05380760252806718,0.010105998784058006,Task R,GBM,TreeExplainer
diff_shots_for_l5,0.05359571923577492,0.029062768450808834,Task R,GBM,TreeExplainer
diff_shots_for_l10,0.050966477035659256,0.04687964108409551,Task R,GBM,TreeExplainer
home_pressures_for_l3,0.050234978856599846,0.006126565419944639,Task R,GBM,TreeExplainer
home_goals_against_l10,0.049525424678737745,0.007198525206836448,Task R,GBM,TreeExplainer
home_goals_for_l5,0.048786235611009046,0.016087649240711127,Task R,GBM,TreeExplainer
p1_away_rank_away,0.04197757615089869,0.006751442721123288,Task R,GBM,TreeExplainer
home_goals_for_l10,0.040674592256510815,0.008031319297570512,Task R,GBM,TreeExplainer
home_xg_for_l5,0.037652285016073164,0.016026744461142745,Task R,GBM,TreeExplainer
away_pressures_for_l5,0.03732835474056113,0.0053587029179208955,Task R,GBM,TreeExplainer
diff_pressures_for_l10,0.0365008817913472,0.012816249268402639,Task R,GBM,TreeExplainer
home_shots_for_l3,0.034787850329286676,0.019834709712032196,Task R,GBM,TreeExplainer
away_final_third_entries_for_l10,0.03451741426709566,0.006091523489546465,Task R,GBM,TreeExplainer
diff_goal_difference_l10,0.032964417182286175,0.005714914717472466,Task R,GBM,TreeExplainer
diff_possession_share_l10,0.03265923625544867,0.014773806745117048,Task R,GBM,TreeExplainer
p1_home_con_total,0.03226702817537892,0.009121546746520161,Task R,GBM,TreeExplainer
away_shots_against_l10,0.031894429438062616,0.011793744052538033,Task R,GBM,TreeExplainer
home_final_third_entries_for_l5,0.028252286766303633,0.007099130135641596,Task R,GBM,TreeExplainer
away_pressures_for_l3,0.027420230390282175,0.01302389417578994,Task R,GBM,TreeExplainer
home_rest_days,0.027257258066333584,0.008893838574700016,Task R,GBM,TreeExplainer
away_possession_share_l3,0.02538198889241973,0.014421318536641891,Task R,GBM,TreeExplainer
away_goal_difference_l10,0.02454290012978649,0.03432051952980274,Task R,GBM,TreeExplainer
away_shots_on_target_against_l5,0.02376422183746595,0.006130027817760899,Task R,GBM,TreeExplainer
away_final_third_entries_for_l3,0.023278848614916903,0.012275654681536716,Task R,GBM,TreeExplainer
away_goals_for_l10,0.022490993668527696,0.01610048363753034,Task R,GBM,TreeExplainer
away_xg_for_l10,0.022008564058446558,0.009182335392486172,Task R,GBM,TreeExplainer
away_final_third_entries_for_l5,0.021849809212712238,0.005447441931245325,Task R,GBM,TreeExplainer
home_xg_against_l3,0.021159816817653367,0.010978820270386908,Task R,GBM,TreeExplainer
home_possession_share_l5,0.016711405144796652,0.0030937036329314427,Task R,GBM,TreeExplainer
home_xg_against_l5,0.016301910845397335,0.004558290742909056,Task R,GBM,TreeExplainer
away_xg_against_l10,0.016299941841977705,0.006082054855621737,Task R,GBM,TreeExplainer
away_xg_for_l5,0.015689384519687672,0.011185832480606964,Task R,GBM,TreeExplainer
away_xg_for_l3,0.015322405950558886,0.003463673124893573,Task R,GBM,TreeExplainer
away_xg_against_l3,0.013047391661647034,0.0016074595380711353,Task R,GBM,TreeExplainer
p1_home_scr_total,0.012741189812695597,0.002197821945811161,Task R,GBM,TreeExplainer
p1_away_con_home,0.012419007896377034,0.003486261426979053,Task R,GBM,TreeExplainer
away_possession_share_l5,0.012188109966251994,0.003616843046285567,Task R,GBM,TreeExplainer
p1_home_rank_home,0.011777647324645845,0.0016740735707251274,Task R,GBM,TreeExplainer
home_pass_completion_for_l5,0.010999508314970208,0.004626760349940774,Task R,GBM,TreeExplainer
p1_home_rank_away,0.010981685615766136,0.0014867482176789248,Task R,GBM,TreeExplainer
diff_possession_share_l5,0.010965089917549112,0.004692496024073138,Task R,GBM,TreeExplainer
p1_away_con_total,0.01082378834316996,0.0034090812296901974,Task R,GBM,TreeExplainer
home_goals_against_l5,0.01077406828261785,0.0008224518073741956,Task R,GBM,TreeExplainer
home_shots_for_l10,0.009468601350646135,0.0008005164147332318,Task R,GBM,TreeExplainer
rest_days_difference,0.008863750702590595,0.0026445832828591513,Task R,GBM,TreeExplainer
away_goals_against_l10,0.008839034044055269,0.004361372388540247,Task R,GBM,TreeExplainer
away_points_l10,0.008652431069959537,0.0033027431843888886,Task R,GBM,TreeExplainer
p1_home_scr_home,0.008205490183289426,0.0016202758016130722,Task R,GBM,TreeExplainer
diff_points_l5,0.007759236923413657,0.0014920312069403494,Task R,GBM,TreeExplainer
home_points_l5,0.007312004727316718,0.0034130447086320277,Task R,GBM,TreeExplainer
away_rest_days,0.0071780329591300575,0.010033260007541522,Task R,GBM,TreeExplainer
away_pass_completion_for_l10,0.006930433662646992,0.003273674904639919,Task R,GBM,TreeExplainer
away_pass_completion_for_l3,0.006723728967524207,0.001625597532218653,Task R,GBM,TreeExplainer
p1_away_rank_home,0.006432609071881139,0.0018783521886027545,Task R,GBM,TreeExplainer
diff_possession_share_l3,0.006007239856758985,0.0013022269808572583,Task R,GBM,TreeExplainer
away_shots_on_target_for_l3,0.005673694693692915,0.0015675395088015204,Task R,GBM,TreeExplainer
away_shots_against_l5,0.005409283177057434,0.013734053274199654,Task R,GBM,TreeExplainer
diff_pass_completion_for_l5,0.005288455064896148,0.0019205384427966568,Task R,GBM,TreeExplainer
away_xg_against_l5,0.005242616395925527,0.004138096162569432,Task R,GBM,TreeExplainer
diff_goal_difference_l5,0.00521674884099422,0.0008173111352592357,Task R,GBM,TreeExplainer
away_red_cards_for_l10,0.005034749713041497,0.0017823371843951061,Task R,GBM,TreeExplainer
diff_points_l10,0.004994277801850569,0.0030425390127929346,Task R,GBM,TreeExplainer
home_shots_for_l5,0.004951429952971204,0.0013038794033355917,Task R,GBM,TreeExplainer
away_pressures_for_l10,0.004659041105672744,0.003683689628278063,Task R,GBM,TreeExplainer
home_shots_on_target_against_l3,0.004379729861798493,0.0028803286305383352,Task R,GBM,TreeExplainer
diff_pressures_for_l3,0.003741670375256772,0.0008159756477820948,Task R,GBM,TreeExplainer
away_shots_for_l5,0.00274284500170971,0.0024213699870141337,Task R,GBM,TreeExplainer
away_shots_against_l3,0.002570157256223868,0.0034085284080767908,Task R,GBM,TreeExplainer
home_shots_on_target_for_l10,0.002526387720173383,0.0003719055666775863,Task R,GBM,TreeExplainer
home_shots_on_target_for_l5,0.0019408444643358642,0.000672737331070106,Task R,GBM,TreeExplainer
diff_pass_completion_for_l10,0.0018579189934977277,0.0006737812923061825,Task R,GBM,TreeExplainer
home_pressures_for_l5,0.0015479885957191478,0.0007872945385487287,Task R,GBM,TreeExplainer
home_shots_against_l5,0.0013145229150673167,0.001427127659806917,Task R,GBM,TreeExplainer
home_goals_for_l3,0.0,0.0,Task R,GBM,TreeExplainer
home_goals_against_l3,0.0,0.0,Task R,GBM,TreeExplainer
home_shots_against_l3,0.0,0.0,Task R,GBM,TreeExplainer
home_goal_difference_l3,0.0,0.0,Task R,GBM,TreeExplainer
missingindicator_away_goals_against_l10,0.0,0.0,Task R,GBM,TreeExplainer
missingindicator_away_goal_difference_l10,0.0,0.0,Task R,GBM,TreeExplainer
missingindicator_away_shots_for_l10,0.0,0.0,Task R,GBM,TreeExplainer
missingindicator_away_shots_against_l10,0.0,0.0,Task R,GBM,TreeExplainer
missingindicator_away_shots_on_target_for_l10,0.0,0.0,Task R,GBM,TreeExplainer
missingindicator_away_shots_on_target_against_l10,0.0,0.0,Task R,GBM,TreeExplainer
home_points_l3,0.0,0.0,Task R,GBM,TreeExplainer
home_history_matches_before,0.0,0.0011370434657826105,Task R,GBM,TreeExplainer
home_final_third_entries_for_l3,0.0,0.0,Task R,GBM,TreeExplainer
home_passes_for_l3,0.0,0.0,Task R,GBM,TreeExplainer
home_shots_on_target_against_l5,0.0,0.0,Task R,GBM,TreeExplainer
home_passes_for_l5,0.0,0.0,Task R,GBM,TreeExplainer
home_goal_difference_l5,0.0,0.0,Task R,GBM,TreeExplainer
home_missing_history_l3,0.0,0.0,Task R,GBM,TreeExplainer
home_possession_share_l3,0.0,0.0,Task R,GBM,TreeExplainer
home_red_cards_for_l3,0.0,0.0,Task R,GBM,TreeExplainer
missingindicator_diff_goal_difference_l3,0.0,0.0,Task R,GBM,TreeExplainer
missingindicator_diff_points_l3,0.0,0.0,Task R,GBM,TreeExplainer
missingindicator_away_possession_share_l10,0.0,0.0,Task R,GBM,TreeExplainer
missingindicator_away_red_cards_for_l10,0.0,0.0,Task R,GBM,TreeExplainer
missingindicator_away_final_third_entries_for_l10,0.0,0.0,Task R,GBM,TreeExplainer
missingindicator_away_pressures_for_l10,0.0,0.0,Task R,GBM,TreeExplainer
missingindicator_diff_pass_completion_for_l3,0.0,0.0,Task R,GBM,TreeExplainer
missingindicator_diff_shots_for_l3,0.0,0.0,Task R,GBM,TreeExplainer
missingindicator_diff_shots_for_l5,0.0,0.0,Task R,GBM,TreeExplainer
missingindicator_diff_xg_for_l5,0.0,0.0,Task R,GBM,TreeExplainer
missingindicator_diff_pass_completion_for_l5,0.0,0.0,Task R,GBM,TreeExplainer
missingindicator_diff_xg_for_l3,0.0,0.0,Task R,GBM,TreeExplainer
missingindicator_diff_possession_share_l3,0.0,0.0,Task R,GBM,TreeExplainer
missingindicator_diff_points_l5,0.0,0.0,Task R,GBM,TreeExplainer
missingindicator_diff_goal_difference_l5,0.0,0.0,Task R,GBM,TreeExplainer
missingindicator_diff_pressures_for_l3,0.0,0.0,Task R,GBM,TreeExplainer
away_goal_difference_l5,0.0,0.0,Task R,GBM,TreeExplainer
away_points_l5,0.0,0.0,Task R,GBM,TreeExplainer
away_missing_history_l3,0.0,0.0,Task R,GBM,TreeExplainer
away_red_cards_for_l3,0.0,0.002041115117833352,Task R,GBM,TreeExplainer
away_passes_for_l3,0.0,0.0,Task R,GBM,TreeExplainer
away_red_cards_for_l5,0.0,0.0,Task R,GBM,TreeExplainer
missingindicator_away_xg_for_l10,0.0,0.0,Task R,GBM,TreeExplainer
missingindicator_away_xg_against_l10,0.0,0.0,Task R,GBM,TreeExplainer
missingindicator_away_passes_for_l10,0.0,0.0,Task R,GBM,TreeExplainer
missingindicator_away_pass_completion_for_l10,0.0,0.0,Task R,GBM,TreeExplainer
missingindicator_away_pressures_for_l5,0.0,0.0,Task R,GBM,TreeExplainer
missingindicator_away_final_third_entries_for_l5,0.0,0.0,Task R,GBM,TreeExplainer
missingindicator_away_red_cards_for_l5,0.0,0.0,Task R,GBM,TreeExplainer
missingindicator_away_possession_share_l5,0.0,0.0,Task R,GBM,TreeExplainer
missingindicator_away_points_l10,0.0,0.0,Task R,GBM,TreeExplainer
missingindicator_away_goals_for_l10,0.0,0.0,Task R,GBM,TreeExplainer
diff_points_l3,0.0,0.0,Task R,GBM,TreeExplainer
away_missing_history_l10,0.0,0.0,Task R,GBM,TreeExplainer
away_possession_share_l10,0.0,0.0,Task R,GBM,TreeExplainer
away_passes_for_l10,0.0,0.0,Task R,GBM,TreeExplainer
away_shots_on_target_for_l10,0.0,0.0,Task R,GBM,TreeExplainer
away_shots_on_target_against_l10,0.0,0.0,Task R,GBM,TreeExplainer
away_missing_history_l5,0.0,0.0,Task R,GBM,TreeExplainer
away_shots_for_l10,0.0,0.0015688266213308,Task R,GBM,TreeExplainer
away_passes_for_l5,0.0,0.0,Task R,GBM,TreeExplainer
away_pass_completion_for_l5,0.0,0.0,Task R,GBM,TreeExplainer
diff_xg_for_l5,0.0,0.0,Task R,GBM,TreeExplainer
diff_goal_difference_l3,0.0,0.0,Task R,GBM,TreeExplainer
home_missing_history_l5,0.0,0.0,Task R,GBM,TreeExplainer
home_points_l10,0.0,0.0,Task R,GBM,TreeExplainer
diff_xg_for_l10,0.0,0.0,Task R,GBM,TreeExplainer
home_red_cards_for_l5,0.0,0.0,Task R,GBM,TreeExplainer
home_shots_against_l10,0.0,0.0,Task R,GBM,TreeExplainer
home_goal_difference_l10,0.0,0.0,Task R,GBM,TreeExplainer
home_xg_for_l10,0.0,0.0,Task R,GBM,TreeExplainer
home_shots_on_target_against_l10,0.0,0.0,Task R,GBM,TreeExplainer
home_pass_completion_for_l10,0.0,0.0,Task R,GBM,TreeExplainer
home_pressures_for_l10,0.0,0.000616229917164892,Task R,GBM,TreeExplainer
home_final_third_entries_for_l10,0.0,0.0,Task R,GBM,TreeExplainer
home_xg_against_l10,0.0,0.0,Task R,GBM,TreeExplainer
home_red_cards_for_l10,0.0,0.0,Task R,GBM,TreeExplainer
home_possession_share_l10,0.0,0.0,Task R,GBM,TreeExplainer
away_history_matches_before,0.0,0.0007369721241046661,Task R,GBM,TreeExplainer
home_missing_history_l10,0.0,0.0,Task R,GBM,TreeExplainer
away_points_l3,0.0,0.0,Task R,GBM,TreeExplainer
away_goals_against_l3,0.0,0.0,Task R,GBM,TreeExplainer
diff_pass_completion_for_l3,0.0,0.0,Task R,GBM,TreeExplainer
diff_shots_for_l3,0.0,0.0,Task R,GBM,TreeExplainer
away_shots_for_l3,0.0,0.0,Task R,GBM,TreeExplainer
away_goal_difference_l3,0.0,0.0,Task R,GBM,TreeExplainer
p1_away_scr_total,0.0,0.0,Task R,GBM,TreeExplainer
p1_home_rank_total,0.0,0.0,Task R,GBM,TreeExplainer
p1_home_con_home,0.0,0.005948976026374521,Task R,GBM,TreeExplainer
p1_home_scr_away,0.0,0.0,Task R,GBM,TreeExplainer
p1_home_con_away,0.0,0.0,Task R,GBM,TreeExplainer
p1_away_scr_away,0.0,0.0,Task R,GBM,TreeExplainer
missingindicator_home_rest_days,0.0,0.0,Task R,GBM,TreeExplainer
missingindicator_home_points_l3,0.0,0.0,Task R,GBM,TreeExplainer
missingindicator_home_goals_for_l3,0.0,0.0,Task R,GBM,TreeExplainer
missingindicator_home_goals_against_l3,0.0,0.0,Task R,GBM,TreeExplainer
missingindicator_home_goal_difference_l3,0.0,0.0,Task R,GBM,TreeExplainer
missingindicator_home_shots_for_l3,0.0,0.0,Task R,GBM,TreeExplainer
missingindicator_home_shots_against_l3,0.0,0.0,Task R,GBM,TreeExplainer
missingindicator_home_shots_on_target_for_l3,0.0,0.0,Task R,GBM,TreeExplainer
missingindicator_home_shots_on_target_against_l3,0.0,0.0,Task R,GBM,TreeExplainer
missingindicator_home_xg_for_l3,0.0,0.0,Task R,GBM,TreeExplainer
missingindicator_home_xg_against_l3,0.0,0.0,Task R,GBM,TreeExplainer
missingindicator_home_passes_for_l3,0.0,0.0,Task R,GBM,TreeExplainer
missingindicator_home_pass_completion_for_l3,0.0,0.0,Task R,GBM,TreeExplainer
missingindicator_home_pressures_for_l3,0.0,0.0,Task R,GBM,TreeExplainer
missingindicator_home_final_third_entries_for_l3,0.0,0.0,Task R,GBM,TreeExplainer
missingindicator_home_red_cards_for_l3,0.0,0.0,Task R,GBM,TreeExplainer
missingindicator_home_possession_share_l3,0.0,0.0,Task R,GBM,TreeExplainer
missingindicator_home_points_l5,0.0,0.0,Task R,GBM,TreeExplainer
missingindicator_home_goals_for_l5,0.0,0.0,Task R,GBM,TreeExplainer
missingindicator_home_goals_against_l5,0.0,0.0,Task R,GBM,TreeExplainer
missingindicator_home_goal_difference_l5,0.0,0.0,Task R,GBM,TreeExplainer
missingindicator_home_shots_for_l5,0.0,0.0,Task R,GBM,TreeExplainer
missingindicator_home_shots_against_l5,0.0,0.0,Task R,GBM,TreeExplainer
missingindicator_home_shots_on_target_for_l5,0.0,0.0,Task R,GBM,TreeExplainer
missingindicator_home_shots_on_target_against_l5,0.0,0.0,Task R,GBM,TreeExplainer
missingindicator_home_xg_for_l5,0.0,0.0,Task R,GBM,TreeExplainer
missingindicator_home_xg_against_l5,0.0,0.0,Task R,GBM,TreeExplainer
missingindicator_home_passes_for_l5,0.0,0.0,Task R,GBM,TreeExplainer
missingindicator_home_pass_completion_for_l5,0.0,0.0,Task R,GBM,TreeExplainer
missingindicator_home_pressures_for_l5,0.0,0.0,Task R,GBM,TreeExplainer
missingindicator_home_final_third_entries_for_l5,0.0,0.0,Task R,GBM,TreeExplainer
missingindicator_home_red_cards_for_l5,0.0,0.0,Task R,GBM,TreeExplainer
missingindicator_home_possession_share_l5,0.0,0.0,Task R,GBM,TreeExplainer
missingindicator_home_points_l10,0.0,0.0,Task R,GBM,TreeExplainer
missingindicator_home_goals_for_l10,0.0,0.0,Task R,GBM,TreeExplainer
missingindicator_home_goals_against_l10,0.0,0.0,Task R,GBM,TreeExplainer
missingindicator_home_goal_difference_l10,0.0,0.0,Task R,GBM,TreeExplainer
missingindicator_home_shots_for_l10,0.0,0.0,Task R,GBM,TreeExplainer
missingindicator_home_shots_against_l10,0.0,0.0,Task R,GBM,TreeExplainer
missingindicator_home_shots_on_target_for_l10,0.0,0.0,Task R,GBM,TreeExplainer
missingindicator_home_shots_on_target_against_l10,0.0,0.0,Task R,GBM,TreeExplainer
missingindicator_home_xg_for_l10,0.0,0.0,Task R,GBM,TreeExplainer
missingindicator_home_xg_against_l10,0.0,0.0,Task R,GBM,TreeExplainer
missingindicator_home_passes_for_l10,0.0,0.0,Task R,GBM,TreeExplainer
missingindicator_home_pass_completion_for_l10,0.0,0.0,Task R,GBM,TreeExplainer
missingindicator_home_pressures_for_l10,0.0,0.0,Task R,GBM,TreeExplainer
missingindicator_home_final_third_entries_for_l10,0.0,0.0,Task R,GBM,TreeExplainer
missingindicator_home_red_cards_for_l10,0.0,0.0,Task R,GBM,TreeExplainer
missingindicator_home_possession_share_l10,0.0,0.0,Task R,GBM,TreeExplainer
missingindicator_away_rest_days,0.0,0.0,Task R,GBM,TreeExplainer
missingindicator_away_points_l3,0.0,0.0,Task R,GBM,TreeExplainer
missingindicator_away_goals_for_l3,0.0,0.0,Task R,GBM,TreeExplainer
missingindicator_away_goals_against_l3,0.0,0.0,Task R,GBM,TreeExplainer
missingindicator_away_goal_difference_l3,0.0,0.0,Task R,GBM,TreeExplainer
missingindicator_away_shots_for_l3,0.0,0.0,Task R,GBM,TreeExplainer
missingindicator_away_shots_against_l3,0.0,0.0,Task R,GBM,TreeExplainer
missingindicator_away_shots_on_target_for_l3,0.0,0.0,Task R,GBM,TreeExplainer
missingindicator_away_shots_on_target_against_l3,0.0,0.0,Task R,GBM,TreeExplainer
missingindicator_away_xg_for_l3,0.0,0.0,Task R,GBM,TreeExplainer
missingindicator_away_xg_against_l3,0.0,0.0,Task R,GBM,TreeExplainer
missingindicator_away_passes_for_l3,0.0,0.0,Task R,GBM,TreeExplainer
missingindicator_away_pass_completion_for_l3,0.0,0.0,Task R,GBM,TreeExplainer
missingindicator_away_pressures_for_l3,0.0,0.0,Task R,GBM,TreeExplainer
missingindicator_away_final_third_entries_for_l3,0.0,0.0,Task R,GBM,TreeExplainer
missingindicator_away_red_cards_for_l3,0.0,0.0,Task R,GBM,TreeExplainer
missingindicator_away_possession_share_l3,0.0,0.0,Task R,GBM,TreeExplainer
missingindicator_away_points_l5,0.0,0.0,Task R,GBM,TreeExplainer
missingindicator_away_goals_for_l5,0.0,0.0,Task R,GBM,TreeExplainer
missingindicator_away_goals_against_l5,0.0,0.0,Task R,GBM,TreeExplainer
missingindicator_away_goal_difference_l5,0.0,0.0,Task R,GBM,TreeExplainer
missingindicator_away_shots_for_l5,0.0,0.0,Task R,GBM,TreeExplainer
missingindicator_away_shots_against_l5,0.0,0.0,Task R,GBM,TreeExplainer
missingindicator_away_shots_on_target_for_l5,0.0,0.0,Task R,GBM,TreeExplainer
missingindicator_away_shots_on_target_against_l5,0.0,0.0,Task R,GBM,TreeExplainer
missingindicator_away_xg_for_l5,0.0,0.0,Task R,GBM,TreeExplainer
missingindicator_away_xg_against_l5,0.0,0.0,Task R,GBM,TreeExplainer
missingindicator_away_passes_for_l5,0.0,0.0,Task R,GBM,TreeExplainer
missingindicator_away_pass_completion_for_l5,0.0,0.0,Task R,GBM,TreeExplainer
missingindicator_diff_pressures_for_l5,0.0,0.0,Task R,GBM,TreeExplainer
missingindicator_diff_possession_share_l5,0.0,0.0,Task R,GBM,TreeExplainer
missingindicator_diff_points_l10,0.0,0.0,Task R,GBM,TreeExplainer
missingindicator_diff_goal_difference_l10,0.0,0.0,Task R,GBM,TreeExplainer
missingindicator_diff_shots_for_l10,0.0,0.0,Task R,GBM,TreeExplainer
missingindicator_diff_xg_for_l10,0.0,0.0,Task R,GBM,TreeExplainer
missingindicator_diff_pass_completion_for_l10,0.0,0.0,Task R,GBM,TreeExplainer
missingindicator_diff_pressures_for_l10,0.0,0.0,Task R,GBM,TreeExplainer
missingindicator_diff_possession_share_l10,0.0,0.0,Task R,GBM,TreeExplainer
missingindicator_rest_days_difference,0.0,0.0,Task R,GBM,TreeExplainer
p1_away_rank_total,0.12105513878742004,0.030350076034665108,Task R,XGBoost,Permutation fallback (ValueError)
diff_xg_for_l3,0.1199331757938152,0.01178508996963501,Task R,XGBoost,Permutation fallback (ValueError)
home_pass_completion_for_l3,0.10273610602682996,0.0101063447073102,Task R,XGBoost,Permutation fallback (ValueError)
p1_away_scr_home,0.09369816510150195,0.012636125087738037,Task R,XGBoost,Permutation fallback (ValueError)
home_xg_for_l3,0.0917756619903704,0.017114898189902306,Task R,XGBoost,Permutation fallback (ValueError)
p1_away_con_total,0.09172702922993609,0.018229462206363678,Task R,XGBoost,Permutation fallback (ValueError)
home_shots_on_target_for_l3,0.09158856308748238,0.008459486067295074,Task R,XGBoost,Permutation fallback (ValueError)
home_shots_for_l3,0.08679926396445437,0.013815745711326599,Task R,XGBoost,Permutation fallback (ValueError)
away_shots_on_target_against_l3,0.07835968761912383,0.00768284359946847,Task R,XGBoost,Permutation fallback (ValueError)
away_goals_for_l3,0.07708316472876968,0.009880922734737396,Task R,XGBoost,Permutation fallback (ValueError)
diff_shots_for_l10,0.07614841814915502,0.01660444773733616,Task R,XGBoost,Permutation fallback (ValueError)
away_goals_against_l5,0.06750819426940155,0.008339181542396545,Task R,XGBoost,Permutation fallback (ValueError)
away_pressures_for_l5,0.06605710183258465,0.0061697205528616905,Task R,XGBoost,Permutation fallback (ValueError)
p1_home_con_total,0.05918136225200083,0.007211062591522932,Task R,XGBoost,Permutation fallback (ValueError)
diff_possession_share_l3,0.05230642193160695,0.006260603666305542,Task R,XGBoost,Permutation fallback (ValueError)
diff_pressures_for_l10,0.0519556827736897,0.007584649603813887,Task R,XGBoost,Permutation fallback (ValueError)
away_final_third_entries_for_l10,0.05158938852672809,0.01123740989714861,Task R,XGBoost,Permutation fallback (ValueError)
home_goals_for_l5,0.050443822390777805,0.0073338719084858894,Task R,XGBoost,Permutation fallback (ValueError)
away_pressures_for_l3,0.05037250118332229,0.005721327383071184,Task R,XGBoost,Permutation fallback (ValueError)
home_passes_for_l10,0.04814861871070562,0.015360940247774124,Task R,XGBoost,Permutation fallback (ValueError)
home_goals_against_l10,0.04653517501993928,0.005743366200476885,Task R,XGBoost,Permutation fallback (ValueError)
home_xg_against_l3,0.04649244342494901,0.006889896932989359,Task R,XGBoost,Permutation fallback (ValueError)
p1_away_con_away,0.044908064204281645,0.012955930083990097,Task R,XGBoost,Permutation fallback (ValueError)
diff_possession_share_l5,0.03950776537455132,0.005643706303089857,Task R,XGBoost,Permutation fallback (ValueError)
away_shots_on_target_for_l5,0.03686597668321168,0.011497730389237404,Task R,XGBoost,Permutation fallback (ValueError)
home_final_third_entries_for_l5,0.03680194326026021,0.007641894277185202,Task R,XGBoost,Permutation fallback (ValueError)
p1_away_scr_total,0.036793837650928744,0.009999623522162437,Task R,XGBoost,Permutation fallback (ValueError)
away_xg_against_l3,0.03548984984534901,0.006002794019877911,Task R,XGBoost,Permutation fallback (ValueError)
away_possession_share_l3,0.035052824505196506,0.0060968417674303055,Task R,XGBoost,Permutation fallback (ValueError)
away_shots_against_l10,0.034917695932782024,0.006209269631654024,Task R,XGBoost,Permutation fallback (ValueError)
away_shots_on_target_against_l5,0.03101151576504007,0.0073704905807971954,Task R,XGBoost,Permutation fallback (ValueError)
diff_shots_for_l5,0.03055935322781148,0.012114322744309902,Task R,XGBoost,Permutation fallback (ValueError)
diff_possession_share_l10,0.02951242564162965,0.00886456947773695,Task R,XGBoost,Permutation fallback (ValueError)
home_goals_for_l10,0.028170133552950997,0.006047945469617844,Task R,XGBoost,Permutation fallback (ValueError)
diff_goal_difference_l10,0.02667887316109018,0.00507174851372838,Task R,XGBoost,Permutation fallback (ValueError)
diff_pressures_for_l5,0.02520974653357964,0.005631181877106428,Task R,XGBoost,Permutation fallback (ValueError)
away_goals_for_l5,0.02389468615292571,0.004964322783052921,Task R,XGBoost,Permutation fallback (ValueError)
p1_home_rank_home,0.023834485576641605,0.0067803761921823025,Task R,XGBoost,Permutation fallback (ValueError)
home_xg_for_l5,0.02325716649934623,0.008470049127936363,Task R,XGBoost,Permutation fallback (ValueError)
home_shots_for_l10,0.022636702585293895,0.010621441528201103,Task R,XGBoost,Permutation fallback (ValueError)
away_xg_against_l10,0.02152195324222017,0.007545449770987034,Task R,XGBoost,Permutation fallback (ValueError)
away_rest_days,0.021352451374337587,0.0046656630001962185,Task R,XGBoost,Permutation fallback (ValueError)
p1_away_rank_home,0.020915846661428334,0.01181019376963377,Task R,XGBoost,Permutation fallback (ValueError)
home_pass_completion_for_l10,0.02008112255657646,0.0077265789732337,Task R,XGBoost,Permutation fallback (ValueError)
home_points_l5,0.018943624592371835,0.0047968425787985325,Task R,XGBoost,Permutation fallback (ValueError)
home_pressures_for_l3,0.018937659683022346,0.007977902889251709,Task R,XGBoost,Permutation fallback (ValueError)
home_goals_against_l5,0.018860899230703183,0.004136204719543457,Task R,XGBoost,Permutation fallback (ValueError)
home_passes_for_l3,0.01873565440882753,0.007444585673511028,Task R,XGBoost,Permutation fallback (ValueError)
home_pressures_for_l5,0.017654439233887972,0.009054044261574745,Task R,XGBoost,Permutation fallback (ValueError)
home_pass_completion_for_l5,0.01626697413324281,0.0068349470384418964,Task R,XGBoost,Permutation fallback (ValueError)
home_red_cards_for_l10,0.016137427831595035,0.005658871028572321,Task R,XGBoost,Permutation fallback (ValueError)
p1_home_scr_total,0.015983609600832845,0.009350968524813652,Task R,XGBoost,Permutation fallback (ValueError)
away_xg_for_l3,0.01463423774913426,0.005312839988619089,Task R,XGBoost,Permutation fallback (ValueError)
away_shots_against_l5,0.014415432971672732,0.005665701348334551,Task R,XGBoost,Permutation fallback (ValueError)
diff_xg_for_l10,0.014284893238927121,0.005870410241186619,Task R,XGBoost,Permutation fallback (ValueError)
away_shots_on_target_against_l10,0.014066655920528252,0.008537658490240574,Task R,XGBoost,Permutation fallback (ValueError)
away_xg_against_l5,0.014000713527227916,0.005717447493225336,Task R,XGBoost,Permutation fallback (ValueError)
away_xg_for_l10,0.01390751702601319,0.006685558240860701,Task R,XGBoost,Permutation fallback (ValueError)
p1_home_scr_home,0.013839321045911079,0.008717749267816544,Task R,XGBoost,Permutation fallback (ValueError)
away_goals_against_l3,0.013329207448228068,0.010302581824362278,Task R,XGBoost,Permutation fallback (ValueError)
rest_days_difference,0.013252939842430466,0.00726704578846693,Task R,XGBoost,Permutation fallback (ValueError)
home_shots_against_l10,0.012901987737965054,0.006077967584133148,Task R,XGBoost,Permutation fallback (ValueError)
diff_points_l10,0.012398746629090355,0.004179314244538546,Task R,XGBoost,Permutation fallback (ValueError)
home_points_l10,0.012058363926927634,0.00518322829157114,Task R,XGBoost,Permutation fallback (ValueError)
home_shots_on_target_for_l5,0.011936653657239341,0.006604940630495548,Task R,XGBoost,Permutation fallback (ValueError)
home_shots_on_target_against_l10,0.011396772242184945,0.009358160197734833,Task R,XGBoost,Permutation fallback (ValueError)
away_goal_difference_l10,0.011091303917329653,0.009152429178357124,Task R,XGBoost,Permutation fallback (ValueError)
away_pass_completion_for_l5,0.010857870418597785,0.01900576986372471,Task R,XGBoost,Permutation fallback (ValueError)
home_xg_for_l10,0.010498828369663493,0.010499326512217522,Task R,XGBoost,Permutation fallback (ValueError)
home_passes_for_l5,0.010494016247980317,0.01944097876548767,Task R,XGBoost,Permutation fallback (ValueError)
home_possession_share_l5,0.010306828343933724,0.008554738946259022,Task R,XGBoost,Permutation fallback (ValueError)
away_red_cards_for_l10,0.009933192558431374,0.0051450966857373714,Task R,XGBoost,Permutation fallback (ValueError)
away_final_third_entries_for_l5,0.009912009222898624,0.008333488367497921,Task R,XGBoost,Permutation fallback (ValueError)
away_possession_share_l10,0.009392482366651612,0.006823816802352667,Task R,XGBoost,Permutation fallback (ValueError)
home_rest_days,0.009254090377699892,0.005632081069052219,Task R,XGBoost,Permutation fallback (ValueError)
away_possession_share_l5,0.008691451841698748,0.00548779359087348,Task R,XGBoost,Permutation fallback (ValueError)
away_xg_for_l5,0.008624647768295331,0.005763821769505739,Task R,XGBoost,Permutation fallback (ValueError)
diff_goal_difference_l3,0.008600695109466407,0.016681546345353127,Task R,XGBoost,Permutation fallback (ValueError)
away_shots_on_target_for_l10,0.008563989189460164,0.006657933350652456,Task R,XGBoost,Permutation fallback (ValueError)
diff_pass_completion_for_l5,0.008563119305451257,0.007149449083954096,Task R,XGBoost,Permutation fallback (ValueError)
home_points_l3,0.008530179448375143,0.007258348632603884,Task R,XGBoost,Permutation fallback (ValueError)
away_final_third_entries_for_l3,0.008247207902857788,0.005191252566874027,Task R,XGBoost,Permutation fallback (ValueError)
diff_goal_difference_l5,0.007902682099855786,0.007383854128420353,Task R,XGBoost,Permutation fallback (ValueError)
away_shots_for_l5,0.007712257911360059,0.01410512626171112,Task R,XGBoost,Permutation fallback (ValueError)
away_shots_for_l10,0.00751976546885418,0.007496806792914867,Task R,XGBoost,Permutation fallback (ValueError)
away_shots_on_target_for_l3,0.007181696551075828,0.0077855270355939865,Task R,XGBoost,Permutation fallback (ValueError)
diff_shots_for_l3,0.007092380396130941,0.009701427072286606,Task R,XGBoost,Permutation fallback (ValueError)
home_shots_against_l3,0.007090989091143386,0.006667996756732464,Task R,XGBoost,Permutation fallback (ValueError)
home_xg_against_l5,0.007023817273717289,0.0071798693388700485,Task R,XGBoost,Permutation fallback (ValueError)
away_shots_for_l3,0.007017721786426098,0.0066328528337180614,Task R,XGBoost,Permutation fallback (ValueError)
away_pass_completion_for_l10,0.007006023965769218,0.006359113845974207,Task R,XGBoost,Permutation fallback (ValueError)
away_goal_difference_l5,0.006550792232577597,0.00703194597736001,Task R,XGBoost,Permutation fallback (ValueError)
diff_pass_completion_for_l3,0.006444211270950363,0.003790399758145213,Task R,XGBoost,Permutation fallback (ValueError)
away_passes_for_l5,0.0064325652530659696,0.005082959309220314,Task R,XGBoost,Permutation fallback (ValueError)
home_xg_against_l10,0.00624533646598297,0.004724269267171621,Task R,XGBoost,Permutation fallback (ValueError)
away_passes_for_l3,0.006030075436970896,0.008313906379044056,Task R,XGBoost,Permutation fallback (ValueError)
away_goals_against_l10,0.005785150380794163,0.010975373908877373,Task R,XGBoost,Permutation fallback (ValueError)
p1_home_rank_away,0.005658554255564195,0.007710158359259367,Task R,XGBoost,Permutation fallback (ValueError)
home_goal_difference_l5,0.005632429643689335,0.00962482113391161,Task R,XGBoost,Permutation fallback (ValueError)
diff_pressures_for_l3,0.005560543600797143,0.0055183484219014645,Task R,XGBoost,Permutation fallback (ValueError)
diff_points_l5,0.00547590377247907,0.004576250910758972,Task R,XGBoost,Permutation fallback (ValueError)
diff_xg_for_l5,0.005414978584440835,0.00519373407587409,Task R,XGBoost,Permutation fallback (ValueError)
away_shots_against_l3,0.004823844999739685,0.01400379091501236,Task R,XGBoost,Permutation fallback (ValueError)
home_shots_for_l5,0.004719516309821788,0.0032922516111284494,Task R,XGBoost,Permutation fallback (ValueError)
home_shots_on_target_against_l5,0.004704712240524803,0.0046981568448245525,Task R,XGBoost,Permutation fallback (ValueError)
p1_home_rank_total,0.0046839502747204435,0.0027881816495209932,Task R,XGBoost,Permutation fallback (ValueError)
home_final_third_entries_for_l10,0.004677727051708593,0.005119692534208298,Task R,XGBoost,Permutation fallback (ValueError)
away_pass_completion_for_l3,0.0045885332703566786,0.0034434690605849028,Task R,XGBoost,Permutation fallback (ValueError)
p1_away_con_home,0.004403478847951562,0.008875437080860138,Task R,XGBoost,Permutation fallback (ValueError)
home_shots_on_target_for_l10,0.003901678601708394,0.008232902735471725,Task R,XGBoost,Permutation fallback (ValueError)
home_red_cards_for_l3,0.003896225969209274,0.0052452003583312035,Task R,XGBoost,Permutation fallback (ValueError)
p1_away_scr_away,0.003806343665211536,0.004212738014757633,Task R,XGBoost,Permutation fallback (ValueError)
home_possession_share_l10,0.0037855197370146847,0.003444366157054901,Task R,XGBoost,Permutation fallback (ValueError)
home_shots_on_target_against_l3,0.0035959043131763295,0.008476930670440197,Task R,XGBoost,Permutation fallback (ValueError)
away_points_l10,0.003121355769015256,0.004842121619731188,Task R,XGBoost,Permutation fallback (ValueError)
away_pressures_for_l10,0.0026810390461384647,0.009414403699338436,Task R,XGBoost,Permutation fallback (ValueError)
home_goal_difference_l10,0.0024638322177781696,0.004475894384086132,Task R,XGBoost,Permutation fallback (ValueError)
p1_home_scr_away,0.0020815745697937145,0.005569146480411291,Task R,XGBoost,Permutation fallback (ValueError)
away_points_l5,0.0019274846763701057,0.0070389858447015285,Task R,XGBoost,Permutation fallback (ValueError)
home_shots_against_l5,0.0019027456720494631,0.0032495777122676373,Task R,XGBoost,Permutation fallback (ValueError)
p1_away_rank_away,0.0018614435512774978,0.0031147135887295008,Task R,XGBoost,Permutation fallback (ValueError)
diff_pass_completion_for_l10,0.001859252338560866,0.00310950237326324,Task R,XGBoost,Permutation fallback (ValueError)
p1_home_con_away,0.0017965079029596898,0.00407389784231782,Task R,XGBoost,Permutation fallback (ValueError)
home_possession_share_l3,0.0015103370560319638,0.0031519464682787657,Task R,XGBoost,Permutation fallback (ValueError)
away_passes_for_l10,0.001500110286692883,0.003741227090358734,Task R,XGBoost,Permutation fallback (ValueError)
away_goals_for_l10,0.0010148420900383142,0.0024782309774309397,Task R,XGBoost,Permutation fallback (ValueError)
home_pressures_for_l10,0.0006236305946241277,0.004143337719142437,Task R,XGBoost,Permutation fallback (ValueError)
missingindicator_away_goals_against_l10,0.0,0.0,Task R,XGBoost,Permutation fallback (ValueError)
missingindicator_away_red_cards_for_l5,0.0,0.0,Task R,XGBoost,Permutation fallback (ValueError)
missingindicator_away_possession_share_l5,0.0,0.0,Task R,XGBoost,Permutation fallback (ValueError)
missingindicator_away_final_third_entries_for_l5,0.0,0.0,Task R,XGBoost,Permutation fallback (ValueError)
missingindicator_away_pressures_for_l5,0.0,0.0,Task R,XGBoost,Permutation fallback (ValueError)
home_final_third_entries_for_l3,0.0,0.0,Task R,XGBoost,Permutation fallback (ValueError)
home_goal_difference_l3,0.0,0.0,Task R,XGBoost,Permutation fallback (ValueError)
home_history_matches_before,0.0,0.008146720938384533,Task R,XGBoost,Permutation fallback (ValueError)
home_missing_history_l3,0.0,0.0,Task R,XGBoost,Permutation fallback (ValueError)
home_goals_for_l3,0.0,0.0,Task R,XGBoost,Permutation fallback (ValueError)
home_goals_against_l3,0.0,0.0,Task R,XGBoost,Permutation fallback (ValueError)
missingindicator_diff_xg_for_l5,0.0,0.0,Task R,XGBoost,Permutation fallback (ValueError)
missingindicator_diff_pass_completion_for_l5,0.0,0.0,Task R,XGBoost,Permutation fallback (ValueError)
missingindicator_diff_goal_difference_l5,0.0,0.0,Task R,XGBoost,Permutation fallback (ValueError)
missingindicator_diff_shots_for_l5,0.0,0.0,Task R,XGBoost,Permutation fallback (ValueError)
missingindicator_diff_points_l5,0.0,0.0,Task R,XGBoost,Permutation fallback (ValueError)
missingindicator_diff_possession_share_l3,0.0,0.0,Task R,XGBoost,Permutation fallback (ValueError)
missingindicator_diff_pass_completion_for_l3,0.0,0.0,Task R,XGBoost,Permutation fallback (ValueError)
missingindicator_diff_pressures_for_l3,0.0,0.0,Task R,XGBoost,Permutation fallback (ValueError)
missingindicator_diff_goal_difference_l3,0.0,0.0,Task R,XGBoost,Permutation fallback (ValueError)
missingindicator_diff_points_l3,0.0,0.0,Task R,XGBoost,Permutation fallback (ValueError)
missingindicator_diff_xg_for_l3,0.0,0.0,Task R,XGBoost,Permutation fallback (ValueError)
missingindicator_diff_shots_for_l3,0.0,0.0,Task R,XGBoost,Permutation fallback (ValueError)
missingindicator_away_possession_share_l10,0.0,0.0,Task R,XGBoost,Permutation fallback (ValueError)
missingindicator_away_red_cards_for_l10,0.0,0.0,Task R,XGBoost,Permutation fallback (ValueError)
missingindicator_away_pressures_for_l10,0.0,0.0,Task R,XGBoost,Permutation fallback (ValueError)
missingindicator_away_final_third_entries_for_l10,0.0,0.0,Task R,XGBoost,Permutation fallback (ValueError)
missingindicator_away_shots_against_l10,0.0,0.0,Task R,XGBoost,Permutation fallback (ValueError)
missingindicator_away_shots_for_l10,0.0,0.0,Task R,XGBoost,Permutation fallback (ValueError)
missingindicator_away_pass_completion_for_l10,0.0,0.0,Task R,XGBoost,Permutation fallback (ValueError)
missingindicator_away_passes_for_l10,0.0,0.0,Task R,XGBoost,Permutation fallback (ValueError)
missingindicator_away_xg_against_l10,0.0,0.0,Task R,XGBoost,Permutation fallback (ValueError)
missingindicator_away_xg_for_l10,0.0,0.0,Task R,XGBoost,Permutation fallback (ValueError)
missingindicator_away_shots_on_target_against_l10,0.0,0.0,Task R,XGBoost,Permutation fallback (ValueError)
missingindicator_away_shots_on_target_for_l10,0.0,0.0,Task R,XGBoost,Permutation fallback (ValueError)
missingindicator_away_goals_for_l10,0.0,0.0,Task R,XGBoost,Permutation fallback (ValueError)
missingindicator_away_points_l10,0.0,0.0,Task R,XGBoost,Permutation fallback (ValueError)
missingindicator_away_goal_difference_l10,0.0,0.0,Task R,XGBoost,Permutation fallback (ValueError)
away_missing_history_l10,0.0,0.0,Task R,XGBoost,Permutation fallback (ValueError)
away_red_cards_for_l3,0.0,0.0,Task R,XGBoost,Permutation fallback (ValueError)
away_missing_history_l3,0.0,0.0,Task R,XGBoost,Permutation fallback (ValueError)
away_red_cards_for_l5,0.0,0.0,Task R,XGBoost,Permutation fallback (ValueError)
away_missing_history_l5,0.0,0.0,Task R,XGBoost,Permutation fallback (ValueError)
away_goal_difference_l3,0.0,0.0,Task R,XGBoost,Permutation fallback (ValueError)
away_points_l3,0.0,0.0,Task R,XGBoost,Permutation fallback (ValueError)
away_history_matches_before,0.0,0.0,Task R,XGBoost,Permutation fallback (ValueError)
home_missing_history_l10,0.0,0.0,Task R,XGBoost,Permutation fallback (ValueError)
home_red_cards_for_l5,0.0,0.0,Task R,XGBoost,Permutation fallback (ValueError)
home_missing_history_l5,0.0,0.0,Task R,XGBoost,Permutation fallback (ValueError)
diff_points_l3,0.0,0.0,Task R,XGBoost,Permutation fallback (ValueError)
p1_home_con_home,0.0,0.0,Task R,XGBoost,Permutation fallback (ValueError)
missingindicator_home_rest_days,0.0,0.0,Task R,XGBoost,Permutation fallback (ValueError)
missingindicator_home_points_l3,0.0,0.0,Task R,XGBoost,Permutation fallback (ValueError)
missingindicator_home_goals_for_l3,0.0,0.0,Task R,XGBoost,Permutation fallback (ValueError)
missingindicator_home_goals_against_l3,0.0,0.0,Task R,XGBoost,Permutation fallback (ValueError)
missingindicator_home_goal_difference_l3,0.0,0.0,Task R,XGBoost,Permutation fallback (ValueError)
missingindicator_home_shots_for_l3,0.0,0.0,Task R,XGBoost,Permutation fallback (ValueError)
missingindicator_home_shots_against_l3,0.0,0.0,Task R,XGBoost,Permutation fallback (ValueError)
missingindicator_home_shots_on_target_for_l3,0.0,0.0,Task R,XGBoost,Permutation fallback (ValueError)
missingindicator_home_shots_on_target_against_l3,0.0,0.0,Task R,XGBoost,Permutation fallback (ValueError)
missingindicator_home_xg_for_l3,0.0,0.0,Task R,XGBoost,Permutation fallback (ValueError)
missingindicator_home_xg_against_l3,0.0,0.0,Task R,XGBoost,Permutation fallback (ValueError)
missingindicator_home_passes_for_l3,0.0,0.0,Task R,XGBoost,Permutation fallback (ValueError)
missingindicator_home_pass_completion_for_l3,0.0,0.0,Task R,XGBoost,Permutation fallback (ValueError)
missingindicator_home_pressures_for_l3,0.0,0.0,Task R,XGBoost,Permutation fallback (ValueError)
missingindicator_home_final_third_entries_for_l3,0.0,0.0,Task R,XGBoost,Permutation fallback (ValueError)
missingindicator_home_red_cards_for_l3,0.0,0.0,Task R,XGBoost,Permutation fallback (ValueError)
missingindicator_home_possession_share_l3,0.0,0.0,Task R,XGBoost,Permutation fallback (ValueError)
missingindicator_home_points_l5,0.0,0.0,Task R,XGBoost,Permutation fallback (ValueError)
missingindicator_home_goals_for_l5,0.0,0.0,Task R,XGBoost,Permutation fallback (ValueError)
missingindicator_home_goals_against_l5,0.0,0.0,Task R,XGBoost,Permutation fallback (ValueError)
missingindicator_home_goal_difference_l5,0.0,0.0,Task R,XGBoost,Permutation fallback (ValueError)
missingindicator_home_shots_for_l5,0.0,0.0,Task R,XGBoost,Permutation fallback (ValueError)
missingindicator_home_shots_against_l5,0.0,0.0,Task R,XGBoost,Permutation fallback (ValueError)
missingindicator_home_shots_on_target_for_l5,0.0,0.0,Task R,XGBoost,Permutation fallback (ValueError)
missingindicator_home_shots_on_target_against_l5,0.0,0.0,Task R,XGBoost,Permutation fallback (ValueError)
missingindicator_home_xg_for_l5,0.0,0.0,Task R,XGBoost,Permutation fallback (ValueError)
missingindicator_home_xg_against_l5,0.0,0.0,Task R,XGBoost,Permutation fallback (ValueError)
missingindicator_home_passes_for_l5,0.0,0.0,Task R,XGBoost,Permutation fallback (ValueError)
missingindicator_home_pass_completion_for_l5,0.0,0.0,Task R,XGBoost,Permutation fallback (ValueError)
missingindicator_home_pressures_for_l5,0.0,0.0,Task R,XGBoost,Permutation fallback (ValueError)
missingindicator_home_final_third_entries_for_l5,0.0,0.0,Task R,XGBoost,Permutation fallback (ValueError)
missingindicator_home_red_cards_for_l5,0.0,0.0,Task R,XGBoost,Permutation fallback (ValueError)
missingindicator_home_possession_share_l5,0.0,0.0,Task R,XGBoost,Permutation fallback (ValueError)
missingindicator_home_points_l10,0.0,0.0,Task R,XGBoost,Permutation fallback (ValueError)
missingindicator_home_goals_for_l10,0.0,0.0,Task R,XGBoost,Permutation fallback (ValueError)
missingindicator_home_goals_against_l10,0.0,0.0,Task R,XGBoost,Permutation fallback (ValueError)
missingindicator_home_goal_difference_l10,0.0,0.0,Task R,XGBoost,Permutation fallback (ValueError)
missingindicator_home_shots_for_l10,0.0,0.0,Task R,XGBoost,Permutation fallback (ValueError)
missingindicator_home_shots_against_l10,0.0,0.0,Task R,XGBoost,Permutation fallback (ValueError)
missingindicator_home_shots_on_target_for_l10,0.0,0.0,Task R,XGBoost,Permutation fallback (ValueError)
missingindicator_home_shots_on_target_against_l10,0.0,0.0,Task R,XGBoost,Permutation fallback (ValueError)
missingindicator_home_xg_for_l10,0.0,0.0,Task R,XGBoost,Permutation fallback (ValueError)
missingindicator_home_xg_against_l10,0.0,0.0,Task R,XGBoost,Permutation fallback (ValueError)
missingindicator_home_passes_for_l10,0.0,0.0,Task R,XGBoost,Permutation fallback (ValueError)
missingindicator_home_pass_completion_for_l10,0.0,0.0,Task R,XGBoost,Permutation fallback (ValueError)
missingindicator_home_pressures_for_l10,0.0,0.0,Task R,XGBoost,Permutation fallback (ValueError)
missingindicator_home_final_third_entries_for_l10,0.0,0.0,Task R,XGBoost,Permutation fallback (ValueError)
missingindicator_home_red_cards_for_l10,0.0,0.0,Task R,XGBoost,Permutation fallback (ValueError)
missingindicator_home_possession_share_l10,0.0,0.0,Task R,XGBoost,Permutation fallback (ValueError)
missingindicator_away_rest_days,0.0,0.0,Task R,XGBoost,Permutation fallback (ValueError)
missingindicator_away_points_l3,0.0,0.0,Task R,XGBoost,Permutation fallback (ValueError)
missingindicator_away_goals_for_l3,0.0,0.0,Task R,XGBoost,Permutation fallback (ValueError)
missingindicator_away_goals_against_l3,0.0,0.0,Task R,XGBoost,Permutation fallback (ValueError)
missingindicator_away_goal_difference_l3,0.0,0.0,Task R,XGBoost,Permutation fallback (ValueError)
missingindicator_away_shots_for_l3,0.0,0.0,Task R,XGBoost,Permutation fallback (ValueError)
missingindicator_away_shots_against_l3,0.0,0.0,Task R,XGBoost,Permutation fallback (ValueError)
missingindicator_away_shots_on_target_for_l3,0.0,0.0,Task R,XGBoost,Permutation fallback (ValueError)
missingindicator_away_shots_on_target_against_l3,0.0,0.0,Task R,XGBoost,Permutation fallback (ValueError)
missingindicator_away_xg_for_l3,0.0,0.0,Task R,XGBoost,Permutation fallback (ValueError)
missingindicator_away_xg_against_l3,0.0,0.0,Task R,XGBoost,Permutation fallback (ValueError)
missingindicator_away_passes_for_l3,0.0,0.0,Task R,XGBoost,Permutation fallback (ValueError)
missingindicator_away_pass_completion_for_l3,0.0,0.0,Task R,XGBoost,Permutation fallback (ValueError)
missingindicator_away_pressures_for_l3,0.0,0.0,Task R,XGBoost,Permutation fallback (ValueError)
missingindicator_away_final_third_entries_for_l3,0.0,0.0,Task R,XGBoost,Permutation fallback (ValueError)
missingindicator_away_red_cards_for_l3,0.0,0.0,Task R,XGBoost,Permutation fallback (ValueError)
missingindicator_away_possession_share_l3,0.0,0.0,Task R,XGBoost,Permutation fallback (ValueError)
missingindicator_away_points_l5,0.0,0.0,Task R,XGBoost,Permutation fallback (ValueError)
missingindicator_away_goals_for_l5,0.0,0.0,Task R,XGBoost,Permutation fallback (ValueError)
missingindicator_away_goals_against_l5,0.0,0.0,Task R,XGBoost,Permutation fallback (ValueError)
missingindicator_away_goal_difference_l5,0.0,0.0,Task R,XGBoost,Permutation fallback (ValueError)
missingindicator_away_shots_for_l5,0.0,0.0,Task R,XGBoost,Permutation fallback (ValueError)
missingindicator_away_shots_against_l5,0.0,0.0,Task R,XGBoost,Permutation fallback (ValueError)
missingindicator_away_shots_on_target_for_l5,0.0,0.0,Task R,XGBoost,Permutation fallback (ValueError)
missingindicator_away_shots_on_target_against_l5,0.0,0.0,Task R,XGBoost,Permutation fallback (ValueError)
missingindicator_away_xg_for_l5,0.0,0.0,Task R,XGBoost,Permutation fallback (ValueError)
missingindicator_away_xg_against_l5,0.0,0.0,Task R,XGBoost,Permutation fallback (ValueError)
missingindicator_away_passes_for_l5,0.0,0.0,Task R,XGBoost,Permutation fallback (ValueError)
missingindicator_away_pass_completion_for_l5,0.0,0.0,Task R,XGBoost,Permutation fallback (ValueError)
missingindicator_diff_pressures_for_l5,0.0,0.0,Task R,XGBoost,Permutation fallback (ValueError)
missingindicator_diff_possession_share_l5,0.0,0.0,Task R,XGBoost,Permutation fallback (ValueError)
missingindicator_diff_points_l10,0.0,0.0,Task R,XGBoost,Permutation fallback (ValueError)
missingindicator_diff_goal_difference_l10,0.0,0.0,Task R,XGBoost,Permutation fallback (ValueError)
missingindicator_diff_shots_for_l10,0.0,0.0,Task R,XGBoost,Permutation fallback (ValueError)
missingindicator_diff_xg_for_l10,0.0,0.0,Task R,XGBoost,Permutation fallback (ValueError)
missingindicator_diff_pass_completion_for_l10,0.0,0.0,Task R,XGBoost,Permutation fallback (ValueError)
missingindicator_diff_pressures_for_l10,0.0,0.0,Task R,XGBoost,Permutation fallback (ValueError)
missingindicator_diff_possession_share_l10,0.0,0.0,Task R,XGBoost,Permutation fallback (ValueError)
missingindicator_rest_days_difference,0.0,0.0,Task R,XGBoost,Permutation fallback (ValueError)
p1_away_rank_total,0.1883338369791782,22.0,Task R,LightGBM,TreeExplainer
home_pass_completion_for_l3,0.15673608824941693,54.0,Task R,LightGBM,TreeExplainer
p1_away_scr_home,0.14931973068013663,28.0,Task R,LightGBM,TreeExplainer
home_shots_on_target_for_l3,0.14885830217239573,22.0,Task R,LightGBM,TreeExplainer
diff_xg_for_l3,0.13151271975403814,19.0,Task R,LightGBM,TreeExplainer
away_goals_against_l5,0.09497180182133785,20.0,Task R,LightGBM,TreeExplainer
home_goals_against_l10,0.09342764259913731,19.0,Task R,LightGBM,TreeExplainer
away_pressures_for_l5,0.08848117053771078,12.0,Task R,LightGBM,TreeExplainer
home_xg_for_l3,0.08458871626786338,9.0,Task R,LightGBM,TreeExplainer
home_goals_for_l5,0.08033243196247065,19.0,Task R,LightGBM,TreeExplainer
away_shots_on_target_for_l5,0.06635432324895112,16.0,Task R,LightGBM,TreeExplainer
diff_shots_for_l10,0.062229157943060276,15.0,Task R,LightGBM,TreeExplainer
away_shots_on_target_against_l3,0.061306174133357635,15.0,Task R,LightGBM,TreeExplainer
diff_pressures_for_l10,0.060092798055462984,17.0,Task R,LightGBM,TreeExplainer
away_pressures_for_l3,0.056515622002887726,31.0,Task R,LightGBM,TreeExplainer
home_xg_for_l5,0.0542415275761333,7.0,Task R,LightGBM,TreeExplainer
diff_pressures_for_l5,0.05351047170487548,9.0,Task R,LightGBM,TreeExplainer
p1_away_con_away,0.053379637313657205,11.0,Task R,LightGBM,TreeExplainer
rest_days_difference,0.05173773059202448,13.0,Task R,LightGBM,TreeExplainer
home_shots_for_l3,0.051277740214359824,14.0,Task R,LightGBM,TreeExplainer
p1_home_rank_home,0.0466084064625178,9.0,Task R,LightGBM,TreeExplainer
diff_goal_difference_l10,0.044417007924858594,10.0,Task R,LightGBM,TreeExplainer
away_final_third_entries_for_l10,0.04191865859199351,14.0,Task R,LightGBM,TreeExplainer
diff_possession_share_l3,0.03618830183531036,6.0,Task R,LightGBM,TreeExplainer
home_final_third_entries_for_l5,0.035771506332126876,6.0,Task R,LightGBM,TreeExplainer
away_shots_against_l10,0.034165373743671935,9.0,Task R,LightGBM,TreeExplainer
away_shots_for_l5,0.033724652417092126,7.0,Task R,LightGBM,TreeExplainer
away_possession_share_l3,0.030337192426701486,8.0,Task R,LightGBM,TreeExplainer
away_goals_for_l3,0.030107844620172845,8.0,Task R,LightGBM,TreeExplainer
home_xg_against_l3,0.029775623752364085,12.0,Task R,LightGBM,TreeExplainer
away_xg_against_l3,0.026597453691047712,9.0,Task R,LightGBM,TreeExplainer
home_pass_completion_for_l5,0.02649945619785435,6.0,Task R,LightGBM,TreeExplainer
home_points_l5,0.026078756377523472,10.0,Task R,LightGBM,TreeExplainer
p1_home_con_total,0.02558302565606307,4.0,Task R,LightGBM,TreeExplainer
away_shots_on_target_for_l3,0.024639959012233915,5.0,Task R,LightGBM,TreeExplainer
away_red_cards_for_l10,0.02434118096637478,7.0,Task R,LightGBM,TreeExplainer
home_shots_for_l10,0.021565154161381696,5.0,Task R,LightGBM,TreeExplainer
away_shots_against_l5,0.02012047423217058,13.0,Task R,LightGBM,TreeExplainer
p1_away_rank_home,0.020022334547674665,6.0,Task R,LightGBM,TreeExplainer
home_pass_completion_for_l10,0.019775203557681486,3.0,Task R,LightGBM,TreeExplainer
home_possession_share_l5,0.019487155590819046,4.0,Task R,LightGBM,TreeExplainer
home_rest_days,0.01920420492493983,6.0,Task R,LightGBM,TreeExplainer
home_goals_for_l10,0.018781209773747583,7.0,Task R,LightGBM,TreeExplainer
diff_possession_share_l5,0.01748823738852357,6.0,Task R,LightGBM,TreeExplainer
away_shots_on_target_against_l5,0.016998339781541173,4.0,Task R,LightGBM,TreeExplainer
p1_away_con_total,0.016508088473561576,1.0,Task R,LightGBM,TreeExplainer
diff_shots_for_l5,0.015988841343456305,7.0,Task R,LightGBM,TreeExplainer
away_goal_difference_l10,0.015860085012936984,8.0,Task R,LightGBM,TreeExplainer
p1_home_scr_total,0.01584431726665065,3.0,Task R,LightGBM,TreeExplainer
home_xg_against_l5,0.015690468633741093,2.0,Task R,LightGBM,TreeExplainer
away_goals_against_l3,0.014704789122168705,3.0,Task R,LightGBM,TreeExplainer
away_points_l10,0.012554608795101735,3.0,Task R,LightGBM,TreeExplainer
away_shots_on_target_against_l10,0.012478606694418451,2.0,Task R,LightGBM,TreeExplainer
diff_possession_share_l10,0.012005843137635629,3.0,Task R,LightGBM,TreeExplainer
away_pass_completion_for_l10,0.011342124325101798,5.0,Task R,LightGBM,TreeExplainer
home_shots_against_l10,0.010962319890449147,4.0,Task R,LightGBM,TreeExplainer
away_final_third_entries_for_l5,0.010784530135431448,3.0,Task R,LightGBM,TreeExplainer
home_final_third_entries_for_l10,0.009990812464140082,5.0,Task R,LightGBM,TreeExplainer
away_shots_for_l10,0.009660245880391273,5.0,Task R,LightGBM,TreeExplainer
away_xg_against_l10,0.008654682659359193,5.0,Task R,LightGBM,TreeExplainer
away_possession_share_l5,0.008558343976229036,2.0,Task R,LightGBM,TreeExplainer
away_goals_against_l10,0.007977195048884316,4.0,Task R,LightGBM,TreeExplainer
p1_away_scr_away,0.007826467516914801,3.0,Task R,LightGBM,TreeExplainer
home_xg_against_l10,0.0076010237542106,2.0,Task R,LightGBM,TreeExplainer
home_pressures_for_l5,0.007430158434030803,3.0,Task R,LightGBM,TreeExplainer
away_possession_share_l10,0.007218891993738954,2.0,Task R,LightGBM,TreeExplainer
home_pressures_for_l3,0.006921695646546457,1.0,Task R,LightGBM,TreeExplainer
p1_home_scr_home,0.006047853351428067,1.0,Task R,LightGBM,TreeExplainer
home_passes_for_l5,0.005764234071643233,1.0,Task R,LightGBM,TreeExplainer
away_pass_completion_for_l3,0.005664956014751258,1.0,Task R,LightGBM,TreeExplainer
away_xg_for_l10,0.005296237184886162,2.0,Task R,LightGBM,TreeExplainer
away_goals_for_l5,0.005050199192601812,1.0,Task R,LightGBM,TreeExplainer
home_shots_on_target_against_l5,0.004279436159787417,2.0,Task R,LightGBM,TreeExplainer
diff_pass_completion_for_l10,0.004217595927107425,2.0,Task R,LightGBM,TreeExplainer
p1_away_scr_total,0.004092413015727001,1.0,Task R,LightGBM,TreeExplainer
home_xg_for_l10,0.0036631411994281033,1.0,Task R,LightGBM,TreeExplainer
p1_away_con_home,0.002745811595090281,1.0,Task R,LightGBM,TreeExplainer
away_final_third_entries_for_l3,0.0020588768227113893,1.0,Task R,LightGBM,TreeExplainer
home_shots_for_l5,0.0020249286747497076,1.0,Task R,LightGBM,TreeExplainer
home_possession_share_l3,0.001769526173239168,1.0,Task R,LightGBM,TreeExplainer
home_pressures_for_l10,0.001228055784686527,3.0,Task R,LightGBM,TreeExplainer
diff_pass_completion_for_l5,0.0011146184865082475,1.0,Task R,LightGBM,TreeExplainer
home_shots_on_target_for_l5,0.0,0.0,Task R,LightGBM,TreeExplainer
home_shots_against_l5,0.0,0.0,Task R,LightGBM,TreeExplainer
home_goals_against_l5,0.0,0.0,Task R,LightGBM,TreeExplainer
home_goal_difference_l5,0.0,0.0,Task R,LightGBM,TreeExplainer
home_missing_history_l3,0.0,0.0,Task R,LightGBM,TreeExplainer
missingindicator_away_possession_share_l5,0.0,0.0,Task R,LightGBM,TreeExplainer
missingindicator_away_pressures_for_l5,0.0,0.0,Task R,LightGBM,TreeExplainer
missingindicator_away_final_third_entries_for_l5,0.0,0.0,Task R,LightGBM,TreeExplainer
missingindicator_away_passes_for_l10,0.0,0.0,Task R,LightGBM,TreeExplainer
missingindicator_away_pass_completion_for_l10,0.0,0.0,Task R,LightGBM,TreeExplainer
missingindicator_away_pressures_for_l10,0.0,0.0,Task R,LightGBM,TreeExplainer
missingindicator_away_final_third_entries_for_l10,0.0,0.0,Task R,LightGBM,TreeExplainer
missingindicator_away_red_cards_for_l10,0.0,0.0,Task R,LightGBM,TreeExplainer
home_passes_for_l3,0.0,0.0,Task R,LightGBM,TreeExplainer
home_final_third_entries_for_l3,0.0,0.0,Task R,LightGBM,TreeExplainer
home_red_cards_for_l3,0.0,0.0,Task R,LightGBM,TreeExplainer
home_goal_difference_l3,0.0,0.0,Task R,LightGBM,TreeExplainer
home_shots_against_l3,0.0,0.0,Task R,LightGBM,TreeExplainer
home_goals_against_l3,0.0,0.0,Task R,LightGBM,TreeExplainer
home_shots_on_target_against_l3,0.0,0.0,Task R,LightGBM,TreeExplainer
missingindicator_away_red_cards_for_l5,0.0,0.0,Task R,LightGBM,TreeExplainer
missingindicator_away_shots_on_target_against_l10,0.0,0.0,Task R,LightGBM,TreeExplainer
missingindicator_away_xg_for_l10,0.0,0.0,Task R,LightGBM,TreeExplainer
missingindicator_away_xg_against_l10,0.0,0.0,Task R,LightGBM,TreeExplainer
missingindicator_diff_shots_for_l5,0.0,0.0,Task R,LightGBM,TreeExplainer
missingindicator_diff_goal_difference_l5,0.0,0.0,Task R,LightGBM,TreeExplainer
missingindicator_diff_points_l5,0.0,0.0,Task R,LightGBM,TreeExplainer
missingindicator_diff_possession_share_l3,0.0,0.0,Task R,LightGBM,TreeExplainer
missingindicator_diff_pressures_for_l3,0.0,0.0,Task R,LightGBM,TreeExplainer
missingindicator_diff_pass_completion_for_l3,0.0,0.0,Task R,LightGBM,TreeExplainer
missingindicator_diff_xg_for_l3,0.0,0.0,Task R,LightGBM,TreeExplainer
missingindicator_diff_shots_for_l3,0.0,0.0,Task R,LightGBM,TreeExplainer
missingindicator_diff_goal_difference_l3,0.0,0.0,Task R,LightGBM,TreeExplainer
missingindicator_diff_points_l3,0.0,0.0,Task R,LightGBM,TreeExplainer
away_points_l5,0.0,0.0,Task R,LightGBM,TreeExplainer
away_missing_history_l3,0.0,0.0,Task R,LightGBM,TreeExplainer
away_passes_for_l3,0.0,0.0,Task R,LightGBM,TreeExplainer
away_red_cards_for_l3,0.0,0.0,Task R,LightGBM,TreeExplainer
missingindicator_diff_pass_completion_for_l5,0.0,0.0,Task R,LightGBM,TreeExplainer
missingindicator_diff_xg_for_l5,0.0,0.0,Task R,LightGBM,TreeExplainer
away_red_cards_for_l5,0.0,0.0,Task R,LightGBM,TreeExplainer
away_pass_completion_for_l5,0.0,0.0,Task R,LightGBM,TreeExplainer
away_passes_for_l5,0.0,0.0,Task R,LightGBM,TreeExplainer
away_xg_against_l5,0.0,0.0,Task R,LightGBM,TreeExplainer
away_goal_difference_l5,0.0,0.0,Task R,LightGBM,TreeExplainer
missingindicator_away_possession_share_l10,0.0,0.0,Task R,LightGBM,TreeExplainer
missingindicator_away_points_l10,0.0,0.0,Task R,LightGBM,TreeExplainer
missingindicator_away_goals_for_l10,0.0,0.0,Task R,LightGBM,TreeExplainer
missingindicator_away_goals_against_l10,0.0,0.0,Task R,LightGBM,TreeExplainer
missingindicator_away_goal_difference_l10,0.0,0.0,Task R,LightGBM,TreeExplainer
missingindicator_away_shots_for_l10,0.0,0.0,Task R,LightGBM,TreeExplainer
missingindicator_away_shots_against_l10,0.0,0.0,Task R,LightGBM,TreeExplainer
missingindicator_away_shots_on_target_for_l10,0.0,0.0,Task R,LightGBM,TreeExplainer
home_goals_for_l3,0.0,0.0,Task R,LightGBM,TreeExplainer
home_history_matches_before,0.0,2.0,Task R,LightGBM,TreeExplainer
home_points_l3,0.0,0.0,Task R,LightGBM,TreeExplainer
diff_pass_completion_for_l3,0.0,0.0,Task R,LightGBM,TreeExplainer
diff_shots_for_l3,0.0,0.0,Task R,LightGBM,TreeExplainer
diff_goal_difference_l3,0.0,0.0,Task R,LightGBM,TreeExplainer
diff_points_l3,0.0,0.0,Task R,LightGBM,TreeExplainer
away_missing_history_l10,0.0,0.0,Task R,LightGBM,TreeExplainer
away_pressures_for_l10,0.0,0.0,Task R,LightGBM,TreeExplainer
away_passes_for_l10,0.0,0.0,Task R,LightGBM,TreeExplainer
away_shots_on_target_for_l10,0.0,0.0,Task R,LightGBM,TreeExplainer
away_missing_history_l5,0.0,0.0,Task R,LightGBM,TreeExplainer
away_goals_for_l10,0.0,0.0,Task R,LightGBM,TreeExplainer
away_xg_for_l5,0.0,0.0,Task R,LightGBM,TreeExplainer
diff_xg_for_l10,0.0,0.0,Task R,LightGBM,TreeExplainer
diff_xg_for_l5,0.0,0.0,Task R,LightGBM,TreeExplainer
diff_points_l10,0.0,0.0,Task R,LightGBM,TreeExplainer
home_red_cards_for_l5,0.0,0.0,Task R,LightGBM,TreeExplainer
home_missing_history_l5,0.0,0.0,Task R,LightGBM,TreeExplainer
home_shots_on_target_against_l10,0.0,0.0,Task R,LightGBM,TreeExplainer
home_shots_on_target_for_l10,0.0,0.0,Task R,LightGBM,TreeExplainer
home_points_l10,0.0,0.0,Task R,LightGBM,TreeExplainer
home_goal_difference_l10,0.0,0.0,Task R,LightGBM,TreeExplainer
home_red_cards_for_l10,0.0,0.0,Task R,LightGBM,TreeExplainer
home_possession_share_l10,0.0,0.0,Task R,LightGBM,TreeExplainer
home_missing_history_l10,0.0,0.0,Task R,LightGBM,TreeExplainer
home_passes_for_l10,0.0,0.0,Task R,LightGBM,TreeExplainer
away_rest_days,0.0,0.0,Task R,LightGBM,TreeExplainer
away_history_matches_before,0.0,0.0,Task R,LightGBM,TreeExplainer
away_goal_difference_l3,0.0,0.0,Task R,LightGBM,TreeExplainer
away_points_l3,0.0,0.0,Task R,LightGBM,TreeExplainer
away_shots_for_l3,0.0,0.0,Task R,LightGBM,TreeExplainer
diff_goal_difference_l5,0.0,0.0,Task R,LightGBM,TreeExplainer
diff_pressures_for_l3,0.0,0.0,Task R,LightGBM,TreeExplainer
diff_points_l5,0.0,0.0,Task R,LightGBM,TreeExplainer
p1_home_rank_total,0.0,0.0,Task R,LightGBM,TreeExplainer
away_xg_for_l3,0.0,0.0,Task R,LightGBM,TreeExplainer
away_shots_against_l3,0.0,0.0,Task R,LightGBM,TreeExplainer
p1_home_con_home,0.0,0.0,Task R,LightGBM,TreeExplainer
p1_home_scr_away,0.0,0.0,Task R,LightGBM,TreeExplainer
p1_home_con_away,0.0,0.0,Task R,LightGBM,TreeExplainer
p1_home_rank_away,0.0,0.0,Task R,LightGBM,TreeExplainer
p1_away_rank_away,0.0,0.0,Task R,LightGBM,TreeExplainer
missingindicator_home_rest_days,0.0,0.0,Task R,LightGBM,TreeExplainer
missingindicator_home_points_l3,0.0,0.0,Task R,LightGBM,TreeExplainer
missingindicator_home_goals_for_l3,0.0,0.0,Task R,LightGBM,TreeExplainer
missingindicator_home_goals_against_l3,0.0,0.0,Task R,LightGBM,TreeExplainer
missingindicator_home_goal_difference_l3,0.0,0.0,Task R,LightGBM,TreeExplainer
missingindicator_home_shots_for_l3,0.0,0.0,Task R,LightGBM,TreeExplainer
missingindicator_home_shots_against_l3,0.0,0.0,Task R,LightGBM,TreeExplainer
missingindicator_home_shots_on_target_for_l3,0.0,0.0,Task R,LightGBM,TreeExplainer
missingindicator_home_shots_on_target_against_l3,0.0,0.0,Task R,LightGBM,TreeExplainer
missingindicator_home_xg_for_l3,0.0,0.0,Task R,LightGBM,TreeExplainer
missingindicator_home_xg_against_l3,0.0,0.0,Task R,LightGBM,TreeExplainer
missingindicator_home_passes_for_l3,0.0,0.0,Task R,LightGBM,TreeExplainer
missingindicator_home_pass_completion_for_l3,0.0,0.0,Task R,LightGBM,TreeExplainer
missingindicator_home_pressures_for_l3,0.0,0.0,Task R,LightGBM,TreeExplainer
missingindicator_home_final_third_entries_for_l3,0.0,0.0,Task R,LightGBM,TreeExplainer
missingindicator_home_red_cards_for_l3,0.0,0.0,Task R,LightGBM,TreeExplainer
missingindicator_home_possession_share_l3,0.0,0.0,Task R,LightGBM,TreeExplainer
missingindicator_home_points_l5,0.0,0.0,Task R,LightGBM,TreeExplainer
missingindicator_home_goals_for_l5,0.0,0.0,Task R,LightGBM,TreeExplainer
missingindicator_home_goals_against_l5,0.0,0.0,Task R,LightGBM,TreeExplainer
missingindicator_home_goal_difference_l5,0.0,0.0,Task R,LightGBM,TreeExplainer
missingindicator_home_shots_for_l5,0.0,0.0,Task R,LightGBM,TreeExplainer
missingindicator_home_shots_against_l5,0.0,0.0,Task R,LightGBM,TreeExplainer
missingindicator_home_shots_on_target_for_l5,0.0,0.0,Task R,LightGBM,TreeExplainer
missingindicator_home_shots_on_target_against_l5,0.0,0.0,Task R,LightGBM,TreeExplainer
missingindicator_home_xg_for_l5,0.0,0.0,Task R,LightGBM,TreeExplainer
missingindicator_home_xg_against_l5,0.0,0.0,Task R,LightGBM,TreeExplainer
missingindicator_home_passes_for_l5,0.0,0.0,Task R,LightGBM,TreeExplainer
missingindicator_home_pass_completion_for_l5,0.0,0.0,Task R,LightGBM,TreeExplainer
missingindicator_home_pressures_for_l5,0.0,0.0,Task R,LightGBM,TreeExplainer
missingindicator_home_final_third_entries_for_l5,0.0,0.0,Task R,LightGBM,TreeExplainer
missingindicator_home_red_cards_for_l5,0.0,0.0,Task R,LightGBM,TreeExplainer
missingindicator_home_possession_share_l5,0.0,0.0,Task R,LightGBM,TreeExplainer
missingindicator_home_points_l10,0.0,0.0,Task R,LightGBM,TreeExplainer
missingindicator_home_goals_for_l10,0.0,0.0,Task R,LightGBM,TreeExplainer
missingindicator_home_goals_against_l10,0.0,0.0,Task R,LightGBM,TreeExplainer
missingindicator_home_goal_difference_l10,0.0,0.0,Task R,LightGBM,TreeExplainer
missingindicator_home_shots_for_l10,0.0,0.0,Task R,LightGBM,TreeExplainer
missingindicator_home_shots_against_l10,0.0,0.0,Task R,LightGBM,TreeExplainer
missingindicator_home_shots_on_target_for_l10,0.0,0.0,Task R,LightGBM,TreeExplainer
missingindicator_home_shots_on_target_against_l10,0.0,0.0,Task R,LightGBM,TreeExplainer
missingindicator_home_xg_for_l10,0.0,0.0,Task R,LightGBM,TreeExplainer
missingindicator_home_xg_against_l10,0.0,0.0,Task R,LightGBM,TreeExplainer
missingindicator_home_passes_for_l10,0.0,0.0,Task R,LightGBM,TreeExplainer
missingindicator_home_pass_completion_for_l10,0.0,0.0,Task R,LightGBM,TreeExplainer
missingindicator_home_pressures_for_l10,0.0,0.0,Task R,LightGBM,TreeExplainer
missingindicator_home_final_third_entries_for_l10,0.0,0.0,Task R,LightGBM,TreeExplainer
missingindicator_home_red_cards_for_l10,0.0,0.0,Task R,LightGBM,TreeExplainer
missingindicator_home_possession_share_l10,0.0,0.0,Task R,LightGBM,TreeExplainer
missingindicator_away_rest_days,0.0,0.0,Task R,LightGBM,TreeExplainer
missingindicator_away_points_l3,0.0,0.0,Task R,LightGBM,TreeExplainer
missingindicator_away_goals_for_l3,0.0,0.0,Task R,LightGBM,TreeExplainer
missingindicator_away_goals_against_l3,0.0,0.0,Task R,LightGBM,TreeExplainer
missingindicator_away_goal_difference_l3,0.0,0.0,Task R,LightGBM,TreeExplainer
missingindicator_away_shots_for_l3,0.0,0.0,Task R,LightGBM,TreeExplainer
missingindicator_away_shots_against_l3,0.0,0.0,Task R,LightGBM,TreeExplainer
missingindicator_away_shots_on_target_for_l3,0.0,0.0,Task R,LightGBM,TreeExplainer
missingindicator_away_shots_on_target_against_l3,0.0,0.0,Task R,LightGBM,TreeExplainer
missingindicator_away_xg_for_l3,0.0,0.0,Task R,LightGBM,TreeExplainer
missingindicator_away_xg_against_l3,0.0,0.0,Task R,LightGBM,TreeExplainer
missingindicator_away_passes_for_l3,0.0,0.0,Task R,LightGBM,TreeExplainer
missingindicator_away_pass_completion_for_l3,0.0,0.0,Task R,LightGBM,TreeExplainer
missingindicator_away_pressures_for_l3,0.0,0.0,Task R,LightGBM,TreeExplainer
missingindicator_away_final_third_entries_for_l3,0.0,0.0,Task R,LightGBM,TreeExplainer
missingindicator_away_red_cards_for_l3,0.0,0.0,Task R,LightGBM,TreeExplainer
missingindicator_away_possession_share_l3,0.0,0.0,Task R,LightGBM,TreeExplainer
missingindicator_away_points_l5,0.0,0.0,Task R,LightGBM,TreeExplainer
missingindicator_away_goals_for_l5,0.0,0.0,Task R,LightGBM,TreeExplainer
missingindicator_away_goals_against_l5,0.0,0.0,Task R,LightGBM,TreeExplainer
missingindicator_away_goal_difference_l5,0.0,0.0,Task R,LightGBM,TreeExplainer
missingindicator_away_shots_for_l5,0.0,0.0,Task R,LightGBM,TreeExplainer
missingindicator_away_shots_against_l5,0.0,0.0,Task R,LightGBM,TreeExplainer
missingindicator_away_shots_on_target_for_l5,0.0,0.0,Task R,LightGBM,TreeExplainer
missingindicator_away_shots_on_target_against_l5,0.0,0.0,Task R,LightGBM,TreeExplainer
missingindicator_away_xg_for_l5,0.0,0.0,Task R,LightGBM,TreeExplainer
missingindicator_away_xg_against_l5,0.0,0.0,Task R,LightGBM,TreeExplainer
missingindicator_away_passes_for_l5,0.0,0.0,Task R,LightGBM,TreeExplainer
missingindicator_away_pass_completion_for_l5,0.0,0.0,Task R,LightGBM,TreeExplainer
missingindicator_diff_pressures_for_l5,0.0,0.0,Task R,LightGBM,TreeExplainer
missingindicator_diff_possession_share_l5,0.0,0.0,Task R,LightGBM,TreeExplainer
missingindicator_diff_points_l10,0.0,0.0,Task R,LightGBM,TreeExplainer
missingindicator_diff_goal_difference_l10,0.0,0.0,Task R,LightGBM,TreeExplainer
missingindicator_diff_shots_for_l10,0.0,0.0,Task R,LightGBM,TreeExplainer
missingindicator_diff_xg_for_l10,0.0,0.0,Task R,LightGBM,TreeExplainer
missingindicator_diff_pass_completion_for_l10,0.0,0.0,Task R,LightGBM,TreeExplainer
missingindicator_diff_pressures_for_l10,0.0,0.0,Task R,LightGBM,TreeExplainer
missingindicator_diff_possession_share_l10,0.0,0.0,Task R,LightGBM,TreeExplainer
missingindicator_rest_days_difference,0.0,0.0,Task R,LightGBM,TreeExplainer
current_goal_difference,0.04427483260562746,0.07265582931815417,Task L outcome,Random Forest,TreeExplainer
current_away_score,0.020875974387939797,0.023155318865263865,Task L outcome,Random Forest,TreeExplainer
diff_xg_for_l3,0.016480010815319426,0.016752680674060334,Task L outcome,Random Forest,TreeExplainer
current_home_score,0.01474835925957235,0.017273444776719712,Task L outcome,Random Forest,TreeExplainer
live_diff_xg,0.013086799503332877,0.021185508212853272,Task L outcome,Random Forest,TreeExplainer
p1_away_scr_home,0.00931205904896175,0.00922480987347194,Task L outcome,Random Forest,TreeExplainer
away_pass_completion_for_l3,0.007990566724628433,0.010333076073920448,Task L outcome,Random Forest,TreeExplainer
p1_away_con_total,0.007125753209046552,0.011434633763560131,Task L outcome,Random Forest,TreeExplainer
away_shots_on_target_for_l10,0.006413470083963451,0.008777209750495084,Task L outcome,Random Forest,TreeExplainer
p1_away_rank_total,0.006175670682621771,0.011023088254662338,Task L outcome,Random Forest,TreeExplainer
home_final_third_entries_for_l5,0.005774880812603063,0.008026482010972407,Task L outcome,Random Forest,TreeExplainer
diff_xg_for_l5,0.005709909034037575,0.009068480702315574,Task L outcome,Random Forest,TreeExplainer
away_shots_on_target_for_l5,0.00556925310425397,0.007779346947303217,Task L outcome,Random Forest,TreeExplainer
home_xg_for_l3,0.004943657376970746,0.008700857434804097,Task L outcome,Random Forest,TreeExplainer
p1_away_con_away,0.004834459308051629,0.011378350664360245,Task L outcome,Random Forest,TreeExplainer
away_final_third_entries_for_l10,0.004679577585788703,0.009325490479196286,Task L outcome,Random Forest,TreeExplainer
home_pressures_for_l5,0.0045958886167629335,0.007640890496842124,Task L outcome,Random Forest,TreeExplainer
home_shots_on_target_against_l3,0.004472519203446568,0.01197654888110629,Task L outcome,Random Forest,TreeExplainer
p1_away_scr_total,0.004214047229327417,0.006247735566499049,Task L outcome,Random Forest,TreeExplainer
home_xg_for_l5,0.004213205547647437,0.008438910207150428,Task L outcome,Random Forest,TreeExplainer
diff_xg_for_l10,0.004162175058742287,0.009694524013992593,Task L outcome,Random Forest,TreeExplainer
home_goals_for_l5,0.004070164340345928,0.005460202768773376,Task L outcome,Random Forest,TreeExplainer
live_diff_shots_on_target,0.00401186059501324,0.008621759988747268,Task L outcome,Random Forest,TreeExplainer
home_shots_on_target_for_l3,0.0039462632845870095,0.008965852633411318,Task L outcome,Random Forest,TreeExplainer
diff_pressures_for_l3,0.003920885537789619,0.007805663584126294,Task L outcome,Random Forest,TreeExplainer
away_pass_completion_for_l10,0.003563791434394298,0.00859295137472937,Task L outcome,Random Forest,TreeExplainer
diff_pressures_for_l10,0.003483274440261083,0.0059836016769053355,Task L outcome,Random Forest,TreeExplainer
p1_away_rank_home,0.0031891084264579215,0.005436939572197644,Task L outcome,Random Forest,TreeExplainer
p1_home_con_total,0.003078762329658958,0.006346597455746554,Task L outcome,Random Forest,TreeExplainer
diff_shots_for_l10,0.00305175649045897,0.007581857292012409,Task L outcome,Random Forest,TreeExplainer
home_rest_days,0.0030171190186475856,0.006739430278686097,Task L outcome,Random Forest,TreeExplainer
home_shots_for_l5,0.0030144246480953533,0.005667420070402461,Task L outcome,Random Forest,TreeExplainer
home_pass_completion_for_l5,0.002975342242249371,0.007401795453530254,Task L outcome,Random Forest,TreeExplainer
home_live_shots_on_target,0.002942678403857526,0.002552362807886669,Task L outcome,Random Forest,TreeExplainer
home_pressures_for_l10,0.0029064181182466443,0.008525378468167106,Task L outcome,Random Forest,TreeExplainer
p1_away_rank_away,0.002867600226976796,0.007260401312243081,Task L outcome,Random Forest,TreeExplainer
away_goal_difference_l10,0.0028350887042770715,0.007221669613687774,Task L outcome,Random Forest,TreeExplainer
p1_home_rank_away,0.002806988643493663,0.00528202824072118,Task L outcome,Random Forest,TreeExplainer
away_live_xg,0.0027858053877847845,0.003395435246484746,Task L outcome,Random Forest,TreeExplainer
diff_shots_for_l5,0.002764889840264975,0.008905246443712852,Task L outcome,Random Forest,TreeExplainer
away_pressures_for_l5,0.002627973286380713,0.005286005609956291,Task L outcome,Random Forest,TreeExplainer
home_shots_on_target_for_l5,0.0025726017099063267,0.008216060970701456,Task L outcome,Random Forest,TreeExplainer
away_goal_difference_l5,0.00253285222871217,0.005831269039353942,Task L outcome,Random Forest,TreeExplainer
home_shots_for_l3,0.0025124609275232667,0.006058198140191356,Task L outcome,Random Forest,TreeExplainer
home_shots_for_l10,0.0024681089483863613,0.007420698147070328,Task L outcome,Random Forest,TreeExplainer
away_pass_completion_for_l5,0.002407283300470083,0.006646727124781112,Task L outcome,Random Forest,TreeExplainer
home_pass_completion_for_l10,0.0023152975510283085,0.005706979903507167,Task L outcome,Random Forest,TreeExplainer
home_pressures_for_l3,0.002279334268313735,0.006022067139671129,Task L outcome,Random Forest,TreeExplainer
diff_possession_share_l5,0.0022300803730913627,0.009510934074298701,Task L outcome,Random Forest,TreeExplainer
p1_home_con_away,0.002174922981932288,0.006624666648479905,Task L outcome,Random Forest,TreeExplainer
home_pass_completion_for_l3,0.0020449674936409263,0.008685440168295106,Task L outcome,Random Forest,TreeExplainer
away_pressures_for_l3,0.00202931069542561,0.00591977827860543,Task L outcome,Random Forest,TreeExplainer
diff_shots_for_l3,0.001962784139410049,0.007289737493905258,Task L outcome,Random Forest,TreeExplainer
home_xg_for_l10,0.001959049947127774,0.006852818275925504,Task L outcome,Random Forest,TreeExplainer
home_passes_for_l3,0.0019491711022409305,0.008029737480037295,Task L outcome,Random Forest,TreeExplainer
p1_home_scr_total,0.001948059093081425,0.005474947272319446,Task L outcome,Random Forest,TreeExplainer
away_goals_for_l3,0.0018964811392618492,0.004341909834179751,Task L outcome,Random Forest,TreeExplainer
away_xg_for_l3,0.0018377086321590093,0.005742442721027275,Task L outcome,Random Forest,TreeExplainer
home_shots_on_target_against_l5,0.0017698843966126028,0.006493207810461111,Task L outcome,Random Forest,TreeExplainer
away_points_l10,0.0017613502503198723,0.004047501376482811,Task L outcome,Random Forest,TreeExplainer
p1_home_rank_home,0.00171171215400401,0.004019430855092317,Task L outcome,Random Forest,TreeExplainer
diff_points_l10,0.0016874262574387633,0.007474200976634279,Task L outcome,Random Forest,TreeExplainer
diff_pass_completion_for_l5,0.0016806990658923878,0.0060756081784308445,Task L outcome,Random Forest,TreeExplainer
home_final_third_entries_for_l3,0.0016786169290687204,0.005241879184093342,Task L outcome,Random Forest,TreeExplainer
away_goals_against_l10,0.0016633432968076861,0.005600433072979928,Task L outcome,Random Forest,TreeExplainer
diff_pass_completion_for_l3,0.0015894047471492056,0.005943952408216095,Task L outcome,Random Forest,TreeExplainer
rest_days_difference,0.001587099967603697,0.004182418921152738,Task L outcome,Random Forest,TreeExplainer
away_pressures_for_l10,0.0015406757322076374,0.004795590521989781,Task L outcome,Random Forest,TreeExplainer
diff_goal_difference_l5,0.0015393938495594096,0.0062578162575594055,Task L outcome,Random Forest,TreeExplainer
away_xg_against_l3,0.0015323084910112352,0.006766924527116408,Task L outcome,Random Forest,TreeExplainer
away_shots_on_target_against_l3,0.0015312329637583576,0.005477348061968672,Task L outcome,Random Forest,TreeExplainer
home_live_xg,0.0015143050734767185,0.0023016446272439454,Task L outcome,Random Forest,TreeExplainer
away_shots_on_target_for_l3,0.001506559356093733,0.0050981788418495546,Task L outcome,Random Forest,TreeExplainer
p1_home_scr_home,0.0014935351866729768,0.00552641732111328,Task L outcome,Random Forest,TreeExplainer
away_final_third_entries_for_l5,0.0014677168979793504,0.005411883356104471,Task L outcome,Random Forest,TreeExplainer
away_goals_for_l5,0.001466577978217079,0.003909669925054593,Task L outcome,Random Forest,TreeExplainer
away_goals_against_l5,0.0014594984663059262,0.005032833858760882,Task L outcome,Random Forest,TreeExplainer
away_shots_against_l3,0.0014394412942575895,0.004334218856124104,Task L outcome,Random Forest,TreeExplainer
away_passes_for_l3,0.001435370175118445,0.007337104890595711,Task L outcome,Random Forest,TreeExplainer
away_goal_difference_l3,0.001424266069906298,0.0033582339298702164,Task L outcome,Random Forest,TreeExplainer
away_shots_for_l10,0.0014191152713421465,0.005303071417511299,Task L outcome,Random Forest,TreeExplainer
home_shots_on_target_for_l10,0.0014132241516109536,0.005261003629226193,Task L outcome,Random Forest,TreeExplainer
home_goals_for_l10,0.0013800405622856257,0.0044130551783808205,Task L outcome,Random Forest,TreeExplainer
diff_goal_difference_l3,0.0012646022732532701,0.004552754077475882,Task L outcome,Random Forest,TreeExplainer
away_passes_for_l5,0.0012525630752586758,0.008335989552551697,Task L outcome,Random Forest,TreeExplainer
p1_home_con_home,0.0012507852921491574,0.004952681708648141,Task L outcome,Random Forest,TreeExplainer
diff_pass_completion_for_l10,0.0012399616322081482,0.0051770374461650925,Task L outcome,Random Forest,TreeExplainer
away_shots_for_l5,0.0012258860354563297,0.005759344720696137,Task L outcome,Random Forest,TreeExplainer
diff_goal_difference_l10,0.0011977402695237149,0.006163043656749272,Task L outcome,Random Forest,TreeExplainer
away_possession_share_l3,0.00119635155977716,0.005793220804192966,Task L outcome,Random Forest,TreeExplainer
away_xg_against_l10,0.001186397778440728,0.007454568195386464,Task L outcome,Random Forest,TreeExplainer
p1_home_scr_away,0.0011832826638560694,0.004661984714312314,Task L outcome,Random Forest,TreeExplainer
diff_possession_share_l10,0.0011668235305340659,0.007538264360834862,Task L outcome,Random Forest,TreeExplainer
home_xg_against_l3,0.0011577107571950664,0.007261551691350613,Task L outcome,Random Forest,TreeExplainer
home_passes_for_l10,0.0011483382979966493,0.0056155567023912865,Task L outcome,Random Forest,TreeExplainer
home_goals_for_l3,0.0011480002678389463,0.0037091786626270843,Task L outcome,Random Forest,TreeExplainer
home_final_third_entries_for_l10,0.0011210361610725233,0.005087677338844649,Task L outcome,Random Forest,TreeExplainer
diff_possession_share_l3,0.0011153827596851065,0.004764963341724014,Task L outcome,Random Forest,TreeExplainer
away_shots_for_l3,0.001084423119381358,0.005699762486063444,Task L outcome,Random Forest,TreeExplainer
away_points_l5,0.000998158094016483,0.004300377010732314,Task L outcome,Random Forest,TreeExplainer
home_shots_on_target_against_l10,0.0009945033068717902,0.005431766210857846,Task L outcome,Random Forest,TreeExplainer
diff_points_l5,0.0009853711590133724,0.005176813551972473,Task L outcome,Random Forest,TreeExplainer
home_passes_for_l5,0.00098097175786859,0.005229069969679424,Task L outcome,Random Forest,TreeExplainer
away_goals_against_l3,0.00097174194861603,0.003350717341899254,Task L outcome,Random Forest,TreeExplainer
home_shots_against_l3,0.0009711139103542036,0.005102226333619242,Task L outcome,Random Forest,TreeExplainer
p1_away_scr_away,0.0009419730813618649,0.005586882834357434,Task L outcome,Random Forest,TreeExplainer
home_goals_against_l3,0.0009041252598613864,0.004957525151254498,Task L outcome,Random Forest,TreeExplainer
home_points_l10,0.0008905696902283274,0.005033989265786465,Task L outcome,Random Forest,TreeExplainer
home_xg_against_l5,0.0008901499467001944,0.006196670539578176,Task L outcome,Random Forest,TreeExplainer
home_goal_difference_l5,0.000884103107458941,0.004693069066151994,Task L outcome,Random Forest,TreeExplainer
away_rest_days,0.0008790507715595822,0.00492835080861838,Task L outcome,Random Forest,TreeExplainer
away_possession_share_l10,0.0008752390717189982,0.005286386916729733,Task L outcome,Random Forest,TreeExplainer
away_possession_share_l5,0.0008663668748418635,0.007070372848354775,Task L outcome,Random Forest,TreeExplainer
away_xg_for_l5,0.0008422310821677777,0.004734231389715688,Task L outcome,Random Forest,TreeExplainer
home_goal_difference_l10,0.0008269355703173156,0.004070940861168581,Task L outcome,Random Forest,TreeExplainer
home_shots_against_l5,0.0008242996889580963,0.0067410121028808005,Task L outcome,Random Forest,TreeExplainer
home_points_l5,0.0008209084267593916,0.0033848045384227378,Task L outcome,Random Forest,TreeExplainer
home_goals_against_l5,0.0007883715240198475,0.004247395827891049,Task L outcome,Random Forest,TreeExplainer
away_goals_for_l10,0.000767742829027005,0.003779688320593222,Task L outcome,Random Forest,TreeExplainer
p1_home_rank_total,0.0007604192088929019,0.004767200063104074,Task L outcome,Random Forest,TreeExplainer
away_shots_on_target_against_l10,0.0007558741184153558,0.004575235161621128,Task L outcome,Random Forest,TreeExplainer
home_points_l3,0.0007496451600714565,0.003265835154530103,Task L outcome,Random Forest,TreeExplainer
home_xg_against_l10,0.0007454594879697653,0.0051083499581186876,Task L outcome,Random Forest,TreeExplainer
away_passes_for_l10,0.0007361435810671501,0.0055368525977055934,Task L outcome,Random Forest,TreeExplainer
away_final_third_entries_for_l3,0.0007350718780529709,0.0050892296076376865,Task L outcome,Random Forest,TreeExplainer
home_possession_share_l3,0.0007326977071363251,0.005592400077442232,Task L outcome,Random Forest,TreeExplainer
home_goals_against_l10,0.000728683556018965,0.0032604744341411906,Task L outcome,Random Forest,TreeExplainer
away_live_shots_on_target,0.0007282798274212763,0.0010495417262800755,Task L outcome,Random Forest,TreeExplainer
away_shots_on_target_against_l5,0.0007238912032025686,0.004407456903957943,Task L outcome,Random Forest,TreeExplainer
home_possession_share_l5,0.0007224559935546683,0.005633497874423664,Task L outcome,Random Forest,TreeExplainer
away_xg_for_l10,0.0007178284152424352,0.004909754555730181,Task L outcome,Random Forest,TreeExplainer
away_xg_against_l5,0.0006618482204992801,0.005103362512086619,Task L outcome,Random Forest,TreeExplainer
away_shots_against_l10,0.0006588964196632411,0.005112459052662424,Task L outcome,Random Forest,TreeExplainer
home_possession_share_l10,0.0006525237477967727,0.004524574057166575,Task L outcome,Random Forest,TreeExplainer
home_shots_against_l10,0.0006045484108853922,0.005866732986369974,Task L outcome,Random Forest,TreeExplainer
diff_pressures_for_l5,0.0005977643280247435,0.005084431383982061,Task L outcome,Random Forest,TreeExplainer
home_goal_difference_l3,0.0005891840527039446,0.0034024097029333065,Task L outcome,Random Forest,TreeExplainer
away_red_cards_for_l10,0.0005658518139556992,0.0017186923814533888,Task L outcome,Random Forest,TreeExplainer
p1_away_con_home,0.0005602982481705642,0.002767804315508427,Task L outcome,Random Forest,TreeExplainer
live_diff_shots,0.0005600340444786827,0.000863370241756567,Task L outcome,Random Forest,TreeExplainer
home_red_cards_for_l10,0.0005555165515340986,0.0016488808426491028,Task L outcome,Random Forest,TreeExplainer
diff_points_l3,0.0005371658447558273,0.004530457076247028,Task L outcome,Random Forest,TreeExplainer
away_live_final_third_entries,0.00047420662496860277,0.0005112836861879431,Task L outcome,Random Forest,TreeExplainer
away_shots_against_l5,0.0004597238526474862,0.003313713566420716,Task L outcome,Random Forest,TreeExplainer
away_live_possession_share,0.00045783375151977067,0.000784745196430056,Task L outcome,Random Forest,TreeExplainer
away_points_l3,0.00045695658374288547,0.002198293412549209,Task L outcome,Random Forest,TreeExplainer
away_live_pass_completion,0.000423079525611964,0.0010660084496186821,Task L outcome,Random Forest,TreeExplainer
home_live_possession_share,0.00037124787176915866,0.0011124663417197678,Task L outcome,Random Forest,TreeExplainer
away_live_shots,0.0003316542322408509,0.0005520047408899056,Task L outcome,Random Forest,TreeExplainer
live_diff_possession_share,0.00032562023465017477,0.000883417295965122,Task L outcome,Random Forest,TreeExplainer
snapshot_minute,0.0003256161132667558,0.0005400737064839182,Task L outcome,Random Forest,TreeExplainer
time_remaining_minutes,0.00028263563316310565,0.00038291633251230915,Task L outcome,Random Forest,TreeExplainer
away_red_cards_for_l3,0.0002599589342969996,0.0009729649507118386,Task L outcome,Random Forest,TreeExplainer
snapshot_rank,0.00024787915788522806,0.0004266424446722858,Task L outcome,Random Forest,TreeExplainer
home_live_completed_passes,0.00024668574469612845,0.0003950596952826774,Task L outcome,Random Forest,TreeExplainer
away_live_completed_passes,0.00023448967106872562,0.0003244164596738798,Task L outcome,Random Forest,TreeExplainer
home_red_cards_for_l5,0.00023172987725570245,0.0008910195724959319,Task L outcome,Random Forest,TreeExplainer
home_live_shots,0.0002283617535098377,0.0002567285975295615,Task L outcome,Random Forest,TreeExplainer
away_live_passes,0.00021773804526048184,0.0004526507995928979,Task L outcome,Random Forest,TreeExplainer
home_live_pass_completion,0.00021270474561557173,0.0009303200093896472,Task L outcome,Random Forest,TreeExplainer
live_diff_pressures,0.00020333002593873366,0.0006654597075218369,Task L outcome,Random Forest,TreeExplainer
home_live_corners,0.0001792167046483276,0.0005306361881945728,Task L outcome,Random Forest,TreeExplainer
home_live_final_third_entries,0.00017644064592887304,0.0002509938651658638,Task L outcome,Random Forest,TreeExplainer
home_live_passes,0.00016932469714932567,0.0004012968209726932,Task L outcome,Random Forest,TreeExplainer
reference_second,0.00016872910927916864,0.00018644964424298368,Task L outcome,Random Forest,TreeExplainer
home_red_cards_for_l3,0.00015657003255421383,0.0007922203218159977,Task L outcome,Random Forest,TreeExplainer
away_live_carries,0.00015517083935649988,0.00025041038464494335,Task L outcome,Random Forest,TreeExplainer
home_live_carries,0.0001398767720383073,0.00028760479620845535,Task L outcome,Random Forest,TreeExplainer
live_diff_final_third_entries,0.00013743982689463037,0.0006184602102838778,Task L outcome,Random Forest,TreeExplainer
home_live_pressures,0.00013058594664683664,0.00033158582181094153,Task L outcome,Random Forest,TreeExplainer
away_live_fouls,0.00013056784923812004,0.0002521597865942453,Task L outcome,Random Forest,TreeExplainer
away_live_pressures,0.0001296918518847784,0.00026180824018998957,Task L outcome,Random Forest,TreeExplainer
n_events_so_far,0.00011965171416084862,0.0003954189398860817,Task L outcome,Random Forest,TreeExplainer
home_live_fouls,0.00010818449589159322,0.0002007477461695259,Task L outcome,Random Forest,TreeExplainer
away_red_cards_for_l5,0.00010474584018960132,0.0008850089361730508,Task L outcome,Random Forest,TreeExplainer
away_live_corners,9.567644360840101e-05,0.0004208361297147144,Task L outcome,Random Forest,TreeExplainer
snapshot_period,8.35533564852085e-05,6.96206395444532e-05,Task L outcome,Random Forest,TreeExplainer
home_live_xg_last10,4.2990999830611106e-05,6.868396911469909e-05,Task L outcome,Random Forest,TreeExplainer
home_live_final_third_entries_last10,4.086899854471538e-05,8.394211605905138e-05,Task L outcome,Random Forest,TreeExplainer
away_live_xg_last5,3.692288946370655e-05,1.7318194972443056e-05,Task L outcome,Random Forest,TreeExplainer
away_live_pressures_last10,3.502412224321839e-05,5.877703308895414e-05,Task L outcome,Random Forest,TreeExplainer
away_live_red_cards,3.1345622086276594e-05,0.00010033279902119056,Task L outcome,Random Forest,TreeExplainer
home_live_shots_last5,3.0293890238529744e-05,5.754351171863369e-06,Task L outcome,Random Forest,TreeExplainer
home_live_pressures_last5,3.0155686683337977e-05,2.0185622126772798e-05,Task L outcome,Random Forest,TreeExplainer
away_live_final_third_entries_last5,2.3726446043989812e-05,2.0295604630834788e-05,Task L outcome,Random Forest,TreeExplainer
away_live_pressures_last5,2.2710753304454562e-05,1.7582439333580056e-05,Task L outcome,Random Forest,TreeExplainer
home_live_xg_last5,2.0391646680824723e-05,1.664692090665233e-05,Task L outcome,Random Forest,TreeExplainer
live_diff_pressures_last5,1.899444424810403e-05,1.396750893948614e-05,Task L outcome,Random Forest,TreeExplainer
away_live_shots_last5,1.7700106447712932e-05,4.5461264746058976e-06,Task L outcome,Random Forest,TreeExplainer
man_advantage_home,1.4990411553299041e-05,0.00012801375469976133,Task L outcome,Random Forest,TreeExplainer
home_live_pressures_last10,1.4104479476054615e-05,4.742153799498506e-05,Task L outcome,Random Forest,TreeExplainer
live_diff_shots_last5,1.3609061223117648e-05,4.619693199227681e-06,Task L outcome,Random Forest,TreeExplainer
away_live_xg_last10,1.2419099279198543e-05,3.9577742069258395e-05,Task L outcome,Random Forest,TreeExplainer
away_live_final_third_entries_last10,1.0633466589448892e-05,3.6303098983381714e-05,Task L outcome,Random Forest,TreeExplainer
home_live_final_third_entries_last5,8.068272803241902e-06,7.564594515960618e-06,Task L outcome,Random Forest,TreeExplainer
away_live_shots_last10,6.9896824948955345e-06,7.896292730176157e-06,Task L outcome,Random Forest,TreeExplainer
live_diff_xg_last5,5.797310346330656e-06,2.8087488051783006e-05,Task L outcome,Random Forest,TreeExplainer
missingindicator_away_live_pass_completion,2.3273812306191154e-07,2.079806268055332e-06,Task L outcome,Random Forest,TreeExplainer
missingindicator_away_red_cards_for_l5,0.0,1.9348448155244955e-05,Task L outcome,Random Forest,TreeExplainer
home_live_shots_last10,0.0,3.6873936748202267e-06,Task L outcome,Random Forest,TreeExplainer
home_live_red_cards,0.0,7.257766530585417e-05,Task L outcome,Random Forest,TreeExplainer
away_missing_history_l5,0.0,0.0003568769558825817,Task L outcome,Random Forest,TreeExplainer
away_missing_history_l3,0.0,0.0005658768745559995,Task L outcome,Random Forest,TreeExplainer
missingindicator_diff_pass_completion_for_l5,0.0,2.0628841679239742e-05,Task L outcome,Random Forest,TreeExplainer
missingindicator_diff_pressures_for_l5,0.0,1.2964316420426753e-05,Task L outcome,Random Forest,TreeExplainer
missingindicator_diff_xg_for_l5,0.0,2.992976762783561e-05,Task L outcome,Random Forest,TreeExplainer
missingindicator_diff_points_l5,0.0,0.0,Task L outcome,Random Forest,TreeExplainer
missingindicator_diff_goal_difference_l5,0.0,8.11919997181664e-06,Task L outcome,Random Forest,TreeExplainer
missingindicator_diff_shots_for_l5,0.0,0.0,Task L outcome,Random Forest,TreeExplainer
missingindicator_diff_pressures_for_l3,0.0,3.5633529626149777e-05,Task L outcome,Random Forest,TreeExplainer
missingindicator_diff_pass_completion_for_l3,0.0,2.1069457295548665e-05,Task L outcome,Random Forest,TreeExplainer
missingindicator_diff_xg_for_l3,0.0,0.0,Task L outcome,Random Forest,TreeExplainer
missingindicator_diff_possession_share_l3,0.0,2.3789081689329694e-05,Task L outcome,Random Forest,TreeExplainer
missingindicator_diff_shots_for_l3,0.0,3.380340894791874e-05,Task L outcome,Random Forest,TreeExplainer
missingindicator_away_possession_share_l10,0.0,5.430274055458978e-05,Task L outcome,Random Forest,TreeExplainer
missingindicator_diff_points_l3,0.0,0.0,Task L outcome,Random Forest,TreeExplainer
missingindicator_diff_goal_difference_l3,0.0,2.1862688136361124e-05,Task L outcome,Random Forest,TreeExplainer
missingindicator_away_xg_against_l10,0.0,0.0,Task L outcome,Random Forest,TreeExplainer
missingindicator_away_xg_for_l10,0.0,6.6177246226712464e-06,Task L outcome,Random Forest,TreeExplainer
missingindicator_away_shots_on_target_against_l10,0.0,2.382564559921243e-05,Task L outcome,Random Forest,TreeExplainer
missingindicator_away_red_cards_for_l10,0.0,3.07550602722667e-06,Task L outcome,Random Forest,TreeExplainer
missingindicator_away_final_third_entries_for_l10,0.0,2.36986801923741e-05,Task L outcome,Random Forest,TreeExplainer
missingindicator_away_pressures_for_l10,0.0,9.29883599196156e-05,Task L outcome,Random Forest,TreeExplainer
missingindicator_away_pass_completion_for_l10,0.0,1.354328649547168e-05,Task L outcome,Random Forest,TreeExplainer
missingindicator_away_passes_for_l10,0.0,0.0,Task L outcome,Random Forest,TreeExplainer
missingindicator_away_shots_against_l10,0.0,0.0,Task L outcome,Random Forest,TreeExplainer
missingindicator_away_shots_for_l10,0.0,4.728681636441617e-07,Task L outcome,Random Forest,TreeExplainer
missingindicator_away_goal_difference_l10,0.0,0.0,Task L outcome,Random Forest,TreeExplainer
missingindicator_away_shots_on_target_for_l10,0.0,5.10787809285511e-06,Task L outcome,Random Forest,TreeExplainer
missingindicator_away_goals_against_l10,0.0,2.374435744034917e-05,Task L outcome,Random Forest,TreeExplainer
missingindicator_away_possession_share_l5,0.0,6.248466577130945e-05,Task L outcome,Random Forest,TreeExplainer
missingindicator_away_points_l10,0.0,1.3149942871450784e-05,Task L outcome,Random Forest,TreeExplainer
missingindicator_away_goals_for_l10,0.0,9.313252431804358e-08,Task L outcome,Random Forest,TreeExplainer
missingindicator_away_final_third_entries_for_l5,0.0,0.0,Task L outcome,Random Forest,TreeExplainer
home_missing_history_l3,0.0,0.0006046442106074846,Task L outcome,Random Forest,TreeExplainer
home_missing_history_l10,0.0,0.0002729447781889562,Task L outcome,Random Forest,TreeExplainer
away_history_matches_before,0.0,0.004341952359399331,Task L outcome,Random Forest,TreeExplainer
away_missing_history_l10,0.0,0.0006707584923725665,Task L outcome,Random Forest,TreeExplainer
home_missing_history_l5,0.0,0.0004267844676879881,Task L outcome,Random Forest,TreeExplainer
home_history_matches_before,0.0,0.0037471192887290573,Task L outcome,Random Forest,TreeExplainer
missingindicator_home_live_pass_completion,0.0,2.0936200817563946e-06,Task L outcome,Random Forest,TreeExplainer
missingindicator_home_rest_days,0.0,2.227443528768174e-07,Task L outcome,Random Forest,TreeExplainer
missingindicator_home_points_l3,0.0,8.214172071850148e-05,Task L outcome,Random Forest,TreeExplainer
missingindicator_home_goals_for_l3,0.0,1.5307824290846582e-05,Task L outcome,Random Forest,TreeExplainer
missingindicator_home_goals_against_l3,0.0,3.1699397625289475e-05,Task L outcome,Random Forest,TreeExplainer
missingindicator_home_goal_difference_l3,0.0,3.351459387524459e-05,Task L outcome,Random Forest,TreeExplainer
missingindicator_home_shots_for_l3,0.0,0.0,Task L outcome,Random Forest,TreeExplainer
missingindicator_home_shots_against_l3,0.0,0.00013833728795004476,Task L outcome,Random Forest,TreeExplainer
missingindicator_home_shots_on_target_for_l3,0.0,5.581585139996986e-05,Task L outcome,Random Forest,TreeExplainer
missingindicator_home_shots_on_target_against_l3,0.0,6.21092765985426e-05,Task L outcome,Random Forest,TreeExplainer
missingindicator_home_xg_for_l3,0.0,5.108241793857488e-05,Task L outcome,Random Forest,TreeExplainer
missingindicator_home_xg_against_l3,0.0,1.5057357821255985e-05,Task L outcome,Random Forest,TreeExplainer
missingindicator_home_passes_for_l3,0.0,1.56101569245978e-05,Task L outcome,Random Forest,TreeExplainer
missingindicator_home_pass_completion_for_l3,0.0,0.0,Task L outcome,Random Forest,TreeExplainer
missingindicator_home_pressures_for_l3,0.0,8.101098714375582e-06,Task L outcome,Random Forest,TreeExplainer
missingindicator_home_final_third_entries_for_l3,0.0,7.8803319840349e-06,Task L outcome,Random Forest,TreeExplainer
missingindicator_home_red_cards_for_l3,0.0,4.489849127634741e-05,Task L outcome,Random Forest,TreeExplainer
missingindicator_home_possession_share_l3,0.0,4.060548542917554e-05,Task L outcome,Random Forest,TreeExplainer
missingindicator_home_points_l5,0.0,7.280919334670249e-05,Task L outcome,Random Forest,TreeExplainer
missingindicator_home_goals_for_l5,0.0,0.0,Task L outcome,Random Forest,TreeExplainer
missingindicator_home_goals_against_l5,0.0,0.0,Task L outcome,Random Forest,TreeExplainer
missingindicator_home_goal_difference_l5,0.0,2.835131808599885e-05,Task L outcome,Random Forest,TreeExplainer
missingindicator_home_shots_for_l5,0.0,0.0,Task L outcome,Random Forest,TreeExplainer
missingindicator_home_shots_against_l5,0.0,0.0,Task L outcome,Random Forest,TreeExplainer
missingindicator_home_shots_on_target_for_l5,0.0,1.5129068408053938e-05,Task L outcome,Random Forest,TreeExplainer
missingindicator_home_shots_on_target_against_l5,0.0,0.0,Task L outcome,Random Forest,TreeExplainer
missingindicator_home_xg_for_l5,0.0,0.0,Task L outcome,Random Forest,TreeExplainer
missingindicator_home_xg_against_l5,0.0,2.0418690775686546e-05,Task L outcome,Random Forest,TreeExplainer
missingindicator_home_passes_for_l5,0.0,4.8121646335050926e-05,Task L outcome,Random Forest,TreeExplainer
missingindicator_home_pass_completion_for_l5,0.0,2.030017891008574e-05,Task L outcome,Random Forest,TreeExplainer
missingindicator_home_pressures_for_l5,0.0,5.7431861253441976e-05,Task L outcome,Random Forest,TreeExplainer
missingindicator_home_final_third_entries_for_l5,0.0,4.517409539870913e-06,Task L outcome,Random Forest,TreeExplainer
missingindicator_home_red_cards_for_l5,0.0,2.997550199499449e-05,Task L outcome,Random Forest,TreeExplainer
missingindicator_home_possession_share_l5,0.0,1.0744283960068691e-05,Task L outcome,Random Forest,TreeExplainer
missingindicator_home_points_l10,0.0,1.412997038497644e-05,Task L outcome,Random Forest,TreeExplainer
missingindicator_home_goals_for_l10,0.0,2.1751052345028806e-05,Task L outcome,Random Forest,TreeExplainer
missingindicator_home_goals_against_l10,0.0,2.909369225177503e-05,Task L outcome,Random Forest,TreeExplainer
missingindicator_home_goal_difference_l10,0.0,4.671117341279462e-05,Task L outcome,Random Forest,TreeExplainer
missingindicator_home_shots_for_l10,0.0,2.812594796987488e-05,Task L outcome,Random Forest,TreeExplainer
missingindicator_home_shots_against_l10,0.0,1.2517643625197501e-05,Task L outcome,Random Forest,TreeExplainer
missingindicator_home_shots_on_target_for_l10,0.0,7.689219106459708e-06,Task L outcome,Random Forest,TreeExplainer
missingindicator_home_shots_on_target_against_l10,0.0,0.0,Task L outcome,Random Forest,TreeExplainer
missingindicator_home_xg_for_l10,0.0,0.0,Task L outcome,Random Forest,TreeExplainer
missingindicator_home_xg_against_l10,0.0,0.0,Task L outcome,Random Forest,TreeExplainer
missingindicator_home_passes_for_l10,0.0,5.592314756074771e-05,Task L outcome,Random Forest,TreeExplainer
missingindicator_home_pass_completion_for_l10,0.0,3.180173683178374e-05,Task L outcome,Random Forest,TreeExplainer
missingindicator_home_pressures_for_l10,0.0,1.1150204196578202e-05,Task L outcome,Random Forest,TreeExplainer
missingindicator_home_final_third_entries_for_l10,0.0,0.0,Task L outcome,Random Forest,TreeExplainer
missingindicator_home_red_cards_for_l10,0.0,0.0,Task L outcome,Random Forest,TreeExplainer
missingindicator_home_possession_share_l10,0.0,1.5544893056544425e-05,Task L outcome,Random Forest,TreeExplainer
missingindicator_away_rest_days,0.0,2.0637390426442663e-05,Task L outcome,Random Forest,TreeExplainer
missingindicator_away_points_l3,0.0,3.894442525407996e-05,Task L outcome,Random Forest,TreeExplainer
missingindicator_away_goals_for_l3,0.0,2.5951342051008353e-05,Task L outcome,Random Forest,TreeExplainer
missingindicator_away_goals_against_l3,0.0,1.7351101342767024e-05,Task L outcome,Random Forest,TreeExplainer
missingindicator_away_goal_difference_l3,0.0,0.0,Task L outcome,Random Forest,TreeExplainer
missingindicator_away_shots_for_l3,0.0,0.0,Task L outcome,Random Forest,TreeExplainer
missingindicator_away_shots_against_l3,0.0,2.814132930031004e-05,Task L outcome,Random Forest,TreeExplainer
missingindicator_away_shots_on_target_for_l3,0.0,1.175721264441046e-06,Task L outcome,Random Forest,TreeExplainer
missingindicator_away_shots_on_target_against_l3,0.0,4.7868939287214315e-05,Task L outcome,Random Forest,TreeExplainer
missingindicator_away_xg_for_l3,0.0,6.445655748391504e-05,Task L outcome,Random Forest,TreeExplainer
missingindicator_away_xg_against_l3,0.0,2.4351670710601337e-05,Task L outcome,Random Forest,TreeExplainer
missingindicator_away_passes_for_l3,0.0,5.837693265902926e-07,Task L outcome,Random Forest,TreeExplainer
missingindicator_away_pass_completion_for_l3,0.0,5.764564026210371e-05,Task L outcome,Random Forest,TreeExplainer
missingindicator_away_pressures_for_l3,0.0,0.0,Task L outcome,Random Forest,TreeExplainer
missingindicator_away_final_third_entries_for_l3,0.0,0.0,Task L outcome,Random Forest,TreeExplainer
missingindicator_away_red_cards_for_l3,0.0,3.507180094255396e-05,Task L outcome,Random Forest,TreeExplainer
missingindicator_away_possession_share_l3,0.0,4.18528602817015e-05,Task L outcome,Random Forest,TreeExplainer
missingindicator_away_points_l5,0.0,0.0,Task L outcome,Random Forest,TreeExplainer
missingindicator_away_goals_for_l5,0.0,0.0,Task L outcome,Random Forest,TreeExplainer
missingindicator_away_goals_against_l5,0.0,1.8976507620803538e-05,Task L outcome,Random Forest,TreeExplainer
missingindicator_away_goal_difference_l5,0.0,4.486890876708113e-05,Task L outcome,Random Forest,TreeExplainer
missingindicator_away_shots_for_l5,0.0,3.6691693294175436e-06,Task L outcome,Random Forest,TreeExplainer
missingindicator_away_shots_against_l5,0.0,2.8956483766999948e-05,Task L outcome,Random Forest,TreeExplainer
missingindicator_away_shots_on_target_for_l5,0.0,4.184172971854303e-05,Task L outcome,Random Forest,TreeExplainer
missingindicator_away_shots_on_target_against_l5,0.0,5.3393742350650734e-05,Task L outcome,Random Forest,TreeExplainer
missingindicator_away_xg_for_l5,0.0,0.0,Task L outcome,Random Forest,TreeExplainer
missingindicator_away_xg_against_l5,0.0,9.22178055012827e-06,Task L outcome,Random Forest,TreeExplainer
missingindicator_away_passes_for_l5,0.0,1.643187036773386e-05,Task L outcome,Random Forest,TreeExplainer
missingindicator_away_pass_completion_for_l5,0.0,8.375910536013989e-06,Task L outcome,Random Forest,TreeExplainer
missingindicator_away_pressures_for_l5,0.0,1.6830727413684476e-05,Task L outcome,Random Forest,TreeExplainer
missingindicator_diff_possession_share_l5,0.0,1.1004517956885896e-05,Task L outcome,Random Forest,TreeExplainer
missingindicator_diff_points_l10,0.0,1.7456291218262494e-05,Task L outcome,Random Forest,TreeExplainer
missingindicator_diff_goal_difference_l10,0.0,0.0,Task L outcome,Random Forest,TreeExplainer
missingindicator_diff_shots_for_l10,0.0,1.4729793709723785e-05,Task L outcome,Random Forest,TreeExplainer
missingindicator_diff_xg_for_l10,0.0,5.089616107621697e-05,Task L outcome,Random Forest,TreeExplainer
missingindicator_diff_pass_completion_for_l10,0.0,8.308551258543781e-06,Task L outcome,Random Forest,TreeExplainer
missingindicator_diff_pressures_for_l10,0.0,0.0,Task L outcome,Random Forest,TreeExplainer
missingindicator_diff_possession_share_l10,0.0,8.365232916726639e-05,Task L outcome,Random Forest,TreeExplainer
missingindicator_rest_days_difference,0.0,2.9390767101592166e-05,Task L outcome,Random Forest,TreeExplainer
current_goal_difference,0.16421959286320584,0.3076427304985222,Task L outcome,GBM,Permutation fallback (InvalidModelError)
diff_xg_for_l3,0.046968976879551184,0.01771388001720806,Task L outcome,GBM,Permutation fallback (InvalidModelError)
away_pass_completion_for_l3,0.0341712168848914,0.013227430151060822,Task L outcome,GBM,Permutation fallback (InvalidModelError)
diff_pressures_for_l3,0.033589197626222894,0.01662608547025984,Task L outcome,GBM,Permutation fallback (InvalidModelError)
home_pressures_for_l5,0.030238922826961924,0.002137592156861771,Task L outcome,GBM,Permutation fallback (InvalidModelError)
p1_away_con_away,0.02584151568614493,0.005365875315099987,Task L outcome,GBM,Permutation fallback (InvalidModelError)
home_goals_for_l5,0.025532730558159515,0.007170494078429691,Task L outcome,GBM,Permutation fallback (InvalidModelError)
home_final_third_entries_for_l5,0.024913669273549818,0.006743307974864294,Task L outcome,GBM,Permutation fallback (InvalidModelError)
home_shots_on_target_against_l3,0.0209036383471251,0.027364091312488428,Task L outcome,GBM,Permutation fallback (InvalidModelError)
home_shots_on_target_for_l3,0.020451253077986852,0.0075773773996134575,Task L outcome,GBM,Permutation fallback (InvalidModelError)
p1_away_con_total,0.02007157516248428,0.010015636732116985,Task L outcome,GBM,Permutation fallback (InvalidModelError)
p1_home_con_away,0.0192108194554162,0.005948211958218168,Task L outcome,GBM,Permutation fallback (InvalidModelError)
away_pass_completion_for_l10,0.018483016209879667,0.01293857349573521,Task L outcome,GBM,Permutation fallback (InvalidModelError)
away_goal_difference_l10,0.017751434915103958,0.00895989894205318,Task L outcome,GBM,Permutation fallback (InvalidModelError)
current_away_score,0.01768268140534177,0.008732984213052334,Task L outcome,GBM,Permutation fallback (InvalidModelError)
away_goals_against_l5,0.017070436544062113,0.004999931536975463,Task L outcome,GBM,Permutation fallback (InvalidModelError)
p1_away_scr_home,0.016784573743761622,0.005979422246838545,Task L outcome,GBM,Permutation fallback (InvalidModelError)
away_xg_against_l3,0.014892016661459529,0.008393845582299692,Task L outcome,GBM,Permutation fallback (InvalidModelError)
home_pass_completion_for_l5,0.014731798955503462,0.008028181224265627,Task L outcome,GBM,Permutation fallback (InvalidModelError)
away_shots_on_target_for_l5,0.01436251786721457,0.007197760579745991,Task L outcome,GBM,Permutation fallback (InvalidModelError)
home_live_xg,0.014043078092909993,0.013521194273157431,Task L outcome,GBM,Permutation fallback (InvalidModelError)
away_final_third_entries_for_l10,0.014021963215179593,0.006565824612881243,Task L outcome,GBM,Permutation fallback (InvalidModelError)
away_pressures_for_l5,0.013257945368468926,0.006621298032634498,Task L outcome,GBM,Permutation fallback (InvalidModelError)
away_shots_on_target_for_l10,0.012368535686477068,0.011358593648470928,Task L outcome,GBM,Permutation fallback (InvalidModelError)
away_goals_against_l10,0.012257009258109469,0.010383316384847447,Task L outcome,GBM,Permutation fallback (InvalidModelError)
home_shots_for_l3,0.012035523682874612,0.004683871824128329,Task L outcome,GBM,Permutation fallback (InvalidModelError)
home_pass_completion_for_l10,0.011236685162413364,0.0026458480557617755,Task L outcome,GBM,Permutation fallback (InvalidModelError)
home_rest_days,0.010518501062492684,0.007972438401805924,Task L outcome,GBM,Permutation fallback (InvalidModelError)
p1_home_con_total,0.010459114287257772,0.012545698849029705,Task L outcome,GBM,Permutation fallback (InvalidModelError)
diff_possession_share_l5,0.010291669408497935,0.008232089527230046,Task L outcome,GBM,Permutation fallback (InvalidModelError)
away_pressures_for_l3,0.009837047316096767,0.0044128911383069834,Task L outcome,GBM,Permutation fallback (InvalidModelError)
home_final_third_entries_for_l3,0.00965224874145095,0.004662305414587298,Task L outcome,GBM,Permutation fallback (InvalidModelError)
away_possession_share_l5,0.009343961001097214,0.01067783278442578,Task L outcome,GBM,Permutation fallback (InvalidModelError)
home_xg_against_l3,0.008943405343235818,0.01121464427890628,Task L outcome,GBM,Permutation fallback (InvalidModelError)
away_goals_for_l10,0.008907451361206213,0.008498892905633123,Task L outcome,GBM,Permutation fallback (InvalidModelError)
home_goal_difference_l3,0.008219814678920547,0.007425602035784658,Task L outcome,GBM,Permutation fallback (InvalidModelError)
p1_home_scr_home,0.007975219732958989,0.008053688763526249,Task L outcome,GBM,Permutation fallback (InvalidModelError)
diff_xg_for_l10,0.007852011269423895,0.010355724693086887,Task L outcome,GBM,Permutation fallback (InvalidModelError)
home_passes_for_l3,0.007540964163978388,0.006433812131711353,Task L outcome,GBM,Permutation fallback (InvalidModelError)
p1_home_scr_away,0.0073009048799442915,0.0069599492970012136,Task L outcome,GBM,Permutation fallback (InvalidModelError)
away_live_xg,0.007174088697490051,0.007503894422753918,Task L outcome,GBM,Permutation fallback (InvalidModelError)
home_shots_against_l5,0.007082197784601581,0.011737008251187236,Task L outcome,GBM,Permutation fallback (InvalidModelError)
home_pass_completion_for_l3,0.006943598814881409,0.0033718697316911426,Task L outcome,GBM,Permutation fallback (InvalidModelError)
away_goal_difference_l5,0.006796127969035026,0.006185015311484017,Task L outcome,GBM,Permutation fallback (InvalidModelError)
home_pressures_for_l3,0.006561744235047781,0.0034210448956468716,Task L outcome,GBM,Permutation fallback (InvalidModelError)
home_shots_on_target_against_l10,0.006406806890249536,0.00476605383693354,Task L outcome,GBM,Permutation fallback (InvalidModelError)
away_possession_share_l3,0.006374361277356732,0.0060201598338615065,Task L outcome,GBM,Permutation fallback (InvalidModelError)
away_xg_for_l3,0.006195491427383847,0.008607275038262202,Task L outcome,GBM,Permutation fallback (InvalidModelError)
home_shots_against_l3,0.006084747660738133,0.0055847801523183265,Task L outcome,GBM,Permutation fallback (InvalidModelError)
away_shots_against_l3,0.00582695642726275,0.0016508969739021796,Task L outcome,GBM,Permutation fallback (InvalidModelError)
diff_goal_difference_l10,0.005515989125396147,0.010749948856718372,Task L outcome,GBM,Permutation fallback (InvalidModelError)
away_shots_for_l5,0.0053781688398428845,0.006293036242625265,Task L outcome,GBM,Permutation fallback (InvalidModelError)
away_shots_on_target_against_l5,0.005322482687943583,0.001560579961882173,Task L outcome,GBM,Permutation fallback (InvalidModelError)
home_points_l5,0.005278822355392208,0.0040510689676478955,Task L outcome,GBM,Permutation fallback (InvalidModelError)
away_xg_against_l10,0.005240276046359307,0.00742384932149478,Task L outcome,GBM,Permutation fallback (InvalidModelError)
diff_possession_share_l3,0.005078501863487917,0.0034448189416529124,Task L outcome,GBM,Permutation fallback (InvalidModelError)
diff_possession_share_l10,0.004932277100983314,0.0050035541536423336,Task L outcome,GBM,Permutation fallback (InvalidModelError)
p1_home_scr_total,0.0048951484979669274,0.0019777438475991056,Task L outcome,GBM,Permutation fallback (InvalidModelError)
rest_days_difference,0.004850606276195498,0.0034964009662175922,Task L outcome,GBM,Permutation fallback (InvalidModelError)
p1_home_rank_away,0.0048293020924768245,0.004094633597117868,Task L outcome,GBM,Permutation fallback (InvalidModelError)
away_passes_for_l5,0.004659981949052985,0.004236353313422217,Task L outcome,GBM,Permutation fallback (InvalidModelError)
away_possession_share_l10,0.004645843542991216,0.009145982272421813,Task L outcome,GBM,Permutation fallback (InvalidModelError)
diff_points_l10,0.004532746777480873,0.009924329510541027,Task L outcome,GBM,Permutation fallback (InvalidModelError)
home_points_l3,0.004530527734652388,0.0011863278145958802,Task L outcome,GBM,Permutation fallback (InvalidModelError)
home_goals_against_l3,0.00443085766353626,0.00319926285791501,Task L outcome,GBM,Permutation fallback (InvalidModelError)
home_xg_for_l5,0.004231836529672554,0.0085170525484105,Task L outcome,GBM,Permutation fallback (InvalidModelError)
diff_xg_for_l5,0.004221159577991082,0.002221339651095021,Task L outcome,GBM,Permutation fallback (InvalidModelError)
away_shots_on_target_against_l3,0.004204133848280265,0.010527944235285405,Task L outcome,GBM,Permutation fallback (InvalidModelError)
diff_pass_completion_for_l5,0.0041814385955675215,0.0013622111879965481,Task L outcome,GBM,Permutation fallback (InvalidModelError)
home_passes_for_l10,0.004143877196299994,0.0038966230093420637,Task L outcome,GBM,Permutation fallback (InvalidModelError)
away_goals_for_l3,0.004054964578592801,0.0009041462488913999,Task L outcome,GBM,Permutation fallback (InvalidModelError)
diff_pass_completion_for_l3,0.0038772007729795436,0.006514531555055287,Task L outcome,GBM,Permutation fallback (InvalidModelError)
away_shots_for_l10,0.003770497947870978,0.006268817710535117,Task L outcome,GBM,Permutation fallback (InvalidModelError)
away_goals_for_l5,0.003763752389911334,0.0008564090349818921,Task L outcome,GBM,Permutation fallback (InvalidModelError)
home_shots_on_target_for_l5,0.003674912228902108,0.003764716689487531,Task L outcome,GBM,Permutation fallback (InvalidModelError)
diff_shots_for_l3,0.0035599122005097765,0.006821931559261833,Task L outcome,GBM,Permutation fallback (InvalidModelError)
home_xg_for_l3,0.0035082163268671503,0.003193172710272995,Task L outcome,GBM,Permutation fallback (InvalidModelError)
home_possession_share_l5,0.0034785524209082802,0.009825932967598353,Task L outcome,GBM,Permutation fallback (InvalidModelError)
away_shots_on_target_against_l10,0.0033906113744884172,0.0019301309622909402,Task L outcome,GBM,Permutation fallback (InvalidModelError)
p1_away_scr_total,0.003341873518373793,0.000700512165970236,Task L outcome,GBM,Permutation fallback (InvalidModelError)
n_events_so_far,0.0033298091589897692,0.009549667597368978,Task L outcome,GBM,Permutation fallback (InvalidModelError)
away_shots_against_l10,0.0032994298752016603,0.005144324266736353,Task L outcome,GBM,Permutation fallback (InvalidModelError)
p1_away_rank_total,0.0031464466644744163,0.0011433219071200907,Task L outcome,GBM,Permutation fallback (InvalidModelError)
diff_goal_difference_l5,0.0031384004943802667,0.005134599868832711,Task L outcome,GBM,Permutation fallback (InvalidModelError)
p1_home_con_home,0.0030385292943306366,0.0016750027148004505,Task L outcome,GBM,Permutation fallback (InvalidModelError)
home_shots_on_target_for_l10,0.0029564666310524187,0.004877988287554127,Task L outcome,GBM,Permutation fallback (InvalidModelError)
home_goals_for_l3,0.002930094600518526,0.004150845930212539,Task L outcome,GBM,Permutation fallback (InvalidModelError)
home_points_l10,0.0029060790776631778,0.002839893510641236,Task L outcome,GBM,Permutation fallback (InvalidModelError)
away_points_l10,0.002724256219599694,0.0018741203123919655,Task L outcome,GBM,Permutation fallback (InvalidModelError)
home_shots_for_l5,0.002694170144892298,0.002159538466843749,Task L outcome,GBM,Permutation fallback (InvalidModelError)
home_possession_share_l10,0.0026885664063063556,0.0018302797534678888,Task L outcome,GBM,Permutation fallback (InvalidModelError)
home_goal_difference_l5,0.002645429297639294,0.003238626502591103,Task L outcome,GBM,Permutation fallback (InvalidModelError)
home_xg_against_l5,0.0026182173942341,0.006640250098324307,Task L outcome,GBM,Permutation fallback (InvalidModelError)
away_passes_for_l10,0.0024980058191729037,0.0015283855354982837,Task L outcome,GBM,Permutation fallback (InvalidModelError)
home_shots_on_target_against_l5,0.002429702671661958,0.0006627043066057971,Task L outcome,GBM,Permutation fallback (InvalidModelError)
diff_pressures_for_l10,0.0023722016698623227,0.004013107430942733,Task L outcome,GBM,Permutation fallback (InvalidModelError)
away_pressures_for_l10,0.0023551436980989706,0.0012009031810176222,Task L outcome,GBM,Permutation fallback (InvalidModelError)
away_goal_difference_l3,0.002192688422316949,0.0004188091165742737,Task L outcome,GBM,Permutation fallback (InvalidModelError)
away_xg_against_l5,0.002189646700346084,0.001626669534847128,Task L outcome,GBM,Permutation fallback (InvalidModelError)
p1_away_rank_home,0.0021434247007991133,0.0032049639257900864,Task L outcome,GBM,Permutation fallback (InvalidModelError)
home_goals_for_l10,0.002020177518360971,0.0030091173341232846,Task L outcome,GBM,Permutation fallback (InvalidModelError)
away_final_third_entries_for_l5,0.0019047899476821882,0.004407648291830563,Task L outcome,GBM,Permutation fallback (InvalidModelError)
home_xg_for_l10,0.001881610415936137,0.0024350599509861126,Task L outcome,GBM,Permutation fallback (InvalidModelError)
away_xg_for_l5,0.0018334906047421551,0.0031460000443792203,Task L outcome,GBM,Permutation fallback (InvalidModelError)
away_passes_for_l3,0.0017957732046416605,0.001502516306070508,Task L outcome,GBM,Permutation fallback (InvalidModelError)
diff_shots_for_l5,0.0017416868702703572,0.002843560985007175,Task L outcome,GBM,Permutation fallback (InvalidModelError)
home_shots_for_l10,0.0017172337722361128,0.003497162599347121,Task L outcome,GBM,Permutation fallback (InvalidModelError)
home_live_corners,0.0016992634739543347,0.00031760086602304556,Task L outcome,GBM,Permutation fallback (InvalidModelError)
home_xg_against_l10,0.0016246523430122261,0.003295946833595284,Task L outcome,GBM,Permutation fallback (InvalidModelError)
home_shots_against_l10,0.001603141675965259,0.00585963515015997,Task L outcome,GBM,Permutation fallback (InvalidModelError)
away_final_third_entries_for_l3,0.001536575711751816,0.00316778653687326,Task L outcome,GBM,Permutation fallback (InvalidModelError)
diff_points_l5,0.0014903983704195934,0.001505403505409511,Task L outcome,GBM,Permutation fallback (InvalidModelError)
home_goals_against_l5,0.0014523623601662952,0.0037347489612269066,Task L outcome,GBM,Permutation fallback (InvalidModelError)
away_live_pass_completion,0.0013136490680478118,0.00012397043652179809,Task L outcome,GBM,Permutation fallback (InvalidModelError)
home_passes_for_l5,0.0013127114507955938,0.0010748434148428112,Task L outcome,GBM,Permutation fallback (InvalidModelError)
away_live_shots_on_target,0.0012904888515165465,0.0003814819718255608,Task L outcome,GBM,Permutation fallback (InvalidModelError)
home_possession_share_l3,0.0012422546436396478,0.0037046488828351475,Task L outcome,GBM,Permutation fallback (InvalidModelError)
away_shots_on_target_for_l3,0.001189892489908765,0.0008705765433210514,Task L outcome,GBM,Permutation fallback (InvalidModelError)
p1_away_rank_away,0.001158600586095343,0.00035554258918517486,Task L outcome,GBM,Permutation fallback (InvalidModelError)
live_diff_xg,0.0011208662562249801,0.0018812277719945883,Task L outcome,GBM,Permutation fallback (InvalidModelError)
home_goal_difference_l10,0.0011177468122348557,0.00044342471583180837,Task L outcome,GBM,Permutation fallback (InvalidModelError)
away_points_l5,0.0010964091138830937,0.001608795773096606,Task L outcome,GBM,Permutation fallback (InvalidModelError)
p1_away_scr_away,0.0010808303963176344,0.0025337801940984654,Task L outcome,GBM,Permutation fallback (InvalidModelError)
away_shots_against_l5,0.001057585710069852,0.0005267544978538589,Task L outcome,GBM,Permutation fallback (InvalidModelError)
home_pressures_for_l10,0.0009905019596515012,0.003226850236671979,Task L outcome,GBM,Permutation fallback (InvalidModelError)
away_pass_completion_for_l5,0.0009881852907150704,0.0013739041897952425,Task L outcome,GBM,Permutation fallback (InvalidModelError)
p1_home_rank_home,0.0008639824340079795,0.0011541996751380352,Task L outcome,GBM,Permutation fallback (InvalidModelError)
p1_home_rank_total,0.0008179145416737102,0.0011414685221925913,Task L outcome,GBM,Permutation fallback (InvalidModelError)
away_live_pressures,0.0008077091978062805,0.0002617752794310915,Task L outcome,GBM,Permutation fallback (InvalidModelError)
home_live_completed_passes,0.0007743967936414627,0.00018784287850161447,Task L outcome,GBM,Permutation fallback (InvalidModelError)
home_goals_against_l10,0.0007282283105991103,0.0005794075304999295,Task L outcome,GBM,Permutation fallback (InvalidModelError)
away_shots_for_l3,0.0007257472529988348,0.0054003964266306674,Task L outcome,GBM,Permutation fallback (InvalidModelError)
diff_pressures_for_l5,0.0006872316951766404,0.0004311772873741715,Task L outcome,GBM,Permutation fallback (InvalidModelError)
away_xg_for_l10,0.0006362106004625415,0.0013721944128875048,Task L outcome,GBM,Permutation fallback (InvalidModelError)
home_live_passes,0.0006119252929485913,0.0001392006168143716,Task L outcome,GBM,Permutation fallback (InvalidModelError)
diff_points_l3,0.0005601291432095801,0.0003747551942709744,Task L outcome,GBM,Permutation fallback (InvalidModelError)
live_diff_pressures,0.0005450769389043335,8.486458967337742e-05,Task L outcome,GBM,Permutation fallback (InvalidModelError)
diff_goal_difference_l3,0.0005187807946648061,0.0006560700795812194,Task L outcome,GBM,Permutation fallback (InvalidModelError)
diff_pass_completion_for_l10,0.0005018396282137096,0.0020317544409368385,Task L outcome,GBM,Permutation fallback (InvalidModelError)
away_rest_days,0.0004921613567702691,0.0016291694951892203,Task L outcome,GBM,Permutation fallback (InvalidModelError)
home_live_final_third_entries,0.00046829139874927835,0.00024804793884071274,Task L outcome,GBM,Permutation fallback (InvalidModelError)
p1_away_con_home,0.0004124903307643195,0.000176269973922741,Task L outcome,GBM,Permutation fallback (InvalidModelError)
away_red_cards_for_l10,0.0003853977329205255,0.00021780100977578573,Task L outcome,GBM,Permutation fallback (InvalidModelError)
home_red_cards_for_l10,0.0003690749895395279,0.0005655978407056548,Task L outcome,GBM,Permutation fallback (InvalidModelError)
diff_shots_for_l10,0.0003592891764808546,1.198578259054203e-05,Task L outcome,GBM,Permutation fallback (InvalidModelError)
away_goals_against_l3,0.00028399694753695586,0.0003330544231989154,Task L outcome,GBM,Permutation fallback (InvalidModelError)
current_home_score,0.00027485430676443243,7.397798120968674e-05,Task L outcome,GBM,Permutation fallback (InvalidModelError)
home_final_third_entries_for_l10,0.0002486801428550058,0.0005844423870970178,Task L outcome,GBM,Permutation fallback (InvalidModelError)
home_live_shots_on_target,0.0001758260777211708,7.51578957336048e-05,Task L outcome,GBM,Permutation fallback (InvalidModelError)
away_live_fouls,0.00014547167295240587,0.00014692544708065432,Task L outcome,GBM,Permutation fallback (InvalidModelError)
away_points_l3,0.00013185517729794998,0.0001440008086617226,Task L outcome,GBM,Permutation fallback (InvalidModelError)
home_live_pass_completion,0.0001183542865871981,0.00011612216179556472,Task L outcome,GBM,Permutation fallback (InvalidModelError)
home_live_carries,9.40555617293388e-05,0.00020048604913424584,Task L outcome,GBM,Permutation fallback (InvalidModelError)
live_diff_final_third_entries,7.443385643025648e-05,0.0002932993474331871,Task L outcome,GBM,Permutation fallback (InvalidModelError)
away_live_final_third_entries_last5,6.846185777932995e-05,1.3760947467425192e-05,Task L outcome,GBM,Permutation fallback (InvalidModelError)
away_red_cards_for_l5,5.727459393384445e-05,8.154228041797012e-05,Task L outcome,GBM,Permutation fallback (InvalidModelError)
home_live_shots,4.9994348550243954e-05,6.620890723444019e-05,Task L outcome,GBM,Permutation fallback (InvalidModelError)
away_live_corners,4.991425795734447e-05,6.404411413629995e-05,Task L outcome,GBM,Permutation fallback (InvalidModelError)
live_diff_shots_on_target,3.525774558960175e-05,0.00019481827492622404,Task L outcome,GBM,Permutation fallback (InvalidModelError)
away_live_carries,3.524408180493275e-05,4.456543530871299e-05,Task L outcome,GBM,Permutation fallback (InvalidModelError)
home_live_final_third_entries_last10,2.903880473597668e-05,2.787650584399462e-06,Task L outcome,GBM,Permutation fallback (InvalidModelError)
away_live_passes,2.8761320918729848e-05,1.6793302941973346e-05,Task L outcome,GBM,Permutation fallback (InvalidModelError)
home_live_fouls,2.686193300132737e-05,1.0284159767694187e-05,Task L outcome,GBM,Permutation fallback (InvalidModelError)
home_red_cards_for_l5,2.3806907109156597e-05,7.15623576084239e-05,Task L outcome,GBM,Permutation fallback (InvalidModelError)
home_live_pressures,2.1292284377855593e-05,3.4891436470622145e-05,Task L outcome,GBM,Permutation fallback (InvalidModelError)
away_live_completed_passes,1.6942548675663813e-05,1.0647414500998386e-05,Task L outcome,GBM,Permutation fallback (InvalidModelError)
home_live_possession_share,1.5363155594620242e-05,2.542808181025392e-05,Task L outcome,GBM,Permutation fallback (InvalidModelError)
home_live_xg_last10,1.417760426220364e-05,8.115237975247153e-07,Task L outcome,GBM,Permutation fallback (InvalidModelError)
time_remaining_minutes,1.2539800395352958e-05,7.093885428416585e-05,Task L outcome,GBM,Permutation fallback (InvalidModelError)
away_live_shots,1.1505700587374305e-05,2.115161200654987e-05,Task L outcome,GBM,Permutation fallback (InvalidModelError)
live_diff_possession_share,5.364037198204996e-06,2.057884957498973e-05,Task L outcome,GBM,Permutation fallback (InvalidModelError)
away_live_possession_share,3.883838864396014e-06,3.0372064743331776e-05,Task L outcome,GBM,Permutation fallback (InvalidModelError)
away_live_final_third_entries,1.5257108858153974e-06,8.22509360992516e-06,Task L outcome,GBM,Permutation fallback (InvalidModelError)
home_live_xg_last5,5.34639742622948e-07,3.350867653896257e-06,Task L outcome,GBM,Permutation fallback (InvalidModelError)
snapshot_rank,2.0452971039401172e-07,1.5809444620543174e-06,Task L outcome,GBM,Permutation fallback (InvalidModelError)
missingindicator_away_shots_on_target_for_l10,0.0,0.0,Task L outcome,GBM,Permutation fallback (InvalidModelError)
missingindicator_away_shots_against_l10,0.0,0.0,Task L outcome,GBM,Permutation fallback (InvalidModelError)
missingindicator_away_xg_for_l10,0.0,0.0,Task L outcome,GBM,Permutation fallback (InvalidModelError)
missingindicator_away_xg_against_l10,0.0,0.0,Task L outcome,GBM,Permutation fallback (InvalidModelError)
missingindicator_away_passes_for_l10,0.0,0.0,Task L outcome,GBM,Permutation fallback (InvalidModelError)
missingindicator_away_pass_completion_for_l10,0.0,0.0,Task L outcome,GBM,Permutation fallback (InvalidModelError)
missingindicator_away_pressures_for_l10,0.0,0.0,Task L outcome,GBM,Permutation fallback (InvalidModelError)
missingindicator_away_final_third_entries_for_l10,0.0,0.0,Task L outcome,GBM,Permutation fallback (InvalidModelError)
missingindicator_away_red_cards_for_l10,0.0,3.6049298228350984e-05,Task L outcome,GBM,Permutation fallback (InvalidModelError)
missingindicator_away_goal_difference_l10,0.0,0.0,Task L outcome,GBM,Permutation fallback (InvalidModelError)
missingindicator_away_possession_share_l5,0.0,0.0,Task L outcome,GBM,Permutation fallback (InvalidModelError)
missingindicator_away_points_l10,0.0,0.0,Task L outcome,GBM,Permutation fallback (InvalidModelError)
missingindicator_away_goals_against_l10,0.0,0.0,Task L outcome,GBM,Permutation fallback (InvalidModelError)
missingindicator_away_goals_for_l10,0.0,7.171265661788786e-05,Task L outcome,GBM,Permutation fallback (InvalidModelError)
missingindicator_away_shots_for_l10,0.0,0.0,Task L outcome,GBM,Permutation fallback (InvalidModelError)
reference_second,0.0,2.0190256249034136e-05,Task L outcome,GBM,Permutation fallback (InvalidModelError)
snapshot_minute,0.0,3.0617390905372947e-05,Task L outcome,GBM,Permutation fallback (InvalidModelError)
snapshot_period,0.0,3.481268399765945e-05,Task L outcome,GBM,Permutation fallback (InvalidModelError)
home_live_final_third_entries_last5,0.0,0.0,Task L outcome,GBM,Permutation fallback (InvalidModelError)
home_live_pressures_last5,0.0,2.353704942424886e-06,Task L outcome,GBM,Permutation fallback (InvalidModelError)
home_live_shots_last5,0.0,0.0,Task L outcome,GBM,Permutation fallback (InvalidModelError)
home_live_shots_last10,0.0,0.0,Task L outcome,GBM,Permutation fallback (InvalidModelError)
home_live_pressures_last10,0.0,0.0,Task L outcome,GBM,Permutation fallback (InvalidModelError)
missingindicator_away_final_third_entries_for_l5,0.0,0.0,Task L outcome,GBM,Permutation fallback (InvalidModelError)
missingindicator_away_red_cards_for_l5,0.0,0.00010446289626029286,Task L outcome,GBM,Permutation fallback (InvalidModelError)
home_live_red_cards,0.0,0.00016497116921908065,Task L outcome,GBM,Permutation fallback (InvalidModelError)
away_missing_history_l3,0.0,0.0,Task L outcome,GBM,Permutation fallback (InvalidModelError)
away_red_cards_for_l3,0.0,2.1562268296280742e-05,Task L outcome,GBM,Permutation fallback (InvalidModelError)
missingindicator_diff_pressures_for_l5,0.0,0.0,Task L outcome,GBM,Permutation fallback (InvalidModelError)
missingindicator_diff_pass_completion_for_l5,0.0,5.09948939249103e-05,Task L outcome,GBM,Permutation fallback (InvalidModelError)
missingindicator_diff_shots_for_l5,0.0,0.0,Task L outcome,GBM,Permutation fallback (InvalidModelError)
missingindicator_diff_xg_for_l5,0.0,0.0,Task L outcome,GBM,Permutation fallback (InvalidModelError)
missingindicator_diff_goal_difference_l5,0.0,0.0,Task L outcome,GBM,Permutation fallback (InvalidModelError)
missingindicator_diff_points_l5,0.0,0.0,Task L outcome,GBM,Permutation fallback (InvalidModelError)
missingindicator_diff_xg_for_l3,0.0,0.0,Task L outcome,GBM,Permutation fallback (InvalidModelError)
missingindicator_diff_possession_share_l3,0.0,0.0,Task L outcome,GBM,Permutation fallback (InvalidModelError)
missingindicator_diff_pressures_for_l3,0.0,0.0,Task L outcome,GBM,Permutation fallback (InvalidModelError)
missingindicator_diff_pass_completion_for_l3,0.0,8.973590677789815e-05,Task L outcome,GBM,Permutation fallback (InvalidModelError)
missingindicator_diff_goal_difference_l3,0.0,0.0,Task L outcome,GBM,Permutation fallback (InvalidModelError)
missingindicator_diff_shots_for_l3,0.0,0.0,Task L outcome,GBM,Permutation fallback (InvalidModelError)
missingindicator_diff_points_l3,0.0,0.0,Task L outcome,GBM,Permutation fallback (InvalidModelError)
missingindicator_away_possession_share_l10,0.0,0.0,Task L outcome,GBM,Permutation fallback (InvalidModelError)
missingindicator_away_shots_on_target_against_l10,0.0,0.0,Task L outcome,GBM,Permutation fallback (InvalidModelError)
home_red_cards_for_l3,0.0,0.0,Task L outcome,GBM,Permutation fallback (InvalidModelError)
home_missing_history_l3,0.0,0.0,Task L outcome,GBM,Permutation fallback (InvalidModelError)
home_missing_history_l10,0.0,0.0,Task L outcome,GBM,Permutation fallback (InvalidModelError)
away_missing_history_l5,0.0,4.00744974832444e-06,Task L outcome,GBM,Permutation fallback (InvalidModelError)
home_missing_history_l5,0.0,0.0,Task L outcome,GBM,Permutation fallback (InvalidModelError)
away_missing_history_l10,0.0,0.0,Task L outcome,GBM,Permutation fallback (InvalidModelError)
away_live_shots_last5,0.0,0.0,Task L outcome,GBM,Permutation fallback (InvalidModelError)
away_live_pressures_last5,0.0,0.0,Task L outcome,GBM,Permutation fallback (InvalidModelError)
away_live_xg_last5,0.0,0.0,Task L outcome,GBM,Permutation fallback (InvalidModelError)
away_live_xg_last10,0.0,0.0,Task L outcome,GBM,Permutation fallback (InvalidModelError)
away_live_shots_last10,0.0,2.421574398908583e-06,Task L outcome,GBM,Permutation fallback (InvalidModelError)
away_live_pressures_last10,0.0,0.0,Task L outcome,GBM,Permutation fallback (InvalidModelError)
away_live_final_third_entries_last10,0.0,0.0,Task L outcome,GBM,Permutation fallback (InvalidModelError)
away_live_red_cards,0.0,0.0,Task L outcome,GBM,Permutation fallback (InvalidModelError)
away_history_matches_before,0.0,7.84733869796411e-05,Task L outcome,GBM,Permutation fallback (InvalidModelError)
live_diff_shots,0.0,0.0007690783622780582,Task L outcome,GBM,Permutation fallback (InvalidModelError)
man_advantage_home,0.0,0.0,Task L outcome,GBM,Permutation fallback (InvalidModelError)
live_diff_shots_last5,0.0,1.3469755426876364e-06,Task L outcome,GBM,Permutation fallback (InvalidModelError)
live_diff_xg_last5,0.0,0.0,Task L outcome,GBM,Permutation fallback (InvalidModelError)
live_diff_pressures_last5,0.0,2.6562336504801406e-06,Task L outcome,GBM,Permutation fallback (InvalidModelError)
home_history_matches_before,0.0,0.00011718345259868523,Task L outcome,GBM,Permutation fallback (InvalidModelError)
missingindicator_home_live_pass_completion,0.0,0.0,Task L outcome,GBM,Permutation fallback (InvalidModelError)
missingindicator_away_live_pass_completion,0.0,0.0,Task L outcome,GBM,Permutation fallback (InvalidModelError)
missingindicator_home_rest_days,0.0,0.0,Task L outcome,GBM,Permutation fallback (InvalidModelError)
missingindicator_home_points_l3,0.0,5.7634388498803654e-05,Task L outcome,GBM,Permutation fallback (InvalidModelError)
missingindicator_home_goals_for_l3,0.0,3.839164173630173e-06,Task L outcome,GBM,Permutation fallback (InvalidModelError)
missingindicator_home_goals_against_l3,0.0,0.0,Task L outcome,GBM,Permutation fallback (InvalidModelError)
missingindicator_home_goal_difference_l3,0.0,0.0,Task L outcome,GBM,Permutation fallback (InvalidModelError)
missingindicator_home_shots_for_l3,0.0,7.536237568201662e-05,Task L outcome,GBM,Permutation fallback (InvalidModelError)
missingindicator_home_shots_against_l3,0.0,0.0,Task L outcome,GBM,Permutation fallback (InvalidModelError)
missingindicator_home_shots_on_target_for_l3,0.0,0.0,Task L outcome,GBM,Permutation fallback (InvalidModelError)
missingindicator_home_shots_on_target_against_l3,0.0,0.0,Task L outcome,GBM,Permutation fallback (InvalidModelError)
missingindicator_home_xg_for_l3,0.0,0.0,Task L outcome,GBM,Permutation fallback (InvalidModelError)
missingindicator_home_xg_against_l3,0.0,0.00010669785041805626,Task L outcome,GBM,Permutation fallback (InvalidModelError)
missingindicator_home_passes_for_l3,0.0,0.0,Task L outcome,GBM,Permutation fallback (InvalidModelError)
missingindicator_home_pass_completion_for_l3,0.0,1.1886955545336593e-05,Task L outcome,GBM,Permutation fallback (InvalidModelError)
missingindicator_home_pressures_for_l3,0.0,9.126586570556771e-05,Task L outcome,GBM,Permutation fallback (InvalidModelError)
missingindicator_home_final_third_entries_for_l3,0.0,0.0,Task L outcome,GBM,Permutation fallback (InvalidModelError)
missingindicator_home_red_cards_for_l3,0.0,0.0,Task L outcome,GBM,Permutation fallback (InvalidModelError)
missingindicator_home_possession_share_l3,0.0,0.0,Task L outcome,GBM,Permutation fallback (InvalidModelError)
missingindicator_home_points_l5,0.0,0.0,Task L outcome,GBM,Permutation fallback (InvalidModelError)
missingindicator_home_goals_for_l5,0.0,0.0,Task L outcome,GBM,Permutation fallback (InvalidModelError)
missingindicator_home_goals_against_l5,0.0,0.0,Task L outcome,GBM,Permutation fallback (InvalidModelError)
missingindicator_home_goal_difference_l5,0.0,5.252787685990817e-06,Task L outcome,GBM,Permutation fallback (InvalidModelError)
missingindicator_home_shots_for_l5,0.0,4.2818904440153395e-05,Task L outcome,GBM,Permutation fallback (InvalidModelError)
missingindicator_home_shots_against_l5,0.0,6.79681739458131e-05,Task L outcome,GBM,Permutation fallback (InvalidModelError)
missingindicator_home_shots_on_target_for_l5,0.0,0.0,Task L outcome,GBM,Permutation fallback (InvalidModelError)
missingindicator_home_shots_on_target_against_l5,0.0,0.0,Task L outcome,GBM,Permutation fallback (InvalidModelError)
missingindicator_home_xg_for_l5,0.0,4.445255446826014e-05,Task L outcome,GBM,Permutation fallback (InvalidModelError)
missingindicator_home_xg_against_l5,0.0,9.751937498233472e-05,Task L outcome,GBM,Permutation fallback (InvalidModelError)
missingindicator_home_passes_for_l5,0.0,5.889688345065602e-05,Task L outcome,GBM,Permutation fallback (InvalidModelError)
missingindicator_home_pass_completion_for_l5,0.0,0.0,Task L outcome,GBM,Permutation fallback (InvalidModelError)
missingindicator_home_pressures_for_l5,0.0,0.0,Task L outcome,GBM,Permutation fallback (InvalidModelError)
missingindicator_home_final_third_entries_for_l5,0.0,0.0,Task L outcome,GBM,Permutation fallback (InvalidModelError)
missingindicator_home_red_cards_for_l5,0.0,0.0,Task L outcome,GBM,Permutation fallback (InvalidModelError)
missingindicator_home_possession_share_l5,0.0,0.0,Task L outcome,GBM,Permutation fallback (InvalidModelError)
missingindicator_home_points_l10,0.0,0.0,Task L outcome,GBM,Permutation fallback (InvalidModelError)
missingindicator_home_goals_for_l10,0.0,0.0,Task L outcome,GBM,Permutation fallback (InvalidModelError)
missingindicator_home_goals_against_l10,0.0,0.0,Task L outcome,GBM,Permutation fallback (InvalidModelError)
missingindicator_home_goal_difference_l10,0.0,0.0,Task L outcome,GBM,Permutation fallback (InvalidModelError)
missingindicator_home_shots_for_l10,0.0,0.0,Task L outcome,GBM,Permutation fallback (InvalidModelError)
missingindicator_home_shots_against_l10,0.0,0.0,Task L outcome,GBM,Permutation fallback (InvalidModelError)
missingindicator_home_shots_on_target_for_l10,0.0,0.0,Task L outcome,GBM,Permutation fallback (InvalidModelError)
missingindicator_home_shots_on_target_against_l10,0.0,0.0,Task L outcome,GBM,Permutation fallback (InvalidModelError)
missingindicator_home_xg_for_l10,0.0,0.0,Task L outcome,GBM,Permutation fallback (InvalidModelError)
missingindicator_home_xg_against_l10,0.0,0.0,Task L outcome,GBM,Permutation fallback (InvalidModelError)
missingindicator_home_passes_for_l10,0.0,0.0,Task L outcome,GBM,Permutation fallback (InvalidModelError)
missingindicator_home_pass_completion_for_l10,0.0,0.0,Task L outcome,GBM,Permutation fallback (InvalidModelError)
missingindicator_home_pressures_for_l10,0.0,7.705370102950301e-05,Task L outcome,GBM,Permutation fallback (InvalidModelError)
missingindicator_home_final_third_entries_for_l10,0.0,0.0,Task L outcome,GBM,Permutation fallback (InvalidModelError)
missingindicator_home_red_cards_for_l10,0.0,0.0,Task L outcome,GBM,Permutation fallback (InvalidModelError)
missingindicator_home_possession_share_l10,0.0,0.0,Task L outcome,GBM,Permutation fallback (InvalidModelError)
missingindicator_away_rest_days,0.0,6.347655360367965e-05,Task L outcome,GBM,Permutation fallback (InvalidModelError)
missingindicator_away_points_l3,0.0,5.564863799431953e-05,Task L outcome,GBM,Permutation fallback (InvalidModelError)
missingindicator_away_goals_for_l3,0.0,3.989955678148429e-05,Task L outcome,GBM,Permutation fallback (InvalidModelError)
missingindicator_away_goals_against_l3,0.0,0.0,Task L outcome,GBM,Permutation fallback (InvalidModelError)
missingindicator_away_goal_difference_l3,0.0,0.0,Task L outcome,GBM,Permutation fallback (InvalidModelError)
missingindicator_away_shots_for_l3,0.0,0.0,Task L outcome,GBM,Permutation fallback (InvalidModelError)
missingindicator_away_shots_against_l3,0.0,0.0,Task L outcome,GBM,Permutation fallback (InvalidModelError)
missingindicator_away_shots_on_target_for_l3,0.0,0.0,Task L outcome,GBM,Permutation fallback (InvalidModelError)
missingindicator_away_shots_on_target_against_l3,0.0,0.0,Task L outcome,GBM,Permutation fallback (InvalidModelError)
missingindicator_away_xg_for_l3,0.0,0.0,Task L outcome,GBM,Permutation fallback (InvalidModelError)
missingindicator_away_xg_against_l3,0.0,5.2592136204158175e-05,Task L outcome,GBM,Permutation fallback (InvalidModelError)
missingindicator_away_passes_for_l3,0.0,8.216177524790714e-06,Task L outcome,GBM,Permutation fallback (InvalidModelError)
missingindicator_away_pass_completion_for_l3,0.0,0.0,Task L outcome,GBM,Permutation fallback (InvalidModelError)
missingindicator_away_pressures_for_l3,0.0,5.0598860602768606e-05,Task L outcome,GBM,Permutation fallback (InvalidModelError)
missingindicator_away_final_third_entries_for_l3,0.0,6.932905867064403e-05,Task L outcome,GBM,Permutation fallback (InvalidModelError)
missingindicator_away_red_cards_for_l3,0.0,0.0,Task L outcome,GBM,Permutation fallback (InvalidModelError)
missingindicator_away_possession_share_l3,0.0,0.0,Task L outcome,GBM,Permutation fallback (InvalidModelError)
missingindicator_away_points_l5,0.0,0.0,Task L outcome,GBM,Permutation fallback (InvalidModelError)
missingindicator_away_goals_for_l5,0.0,0.0,Task L outcome,GBM,Permutation fallback (InvalidModelError)
missingindicator_away_goals_against_l5,0.0,0.0,Task L outcome,GBM,Permutation fallback (InvalidModelError)
missingindicator_away_goal_difference_l5,0.0,0.0,Task L outcome,GBM,Permutation fallback (InvalidModelError)
missingindicator_away_shots_for_l5,0.0,0.0,Task L outcome,GBM,Permutation fallback (InvalidModelError)
missingindicator_away_shots_against_l5,0.0,6.821786501695975e-05,Task L outcome,GBM,Permutation fallback (InvalidModelError)
missingindicator_away_shots_on_target_for_l5,0.0,3.512208196289236e-05,Task L outcome,GBM,Permutation fallback (InvalidModelError)
missingindicator_away_shots_on_target_against_l5,0.0,0.0,Task L outcome,GBM,Permutation fallback (InvalidModelError)
missingindicator_away_xg_for_l5,0.0,0.0,Task L outcome,GBM,Permutation fallback (InvalidModelError)
missingindicator_away_xg_against_l5,0.0,0.0,Task L outcome,GBM,Permutation fallback (InvalidModelError)
missingindicator_away_passes_for_l5,0.0,0.0,Task L outcome,GBM,Permutation fallback (InvalidModelError)
missingindicator_away_pass_completion_for_l5,0.0,0.0,Task L outcome,GBM,Permutation fallback (InvalidModelError)
missingindicator_away_pressures_for_l5,0.0,0.0,Task L outcome,GBM,Permutation fallback (InvalidModelError)
missingindicator_diff_possession_share_l5,0.0,0.0,Task L outcome,GBM,Permutation fallback (InvalidModelError)
missingindicator_diff_points_l10,0.0,0.0,Task L outcome,GBM,Permutation fallback (InvalidModelError)
missingindicator_diff_goal_difference_l10,0.0,0.0,Task L outcome,GBM,Permutation fallback (InvalidModelError)
missingindicator_diff_shots_for_l10,0.0,8.329893619852682e-05,Task L outcome,GBM,Permutation fallback (InvalidModelError)
missingindicator_diff_xg_for_l10,0.0,0.0,Task L outcome,GBM,Permutation fallback (InvalidModelError)
missingindicator_diff_pass_completion_for_l10,0.0,0.0,Task L outcome,GBM,Permutation fallback (InvalidModelError)
missingindicator_diff_pressures_for_l10,0.0,0.0,Task L outcome,GBM,Permutation fallback (InvalidModelError)
missingindicator_diff_possession_share_l10,0.0,3.23508654835823e-05,Task L outcome,GBM,Permutation fallback (InvalidModelError)
missingindicator_rest_days_difference,0.0,0.0,Task L outcome,GBM,Permutation fallback (InvalidModelError)
current_goal_difference,0.18218083562888207,0.031230725347995758,Task L outcome,XGBoost,Permutation fallback (ValueError)
diff_xg_for_l3,0.04168262477094929,0.009871125221252441,Task L outcome,XGBoost,Permutation fallback (ValueError)
diff_pressures_for_l3,0.027524795183291036,0.008098393678665161,Task L outcome,XGBoost,Permutation fallback (ValueError)
current_away_score,0.027481779859711727,0.014253790490329266,Task L outcome,XGBoost,Permutation fallback (ValueError)
away_pass_completion_for_l3,0.019614831324045855,0.005591410677880049,Task L outcome,XGBoost,Permutation fallback (ValueError)
p1_away_con_away,0.01937137719119589,0.00537461880594492,Task L outcome,XGBoost,Permutation fallback (ValueError)
p1_away_con_total,0.01885540567959348,0.006991155445575714,Task L outcome,XGBoost,Permutation fallback (ValueError)
home_shots_on_target_for_l3,0.018647874085232614,0.00549719762057066,Task L outcome,XGBoost,Permutation fallback (ValueError)
home_goals_for_l5,0.01858444674313069,0.006138633005321026,Task L outcome,XGBoost,Permutation fallback (ValueError)
home_final_third_entries_for_l3,0.01671862367043893,0.005651719868183136,Task L outcome,XGBoost,Permutation fallback (ValueError)
home_shots_on_target_against_l3,0.014958569125582773,0.006393318995833397,Task L outcome,XGBoost,Permutation fallback (ValueError)
away_shots_on_target_for_l10,0.014119148576011258,0.010427448898553848,Task L outcome,XGBoost,Permutation fallback (ValueError)
p1_away_scr_home,0.01409973267962535,0.005755630787461996,Task L outcome,XGBoost,Permutation fallback (ValueError)
away_goal_difference_l10,0.013635522552455471,0.006719412747770548,Task L outcome,XGBoost,Permutation fallback (ValueError)
away_pass_completion_for_l10,0.012198218156273167,0.012047633528709412,Task L outcome,XGBoost,Permutation fallback (ValueError)
home_live_xg,0.011901793383061887,0.01106309425085783,Task L outcome,XGBoost,Permutation fallback (ValueError)
away_xg_against_l3,0.01172295657110711,0.0061486391350626945,Task L outcome,XGBoost,Permutation fallback (ValueError)
p1_home_con_away,0.01161191831932714,0.004155452828854322,Task L outcome,XGBoost,Permutation fallback (ValueError)
p1_home_con_total,0.011540471531761189,0.007288768887519836,Task L outcome,XGBoost,Permutation fallback (ValueError)
away_final_third_entries_for_l10,0.011480613168329,0.007372601423412561,Task L outcome,XGBoost,Permutation fallback (ValueError)
away_shots_on_target_for_l5,0.011436942482367159,0.004386185202747583,Task L outcome,XGBoost,Permutation fallback (ValueError)
home_pass_completion_for_l5,0.011237444423759976,0.006414651405066252,Task L outcome,XGBoost,Permutation fallback (ValueError)
away_possession_share_l3,0.011179968687084808,0.006930488161742687,Task L outcome,XGBoost,Permutation fallback (ValueError)
home_final_third_entries_for_l5,0.009806904098019008,0.004839517176151276,Task L outcome,XGBoost,Permutation fallback (ValueError)
away_pressures_for_l5,0.008866026755422363,0.006835086736828089,Task L outcome,XGBoost,Permutation fallback (ValueError)
away_goals_against_l5,0.008463880963623523,0.005725768394768238,Task L outcome,XGBoost,Permutation fallback (ValueError)
home_pass_completion_for_l3,0.008372273353549342,0.004118703305721283,Task L outcome,XGBoost,Permutation fallback (ValueError)
home_rest_days,0.008364666576186819,0.004961252212524414,Task L outcome,XGBoost,Permutation fallback (ValueError)
live_diff_xg,0.008294143526504436,0.017156250774860382,Task L outcome,XGBoost,Permutation fallback (ValueError)
home_shots_on_target_against_l10,0.007663346298659833,0.006663469132035971,Task L outcome,XGBoost,Permutation fallback (ValueError)
diff_possession_share_l5,0.007389553050200153,0.006632126867771149,Task L outcome,XGBoost,Permutation fallback (ValueError)
diff_possession_share_l10,0.007221426034346226,0.00685885502025485,Task L outcome,XGBoost,Permutation fallback (ValueError)
home_shots_against_l5,0.006936717373629411,0.006428977474570274,Task L outcome,XGBoost,Permutation fallback (ValueError)
home_xg_for_l5,0.006803262430553634,0.005580032244324684,Task L outcome,XGBoost,Permutation fallback (ValueError)
home_shots_for_l3,0.006371401155367495,0.004212040454149246,Task L outcome,XGBoost,Permutation fallback (ValueError)
away_shots_against_l3,0.0060464436498780996,0.003122055670246482,Task L outcome,XGBoost,Permutation fallback (ValueError)
away_possession_share_l5,0.005989685418705137,0.007085745222866535,Task L outcome,XGBoost,Permutation fallback (ValueError)
away_shots_on_target_against_l3,0.005916855086262025,0.006012496538460255,Task L outcome,XGBoost,Permutation fallback (ValueError)
current_home_score,0.005884998839348551,0.011919370852410793,Task L outcome,XGBoost,Permutation fallback (ValueError)
diff_possession_share_l3,0.0058547111054261525,0.0056304121389985085,Task L outcome,XGBoost,Permutation fallback (ValueError)
home_xg_for_l3,0.005834542054062084,0.004675798583775759,Task L outcome,XGBoost,Permutation fallback (ValueError)
home_xg_against_l3,0.0056722837040821695,0.005092543084174395,Task L outcome,XGBoost,Permutation fallback (ValueError)
diff_goal_difference_l5,0.005458523599430916,0.005361745599657297,Task L outcome,XGBoost,Permutation fallback (ValueError)
home_passes_for_l3,0.005192448222388826,0.003973250277340412,Task L outcome,XGBoost,Permutation fallback (ValueError)
diff_xg_for_l10,0.004960030866786832,0.010177086107432842,Task L outcome,XGBoost,Permutation fallback (ValueError)
away_live_xg,0.0049306090759734245,0.012288152240216732,Task L outcome,XGBoost,Permutation fallback (ValueError)
home_shots_on_target_for_l5,0.004843333029498656,0.00592535175383091,Task L outcome,XGBoost,Permutation fallback (ValueError)
home_pressures_for_l5,0.004660288127760092,0.004039736930280924,Task L outcome,XGBoost,Permutation fallback (ValueError)
diff_goal_difference_l10,0.004628579810882601,0.008022858761250973,Task L outcome,XGBoost,Permutation fallback (ValueError)
home_goals_for_l10,0.004579544378444555,0.005207477603107691,Task L outcome,XGBoost,Permutation fallback (ValueError)
diff_pass_completion_for_l3,0.004479503804817792,0.006672793533653021,Task L outcome,XGBoost,Permutation fallback (ValueError)
home_pass_completion_for_l10,0.004350830163806674,0.0042920769192278385,Task L outcome,XGBoost,Permutation fallback (ValueError)
diff_pressures_for_l10,0.004333715427666899,0.005554184317588806,Task L outcome,XGBoost,Permutation fallback (ValueError)
away_xg_against_l10,0.004263269623120621,0.0064806388691067696,Task L outcome,XGBoost,Permutation fallback (ValueError)
diff_points_l10,0.004110239515081057,0.007074341643601656,Task L outcome,XGBoost,Permutation fallback (ValueError)
home_goal_difference_l5,0.004055173459773262,0.0047844029031693935,Task L outcome,XGBoost,Permutation fallback (ValueError)
home_possession_share_l5,0.003927884280681601,0.009109043516218662,Task L outcome,XGBoost,Permutation fallback (ValueError)
p1_home_rank_away,0.003909608624254662,0.006267425138503313,Task L outcome,XGBoost,Permutation fallback (ValueError)
away_xg_for_l3,0.003771828261514511,0.006075789220631123,Task L outcome,XGBoost,Permutation fallback (ValueError)
n_events_so_far,0.0036272234724213674,0.014781852252781391,Task L outcome,XGBoost,Permutation fallback (ValueError)
diff_shots_for_l3,0.0034161283156524144,0.005728039890527725,Task L outcome,XGBoost,Permutation fallback (ValueError)
home_shots_on_target_against_l5,0.003282825080056988,0.00358949089422822,Task L outcome,XGBoost,Permutation fallback (ValueError)
away_pressures_for_l3,0.003275136274285616,0.0035922741517424583,Task L outcome,XGBoost,Permutation fallback (ValueError)
diff_pass_completion_for_l5,0.0031515724125007775,0.004774143453687429,Task L outcome,XGBoost,Permutation fallback (ValueError)
away_passes_for_l10,0.003132587558279437,0.004594659432768822,Task L outcome,XGBoost,Permutation fallback (ValueError)
away_goals_for_l10,0.0029794280615945694,0.006550147198140621,Task L outcome,XGBoost,Permutation fallback (ValueError)
away_goals_against_l10,0.0029224188358833434,0.008331901393830776,Task L outcome,XGBoost,Permutation fallback (ValueError)
diff_points_l5,0.0029211361911147767,0.005993088241666555,Task L outcome,XGBoost,Permutation fallback (ValueError)
away_shots_for_l10,0.002818234151850152,0.004082781262695789,Task L outcome,XGBoost,Permutation fallback (ValueError)
away_pressures_for_l10,0.0027587005489816277,0.006365611217916012,Task L outcome,XGBoost,Permutation fallback (ValueError)
away_live_pressures,0.002731252541765574,0.011209987103939056,Task L outcome,XGBoost,Permutation fallback (ValueError)
p1_home_scr_home,0.002616613501682881,0.006355836521834135,Task L outcome,XGBoost,Permutation fallback (ValueError)
home_goals_for_l3,0.0025704236763219018,0.004872793797403574,Task L outcome,XGBoost,Permutation fallback (ValueError)
home_shots_against_l3,0.0025173847159991685,0.007627748418599367,Task L outcome,XGBoost,Permutation fallback (ValueError)
away_rest_days,0.0024989638129870122,0.0034115128219127655,Task L outcome,XGBoost,Permutation fallback (ValueError)
home_live_final_third_entries,0.002489685262242952,0.0034253455232828856,Task L outcome,XGBoost,Permutation fallback (ValueError)
home_xg_against_l5,0.002477013837546104,0.005505612585693598,Task L outcome,XGBoost,Permutation fallback (ValueError)
diff_shots_for_l10,0.002419771497448292,0.006072493735700846,Task L outcome,XGBoost,Permutation fallback (ValueError)
diff_pass_completion_for_l10,0.002355966944247485,0.005591234657913446,Task L outcome,XGBoost,Permutation fallback (ValueError)
away_final_third_entries_for_l3,0.002332043450946606,0.0031612084712833166,Task L outcome,XGBoost,Permutation fallback (ValueError)
rest_days_difference,0.0022062666229903712,0.004331196658313274,Task L outcome,XGBoost,Permutation fallback (ValueError)
p1_away_rank_home,0.0021814521346241226,0.004094208125025034,Task L outcome,XGBoost,Permutation fallback (ValueError)
p1_away_rank_total,0.0021752648235609266,0.004969063214957714,Task L outcome,XGBoost,Permutation fallback (ValueError)
diff_shots_for_l5,0.0021612647008150835,0.006877076346427202,Task L outcome,XGBoost,Permutation fallback (ValueError)
away_xg_against_l5,0.0021385101818790033,0.0048829494044184685,Task L outcome,XGBoost,Permutation fallback (ValueError)
home_pressures_for_l3,0.002035601242755849,0.003701970912516117,Task L outcome,XGBoost,Permutation fallback (ValueError)
away_possession_share_l10,0.001963819491366539,0.009777209721505642,Task L outcome,XGBoost,Permutation fallback (ValueError)
away_shots_for_l5,0.0018918142343560809,0.008385160006582737,Task L outcome,XGBoost,Permutation fallback (ValueError)
p1_home_con_home,0.0018800262132038746,0.00488800136372447,Task L outcome,XGBoost,Permutation fallback (ValueError)
away_goal_difference_l5,0.0017758608801911268,0.0059460923075675964,Task L outcome,XGBoost,Permutation fallback (ValueError)
diff_pressures_for_l5,0.0017555405447880388,0.004015270154923201,Task L outcome,XGBoost,Permutation fallback (ValueError)
away_goals_for_l5,0.0017087254098926985,0.003933850210160017,Task L outcome,XGBoost,Permutation fallback (ValueError)
p1_home_scr_total,0.001672853407139586,0.007611977867782116,Task L outcome,XGBoost,Permutation fallback (ValueError)
home_shots_on_target_for_l10,0.0016435777482887144,0.0028828263748437166,Task L outcome,XGBoost,Permutation fallback (ValueError)
home_goal_difference_l10,0.0015192828774452203,0.001023117802105844,Task L outcome,XGBoost,Permutation fallback (ValueError)
home_possession_share_l3,0.0015162956224133543,0.0050511350855231285,Task L outcome,XGBoost,Permutation fallback (ValueError)
away_passes_for_l3,0.0015125675406306967,0.003181871259585023,Task L outcome,XGBoost,Permutation fallback (ValueError)
home_goal_difference_l3,0.0014833288310716582,0.006663521286100149,Task L outcome,XGBoost,Permutation fallback (ValueError)
p1_away_scr_total,0.0014806623545785735,0.005411164835095406,Task L outcome,XGBoost,Permutation fallback (ValueError)
away_points_l10,0.0014773770632843096,0.0038806824013590813,Task L outcome,XGBoost,Permutation fallback (ValueError)
snapshot_minute,0.001452160838991399,0.014595577493309975,Task L outcome,XGBoost,Permutation fallback (ValueError)
home_goals_against_l3,0.0014480166782935473,0.005222582723945379,Task L outcome,XGBoost,Permutation fallback (ValueError)
away_live_shots,0.0014234585985541265,0.01371488906443119,Task L outcome,XGBoost,Permutation fallback (ValueError)
away_passes_for_l5,0.001407624114304784,0.003961917478591204,Task L outcome,XGBoost,Permutation fallback (ValueError)
away_shots_against_l10,0.0013880789919445905,0.004436153452843428,Task L outcome,XGBoost,Permutation fallback (ValueError)
away_live_final_third_entries,0.0013541578408330654,0.009969767183065414,Task L outcome,XGBoost,Permutation fallback (ValueError)
home_passes_for_l5,0.0013343679389605958,0.007093679625540972,Task L outcome,XGBoost,Permutation fallback (ValueError)
away_final_third_entries_for_l5,0.0013169102252771397,0.0064400299452245235,Task L outcome,XGBoost,Permutation fallback (ValueError)
home_points_l5,0.001310476265847684,0.003968730568885803,Task L outcome,XGBoost,Permutation fallback (ValueError)
away_pass_completion_for_l5,0.001307405847435201,0.004717372357845306,Task L outcome,XGBoost,Permutation fallback (ValueError)
home_goals_against_l5,0.0012456381364415083,0.006632811389863491,Task L outcome,XGBoost,Permutation fallback (ValueError)
home_points_l10,0.0012116233588506692,0.0050950120203197,Task L outcome,XGBoost,Permutation fallback (ValueError)
away_shots_on_target_against_l5,0.001160636254896719,0.00294868228957057,Task L outcome,XGBoost,Permutation fallback (ValueError)
home_shots_against_l10,0.0011531782907744264,0.0045732157304883,Task L outcome,XGBoost,Permutation fallback (ValueError)
home_live_pressures,0.001114291792114578,0.0338984951376915,Task L outcome,XGBoost,Permutation fallback (ValueError)
home_shots_for_l5,0.0010976146062215216,0.0051584201864898205,Task L outcome,XGBoost,Permutation fallback (ValueError)
away_xg_for_l10,0.0010945937298238292,0.0042976937256753445,Task L outcome,XGBoost,Permutation fallback (ValueError)
away_shots_on_target_against_l10,0.0010939070197443226,0.00486568920314312,Task L outcome,XGBoost,Permutation fallback (ValueError)
diff_xg_for_l5,0.0010924261348942937,0.002346860943362117,Task L outcome,XGBoost,Permutation fallback (ValueError)
home_xg_for_l10,0.001074869726474087,0.005757647100836039,Task L outcome,XGBoost,Permutation fallback (ValueError)
away_goals_for_l3,0.0010578786736975105,0.00367416488006711,Task L outcome,XGBoost,Permutation fallback (ValueError)
home_pressures_for_l10,0.0010143479413042378,0.004156830254942179,Task L outcome,XGBoost,Permutation fallback (ValueError)
away_xg_for_l5,0.0010128495472793775,0.0037631988525390625,Task L outcome,XGBoost,Permutation fallback (ValueError)
away_goal_difference_l3,0.000961141401901847,0.005024898797273636,Task L outcome,XGBoost,Permutation fallback (ValueError)
home_goals_against_l10,0.0009337966889142984,0.0052625746466219425,Task L outcome,XGBoost,Permutation fallback (ValueError)
p1_home_scr_away,0.0009315376194814801,0.008036128245294094,Task L outcome,XGBoost,Permutation fallback (ValueError)
home_possession_share_l10,0.0009076210198303028,0.005319227464497089,Task L outcome,XGBoost,Permutation fallback (ValueError)
away_live_pass_completion,0.0008617426641285411,0.0009472675155848265,Task L outcome,XGBoost,Permutation fallback (ValueError)
home_points_l3,0.00082799860214194,0.0029065124690532684,Task L outcome,XGBoost,Permutation fallback (ValueError)
live_diff_pressures,0.0008119115655620946,0.0024591232649981976,Task L outcome,XGBoost,Permutation fallback (ValueError)
away_red_cards_for_l10,0.0008042335379868732,0.0034816008992493153,Task L outcome,XGBoost,Permutation fallback (ValueError)
away_points_l5,0.000756326727569097,0.005318355746567249,Task L outcome,XGBoost,Permutation fallback (ValueError)
live_diff_final_third_entries,0.0007233386623362764,0.0021067438647150993,Task L outcome,XGBoost,Permutation fallback (ValueError)
p1_away_scr_away,0.0006325893420726092,0.0031051149126142263,Task L outcome,XGBoost,Permutation fallback (ValueError)
home_shots_for_l10,0.0006221418579419563,0.0025151087902486324,Task L outcome,XGBoost,Permutation fallback (ValueError)
away_shots_for_l3,0.0006131044812500534,0.006420370191335678,Task L outcome,XGBoost,Permutation fallback (ValueError)
diff_goal_difference_l3,0.0005918262613316331,0.002239109482616186,Task L outcome,XGBoost,Permutation fallback (ValueError)
home_live_pass_completion,0.0005908615297327472,0.0020855029579252005,Task L outcome,XGBoost,Permutation fallback (ValueError)
away_points_l3,0.0005816483224431683,0.0039397976361215115,Task L outcome,XGBoost,Permutation fallback (ValueError)
away_shots_on_target_for_l3,0.0005670592434083434,0.004378688987344503,Task L outcome,XGBoost,Permutation fallback (ValueError)
home_live_carries,0.00043531038860480513,0.007610850501805544,Task L outcome,XGBoost,Permutation fallback (ValueError)
diff_points_l3,0.00043039418756961784,0.0031932182610034943,Task L outcome,XGBoost,Permutation fallback (ValueError)
away_shots_against_l5,0.00039199412489930726,0.005013238172978163,Task L outcome,XGBoost,Permutation fallback (ValueError)
home_passes_for_l10,0.00035628857339421564,0.005888084415346384,Task L outcome,XGBoost,Permutation fallback (ValueError)
home_xg_against_l10,0.00034889165870846325,0.0077116647735238075,Task L outcome,XGBoost,Permutation fallback (ValueError)
away_goals_against_l3,0.0003367989907662169,0.003775488818064332,Task L outcome,XGBoost,Permutation fallback (ValueError)
p1_away_rank_away,0.00033569159917533987,0.008365154266357422,Task L outcome,XGBoost,Permutation fallback (ValueError)
home_live_shots_on_target,0.000330511845958732,0.009638714604079723,Task L outcome,XGBoost,Permutation fallback (ValueError)
p1_away_con_home,0.0003121694506456453,0.0038190213963389397,Task L outcome,XGBoost,Permutation fallback (ValueError)
away_live_passes,0.0003011596153179854,0.0014347496908158064,Task L outcome,XGBoost,Permutation fallback (ValueError)
away_live_fouls,0.00029231494044263995,0.007452038582414389,Task L outcome,XGBoost,Permutation fallback (ValueError)
p1_home_rank_total,0.0002468973559637898,0.005409393925219774,Task L outcome,XGBoost,Permutation fallback (ValueError)
away_live_corners,0.00013647789756457326,0.0009544763597659767,Task L outcome,XGBoost,Permutation fallback (ValueError)
home_red_cards_for_l3,0.00011670277112474462,0.004019842483103275,Task L outcome,XGBoost,Permutation fallback (ValueError)
live_diff_shots_on_target,0.00010058496768276469,0.015344175510108471,Task L outcome,XGBoost,Permutation fallback (ValueError)
home_red_cards_for_l10,9.74680297076709e-05,0.004132841248065233,Task L outcome,XGBoost,Permutation fallback (ValueError)
home_live_possession_share,8.910378813743597e-05,0.0006751441396772861,Task L outcome,XGBoost,Permutation fallback (ValueError)
away_red_cards_for_l3,4.827937732140621e-05,0.0038174379151314497,Task L outcome,XGBoost,Permutation fallback (ValueError)
away_live_completed_passes,3.8659671942392614e-05,0.00034028879599645734,Task L outcome,XGBoost,Permutation fallback (ValueError)
live_diff_shots,8.267263571422785e-06,0.004257803782820702,Task L outcome,XGBoost,Permutation fallback (ValueError)
home_final_third_entries_for_l10,4.1901469230646676e-06,0.002285174559801817,Task L outcome,XGBoost,Permutation fallback (ValueError)
missingindicator_away_red_cards_for_l5,0.0,0.0,Task L outcome,XGBoost,Permutation fallback (ValueError)
missingindicator_away_final_third_entries_for_l5,0.0,0.0,Task L outcome,XGBoost,Permutation fallback (ValueError)
home_live_shots_last5,0.0,0.0,Task L outcome,XGBoost,Permutation fallback (ValueError)
home_live_red_cards,0.0,0.0,Task L outcome,XGBoost,Permutation fallback (ValueError)
home_live_fouls,0.0,0.0,Task L outcome,XGBoost,Permutation fallback (ValueError)
home_live_pressures_last10,0.0,0.0,Task L outcome,XGBoost,Permutation fallback (ValueError)
away_live_shots_on_target,0.0,0.0,Task L outcome,XGBoost,Permutation fallback (ValueError)
home_live_final_third_entries_last10,0.0,0.0,Task L outcome,XGBoost,Permutation fallback (ValueError)
away_missing_history_l3,0.0,0.0,Task L outcome,XGBoost,Permutation fallback (ValueError)
missingindicator_diff_pressures_for_l5,0.0,0.0,Task L outcome,XGBoost,Permutation fallback (ValueError)
missingindicator_diff_pass_completion_for_l5,0.0,0.0,Task L outcome,XGBoost,Permutation fallback (ValueError)
missingindicator_diff_xg_for_l5,0.0,0.0,Task L outcome,XGBoost,Permutation fallback (ValueError)
missingindicator_diff_goal_difference_l5,0.0,0.0,Task L outcome,XGBoost,Permutation fallback (ValueError)
missingindicator_diff_shots_for_l5,0.0,0.0,Task L outcome,XGBoost,Permutation fallback (ValueError)
missingindicator_diff_points_l5,0.0,0.0,Task L outcome,XGBoost,Permutation fallback (ValueError)
missingindicator_diff_possession_share_l3,0.0,0.0,Task L outcome,XGBoost,Permutation fallback (ValueError)
missingindicator_diff_shots_for_l3,0.0,0.0,Task L outcome,XGBoost,Permutation fallback (ValueError)
missingindicator_diff_pressures_for_l3,0.0,0.0,Task L outcome,XGBoost,Permutation fallback (ValueError)
missingindicator_diff_pass_completion_for_l3,0.0,0.0,Task L outcome,XGBoost,Permutation fallback (ValueError)
missingindicator_diff_xg_for_l3,0.0,0.0,Task L outcome,XGBoost,Permutation fallback (ValueError)
missingindicator_diff_points_l3,0.0,0.0,Task L outcome,XGBoost,Permutation fallback (ValueError)
home_live_corners,0.0,0.0,Task L outcome,XGBoost,Permutation fallback (ValueError)
home_live_completed_passes,0.0,0.0,Task L outcome,XGBoost,Permutation fallback (ValueError)
home_live_passes,0.0,0.0,Task L outcome,XGBoost,Permutation fallback (ValueError)
reference_second,0.0,0.0,Task L outcome,XGBoost,Permutation fallback (ValueError)
snapshot_period,0.0,0.0,Task L outcome,XGBoost,Permutation fallback (ValueError)
time_remaining_minutes,0.0,0.0,Task L outcome,XGBoost,Permutation fallback (ValueError)
home_live_shots,0.0,0.002794812433421612,Task L outcome,XGBoost,Permutation fallback (ValueError)
snapshot_rank,0.0,0.0,Task L outcome,XGBoost,Permutation fallback (ValueError)
home_live_xg_last10,0.0,0.0,Task L outcome,XGBoost,Permutation fallback (ValueError)
home_live_shots_last10,0.0,0.0,Task L outcome,XGBoost,Permutation fallback (ValueError)
home_live_final_third_entries_last5,0.0,0.0,Task L outcome,XGBoost,Permutation fallback (ValueError)
home_live_pressures_last5,0.0,0.0,Task L outcome,XGBoost,Permutation fallback (ValueError)
home_live_xg_last5,0.0,0.0,Task L outcome,XGBoost,Permutation fallback (ValueError)
missingindicator_away_goals_for_l10,0.0,0.0,Task L outcome,XGBoost,Permutation fallback (ValueError)
missingindicator_away_possession_share_l5,0.0,0.0,Task L outcome,XGBoost,Permutation fallback (ValueError)
missingindicator_away_goal_difference_l10,0.0,0.0,Task L outcome,XGBoost,Permutation fallback (ValueError)
missingindicator_away_shots_for_l10,0.0,0.0,Task L outcome,XGBoost,Permutation fallback (ValueError)
missingindicator_away_shots_against_l10,0.0,0.0,Task L outcome,XGBoost,Permutation fallback (ValueError)
missingindicator_away_points_l10,0.0,0.0,Task L outcome,XGBoost,Permutation fallback (ValueError)
home_red_cards_for_l5,0.0,0.0,Task L outcome,XGBoost,Permutation fallback (ValueError)
home_missing_history_l3,0.0,0.003922248724848032,Task L outcome,XGBoost,Permutation fallback (ValueError)
away_history_matches_before,0.0,0.0,Task L outcome,XGBoost,Permutation fallback (ValueError)
home_missing_history_l10,0.0,0.00029620618443004787,Task L outcome,XGBoost,Permutation fallback (ValueError)
away_red_cards_for_l5,0.0,0.0,Task L outcome,XGBoost,Permutation fallback (ValueError)
away_missing_history_l5,0.0,0.0,Task L outcome,XGBoost,Permutation fallback (ValueError)
home_missing_history_l5,0.0,0.0,Task L outcome,XGBoost,Permutation fallback (ValueError)
missingindicator_away_goals_against_l10,0.0,0.0,Task L outcome,XGBoost,Permutation fallback (ValueError)
missingindicator_away_shots_on_target_against_l10,0.0,0.0,Task L outcome,XGBoost,Permutation fallback (ValueError)
missingindicator_away_xg_for_l10,0.0,0.0,Task L outcome,XGBoost,Permutation fallback (ValueError)
missingindicator_away_xg_against_l10,0.0,0.0,Task L outcome,XGBoost,Permutation fallback (ValueError)
missingindicator_away_passes_for_l10,0.0,0.0,Task L outcome,XGBoost,Permutation fallback (ValueError)
missingindicator_away_pass_completion_for_l10,0.0,0.0,Task L outcome,XGBoost,Permutation fallback (ValueError)
missingindicator_away_pressures_for_l10,0.0,0.0,Task L outcome,XGBoost,Permutation fallback (ValueError)
missingindicator_away_final_third_entries_for_l10,0.0,0.0,Task L outcome,XGBoost,Permutation fallback (ValueError)
missingindicator_away_shots_on_target_for_l10,0.0,0.0,Task L outcome,XGBoost,Permutation fallback (ValueError)
missingindicator_away_red_cards_for_l10,0.0,0.0,Task L outcome,XGBoost,Permutation fallback (ValueError)
missingindicator_away_possession_share_l10,0.0,0.0,Task L outcome,XGBoost,Permutation fallback (ValueError)
missingindicator_diff_goal_difference_l3,0.0,0.0,Task L outcome,XGBoost,Permutation fallback (ValueError)
away_live_possession_share,0.0,0.0,Task L outcome,XGBoost,Permutation fallback (ValueError)
away_live_xg_last5,0.0,0.0,Task L outcome,XGBoost,Permutation fallback (ValueError)
away_live_shots_last5,0.0,0.0,Task L outcome,XGBoost,Permutation fallback (ValueError)
away_live_shots_last10,0.0,0.0,Task L outcome,XGBoost,Permutation fallback (ValueError)
away_live_final_third_entries_last5,0.0,0.0,Task L outcome,XGBoost,Permutation fallback (ValueError)
man_advantage_home,0.0,0.0,Task L outcome,XGBoost,Permutation fallback (ValueError)
away_live_final_third_entries_last10,0.0,0.0,Task L outcome,XGBoost,Permutation fallback (ValueError)
away_live_pressures_last10,0.0,0.0,Task L outcome,XGBoost,Permutation fallback (ValueError)
away_live_red_cards,0.0,0.0,Task L outcome,XGBoost,Permutation fallback (ValueError)
away_live_xg_last10,0.0,0.0,Task L outcome,XGBoost,Permutation fallback (ValueError)
away_live_pressures_last5,0.0,0.0,Task L outcome,XGBoost,Permutation fallback (ValueError)
away_missing_history_l10,0.0,0.0,Task L outcome,XGBoost,Permutation fallback (ValueError)
away_live_carries,0.0,0.0018798658857122064,Task L outcome,XGBoost,Permutation fallback (ValueError)
home_history_matches_before,0.0,0.0033474634401500225,Task L outcome,XGBoost,Permutation fallback (ValueError)
live_diff_pressures_last5,0.0,0.0,Task L outcome,XGBoost,Permutation fallback (ValueError)
live_diff_xg_last5,0.0,0.0,Task L outcome,XGBoost,Permutation fallback (ValueError)
live_diff_shots_last5,0.0,0.0,Task L outcome,XGBoost,Permutation fallback (ValueError)
live_diff_possession_share,0.0,0.0,Task L outcome,XGBoost,Permutation fallback (ValueError)
p1_home_rank_home,0.0,0.0,Task L outcome,XGBoost,Permutation fallback (ValueError)
missingindicator_home_live_pass_completion,0.0,0.0,Task L outcome,XGBoost,Permutation fallback (ValueError)
missingindicator_away_live_pass_completion,0.0,0.0,Task L outcome,XGBoost,Permutation fallback (ValueError)
missingindicator_home_rest_days,0.0,0.0,Task L outcome,XGBoost,Permutation fallback (ValueError)
missingindicator_home_points_l3,0.0,0.0,Task L outcome,XGBoost,Permutation fallback (ValueError)
missingindicator_home_goals_for_l3,0.0,0.0,Task L outcome,XGBoost,Permutation fallback (ValueError)
missingindicator_home_goals_against_l3,0.0,0.0,Task L outcome,XGBoost,Permutation fallback (ValueError)
missingindicator_home_goal_difference_l3,0.0,0.0,Task L outcome,XGBoost,Permutation fallback (ValueError)
missingindicator_home_shots_for_l3,0.0,0.0,Task L outcome,XGBoost,Permutation fallback (ValueError)
missingindicator_home_shots_against_l3,0.0,0.0,Task L outcome,XGBoost,Permutation fallback (ValueError)
missingindicator_home_shots_on_target_for_l3,0.0,0.0,Task L outcome,XGBoost,Permutation fallback (ValueError)
missingindicator_home_shots_on_target_against_l3,0.0,0.0,Task L outcome,XGBoost,Permutation fallback (ValueError)
missingindicator_home_xg_for_l3,0.0,0.0,Task L outcome,XGBoost,Permutation fallback (ValueError)
missingindicator_home_xg_against_l3,0.0,0.0,Task L outcome,XGBoost,Permutation fallback (ValueError)
missingindicator_home_passes_for_l3,0.0,0.0,Task L outcome,XGBoost,Permutation fallback (ValueError)
missingindicator_home_pass_completion_for_l3,0.0,0.0,Task L outcome,XGBoost,Permutation fallback (ValueError)
missingindicator_home_pressures_for_l3,0.0,0.0,Task L outcome,XGBoost,Permutation fallback (ValueError)
missingindicator_home_final_third_entries_for_l3,0.0,0.0,Task L outcome,XGBoost,Permutation fallback (ValueError)
missingindicator_home_red_cards_for_l3,0.0,0.0,Task L outcome,XGBoost,Permutation fallback (ValueError)
missingindicator_home_possession_share_l3,0.0,0.0,Task L outcome,XGBoost,Permutation fallback (ValueError)
missingindicator_home_points_l5,0.0,0.0,Task L outcome,XGBoost,Permutation fallback (ValueError)
missingindicator_home_goals_for_l5,0.0,0.0,Task L outcome,XGBoost,Permutation fallback (ValueError)
missingindicator_home_goals_against_l5,0.0,0.0,Task L outcome,XGBoost,Permutation fallback (ValueError)
missingindicator_home_goal_difference_l5,0.0,0.0,Task L outcome,XGBoost,Permutation fallback (ValueError)
missingindicator_home_shots_for_l5,0.0,0.0,Task L outcome,XGBoost,Permutation fallback (ValueError)
missingindicator_home_shots_against_l5,0.0,0.0,Task L outcome,XGBoost,Permutation fallback (ValueError)
missingindicator_home_shots_on_target_for_l5,0.0,0.0,Task L outcome,XGBoost,Permutation fallback (ValueError)
missingindicator_home_shots_on_target_against_l5,0.0,0.0,Task L outcome,XGBoost,Permutation fallback (ValueError)
missingindicator_home_xg_for_l5,0.0,0.0,Task L outcome,XGBoost,Permutation fallback (ValueError)
missingindicator_home_xg_against_l5,0.0,0.0,Task L outcome,XGBoost,Permutation fallback (ValueError)
missingindicator_home_passes_for_l5,0.0,0.0,Task L outcome,XGBoost,Permutation fallback (ValueError)
missingindicator_home_pass_completion_for_l5,0.0,0.0,Task L outcome,XGBoost,Permutation fallback (ValueError)
missingindicator_home_pressures_for_l5,0.0,0.0,Task L outcome,XGBoost,Permutation fallback (ValueError)
missingindicator_home_final_third_entries_for_l5,0.0,0.0,Task L outcome,XGBoost,Permutation fallback (ValueError)
missingindicator_home_red_cards_for_l5,0.0,0.0,Task L outcome,XGBoost,Permutation fallback (ValueError)
missingindicator_home_possession_share_l5,0.0,0.0,Task L outcome,XGBoost,Permutation fallback (ValueError)
missingindicator_home_points_l10,0.0,0.0,Task L outcome,XGBoost,Permutation fallback (ValueError)
missingindicator_home_goals_for_l10,0.0,0.0,Task L outcome,XGBoost,Permutation fallback (ValueError)
missingindicator_home_goals_against_l10,0.0,0.0,Task L outcome,XGBoost,Permutation fallback (ValueError)
missingindicator_home_goal_difference_l10,0.0,0.0,Task L outcome,XGBoost,Permutation fallback (ValueError)
missingindicator_home_shots_for_l10,0.0,0.0,Task L outcome,XGBoost,Permutation fallback (ValueError)
missingindicator_home_shots_against_l10,0.0,0.0,Task L outcome,XGBoost,Permutation fallback (ValueError)
missingindicator_home_shots_on_target_for_l10,0.0,0.0,Task L outcome,XGBoost,Permutation fallback (ValueError)
missingindicator_home_shots_on_target_against_l10,0.0,0.0,Task L outcome,XGBoost,Permutation fallback (ValueError)
missingindicator_home_xg_for_l10,0.0,0.0,Task L outcome,XGBoost,Permutation fallback (ValueError)
missingindicator_home_xg_against_l10,0.0,0.0,Task L outcome,XGBoost,Permutation fallback (ValueError)
missingindicator_home_passes_for_l10,0.0,0.0,Task L outcome,XGBoost,Permutation fallback (ValueError)
missingindicator_home_pass_completion_for_l10,0.0,0.0,Task L outcome,XGBoost,Permutation fallback (ValueError)
missingindicator_home_pressures_for_l10,0.0,0.0,Task L outcome,XGBoost,Permutation fallback (ValueError)
missingindicator_home_final_third_entries_for_l10,0.0,0.0,Task L outcome,XGBoost,Permutation fallback (ValueError)
missingindicator_home_red_cards_for_l10,0.0,0.0,Task L outcome,XGBoost,Permutation fallback (ValueError)
missingindicator_home_possession_share_l10,0.0,0.0,Task L outcome,XGBoost,Permutation fallback (ValueError)
missingindicator_away_rest_days,0.0,0.0,Task L outcome,XGBoost,Permutation fallback (ValueError)
missingindicator_away_points_l3,0.0,0.0,Task L outcome,XGBoost,Permutation fallback (ValueError)
missingindicator_away_goals_for_l3,0.0,0.0,Task L outcome,XGBoost,Permutation fallback (ValueError)
missingindicator_away_goals_against_l3,0.0,0.0,Task L outcome,XGBoost,Permutation fallback (ValueError)
missingindicator_away_goal_difference_l3,0.0,0.0,Task L outcome,XGBoost,Permutation fallback (ValueError)
missingindicator_away_shots_for_l3,0.0,0.0,Task L outcome,XGBoost,Permutation fallback (ValueError)
missingindicator_away_shots_against_l3,0.0,0.0,Task L outcome,XGBoost,Permutation fallback (ValueError)
missingindicator_away_shots_on_target_for_l3,0.0,0.0,Task L outcome,XGBoost,Permutation fallback (ValueError)
missingindicator_away_shots_on_target_against_l3,0.0,0.0,Task L outcome,XGBoost,Permutation fallback (ValueError)
missingindicator_away_xg_for_l3,0.0,0.0,Task L outcome,XGBoost,Permutation fallback (ValueError)
missingindicator_away_xg_against_l3,0.0,0.0,Task L outcome,XGBoost,Permutation fallback (ValueError)
missingindicator_away_passes_for_l3,0.0,0.0,Task L outcome,XGBoost,Permutation fallback (ValueError)
missingindicator_away_pass_completion_for_l3,0.0,0.0,Task L outcome,XGBoost,Permutation fallback (ValueError)
missingindicator_away_pressures_for_l3,0.0,0.0,Task L outcome,XGBoost,Permutation fallback (ValueError)
missingindicator_away_final_third_entries_for_l3,0.0,0.0,Task L outcome,XGBoost,Permutation fallback (ValueError)
missingindicator_away_red_cards_for_l3,0.0,0.0,Task L outcome,XGBoost,Permutation fallback (ValueError)
missingindicator_away_possession_share_l3,0.0,0.0,Task L outcome,XGBoost,Permutation fallback (ValueError)
missingindicator_away_points_l5,0.0,0.0,Task L outcome,XGBoost,Permutation fallback (ValueError)
missingindicator_away_goals_for_l5,0.0,0.0,Task L outcome,XGBoost,Permutation fallback (ValueError)
missingindicator_away_goals_against_l5,0.0,0.0,Task L outcome,XGBoost,Permutation fallback (ValueError)
missingindicator_away_goal_difference_l5,0.0,0.0,Task L outcome,XGBoost,Permutation fallback (ValueError)
missingindicator_away_shots_for_l5,0.0,0.0,Task L outcome,XGBoost,Permutation fallback (ValueError)
missingindicator_away_shots_against_l5,0.0,0.0,Task L outcome,XGBoost,Permutation fallback (ValueError)
missingindicator_away_shots_on_target_for_l5,0.0,0.0,Task L outcome,XGBoost,Permutation fallback (ValueError)
missingindicator_away_shots_on_target_against_l5,0.0,0.0,Task L outcome,XGBoost,Permutation fallback (ValueError)
missingindicator_away_xg_for_l5,0.0,0.0,Task L outcome,XGBoost,Permutation fallback (ValueError)
missingindicator_away_xg_against_l5,0.0,0.0,Task L outcome,XGBoost,Permutation fallback (ValueError)
missingindicator_away_passes_for_l5,0.0,0.0,Task L outcome,XGBoost,Permutation fallback (ValueError)
missingindicator_away_pass_completion_for_l5,0.0,0.0,Task L outcome,XGBoost,Permutation fallback (ValueError)
missingindicator_away_pressures_for_l5,0.0,0.0,Task L outcome,XGBoost,Permutation fallback (ValueError)
missingindicator_diff_possession_share_l5,0.0,0.0,Task L outcome,XGBoost,Permutation fallback (ValueError)
missingindicator_diff_points_l10,0.0,0.0,Task L outcome,XGBoost,Permutation fallback (ValueError)
missingindicator_diff_goal_difference_l10,0.0,0.0,Task L outcome,XGBoost,Permutation fallback (ValueError)
missingindicator_diff_shots_for_l10,0.0,0.0,Task L outcome,XGBoost,Permutation fallback (ValueError)
missingindicator_diff_xg_for_l10,0.0,0.0,Task L outcome,XGBoost,Permutation fallback (ValueError)
missingindicator_diff_pass_completion_for_l10,0.0,0.0,Task L outcome,XGBoost,Permutation fallback (ValueError)
missingindicator_diff_pressures_for_l10,0.0,0.0,Task L outcome,XGBoost,Permutation fallback (ValueError)
missingindicator_diff_possession_share_l10,0.0,0.0,Task L outcome,XGBoost,Permutation fallback (ValueError)
missingindicator_rest_days_difference,0.0,0.0,Task L outcome,XGBoost,Permutation fallback (ValueError)
current_goal_difference,0.18111548266892144,202.0,Task L outcome,LightGBM,Permutation fallback (ExplainerError)
diff_xg_for_l3,0.05071019706761794,82.0,Task L outcome,LightGBM,Permutation fallback (ExplainerError)
current_away_score,0.03107306247561976,43.0,Task L outcome,LightGBM,Permutation fallback (ExplainerError)
diff_pressures_for_l3,0.02716503922859963,51.0,Task L outcome,LightGBM,Permutation fallback (ExplainerError)
away_pass_completion_for_l3,0.02496078787500981,80.0,Task L outcome,LightGBM,Permutation fallback (ExplainerError)
p1_away_con_total,0.0229300854421255,59.0,Task L outcome,LightGBM,Permutation fallback (ExplainerError)
home_shots_on_target_for_l3,0.022779898953900948,73.0,Task L outcome,LightGBM,Permutation fallback (ExplainerError)
away_goal_difference_l10,0.022180475465442984,58.0,Task L outcome,LightGBM,Permutation fallback (ExplainerError)
p1_away_con_away,0.021159610859232895,54.0,Task L outcome,LightGBM,Permutation fallback (ExplainerError)
home_goals_for_l5,0.021157032393074874,51.0,Task L outcome,LightGBM,Permutation fallback (ExplainerError)
home_shots_on_target_against_l3,0.02063427646738972,104.0,Task L outcome,LightGBM,Permutation fallback (ExplainerError)
p1_home_con_away,0.01895152176054673,78.0,Task L outcome,LightGBM,Permutation fallback (ExplainerError)
away_pressures_for_l5,0.018394163987639194,35.0,Task L outcome,LightGBM,Permutation fallback (ExplainerError)
away_pass_completion_for_l10,0.016764197418464112,30.0,Task L outcome,LightGBM,Permutation fallback (ExplainerError)
home_final_third_entries_for_l5,0.015461482998194703,58.0,Task L outcome,LightGBM,Permutation fallback (ExplainerError)
p1_away_scr_home,0.015153416706223489,42.0,Task L outcome,LightGBM,Permutation fallback (ExplainerError)
home_pressures_for_l5,0.013745581205242309,21.0,Task L outcome,LightGBM,Permutation fallback (ExplainerError)
home_pass_completion_for_l5,0.013273988543757841,33.0,Task L outcome,LightGBM,Permutation fallback (ExplainerError)
home_final_third_entries_for_l3,0.012844847759443678,38.0,Task L outcome,LightGBM,Permutation fallback (ExplainerError)
away_shots_on_target_for_l5,0.012666168435428575,45.0,Task L outcome,LightGBM,Permutation fallback (ExplainerError)
away_shots_on_target_for_l10,0.012611705807179834,28.0,Task L outcome,LightGBM,Permutation fallback (ExplainerError)
home_pass_completion_for_l10,0.01184283689435663,26.0,Task L outcome,LightGBM,Permutation fallback (ExplainerError)
away_goals_against_l5,0.011271042719503084,39.0,Task L outcome,LightGBM,Permutation fallback (ExplainerError)
home_live_xg,0.011164407818292308,28.0,Task L outcome,LightGBM,Permutation fallback (ExplainerError)
away_shots_against_l3,0.010869403320671486,31.0,Task L outcome,LightGBM,Permutation fallback (ExplainerError)
home_xg_against_l3,0.010037294262697088,65.0,Task L outcome,LightGBM,Permutation fallback (ExplainerError)
p1_home_con_total,0.009829366266111821,50.0,Task L outcome,LightGBM,Permutation fallback (ExplainerError)
away_xg_against_l3,0.009710493946125508,39.0,Task L outcome,LightGBM,Permutation fallback (ExplainerError)
home_pass_completion_for_l3,0.009506041404985236,47.0,Task L outcome,LightGBM,Permutation fallback (ExplainerError)
diff_xg_for_l10,0.008972210054574385,38.0,Task L outcome,LightGBM,Permutation fallback (ExplainerError)
home_rest_days,0.008374507229758818,76.0,Task L outcome,LightGBM,Permutation fallback (ExplainerError)
home_xg_for_l5,0.00836272597930358,50.0,Task L outcome,LightGBM,Permutation fallback (ExplainerError)
diff_goal_difference_l5,0.008142777032740148,44.0,Task L outcome,LightGBM,Permutation fallback (ExplainerError)
home_shots_on_target_for_l5,0.008007543389279902,55.0,Task L outcome,LightGBM,Permutation fallback (ExplainerError)
away_possession_share_l3,0.007902532877478352,56.0,Task L outcome,LightGBM,Permutation fallback (ExplainerError)
home_shots_for_l3,0.007865759727164497,42.0,Task L outcome,LightGBM,Permutation fallback (ExplainerError)
away_final_third_entries_for_l10,0.007753244791638491,30.0,Task L outcome,LightGBM,Permutation fallback (ExplainerError)
diff_possession_share_l3,0.007679834301138571,30.0,Task L outcome,LightGBM,Permutation fallback (ExplainerError)
diff_possession_share_l10,0.0076559425927422336,25.0,Task L outcome,LightGBM,Permutation fallback (ExplainerError)
home_shots_against_l5,0.0075178666743481535,55.0,Task L outcome,LightGBM,Permutation fallback (ExplainerError)
diff_possession_share_l5,0.0073559988299749576,47.0,Task L outcome,LightGBM,Permutation fallback (ExplainerError)
away_possession_share_l5,0.00677347300034575,26.0,Task L outcome,LightGBM,Permutation fallback (ExplainerError)
home_xg_for_l3,0.006661511415712485,44.0,Task L outcome,LightGBM,Permutation fallback (ExplainerError)
home_passes_for_l3,0.006569743920061252,45.0,Task L outcome,LightGBM,Permutation fallback (ExplainerError)
home_shots_on_target_against_l10,0.006471646163710292,13.0,Task L outcome,LightGBM,Permutation fallback (ExplainerError)
live_diff_xg,0.006406134173813773,19.0,Task L outcome,LightGBM,Permutation fallback (ExplainerError)
diff_pressures_for_l10,0.006338954585905386,30.0,Task L outcome,LightGBM,Permutation fallback (ExplainerError)
diff_goal_difference_l10,0.006187124512659415,42.0,Task L outcome,LightGBM,Permutation fallback (ExplainerError)
p1_home_scr_home,0.005688633741854474,54.0,Task L outcome,LightGBM,Permutation fallback (ExplainerError)
away_live_pressures,0.0056386712244197255,9.0,Task L outcome,LightGBM,Permutation fallback (ExplainerError)
away_shots_on_target_against_l3,0.005548767521670772,58.0,Task L outcome,LightGBM,Permutation fallback (ExplainerError)
away_pressures_for_l3,0.005495223363699139,38.0,Task L outcome,LightGBM,Permutation fallback (ExplainerError)
p1_home_rank_away,0.005419354945484316,32.0,Task L outcome,LightGBM,Permutation fallback (ExplainerError)
away_shots_for_l10,0.005316018986487296,30.0,Task L outcome,LightGBM,Permutation fallback (ExplainerError)
away_xg_against_l10,0.005179275631235921,61.0,Task L outcome,LightGBM,Permutation fallback (ExplainerError)
p1_away_rank_total,0.005111082101008465,30.0,Task L outcome,LightGBM,Permutation fallback (ExplainerError)
diff_points_l5,0.005064704570755846,24.0,Task L outcome,LightGBM,Permutation fallback (ExplainerError)
n_events_so_far,0.005055426539822646,17.0,Task L outcome,LightGBM,Permutation fallback (ExplainerError)
away_goals_for_l3,0.004947927307032156,23.0,Task L outcome,LightGBM,Permutation fallback (ExplainerError)
away_goals_for_l10,0.004867851216843641,38.0,Task L outcome,LightGBM,Permutation fallback (ExplainerError)
diff_shots_for_l5,0.004825217059165647,20.0,Task L outcome,LightGBM,Permutation fallback (ExplainerError)
diff_pass_completion_for_l5,0.004731689160175597,16.0,Task L outcome,LightGBM,Permutation fallback (ExplainerError)
away_shots_on_target_against_l5,0.004544533135539417,25.0,Task L outcome,LightGBM,Permutation fallback (ExplainerError)
away_xg_for_l3,0.004471445804529048,49.0,Task L outcome,LightGBM,Permutation fallback (ExplainerError)
away_goals_for_l5,0.004467185625511255,20.0,Task L outcome,LightGBM,Permutation fallback (ExplainerError)
away_live_xg,0.004271035522284689,10.0,Task L outcome,LightGBM,Permutation fallback (ExplainerError)
away_xg_for_l5,0.004227880412308532,22.0,Task L outcome,LightGBM,Permutation fallback (ExplainerError)
p1_home_con_home,0.004046522022668056,16.0,Task L outcome,LightGBM,Permutation fallback (ExplainerError)
home_goal_difference_l5,0.004033483312953722,15.0,Task L outcome,LightGBM,Permutation fallback (ExplainerError)
away_goals_against_l10,0.004018628852250702,23.0,Task L outcome,LightGBM,Permutation fallback (ExplainerError)
p1_home_scr_total,0.003993331134018677,18.0,Task L outcome,LightGBM,Permutation fallback (ExplainerError)
home_goal_difference_l10,0.003987160925043165,23.0,Task L outcome,LightGBM,Permutation fallback (ExplainerError)
diff_pass_completion_for_l3,0.003897483581283184,29.0,Task L outcome,LightGBM,Permutation fallback (ExplainerError)
p1_away_rank_home,0.0038240676539923585,34.0,Task L outcome,LightGBM,Permutation fallback (ExplainerError)
home_xg_against_l5,0.003805525515588676,72.0,Task L outcome,LightGBM,Permutation fallback (ExplainerError)
home_possession_share_l5,0.003618151610028428,18.0,Task L outcome,LightGBM,Permutation fallback (ExplainerError)
away_xg_against_l5,0.0035440152117147943,19.0,Task L outcome,LightGBM,Permutation fallback (ExplainerError)
rest_days_difference,0.003538204152247959,63.0,Task L outcome,LightGBM,Permutation fallback (ExplainerError)
home_shots_on_target_against_l5,0.003530612682895055,22.0,Task L outcome,LightGBM,Permutation fallback (ExplainerError)
home_possession_share_l3,0.0035173427866873903,38.0,Task L outcome,LightGBM,Permutation fallback (ExplainerError)
diff_pass_completion_for_l10,0.003497956642473668,24.0,Task L outcome,LightGBM,Permutation fallback (ExplainerError)
current_home_score,0.0034914616427881946,5.0,Task L outcome,LightGBM,Permutation fallback (ExplainerError)
home_shots_on_target_for_l10,0.003482529764228835,31.0,Task L outcome,LightGBM,Permutation fallback (ExplainerError)
p1_away_scr_total,0.003384024358468479,11.0,Task L outcome,LightGBM,Permutation fallback (ExplainerError)
away_final_third_entries_for_l3,0.0032995264986992122,25.0,Task L outcome,LightGBM,Permutation fallback (ExplainerError)
home_live_final_third_entries,0.0032372595572256217,9.0,Task L outcome,LightGBM,Permutation fallback (ExplainerError)
home_goals_against_l3,0.003217304639278413,18.0,Task L outcome,LightGBM,Permutation fallback (ExplainerError)
home_shots_against_l3,0.003183697237784051,28.0,Task L outcome,LightGBM,Permutation fallback (ExplainerError)
diff_points_l10,0.003152258102294467,38.0,Task L outcome,LightGBM,Permutation fallback (ExplainerError)
away_xg_for_l10,0.003088959163413227,15.0,Task L outcome,LightGBM,Permutation fallback (ExplainerError)
home_shots_for_l5,0.003066105125893885,30.0,Task L outcome,LightGBM,Permutation fallback (ExplainerError)
away_pressures_for_l10,0.002869582831694606,25.0,Task L outcome,LightGBM,Permutation fallback (ExplainerError)
diff_shots_for_l3,0.002829390364197389,18.0,Task L outcome,LightGBM,Permutation fallback (ExplainerError)
diff_pressures_for_l5,0.002740111616819694,6.0,Task L outcome,LightGBM,Permutation fallback (ExplainerError)
home_pressures_for_l3,0.0026791858809559156,30.0,Task L outcome,LightGBM,Permutation fallback (ExplainerError)
away_shots_for_l5,0.002649269358588252,22.0,Task L outcome,LightGBM,Permutation fallback (ExplainerError)
away_possession_share_l10,0.0024845965542830517,13.0,Task L outcome,LightGBM,Permutation fallback (ExplainerError)
home_points_l3,0.0024820303384156224,16.0,Task L outcome,LightGBM,Permutation fallback (ExplainerError)
p1_home_scr_away,0.002477232377718103,13.0,Task L outcome,LightGBM,Permutation fallback (ExplainerError)
home_goals_for_l3,0.002157755917289735,17.0,Task L outcome,LightGBM,Permutation fallback (ExplainerError)
diff_shots_for_l10,0.002120309719712071,8.0,Task L outcome,LightGBM,Permutation fallback (ExplainerError)
away_live_final_third_entries,0.002097886394471684,4.0,Task L outcome,LightGBM,Permutation fallback (ExplainerError)
home_goal_difference_l3,0.002077301071482821,20.0,Task L outcome,LightGBM,Permutation fallback (ExplainerError)
home_points_l5,0.0020457774438753062,26.0,Task L outcome,LightGBM,Permutation fallback (ExplainerError)
away_rest_days,0.0018855508318379613,9.0,Task L outcome,LightGBM,Permutation fallback (ExplainerError)
away_passes_for_l3,0.0018847647079844843,14.0,Task L outcome,LightGBM,Permutation fallback (ExplainerError)
away_passes_for_l5,0.001793671900505795,27.0,Task L outcome,LightGBM,Permutation fallback (ExplainerError)
home_xg_for_l10,0.0017430515381630777,13.0,Task L outcome,LightGBM,Permutation fallback (ExplainerError)
live_diff_pressures,0.0017304523199439023,15.0,Task L outcome,LightGBM,Permutation fallback (ExplainerError)
home_goals_for_l10,0.0016617704003495182,11.0,Task L outcome,LightGBM,Permutation fallback (ExplainerError)
home_goals_against_l5,0.0015892991769717489,14.0,Task L outcome,LightGBM,Permutation fallback (ExplainerError)
home_goals_against_l10,0.001575759362769351,10.0,Task L outcome,LightGBM,Permutation fallback (ExplainerError)
home_points_l10,0.0014934178725210115,10.0,Task L outcome,LightGBM,Permutation fallback (ExplainerError)
away_goal_difference_l5,0.0013751857344197576,3.0,Task L outcome,LightGBM,Permutation fallback (ExplainerError)
away_goal_difference_l3,0.0012713398955502356,6.0,Task L outcome,LightGBM,Permutation fallback (ExplainerError)
diff_xg_for_l5,0.0012526271088027876,5.0,Task L outcome,LightGBM,Permutation fallback (ExplainerError)
diff_points_l3,0.0011925460582273568,29.0,Task L outcome,LightGBM,Permutation fallback (ExplainerError)
home_passes_for_l10,0.0010097719726847403,5.0,Task L outcome,LightGBM,Permutation fallback (ExplainerError)
away_pass_completion_for_l5,0.000997161720309131,4.0,Task L outcome,LightGBM,Permutation fallback (ExplainerError)
home_live_pass_completion,0.0009550898802770907,9.0,Task L outcome,LightGBM,Permutation fallback (ExplainerError)
away_points_l5,0.0009383200169824392,10.0,Task L outcome,LightGBM,Permutation fallback (ExplainerError)
away_shots_against_l10,0.0009155866537792353,22.0,Task L outcome,LightGBM,Permutation fallback (ExplainerError)
away_final_third_entries_for_l5,0.0009141806264063621,18.0,Task L outcome,LightGBM,Permutation fallback (ExplainerError)
away_red_cards_for_l10,0.000904620673737992,2.0,Task L outcome,LightGBM,Permutation fallback (ExplainerError)
home_pressures_for_l10,0.0008025672510395491,26.0,Task L outcome,LightGBM,Permutation fallback (ExplainerError)
home_shots_for_l10,0.0007867181890253659,9.0,Task L outcome,LightGBM,Permutation fallback (ExplainerError)
away_points_l10,0.0007292975068345503,6.0,Task L outcome,LightGBM,Permutation fallback (ExplainerError)
away_passes_for_l10,0.0007221301326500089,6.0,Task L outcome,LightGBM,Permutation fallback (ExplainerError)
home_shots_against_l10,0.0007099335105136234,12.0,Task L outcome,LightGBM,Permutation fallback (ExplainerError)
away_shots_against_l5,0.0006881946030695951,3.0,Task L outcome,LightGBM,Permutation fallback (ExplainerError)
home_passes_for_l5,0.000635784978678236,3.0,Task L outcome,LightGBM,Permutation fallback (ExplainerError)
away_shots_on_target_for_l3,0.000580047962755541,5.0,Task L outcome,LightGBM,Permutation fallback (ExplainerError)
away_shots_for_l3,0.0005461716053267951,7.0,Task L outcome,LightGBM,Permutation fallback (ExplainerError)
home_red_cards_for_l10,0.00047339031445937766,3.0,Task L outcome,LightGBM,Permutation fallback (ExplainerError)
p1_away_scr_away,0.0004278989180118142,12.0,Task L outcome,LightGBM,Permutation fallback (ExplainerError)
p1_home_rank_total,0.0004194616110909058,4.0,Task L outcome,LightGBM,Permutation fallback (ExplainerError)
diff_goal_difference_l3,0.0004166183493213317,5.0,Task L outcome,LightGBM,Permutation fallback (ExplainerError)
p1_home_rank_home,0.0004149519923543015,3.0,Task L outcome,LightGBM,Permutation fallback (ExplainerError)
away_points_l3,0.0004037622972825036,4.0,Task L outcome,LightGBM,Permutation fallback (ExplainerError)
p1_away_rank_away,0.000403306887635616,2.0,Task L outcome,LightGBM,Permutation fallback (ExplainerError)
away_shots_on_target_against_l10,0.00037557532476954677,5.0,Task L outcome,LightGBM,Permutation fallback (ExplainerError)
home_live_shots_on_target,0.00032986226380222057,1.0,Task L outcome,LightGBM,Permutation fallback (ExplainerError)
home_possession_share_l10,0.0003286744923277287,5.0,Task L outcome,LightGBM,Permutation fallback (ExplainerError)
live_diff_shots_on_target,0.00026550129974122264,2.0,Task L outcome,LightGBM,Permutation fallback (ExplainerError)
away_live_corners,0.0002578072902571082,5.0,Task L outcome,LightGBM,Permutation fallback (ExplainerError)
away_goals_against_l3,0.0002497365143446459,3.0,Task L outcome,LightGBM,Permutation fallback (ExplainerError)
p1_away_con_home,0.00024438829294315124,5.0,Task L outcome,LightGBM,Permutation fallback (ExplainerError)
home_final_third_entries_for_l10,0.000203110710706411,2.0,Task L outcome,LightGBM,Permutation fallback (ExplainerError)
away_live_possession_share,0.00016221555640889422,2.0,Task L outcome,LightGBM,Permutation fallback (ExplainerError)
home_red_cards_for_l3,0.00012876046833275404,1.0,Task L outcome,LightGBM,Permutation fallback (ExplainerError)
home_live_possession_share,0.00010869258151374254,3.0,Task L outcome,LightGBM,Permutation fallback (ExplainerError)
home_xg_against_l10,9.748137758192414e-05,3.0,Task L outcome,LightGBM,Permutation fallback (ExplainerError)
home_live_fouls,5.6568277233779923e-05,4.0,Task L outcome,LightGBM,Permutation fallback (ExplainerError)
away_live_carries,5.5220356616430176e-05,1.0,Task L outcome,LightGBM,Permutation fallback (ExplainerError)
live_diff_final_third_entries,1.9734788406559436e-05,1.0,Task L outcome,LightGBM,Permutation fallback (ExplainerError)
away_live_pressures_last10,8.161850846048295e-07,0.0,Task L outcome,LightGBM,Permutation fallback (ExplainerError)
home_live_pressures,0.0,0.0,Task L outcome,LightGBM,Permutation fallback (ExplainerError)
home_live_corners,0.0,0.0,Task L outcome,LightGBM,Permutation fallback (ExplainerError)
home_live_carries,0.0,0.0,Task L outcome,LightGBM,Permutation fallback (ExplainerError)
reference_second,0.0,0.0,Task L outcome,LightGBM,Permutation fallback (ExplainerError)
time_remaining_minutes,0.0,0.0,Task L outcome,LightGBM,Permutation fallback (ExplainerError)
snapshot_minute,0.0,0.0,Task L outcome,LightGBM,Permutation fallback (ExplainerError)
snapshot_rank,0.0,0.0,Task L outcome,LightGBM,Permutation fallback (ExplainerError)
snapshot_period,0.0,0.0,Task L outcome,LightGBM,Permutation fallback (ExplainerError)
home_live_completed_passes,0.0,0.0,Task L outcome,LightGBM,Permutation fallback (ExplainerError)
home_live_shots,0.0,0.0,Task L outcome,LightGBM,Permutation fallback (ExplainerError)
home_live_passes,0.0,0.0,Task L outcome,LightGBM,Permutation fallback (ExplainerError)
home_live_shots_last5,0.0,0.0,Task L outcome,LightGBM,Permutation fallback (ExplainerError)
home_live_red_cards,0.0,0.0,Task L outcome,LightGBM,Permutation fallback (ExplainerError)
missingindicator_diff_points_l3,0.0,0.0,Task L outcome,LightGBM,Permutation fallback (ExplainerError)
missingindicator_away_possession_share_l10,0.0,0.0,Task L outcome,LightGBM,Permutation fallback (ExplainerError)
missingindicator_away_red_cards_for_l10,0.0,0.0,Task L outcome,LightGBM,Permutation fallback (ExplainerError)
missingindicator_away_final_third_entries_for_l10,0.0,0.0,Task L outcome,LightGBM,Permutation fallback (ExplainerError)
missingindicator_away_pressures_for_l10,0.0,0.0,Task L outcome,LightGBM,Permutation fallback (ExplainerError)
missingindicator_away_pass_completion_for_l10,0.0,0.0,Task L outcome,LightGBM,Permutation fallback (ExplainerError)
missingindicator_away_passes_for_l10,0.0,0.0,Task L outcome,LightGBM,Permutation fallback (ExplainerError)
missingindicator_away_xg_against_l10,0.0,0.0,Task L outcome,LightGBM,Permutation fallback (ExplainerError)
missingindicator_away_xg_for_l10,0.0,0.0,Task L outcome,LightGBM,Permutation fallback (ExplainerError)
missingindicator_away_shots_on_target_against_l10,0.0,0.0,Task L outcome,LightGBM,Permutation fallback (ExplainerError)
missingindicator_away_shots_on_target_for_l10,0.0,0.0,Task L outcome,LightGBM,Permutation fallback (ExplainerError)
missingindicator_away_shots_against_l10,0.0,0.0,Task L outcome,LightGBM,Permutation fallback (ExplainerError)
missingindicator_away_shots_for_l10,0.0,0.0,Task L outcome,LightGBM,Permutation fallback (ExplainerError)
missingindicator_diff_goal_difference_l3,0.0,0.0,Task L outcome,LightGBM,Permutation fallback (ExplainerError)
missingindicator_diff_xg_for_l3,0.0,0.0,Task L outcome,LightGBM,Permutation fallback (ExplainerError)
missingindicator_diff_shots_for_l3,0.0,0.0,Task L outcome,LightGBM,Permutation fallback (ExplainerError)
missingindicator_away_goals_for_l10,0.0,0.0,Task L outcome,LightGBM,Permutation fallback (ExplainerError)
missingindicator_away_goals_against_l10,0.0,0.0,Task L outcome,LightGBM,Permutation fallback (ExplainerError)
missingindicator_away_goal_difference_l10,0.0,0.0,Task L outcome,LightGBM,Permutation fallback (ExplainerError)
home_live_xg_last5,0.0,0.0,Task L outcome,LightGBM,Permutation fallback (ExplainerError)
home_live_pressures_last5,0.0,0.0,Task L outcome,LightGBM,Permutation fallback (ExplainerError)
home_live_final_third_entries_last5,0.0,0.0,Task L outcome,LightGBM,Permutation fallback (ExplainerError)
home_live_shots_last10,0.0,0.0,Task L outcome,LightGBM,Permutation fallback (ExplainerError)
home_live_xg_last10,0.0,0.0,Task L outcome,LightGBM,Permutation fallback (ExplainerError)
home_live_pressures_last10,0.0,0.0,Task L outcome,LightGBM,Permutation fallback (ExplainerError)
home_live_final_third_entries_last10,0.0,0.0,Task L outcome,LightGBM,Permutation fallback (ExplainerError)
away_live_shots,0.0,0.0,Task L outcome,LightGBM,Permutation fallback (ExplainerError)
away_live_shots_on_target,0.0,0.0,Task L outcome,LightGBM,Permutation fallback (ExplainerError)
missingindicator_away_final_third_entries_for_l5,0.0,0.0,Task L outcome,LightGBM,Permutation fallback (ExplainerError)
missingindicator_away_red_cards_for_l5,0.0,0.0,Task L outcome,LightGBM,Permutation fallback (ExplainerError)
missingindicator_away_possession_share_l5,0.0,0.0,Task L outcome,LightGBM,Permutation fallback (ExplainerError)
missingindicator_away_points_l10,0.0,0.0,Task L outcome,LightGBM,Permutation fallback (ExplainerError)
away_history_matches_before,0.0,0.0,Task L outcome,LightGBM,Permutation fallback (ExplainerError)
home_missing_history_l10,0.0,0.0,Task L outcome,LightGBM,Permutation fallback (ExplainerError)
home_missing_history_l5,0.0,0.0,Task L outcome,LightGBM,Permutation fallback (ExplainerError)
away_missing_history_l5,0.0,0.0,Task L outcome,LightGBM,Permutation fallback (ExplainerError)
missingindicator_diff_pressures_for_l3,0.0,0.0,Task L outcome,LightGBM,Permutation fallback (ExplainerError)
missingindicator_diff_possession_share_l3,0.0,0.0,Task L outcome,LightGBM,Permutation fallback (ExplainerError)
missingindicator_diff_points_l5,0.0,0.0,Task L outcome,LightGBM,Permutation fallback (ExplainerError)
missingindicator_diff_pass_completion_for_l3,0.0,0.0,Task L outcome,LightGBM,Permutation fallback (ExplainerError)
missingindicator_diff_goal_difference_l5,0.0,0.0,Task L outcome,LightGBM,Permutation fallback (ExplainerError)
missingindicator_diff_shots_for_l5,0.0,0.0,Task L outcome,LightGBM,Permutation fallback (ExplainerError)
missingindicator_diff_pass_completion_for_l5,0.0,0.0,Task L outcome,LightGBM,Permutation fallback (ExplainerError)
missingindicator_diff_xg_for_l5,0.0,0.0,Task L outcome,LightGBM,Permutation fallback (ExplainerError)
missingindicator_diff_pressures_for_l5,0.0,0.0,Task L outcome,LightGBM,Permutation fallback (ExplainerError)
away_red_cards_for_l3,0.0,0.0,Task L outcome,LightGBM,Permutation fallback (ExplainerError)
away_missing_history_l3,0.0,0.0,Task L outcome,LightGBM,Permutation fallback (ExplainerError)
away_red_cards_for_l5,0.0,0.0,Task L outcome,LightGBM,Permutation fallback (ExplainerError)
away_live_red_cards,0.0,0.0,Task L outcome,LightGBM,Permutation fallback (ExplainerError)
away_live_fouls,0.0,0.0,Task L outcome,LightGBM,Permutation fallback (ExplainerError)
away_live_completed_passes,0.0,0.0,Task L outcome,LightGBM,Permutation fallback (ExplainerError)
away_live_pass_completion,0.0,0.0,Task L outcome,LightGBM,Permutation fallback (ExplainerError)
away_live_pressures_last5,0.0,0.0,Task L outcome,LightGBM,Permutation fallback (ExplainerError)
away_live_final_third_entries_last5,0.0,0.0,Task L outcome,LightGBM,Permutation fallback (ExplainerError)
away_live_xg_last5,0.0,0.0,Task L outcome,LightGBM,Permutation fallback (ExplainerError)
away_live_shots_last5,0.0,0.0,Task L outcome,LightGBM,Permutation fallback (ExplainerError)
away_live_xg_last10,0.0,0.0,Task L outcome,LightGBM,Permutation fallback (ExplainerError)
away_live_shots_last10,0.0,0.0,Task L outcome,LightGBM,Permutation fallback (ExplainerError)
man_advantage_home,0.0,0.0,Task L outcome,LightGBM,Permutation fallback (ExplainerError)
away_live_final_third_entries_last10,0.0,0.0,Task L outcome,LightGBM,Permutation fallback (ExplainerError)
away_missing_history_l10,0.0,0.0,Task L outcome,LightGBM,Permutation fallback (ExplainerError)
home_red_cards_for_l5,0.0,0.0,Task L outcome,LightGBM,Permutation fallback (ExplainerError)
home_missing_history_l3,0.0,0.0,Task L outcome,LightGBM,Permutation fallback (ExplainerError)
away_live_passes,0.0,0.0,Task L outcome,LightGBM,Permutation fallback (ExplainerError)
live_diff_xg_last5,0.0,0.0,Task L outcome,LightGBM,Permutation fallback (ExplainerError)
live_diff_shots_last5,0.0,0.0,Task L outcome,LightGBM,Permutation fallback (ExplainerError)
live_diff_possession_share,0.0,0.0,Task L outcome,LightGBM,Permutation fallback (ExplainerError)
live_diff_shots,0.0,0.0,Task L outcome,LightGBM,Permutation fallback (ExplainerError)
live_diff_pressures_last5,0.0,0.0,Task L outcome,LightGBM,Permutation fallback (ExplainerError)
home_history_matches_before,0.0,8.0,Task L outcome,LightGBM,Permutation fallback (ExplainerError)
missingindicator_home_live_pass_completion,0.0,0.0,Task L outcome,LightGBM,Permutation fallback (ExplainerError)
missingindicator_away_live_pass_completion,0.0,0.0,Task L outcome,LightGBM,Permutation fallback (ExplainerError)
missingindicator_home_rest_days,0.0,0.0,Task L outcome,LightGBM,Permutation fallback (ExplainerError)
missingindicator_home_points_l3,0.0,0.0,Task L outcome,LightGBM,Permutation fallback (ExplainerError)
missingindicator_home_goals_for_l3,0.0,0.0,Task L outcome,LightGBM,Permutation fallback (ExplainerError)
missingindicator_home_goals_against_l3,0.0,0.0,Task L outcome,LightGBM,Permutation fallback (ExplainerError)
missingindicator_home_goal_difference_l3,0.0,0.0,Task L outcome,LightGBM,Permutation fallback (ExplainerError)
missingindicator_home_shots_for_l3,0.0,0.0,Task L outcome,LightGBM,Permutation fallback (ExplainerError)
missingindicator_home_shots_against_l3,0.0,0.0,Task L outcome,LightGBM,Permutation fallback (ExplainerError)
missingindicator_home_shots_on_target_for_l3,0.0,0.0,Task L outcome,LightGBM,Permutation fallback (ExplainerError)
missingindicator_home_shots_on_target_against_l3,0.0,0.0,Task L outcome,LightGBM,Permutation fallback (ExplainerError)
missingindicator_home_xg_for_l3,0.0,0.0,Task L outcome,LightGBM,Permutation fallback (ExplainerError)
missingindicator_home_xg_against_l3,0.0,0.0,Task L outcome,LightGBM,Permutation fallback (ExplainerError)
missingindicator_home_passes_for_l3,0.0,0.0,Task L outcome,LightGBM,Permutation fallback (ExplainerError)
missingindicator_home_pass_completion_for_l3,0.0,0.0,Task L outcome,LightGBM,Permutation fallback (ExplainerError)
missingindicator_home_pressures_for_l3,0.0,0.0,Task L outcome,LightGBM,Permutation fallback (ExplainerError)
missingindicator_home_final_third_entries_for_l3,0.0,0.0,Task L outcome,LightGBM,Permutation fallback (ExplainerError)
missingindicator_home_red_cards_for_l3,0.0,0.0,Task L outcome,LightGBM,Permutation fallback (ExplainerError)
missingindicator_home_possession_share_l3,0.0,0.0,Task L outcome,LightGBM,Permutation fallback (ExplainerError)
missingindicator_home_points_l5,0.0,0.0,Task L outcome,LightGBM,Permutation fallback (ExplainerError)
missingindicator_home_goals_for_l5,0.0,0.0,Task L outcome,LightGBM,Permutation fallback (ExplainerError)
missingindicator_home_goals_against_l5,0.0,0.0,Task L outcome,LightGBM,Permutation fallback (ExplainerError)
missingindicator_home_goal_difference_l5,0.0,0.0,Task L outcome,LightGBM,Permutation fallback (ExplainerError)
missingindicator_home_shots_for_l5,0.0,0.0,Task L outcome,LightGBM,Permutation fallback (ExplainerError)
missingindicator_home_shots_against_l5,0.0,0.0,Task L outcome,LightGBM,Permutation fallback (ExplainerError)
missingindicator_home_shots_on_target_for_l5,0.0,0.0,Task L outcome,LightGBM,Permutation fallback (ExplainerError)
missingindicator_home_shots_on_target_against_l5,0.0,0.0,Task L outcome,LightGBM,Permutation fallback (ExplainerError)
missingindicator_home_xg_for_l5,0.0,0.0,Task L outcome,LightGBM,Permutation fallback (ExplainerError)
missingindicator_home_xg_against_l5,0.0,0.0,Task L outcome,LightGBM,Permutation fallback (ExplainerError)
missingindicator_home_passes_for_l5,0.0,0.0,Task L outcome,LightGBM,Permutation fallback (ExplainerError)
missingindicator_home_pass_completion_for_l5,0.0,0.0,Task L outcome,LightGBM,Permutation fallback (ExplainerError)
missingindicator_home_pressures_for_l5,0.0,0.0,Task L outcome,LightGBM,Permutation fallback (ExplainerError)
missingindicator_home_final_third_entries_for_l5,0.0,0.0,Task L outcome,LightGBM,Permutation fallback (ExplainerError)
missingindicator_home_red_cards_for_l5,0.0,0.0,Task L outcome,LightGBM,Permutation fallback (ExplainerError)
missingindicator_home_possession_share_l5,0.0,0.0,Task L outcome,LightGBM,Permutation fallback (ExplainerError)
missingindicator_home_points_l10,0.0,0.0,Task L outcome,LightGBM,Permutation fallback (ExplainerError)
missingindicator_home_goals_for_l10,0.0,0.0,Task L outcome,LightGBM,Permutation fallback (ExplainerError)
missingindicator_home_goals_against_l10,0.0,0.0,Task L outcome,LightGBM,Permutation fallback (ExplainerError)
missingindicator_home_goal_difference_l10,0.0,0.0,Task L outcome,LightGBM,Permutation fallback (ExplainerError)
missingindicator_home_shots_for_l10,0.0,0.0,Task L outcome,LightGBM,Permutation fallback (ExplainerError)
missingindicator_home_shots_against_l10,0.0,0.0,Task L outcome,LightGBM,Permutation fallback (ExplainerError)
missingindicator_home_shots_on_target_for_l10,0.0,0.0,Task L outcome,LightGBM,Permutation fallback (ExplainerError)
missingindicator_home_shots_on_target_against_l10,0.0,0.0,Task L outcome,LightGBM,Permutation fallback (ExplainerError)
missingindicator_home_xg_for_l10,0.0,0.0,Task L outcome,LightGBM,Permutation fallback (ExplainerError)
missingindicator_home_xg_against_l10,0.0,0.0,Task L outcome,LightGBM,Permutation fallback (ExplainerError)
missingindicator_home_passes_for_l10,0.0,0.0,Task L outcome,LightGBM,Permutation fallback (ExplainerError)
missingindicator_home_pass_completion_for_l10,0.0,0.0,Task L outcome,LightGBM,Permutation fallback (ExplainerError)
missingindicator_home_pressures_for_l10,0.0,0.0,Task L outcome,LightGBM,Permutation fallback (ExplainerError)
missingindicator_home_final_third_entries_for_l10,0.0,0.0,Task L outcome,LightGBM,Permutation fallback (ExplainerError)
missingindicator_home_red_cards_for_l10,0.0,0.0,Task L outcome,LightGBM,Permutation fallback (ExplainerError)
missingindicator_home_possession_share_l10,0.0,0.0,Task L outcome,LightGBM,Permutation fallback (ExplainerError)
missingindicator_away_rest_days,0.0,0.0,Task L outcome,LightGBM,Permutation fallback (ExplainerError)
missingindicator_away_points_l3,0.0,0.0,Task L outcome,LightGBM,Permutation fallback (ExplainerError)
missingindicator_away_goals_for_l3,0.0,0.0,Task L outcome,LightGBM,Permutation fallback (ExplainerError)
missingindicator_away_goals_against_l3,0.0,0.0,Task L outcome,LightGBM,Permutation fallback (ExplainerError)
missingindicator_away_goal_difference_l3,0.0,0.0,Task L outcome,LightGBM,Permutation fallback (ExplainerError)
missingindicator_away_shots_for_l3,0.0,0.0,Task L outcome,LightGBM,Permutation fallback (ExplainerError)
missingindicator_away_shots_against_l3,0.0,0.0,Task L outcome,LightGBM,Permutation fallback (ExplainerError)
missingindicator_away_shots_on_target_for_l3,0.0,0.0,Task L outcome,LightGBM,Permutation fallback (ExplainerError)
missingindicator_away_shots_on_target_against_l3,0.0,0.0,Task L outcome,LightGBM,Permutation fallback (ExplainerError)
missingindicator_away_xg_for_l3,0.0,0.0,Task L outcome,LightGBM,Permutation fallback (ExplainerError)
missingindicator_away_xg_against_l3,0.0,0.0,Task L outcome,LightGBM,Permutation fallback (ExplainerError)
missingindicator_away_passes_for_l3,0.0,0.0,Task L outcome,LightGBM,Permutation fallback (ExplainerError)
missingindicator_away_pass_completion_for_l3,0.0,0.0,Task L outcome,LightGBM,Permutation fallback (ExplainerError)
missingindicator_away_pressures_for_l3,0.0,0.0,Task L outcome,LightGBM,Permutation fallback (ExplainerError)
missingindicator_away_final_third_entries_for_l3,0.0,0.0,Task L outcome,LightGBM,Permutation fallback (ExplainerError)
missingindicator_away_red_cards_for_l3,0.0,0.0,Task L outcome,LightGBM,Permutation fallback (ExplainerError)
missingindicator_away_possession_share_l3,0.0,0.0,Task L outcome,LightGBM,Permutation fallback (ExplainerError)
missingindicator_away_points_l5,0.0,0.0,Task L outcome,LightGBM,Permutation fallback (ExplainerError)
missingindicator_away_goals_for_l5,0.0,0.0,Task L outcome,LightGBM,Permutation fallback (ExplainerError)
missingindicator_away_goals_against_l5,0.0,0.0,Task L outcome,LightGBM,Permutation fallback (ExplainerError)
missingindicator_away_goal_difference_l5,0.0,0.0,Task L outcome,LightGBM,Permutation fallback (ExplainerError)
missingindicator_away_shots_for_l5,0.0,0.0,Task L outcome,LightGBM,Permutation fallback (ExplainerError)
missingindicator_away_shots_against_l5,0.0,0.0,Task L outcome,LightGBM,Permutation fallback (ExplainerError)
missingindicator_away_shots_on_target_for_l5,0.0,0.0,Task L outcome,LightGBM,Permutation fallback (ExplainerError)
missingindicator_away_shots_on_target_against_l5,0.0,0.0,Task L outcome,LightGBM,Permutation fallback (ExplainerError)
missingindicator_away_xg_for_l5,0.0,0.0,Task L outcome,LightGBM,Permutation fallback (ExplainerError)
missingindicator_away_xg_against_l5,0.0,0.0,Task L outcome,LightGBM,Permutation fallback (ExplainerError)
missingindicator_away_passes_for_l5,0.0,0.0,Task L outcome,LightGBM,Permutation fallback (ExplainerError)
missingindicator_away_pass_completion_for_l5,0.0,0.0,Task L outcome,LightGBM,Permutation fallback (ExplainerError)
missingindicator_away_pressures_for_l5,0.0,0.0,Task L outcome,LightGBM,Permutation fallback (ExplainerError)
missingindicator_diff_possession_share_l5,0.0,0.0,Task L outcome,LightGBM,Permutation fallback (ExplainerError)
missingindicator_diff_points_l10,0.0,0.0,Task L outcome,LightGBM,Permutation fallback (ExplainerError)
missingindicator_diff_goal_difference_l10,0.0,0.0,Task L outcome,LightGBM,Permutation fallback (ExplainerError)
missingindicator_diff_shots_for_l10,0.0,0.0,Task L outcome,LightGBM,Permutation fallback (ExplainerError)
missingindicator_diff_xg_for_l10,0.0,0.0,Task L outcome,LightGBM,Permutation fallback (ExplainerError)
missingindicator_diff_pass_completion_for_l10,0.0,0.0,Task L outcome,LightGBM,Permutation fallback (ExplainerError)
missingindicator_diff_pressures_for_l10,0.0,0.0,Task L outcome,LightGBM,Permutation fallback (ExplainerError)
missingindicator_diff_possession_share_l10,0.0,0.0,Task L outcome,LightGBM,Permutation fallback (ExplainerError)
missingindicator_rest_days_difference,0.0,0.0,Task L outcome,LightGBM,Permutation fallback (ExplainerError)
current_goal_difference,0.16066812028587293,0.0908127479848487,Task L margin,Random Forest,TreeExplainer
current_home_score,0.08549464857689917,0.03040073039417354,Task L margin,Random Forest,TreeExplainer
live_diff_xg,0.06536018028124568,0.03457906948835206,Task L margin,Random Forest,TreeExplainer
current_away_score,0.06522677209878568,0.03251271714046508,Task L margin,Random Forest,TreeExplainer
p1_away_rank_total,0.06143162948329205,0.020696198575319458,Task L margin,Random Forest,TreeExplainer
p1_away_con_total,0.05807433585624853,0.021298500839255458,Task L margin,Random Forest,TreeExplainer
p1_away_scr_total,0.03201661487621579,0.009950675127243937,Task L margin,Random Forest,TreeExplainer
diff_shots_for_l10,0.029762718287464195,0.014626544348023806,Task L margin,Random Forest,TreeExplainer
diff_xg_for_l3,0.029119606768999013,0.01094643153769501,Task L margin,Random Forest,TreeExplainer
p1_away_con_away,0.02891653500982811,0.0197872995353317,Task L margin,Random Forest,TreeExplainer
home_xg_for_l3,0.028548532321253272,0.00892495086098426,Task L margin,Random Forest,TreeExplainer
p1_away_scr_home,0.026618934492227558,0.01064221278950149,Task L margin,Random Forest,TreeExplainer
live_diff_shots_on_target,0.025174262396052784,0.018446368607369822,Task L margin,Random Forest,TreeExplainer
home_shots_on_target_for_l3,0.02057438269684912,0.007198939085012659,Task L margin,Random Forest,TreeExplainer
home_shots_for_l3,0.02037381345862326,0.010718292868058062,Task L margin,Random Forest,TreeExplainer
p1_away_rank_home,0.020192611506247068,0.010614023801248413,Task L margin,Random Forest,TreeExplainer
home_xg_for_l5,0.018866042978538444,0.006085806013570635,Task L margin,Random Forest,TreeExplainer
p1_away_rank_away,0.01777700694522548,0.013406513539515517,Task L margin,Random Forest,TreeExplainer
home_live_shots_on_target,0.017095429218688507,0.00524249158519551,Task L margin,Random Forest,TreeExplainer
away_final_third_entries_for_l10,0.01646824772691944,0.011485657828700866,Task L margin,Random Forest,TreeExplainer
diff_shots_for_l3,0.015716783309628415,0.012896249747299398,Task L margin,Random Forest,TreeExplainer
diff_xg_for_l10,0.014969767941063038,0.007809327576455456,Task L margin,Random Forest,TreeExplainer
home_xg_for_l10,0.014840306148201548,0.006138315127127715,Task L margin,Random Forest,TreeExplainer
home_live_xg,0.014779377776681445,0.006455667853973736,Task L margin,Random Forest,TreeExplainer
away_live_xg,0.014128834494723559,0.006180120963247726,Task L margin,Random Forest,TreeExplainer
home_shots_for_l10,0.01333541174404757,0.008775400215174733,Task L margin,Random Forest,TreeExplainer
away_shots_on_target_for_l10,0.012666302244452709,0.00691968855202542,Task L margin,Random Forest,TreeExplainer
away_final_third_entries_for_l5,0.012002500689320433,0.007727742047671655,Task L margin,Random Forest,TreeExplainer
home_shots_on_target_for_l5,0.011758522061654912,0.005232914206489037,Task L margin,Random Forest,TreeExplainer
away_shots_on_target_against_l3,0.011625158372176451,0.004045759356102735,Task L margin,Random Forest,TreeExplainer
home_shots_for_l5,0.010975311624091287,0.006240875823570545,Task L margin,Random Forest,TreeExplainer
diff_shots_for_l5,0.010711574861767603,0.011498919860063937,Task L margin,Random Forest,TreeExplainer
p1_home_scr_total,0.010705053175424898,0.004793535244169917,Task L margin,Random Forest,TreeExplainer
away_shots_for_l5,0.010671335787972323,0.006695813386727117,Task L margin,Random Forest,TreeExplainer
home_passes_for_l10,0.01066972866352625,0.00952292474431447,Task L margin,Random Forest,TreeExplainer
away_shots_for_l10,0.010612834138326432,0.006817450674712584,Task L margin,Random Forest,TreeExplainer
home_final_third_entries_for_l5,0.01056634719007009,0.005794976299411962,Task L margin,Random Forest,TreeExplainer
away_xg_against_l10,0.010554396873512995,0.007283791896087493,Task L margin,Random Forest,TreeExplainer
home_pass_completion_for_l5,0.010366213169183841,0.006765133618239063,Task L margin,Random Forest,TreeExplainer
away_shots_on_target_for_l5,0.010360623722259746,0.0066038610666385835,Task L margin,Random Forest,TreeExplainer
away_goals_for_l3,0.01023572769276801,0.004773673737499354,Task L margin,Random Forest,TreeExplainer
home_goals_for_l5,0.010235511815369802,0.00396896011835013,Task L margin,Random Forest,TreeExplainer
away_goals_against_l5,0.01018093785986988,0.004194853969086705,Task L margin,Random Forest,TreeExplainer
diff_pressures_for_l10,0.009909438468361257,0.005934711463791398,Task L margin,Random Forest,TreeExplainer
away_xg_against_l5,0.009484634182308398,0.006238067920561888,Task L margin,Random Forest,TreeExplainer
p1_home_scr_home,0.009392075506871822,0.005303227016852569,Task L margin,Random Forest,TreeExplainer
away_pass_completion_for_l3,0.00934911601403275,0.004438594362144948,Task L margin,Random Forest,TreeExplainer
p1_home_rank_home,0.009168003081501223,0.004885671236306989,Task L margin,Random Forest,TreeExplainer
home_pass_completion_for_l3,0.008934867524205099,0.007097847547420801,Task L margin,Random Forest,TreeExplainer
p1_home_con_total,0.008926407800100218,0.0057867887739676774,Task L margin,Random Forest,TreeExplainer
home_shots_on_target_for_l10,0.008906754318108626,0.006223629038713032,Task L margin,Random Forest,TreeExplainer
home_passes_for_l3,0.008874213729907683,0.006238042403132241,Task L margin,Random Forest,TreeExplainer
away_goal_difference_l5,0.008853583127272944,0.0033755460004958075,Task L margin,Random Forest,TreeExplainer
home_pressures_for_l5,0.0088420251240151,0.004624236818463597,Task L margin,Random Forest,TreeExplainer
diff_possession_share_l10,0.008763276403440191,0.008587406140862328,Task L margin,Random Forest,TreeExplainer
away_xg_against_l3,0.008314601078486278,0.005660431131509853,Task L margin,Random Forest,TreeExplainer
away_xg_for_l3,0.008191938122770926,0.005507389461529646,Task L margin,Random Forest,TreeExplainer
diff_pressures_for_l5,0.008009274616107658,0.0060612810670861526,Task L margin,Random Forest,TreeExplainer
away_shots_against_l10,0.007857141556318675,0.00653139141136086,Task L margin,Random Forest,TreeExplainer
away_xg_for_l5,0.007613453122371997,0.006295906919492189,Task L margin,Random Forest,TreeExplainer
diff_xg_for_l5,0.007558272805906506,0.005496756027840659,Task L margin,Random Forest,TreeExplainer
away_shots_on_target_against_l10,0.006720378213375624,0.004195761868236571,Task L margin,Random Forest,TreeExplainer
home_possession_share_l5,0.006659812483494961,0.00364471081267908,Task L margin,Random Forest,TreeExplainer
away_pass_completion_for_l5,0.006658278008992299,0.004095593376881812,Task L margin,Random Forest,TreeExplainer
home_pass_completion_for_l10,0.0065280576892875935,0.006129674330724806,Task L margin,Random Forest,TreeExplainer
diff_pressures_for_l3,0.006444985360711447,0.005363932860654344,Task L margin,Random Forest,TreeExplainer
away_goal_difference_l10,0.006391747509394068,0.006181348578026605,Task L margin,Random Forest,TreeExplainer
away_shots_on_target_for_l3,0.006031637040668708,0.005082966436963736,Task L margin,Random Forest,TreeExplainer
away_possession_share_l3,0.006014599289550274,0.0037778688508729686,Task L margin,Random Forest,TreeExplainer
away_shots_on_target_against_l5,0.005813713368442887,0.0035958326776957187,Task L margin,Random Forest,TreeExplainer
p1_away_con_home,0.00570262884195775,0.0035610980674016285,Task L margin,Random Forest,TreeExplainer
diff_possession_share_l5,0.0056122045492490264,0.005666235488251483,Task L margin,Random Forest,TreeExplainer
home_goals_against_l10,0.005531024205653842,0.0040907984879904056,Task L margin,Random Forest,TreeExplainer
diff_pass_completion_for_l10,0.005515998247872933,0.004065806532226376,Task L margin,Random Forest,TreeExplainer
diff_goal_difference_l5,0.005497397771281155,0.0047573344636995685,Task L margin,Random Forest,TreeExplainer
home_final_third_entries_for_l10,0.005468982898779965,0.00472854803166996,Task L margin,Random Forest,TreeExplainer
home_rest_days,0.005468981036674814,0.005582760328102382,Task L margin,Random Forest,TreeExplainer
away_passes_for_l10,0.005336362724893964,0.005420776097173968,Task L margin,Random Forest,TreeExplainer
diff_goal_difference_l10,0.005288657031702738,0.005307048277966428,Task L margin,Random Forest,TreeExplainer
diff_pass_completion_for_l5,0.005273508090592046,0.004404063350524096,Task L margin,Random Forest,TreeExplainer
home_passes_for_l5,0.005150792191606729,0.006024620832310434,Task L margin,Random Forest,TreeExplainer
home_shots_on_target_against_l3,0.005086730500252392,0.0037433513358264736,Task L margin,Random Forest,TreeExplainer
home_xg_against_l3,0.005073813172243745,0.004762076512327246,Task L margin,Random Forest,TreeExplainer
away_shots_for_l3,0.0048914910712574665,0.003947918586632824,Task L margin,Random Forest,TreeExplainer
away_xg_for_l10,0.0048525647651004285,0.004703570642850502,Task L margin,Random Forest,TreeExplainer
diff_points_l10,0.004816561243250606,0.004566665606074242,Task L margin,Random Forest,TreeExplainer
away_passes_for_l3,0.004684458772039819,0.005122879097913044,Task L margin,Random Forest,TreeExplainer
away_goal_difference_l3,0.004480108061957979,0.002426126195117786,Task L margin,Random Forest,TreeExplainer
away_goals_against_l10,0.004328441559422209,0.0054751573722368885,Task L margin,Random Forest,TreeExplainer
home_xg_against_l5,0.004244724937878313,0.003320759224200777,Task L margin,Random Forest,TreeExplainer
rest_days_difference,0.0042137066805332645,0.0040631368647483,Task L margin,Random Forest,TreeExplainer
home_xg_against_l10,0.004212139137989563,0.003799536761137887,Task L margin,Random Forest,TreeExplainer
home_possession_share_l10,0.004106829006760382,0.004075389835004938,Task L margin,Random Forest,TreeExplainer
home_pressures_for_l3,0.0040488030250400075,0.0036176655130271533,Task L margin,Random Forest,TreeExplainer
away_pressures_for_l5,0.004014179930444637,0.004049064626604579,Task L margin,Random Forest,TreeExplainer
home_goal_difference_l10,0.003975777772876669,0.0029896620910526985,Task L margin,Random Forest,TreeExplainer
away_shots_against_l5,0.0038434763077843533,0.004787216454734104,Task L margin,Random Forest,TreeExplainer
live_diff_shots,0.0038257276357867636,0.001825439405432733,Task L margin,Random Forest,TreeExplainer
p1_home_rank_total,0.0037601194001167957,0.0036324057532624203,Task L margin,Random Forest,TreeExplainer
p1_away_scr_away,0.003705730955395059,0.005149896464438955,Task L margin,Random Forest,TreeExplainer
p1_home_con_home,0.003696732915816816,0.003671471030034707,Task L margin,Random Forest,TreeExplainer
away_pressures_for_l3,0.0036794183297360478,0.004392825632065294,Task L margin,Random Forest,TreeExplainer
away_goals_for_l5,0.00359903918969018,0.002898931599021831,Task L margin,Random Forest,TreeExplainer
away_pass_completion_for_l10,0.0035980468539125775,0.0043713783075985755,Task L margin,Random Forest,TreeExplainer
home_shots_on_target_against_l5,0.0034882624112395812,0.003980789216609353,Task L margin,Random Forest,TreeExplainer
away_live_shots_on_target,0.0034860765444463438,0.0017344206651484925,Task L margin,Random Forest,TreeExplainer
away_possession_share_l5,0.003472808668892564,0.004949244285012662,Task L margin,Random Forest,TreeExplainer
away_red_cards_for_l10,0.00345436213277741,0.002446857044851736,Task L margin,Random Forest,TreeExplainer
home_goals_against_l5,0.0034134342155185257,0.003243215045615475,Task L margin,Random Forest,TreeExplainer
home_goals_for_l10,0.0033412250925781936,0.0033837872635598286,Task L margin,Random Forest,TreeExplainer
away_shots_against_l3,0.0033411484408313583,0.004550639856394761,Task L margin,Random Forest,TreeExplainer
diff_goal_difference_l3,0.0033001296512971154,0.0031560424301399666,Task L margin,Random Forest,TreeExplainer
p1_home_scr_away,0.003168212500901671,0.003195038720005059,Task L margin,Random Forest,TreeExplainer
diff_possession_share_l3,0.003103693325185244,0.004228169685219037,Task L margin,Random Forest,TreeExplainer
away_final_third_entries_for_l3,0.003031035309389092,0.006363994529242926,Task L margin,Random Forest,TreeExplainer
p1_home_rank_away,0.0029490355416881353,0.003001005464874688,Task L margin,Random Forest,TreeExplainer
home_pressures_for_l10,0.0029485424827480687,0.003961260206752433,Task L margin,Random Forest,TreeExplainer
home_goal_difference_l5,0.002842128535291219,0.0035736557807141108,Task L margin,Random Forest,TreeExplainer
away_goals_against_l3,0.0028406750299696188,0.0021763168698942428,Task L margin,Random Forest,TreeExplainer
diff_points_l5,0.00271875882841827,0.002754369646414605,Task L margin,Random Forest,TreeExplainer
home_shots_against_l10,0.002674643378862433,0.003959687155280674,Task L margin,Random Forest,TreeExplainer
p1_home_con_away,0.0026746093412543205,0.003772279434326445,Task L margin,Random Forest,TreeExplainer
home_red_cards_for_l3,0.0026369958993217226,0.0007037749268609041,Task L margin,Random Forest,TreeExplainer
home_goal_difference_l3,0.0026222578398334005,0.003189932386097275,Task L margin,Random Forest,TreeExplainer
home_possession_share_l3,0.0025732984279113833,0.0038580031779390147,Task L margin,Random Forest,TreeExplainer
home_goals_for_l3,0.002519702049929522,0.0022860338641125188,Task L margin,Random Forest,TreeExplainer
home_shots_on_target_against_l10,0.002505261353781498,0.0036413699780285563,Task L margin,Random Forest,TreeExplainer
home_shots_against_l5,0.002486186763163822,0.0041735036458842465,Task L margin,Random Forest,TreeExplainer
diff_pass_completion_for_l3,0.0024044598940525857,0.0030480825722143446,Task L margin,Random Forest,TreeExplainer
home_points_l5,0.00234175322710856,0.002279578832487795,Task L margin,Random Forest,TreeExplainer
away_points_l5,0.0022944869742575983,0.0028928908391332416,Task L margin,Random Forest,TreeExplainer
home_points_l10,0.0022744647146183228,0.0033224417162180902,Task L margin,Random Forest,TreeExplainer
away_points_l10,0.0022565609608299073,0.0026318917310038537,Task L margin,Random Forest,TreeExplainer
away_passes_for_l5,0.0022287557759734533,0.005793232432116585,Task L margin,Random Forest,TreeExplainer
home_shots_against_l3,0.002208938251865372,0.004911502682820185,Task L margin,Random Forest,TreeExplainer
diff_points_l3,0.0022028132650816893,0.0025413756154023266,Task L margin,Random Forest,TreeExplainer
away_possession_share_l10,0.002116255603664589,0.0036138116106704614,Task L margin,Random Forest,TreeExplainer
home_final_third_entries_for_l3,0.0020864080536290817,0.0046762171532082905,Task L margin,Random Forest,TreeExplainer
away_goals_for_l10,0.0020712386503790184,0.0026943554143283037,Task L margin,Random Forest,TreeExplainer
away_live_possession_share,0.001968386986062251,0.0009341064976529467,Task L margin,Random Forest,TreeExplainer
home_live_pass_completion,0.0019009548787235564,0.001293267801354213,Task L margin,Random Forest,TreeExplainer
live_diff_possession_share,0.001899867391235481,0.0006838065102644851,Task L margin,Random Forest,TreeExplainer
home_goals_against_l3,0.0018148638347997492,0.003529890734058863,Task L margin,Random Forest,TreeExplainer
away_pressures_for_l10,0.0018145301478083035,0.0042378793534019596,Task L margin,Random Forest,TreeExplainer
home_points_l3,0.001735345733762369,0.0015326353369731678,Task L margin,Random Forest,TreeExplainer
away_rest_days,0.0017047104708445057,0.003913234382254749,Task L margin,Random Forest,TreeExplainer
away_points_l3,0.001564287665899125,0.0016432366842818477,Task L margin,Random Forest,TreeExplainer
home_live_possession_share,0.0015548767152675578,0.0006906576086205378,Task L margin,Random Forest,TreeExplainer
away_live_final_third_entries,0.0015410897072588344,0.0006905404590864957,Task L margin,Random Forest,TreeExplainer
home_red_cards_for_l5,0.001528598303526451,0.0005190889318516395,Task L margin,Random Forest,TreeExplainer
home_live_corners,0.0015037520541702784,0.0005575458267940286,Task L margin,Random Forest,TreeExplainer
home_red_cards_for_l10,0.0014309644210286933,0.000934070465249986,Task L margin,Random Forest,TreeExplainer
away_red_cards_for_l5,0.0013540551435523717,0.0019284872077008795,Task L margin,Random Forest,TreeExplainer
away_live_shots,0.001339204038774171,0.0005312683546638975,Task L margin,Random Forest,TreeExplainer
home_live_pressures,0.0012912943325100671,0.0004542789096804158,Task L margin,Random Forest,TreeExplainer
away_red_cards_for_l3,0.0009039693806138531,0.001109354337379097,Task L margin,Random Forest,TreeExplainer
away_live_pass_completion,0.0008958012553099247,0.0006737537805440773,Task L margin,Random Forest,TreeExplainer
away_live_fouls,0.0008763153601990783,0.000274722440855793,Task L margin,Random Forest,TreeExplainer
home_live_shots,0.0008496097788422959,0.00048056061248930027,Task L margin,Random Forest,TreeExplainer
away_live_passes,0.0008205996874088062,0.00028279042441518577,Task L margin,Random Forest,TreeExplainer
snapshot_minute,0.000711525293763407,0.0002107030294695298,Task L margin,Random Forest,TreeExplainer
away_live_corners,0.0006906552820576811,0.0002003261927915021,Task L margin,Random Forest,TreeExplainer
live_diff_pressures,0.0006810236094746871,0.0005587321379469314,Task L margin,Random Forest,TreeExplainer
home_live_passes,0.0006279337974067557,0.00019896101727821396,Task L margin,Random Forest,TreeExplainer
time_remaining_minutes,0.0005688540296002127,0.00020195114026684975,Task L margin,Random Forest,TreeExplainer
snapshot_rank,0.000525272747749235,0.00019099216540203166,Task L margin,Random Forest,TreeExplainer
reference_second,0.000499155698317736,0.00016413912750238367,Task L margin,Random Forest,TreeExplainer
away_live_carries,0.00043863878640346864,0.00020373208432040383,Task L margin,Random Forest,TreeExplainer
live_diff_final_third_entries,0.00043142725170606947,0.0003783495851887898,Task L margin,Random Forest,TreeExplainer
away_live_pressures,0.00042425444367042163,0.00014069663377784682,Task L margin,Random Forest,TreeExplainer
home_live_carries,0.00042089176626626193,0.00018383242731981046,Task L margin,Random Forest,TreeExplainer
home_live_completed_passes,0.0004088452374068464,0.00026958889797140933,Task L margin,Random Forest,TreeExplainer
away_live_completed_passes,0.0004058690621282947,0.00024256795189504002,Task L margin,Random Forest,TreeExplainer
home_live_final_third_entries,0.0003367455031020655,0.0001444616869600718,Task L margin,Random Forest,TreeExplainer
snapshot_period,0.0003358990271758859,4.260856966461889e-05,Task L margin,Random Forest,TreeExplainer
home_live_fouls,0.00031720146813246777,0.00010575368688130448,Task L margin,Random Forest,TreeExplainer
home_live_xg_last10,0.0002866122909921615,8.32939519537944e-05,Task L margin,Random Forest,TreeExplainer
home_live_pressures_last10,0.00028122510306075125,0.00010988778331828621,Task L margin,Random Forest,TreeExplainer
man_advantage_home,0.00026271614948588344,0.00046328716744792125,Task L margin,Random Forest,TreeExplainer
n_events_so_far,0.0002619661959141316,0.00011060823693136335,Task L margin,Random Forest,TreeExplainer
away_live_red_cards,0.00020932487209599152,0.0003475615449636288,Task L margin,Random Forest,TreeExplainer
live_diff_pressures_last5,0.00011987945648997994,5.964026486322455e-05,Task L margin,Random Forest,TreeExplainer
home_live_pressures_last5,8.362875578920163e-05,4.1331285849535985e-05,Task L margin,Random Forest,TreeExplainer
away_live_pressures_last10,8.207871150567977e-05,3.651185480729968e-05,Task L margin,Random Forest,TreeExplainer
live_diff_xg_last5,7.761467884944674e-05,2.1882154048430707e-05,Task L margin,Random Forest,TreeExplainer
home_live_final_third_entries_last5,7.560251998509865e-05,1.1677772450194312e-05,Task L margin,Random Forest,TreeExplainer
away_live_xg_last5,5.940017661566039e-05,1.0679859462953916e-05,Task L margin,Random Forest,TreeExplainer
away_live_final_third_entries_last10,5.922333984890428e-05,1.785295468623397e-05,Task L margin,Random Forest,TreeExplainer
home_live_final_third_entries_last10,5.207609015199829e-05,3.234604663166958e-05,Task L margin,Random Forest,TreeExplainer
home_live_shots_last10,4.9070863863865576e-05,1.238677651048544e-05,Task L margin,Random Forest,TreeExplainer
away_live_xg_last10,4.2678858212032846e-05,5.227083307482049e-05,Task L margin,Random Forest,TreeExplainer
away_live_final_third_entries_last5,3.990695570755632e-05,1.2170281628536549e-05,Task L margin,Random Forest,TreeExplainer
home_live_xg_last5,3.5498134289082354e-05,1.2307108903828778e-05,Task L margin,Random Forest,TreeExplainer
away_live_pressures_last5,3.37457096278134e-05,1.375179215692991e-05,Task L margin,Random Forest,TreeExplainer
away_live_shots_last5,2.3615344029288574e-05,1.4813750716517286e-05,Task L margin,Random Forest,TreeExplainer
away_live_shots_last10,2.2632962655431287e-05,3.7820460197804737e-06,Task L margin,Random Forest,TreeExplainer
live_diff_shots_last5,1.636634738448872e-05,3.459203426112729e-06,Task L margin,Random Forest,TreeExplainer
home_live_shots_last5,1.1705408362710533e-05,2.9579928414052884e-06,Task L margin,Random Forest,TreeExplainer
missingindicator_home_live_pass_completion,1.1482143078562038e-06,3.316621724606184e-07,Task L margin,Random Forest,TreeExplainer
home_live_red_cards,0.0,7.48107276677252e-05,Task L margin,Random Forest,TreeExplainer
missingindicator_away_red_cards_for_l5,0.0,0.0,Task L margin,Random Forest,TreeExplainer
home_missing_history_l3,0.0,0.0003450006428426663,Task L margin,Random Forest,TreeExplainer
away_missing_history_l5,0.0,0.0001922904242404598,Task L margin,Random Forest,TreeExplainer
away_history_matches_before,0.0,0.004039947359210295,Task L margin,Random Forest,TreeExplainer
away_missing_history_l3,0.0,0.00024261857281738998,Task L margin,Random Forest,TreeExplainer
home_missing_history_l10,0.0,0.00027539602288995324,Task L margin,Random Forest,TreeExplainer
missingindicator_away_shots_for_l10,0.0,2.750914661703436e-06,Task L margin,Random Forest,TreeExplainer
missingindicator_away_shots_against_l10,0.0,0.0,Task L margin,Random Forest,TreeExplainer
missingindicator_away_goals_against_l10,0.0,1.5928814285709496e-05,Task L margin,Random Forest,TreeExplainer
missingindicator_away_shots_on_target_against_l10,0.0,4.292720138045525e-06,Task L margin,Random Forest,TreeExplainer
missingindicator_away_xg_for_l10,0.0,1.2708133963187044e-05,Task L margin,Random Forest,TreeExplainer
missingindicator_away_xg_against_l10,0.0,2.730884759680473e-06,Task L margin,Random Forest,TreeExplainer
missingindicator_away_passes_for_l10,0.0,0.0,Task L margin,Random Forest,TreeExplainer
missingindicator_away_pass_completion_for_l10,0.0,0.0,Task L margin,Random Forest,TreeExplainer
missingindicator_away_pressures_for_l10,0.0,2.8441821879045538e-05,Task L margin,Random Forest,TreeExplainer
missingindicator_away_final_third_entries_for_l10,0.0,7.4381075400238455e-06,Task L margin,Random Forest,TreeExplainer
missingindicator_away_shots_on_target_for_l10,0.0,0.0,Task L margin,Random Forest,TreeExplainer
missingindicator_away_red_cards_for_l10,0.0,0.0,Task L margin,Random Forest,TreeExplainer
missingindicator_away_possession_share_l10,0.0,1.4466234043077e-05,Task L margin,Random Forest,TreeExplainer
missingindicator_diff_goal_difference_l3,0.0,1.6160822097594565e-06,Task L margin,Random Forest,TreeExplainer
missingindicator_diff_points_l3,0.0,0.0,Task L margin,Random Forest,TreeExplainer
missingindicator_diff_xg_for_l3,0.0,0.0,Task L margin,Random Forest,TreeExplainer
missingindicator_diff_pass_completion_for_l3,0.0,7.074765261823025e-07,Task L margin,Random Forest,TreeExplainer
missingindicator_diff_pressures_for_l3,0.0,3.4029286579707838e-06,Task L margin,Random Forest,TreeExplainer
missingindicator_diff_shots_for_l3,0.0,2.9998451010508908e-05,Task L margin,Random Forest,TreeExplainer
missingindicator_diff_possession_share_l3,0.0,0.0,Task L margin,Random Forest,TreeExplainer
missingindicator_diff_points_l5,0.0,2.7053394209029755e-05,Task L margin,Random Forest,TreeExplainer
missingindicator_diff_shots_for_l5,0.0,0.0,Task L margin,Random Forest,TreeExplainer
missingindicator_diff_goal_difference_l5,0.0,7.028558454258054e-06,Task L margin,Random Forest,TreeExplainer
missingindicator_diff_xg_for_l5,0.0,1.841561069125872e-05,Task L margin,Random Forest,TreeExplainer
missingindicator_diff_pass_completion_for_l5,0.0,0.0,Task L margin,Random Forest,TreeExplainer
missingindicator_diff_pressures_for_l5,0.0,3.197098766241871e-05,Task L margin,Random Forest,TreeExplainer
home_missing_history_l5,0.0,0.0002528748923442908,Task L margin,Random Forest,TreeExplainer
missingindicator_away_points_l10,0.0,3.963064815814695e-05,Task L margin,Random Forest,TreeExplainer
missingindicator_away_goals_for_l10,0.0,1.2636274466499473e-06,Task L margin,Random Forest,TreeExplainer
missingindicator_away_possession_share_l5,0.0,7.03714000829712e-05,Task L margin,Random Forest,TreeExplainer
missingindicator_away_goal_difference_l10,0.0,0.0,Task L margin,Random Forest,TreeExplainer
missingindicator_away_final_third_entries_for_l5,0.0,4.005735958706021e-05,Task L margin,Random Forest,TreeExplainer
away_missing_history_l10,0.0,0.000528394492915581,Task L margin,Random Forest,TreeExplainer
home_history_matches_before,0.0,0.0032558100190834315,Task L margin,Random Forest,TreeExplainer
missingindicator_away_live_pass_completion,0.0,0.0,Task L margin,Random Forest,TreeExplainer
missingindicator_home_rest_days,0.0,2.6836817255343205e-05,Task L margin,Random Forest,TreeExplainer
missingindicator_home_points_l3,0.0,4.082076993953351e-05,Task L margin,Random Forest,TreeExplainer
missingindicator_home_goals_for_l3,0.0,0.0,Task L margin,Random Forest,TreeExplainer
missingindicator_home_goals_against_l3,0.0,9.417079466221587e-06,Task L margin,Random Forest,TreeExplainer
missingindicator_home_goal_difference_l3,0.0,6.253015675539396e-06,Task L margin,Random Forest,TreeExplainer
missingindicator_home_shots_for_l3,0.0,4.1051723064370135e-05,Task L margin,Random Forest,TreeExplainer
missingindicator_home_shots_against_l3,0.0,1.9498948981366595e-06,Task L margin,Random Forest,TreeExplainer
missingindicator_home_shots_on_target_for_l3,0.0,3.0443237725132998e-05,Task L margin,Random Forest,TreeExplainer
missingindicator_home_shots_on_target_against_l3,0.0,0.0,Task L margin,Random Forest,TreeExplainer
missingindicator_home_xg_for_l3,0.0,5.42232466556531e-06,Task L margin,Random Forest,TreeExplainer
missingindicator_home_xg_against_l3,0.0,2.9259004843820768e-05,Task L margin,Random Forest,TreeExplainer
missingindicator_home_passes_for_l3,0.0,2.1066944138524356e-07,Task L margin,Random Forest,TreeExplainer
missingindicator_home_pass_completion_for_l3,0.0,0.0,Task L margin,Random Forest,TreeExplainer
missingindicator_home_pressures_for_l3,0.0,0.0,Task L margin,Random Forest,TreeExplainer
missingindicator_home_final_third_entries_for_l3,0.0,1.210379290551951e-05,Task L margin,Random Forest,TreeExplainer
missingindicator_home_red_cards_for_l3,0.0,3.523807294760746e-05,Task L margin,Random Forest,TreeExplainer
missingindicator_home_possession_share_l3,0.0,0.0,Task L margin,Random Forest,TreeExplainer
missingindicator_home_points_l5,0.0,1.654868082695796e-05,Task L margin,Random Forest,TreeExplainer
missingindicator_home_goals_for_l5,0.0,0.00010441600762452339,Task L margin,Random Forest,TreeExplainer
missingindicator_home_goals_against_l5,0.0,1.2214376538982776e-06,Task L margin,Random Forest,TreeExplainer
missingindicator_home_goal_difference_l5,0.0,3.7783986035166285e-06,Task L margin,Random Forest,TreeExplainer
missingindicator_home_shots_for_l5,0.0,0.0,Task L margin,Random Forest,TreeExplainer
missingindicator_home_shots_against_l5,0.0,5.132181554665491e-06,Task L margin,Random Forest,TreeExplainer
missingindicator_home_shots_on_target_for_l5,0.0,2.8992378036193583e-05,Task L margin,Random Forest,TreeExplainer
missingindicator_home_shots_on_target_against_l5,0.0,5.456424578382423e-06,Task L margin,Random Forest,TreeExplainer
missingindicator_home_xg_for_l5,0.0,0.0,Task L margin,Random Forest,TreeExplainer
missingindicator_home_xg_against_l5,0.0,7.633542625720648e-07,Task L margin,Random Forest,TreeExplainer
missingindicator_home_passes_for_l5,0.0,2.570012951186436e-05,Task L margin,Random Forest,TreeExplainer
missingindicator_home_pass_completion_for_l5,0.0,0.0,Task L margin,Random Forest,TreeExplainer
missingindicator_home_pressures_for_l5,0.0,7.401681230151466e-06,Task L margin,Random Forest,TreeExplainer
missingindicator_home_final_third_entries_for_l5,0.0,0.0,Task L margin,Random Forest,TreeExplainer
missingindicator_home_red_cards_for_l5,0.0,0.0,Task L margin,Random Forest,TreeExplainer
missingindicator_home_possession_share_l5,0.0,0.0,Task L margin,Random Forest,TreeExplainer
missingindicator_home_points_l10,0.0,1.2201143026076224e-06,Task L margin,Random Forest,TreeExplainer
missingindicator_home_goals_for_l10,0.0,0.0,Task L margin,Random Forest,TreeExplainer
missingindicator_home_goals_against_l10,0.0,9.222691868567609e-06,Task L margin,Random Forest,TreeExplainer
missingindicator_home_goal_difference_l10,0.0,1.8772347293179663e-05,Task L margin,Random Forest,TreeExplainer
missingindicator_home_shots_for_l10,0.0,2.9996773699264514e-06,Task L margin,Random Forest,TreeExplainer
missingindicator_home_shots_against_l10,0.0,3.3371527345415785e-05,Task L margin,Random Forest,TreeExplainer
missingindicator_home_shots_on_target_for_l10,0.0,2.838932877393549e-06,Task L margin,Random Forest,TreeExplainer
missingindicator_home_shots_on_target_against_l10,0.0,3.8704104676927995e-06,Task L margin,Random Forest,TreeExplainer
missingindicator_home_xg_for_l10,0.0,3.824772402121288e-06,Task L margin,Random Forest,TreeExplainer
missingindicator_home_xg_against_l10,0.0,1.63551908351507e-05,Task L margin,Random Forest,TreeExplainer
missingindicator_home_passes_for_l10,0.0,4.098406698252096e-06,Task L margin,Random Forest,TreeExplainer
missingindicator_home_pass_completion_for_l10,0.0,0.0,Task L margin,Random Forest,TreeExplainer
missingindicator_home_pressures_for_l10,0.0,0.0,Task L margin,Random Forest,TreeExplainer
missingindicator_home_final_third_entries_for_l10,0.0,0.0,Task L margin,Random Forest,TreeExplainer
missingindicator_home_red_cards_for_l10,0.0,5.2036871348236865e-05,Task L margin,Random Forest,TreeExplainer
missingindicator_home_possession_share_l10,0.0,1.2086491359789417e-05,Task L margin,Random Forest,TreeExplainer
missingindicator_away_rest_days,0.0,2.9811961213647876e-06,Task L margin,Random Forest,TreeExplainer
missingindicator_away_points_l3,0.0,9.462908717066142e-06,Task L margin,Random Forest,TreeExplainer
missingindicator_away_goals_for_l3,0.0,0.0,Task L margin,Random Forest,TreeExplainer
missingindicator_away_goals_against_l3,0.0,6.36298471443496e-06,Task L margin,Random Forest,TreeExplainer
missingindicator_away_goal_difference_l3,0.0,2.7113232379686605e-05,Task L margin,Random Forest,TreeExplainer
missingindicator_away_shots_for_l3,0.0,0.0,Task L margin,Random Forest,TreeExplainer
missingindicator_away_shots_against_l3,0.0,9.2720642704487e-06,Task L margin,Random Forest,TreeExplainer
missingindicator_away_shots_on_target_for_l3,0.0,3.103530074792425e-05,Task L margin,Random Forest,TreeExplainer
missingindicator_away_shots_on_target_against_l3,0.0,2.6047208978937884e-05,Task L margin,Random Forest,TreeExplainer
missingindicator_away_xg_for_l3,0.0,0.0,Task L margin,Random Forest,TreeExplainer
missingindicator_away_xg_against_l3,0.0,1.627816963414785e-05,Task L margin,Random Forest,TreeExplainer
missingindicator_away_passes_for_l3,0.0,0.0,Task L margin,Random Forest,TreeExplainer
missingindicator_away_pass_completion_for_l3,0.0,0.0,Task L margin,Random Forest,TreeExplainer
missingindicator_away_pressures_for_l3,0.0,1.0666246134886658e-05,Task L margin,Random Forest,TreeExplainer
missingindicator_away_final_third_entries_for_l3,0.0,0.0,Task L margin,Random Forest,TreeExplainer
missingindicator_away_red_cards_for_l3,0.0,2.013114207502372e-05,Task L margin,Random Forest,TreeExplainer
missingindicator_away_possession_share_l3,0.0,2.9307709819956623e-06,Task L margin,Random Forest,TreeExplainer
missingindicator_away_points_l5,0.0,7.220973194819728e-07,Task L margin,Random Forest,TreeExplainer
missingindicator_away_goals_for_l5,0.0,2.3420417396005362e-05,Task L margin,Random Forest,TreeExplainer
missingindicator_away_goals_against_l5,0.0,1.153091733193706e-05,Task L margin,Random Forest,TreeExplainer
missingindicator_away_goal_difference_l5,0.0,2.8747806955489566e-05,Task L margin,Random Forest,TreeExplainer
missingindicator_away_shots_for_l5,0.0,4.533938185855822e-05,Task L margin,Random Forest,TreeExplainer
missingindicator_away_shots_against_l5,0.0,0.0,Task L margin,Random Forest,TreeExplainer
missingindicator_away_shots_on_target_for_l5,0.0,1.948518959818661e-05,Task L margin,Random Forest,TreeExplainer
missingindicator_away_shots_on_target_against_l5,0.0,2.6884753093567937e-05,Task L margin,Random Forest,TreeExplainer
missingindicator_away_xg_for_l5,0.0,0.0,Task L margin,Random Forest,TreeExplainer
missingindicator_away_xg_against_l5,0.0,1.324694827937125e-05,Task L margin,Random Forest,TreeExplainer
missingindicator_away_passes_for_l5,0.0,1.5167089774098797e-06,Task L margin,Random Forest,TreeExplainer
missingindicator_away_pass_completion_for_l5,0.0,1.7705346862100776e-06,Task L margin,Random Forest,TreeExplainer
missingindicator_away_pressures_for_l5,0.0,6.814251928192612e-06,Task L margin,Random Forest,TreeExplainer
missingindicator_diff_possession_share_l5,0.0,1.6937019852645953e-05,Task L margin,Random Forest,TreeExplainer
missingindicator_diff_points_l10,0.0,2.6755859155842692e-05,Task L margin,Random Forest,TreeExplainer
missingindicator_diff_goal_difference_l10,0.0,2.711818998552649e-05,Task L margin,Random Forest,TreeExplainer
missingindicator_diff_shots_for_l10,0.0,1.8418774083344243e-05,Task L margin,Random Forest,TreeExplainer
missingindicator_diff_xg_for_l10,0.0,0.0,Task L margin,Random Forest,TreeExplainer
missingindicator_diff_pass_completion_for_l10,0.0,6.372153017062309e-06,Task L margin,Random Forest,TreeExplainer
missingindicator_diff_pressures_for_l10,0.0,0.0,Task L margin,Random Forest,TreeExplainer
missingindicator_diff_possession_share_l10,0.0,3.161131597494793e-05,Task L margin,Random Forest,TreeExplainer
missingindicator_rest_days_difference,0.0,0.0,Task L margin,Random Forest,TreeExplainer
current_goal_difference,0.6960844182931043,0.5460739490799017,Task L margin,GBM,TreeExplainer
p1_away_rank_total,0.08910943022128973,0.020913221536968705,Task L margin,GBM,TreeExplainer
home_pass_completion_for_l3,0.06723605548647851,0.0083304211112511,Task L margin,GBM,TreeExplainer
home_pass_completion_for_l5,0.06701690573296508,0.006908570193024711,Task L margin,GBM,TreeExplainer
home_shots_for_l3,0.056087738635685926,0.012658725587813658,Task L margin,GBM,TreeExplainer
p1_away_scr_home,0.05407596456088746,0.01287051801209005,Task L margin,GBM,TreeExplainer
home_goals_against_l10,0.05131896143422537,0.0037664474929820506,Task L margin,GBM,TreeExplainer
away_xg_against_l3,0.04921693413459385,0.0065646758148013885,Task L margin,GBM,TreeExplainer
diff_xg_for_l3,0.048925393858862416,0.009911631414827244,Task L margin,GBM,TreeExplainer
home_passes_for_l10,0.047249640745607516,0.018400365193392578,Task L margin,GBM,TreeExplainer
p1_away_con_total,0.04674826337443667,0.011368353799263563,Task L margin,GBM,TreeExplainer
away_shots_on_target_against_l3,0.04584775154483508,0.00359021508224178,Task L margin,GBM,TreeExplainer
home_xg_for_l3,0.04493392788736768,0.0072004895158226355,Task L margin,GBM,TreeExplainer
diff_pressures_for_l5,0.040501915664117184,0.007348376556695019,Task L margin,GBM,TreeExplainer
diff_pressures_for_l10,0.04039010962959533,0.010982694858524832,Task L margin,GBM,TreeExplainer
home_pass_completion_for_l10,0.037128521859133595,0.008520241844244582,Task L margin,GBM,TreeExplainer
away_shots_on_target_for_l10,0.03601093577276911,0.013592217862790974,Task L margin,GBM,TreeExplainer
away_pressures_for_l3,0.03474518143841218,0.007194248724863258,Task L margin,GBM,TreeExplainer
away_shots_for_l5,0.0338684942960351,0.006858083446340074,Task L margin,GBM,TreeExplainer
away_shots_on_target_for_l5,0.03252131989003778,0.013879059474778837,Task L margin,GBM,TreeExplainer
p1_away_con_away,0.030375909465597956,0.010199954320109988,Task L margin,GBM,TreeExplainer
diff_shots_for_l5,0.029978370928205534,0.008632501753033255,Task L margin,GBM,TreeExplainer
away_shots_for_l10,0.0291068770008084,0.004401480904687349,Task L margin,GBM,TreeExplainer
away_xg_against_l10,0.028517841739075577,0.006745523747970169,Task L margin,GBM,TreeExplainer
home_shots_on_target_for_l3,0.025376966642898832,0.0018444360885950745,Task L margin,GBM,TreeExplainer
home_final_third_entries_for_l5,0.024295840258492782,0.004579506597307233,Task L margin,GBM,TreeExplainer
away_pass_completion_for_l3,0.023417355457755428,0.007103008788950744,Task L margin,GBM,TreeExplainer
p1_away_rank_away,0.022612176342122262,0.008182120565010614,Task L margin,GBM,TreeExplainer
away_shots_against_l10,0.021445766938353577,0.005162280869723927,Task L margin,GBM,TreeExplainer
away_shots_on_target_against_l5,0.021159577019140122,0.0021447246608056157,Task L margin,GBM,TreeExplainer
away_xg_for_l10,0.02049907955476083,0.005156930658247648,Task L margin,GBM,TreeExplainer
live_diff_xg,0.0204750748976289,0.006541100921856262,Task L margin,GBM,TreeExplainer
away_goals_against_l5,0.020324369971174747,0.0017241145619752392,Task L margin,GBM,TreeExplainer
away_goal_difference_l10,0.01955431484772514,0.013803919486206483,Task L margin,GBM,TreeExplainer
away_live_fouls,0.018225489158493778,0.001038116304741935,Task L margin,GBM,TreeExplainer
home_goals_for_l5,0.01765174515115407,0.001563227133322732,Task L margin,GBM,TreeExplainer
away_pressures_for_l5,0.01750927753062763,0.0012203064470063967,Task L margin,GBM,TreeExplainer
home_xg_against_l10,0.017033531469797417,0.003327160666488512,Task L margin,GBM,TreeExplainer
diff_pressures_for_l3,0.016758710805326708,0.004058401118186522,Task L margin,GBM,TreeExplainer
home_goal_difference_l10,0.016728208068323626,0.0032392863145071513,Task L margin,GBM,TreeExplainer
p1_away_scr_total,0.015249913243021978,0.0023243204715708756,Task L margin,GBM,TreeExplainer
away_possession_share_l3,0.014584870729409146,0.00230861677787671,Task L margin,GBM,TreeExplainer
diff_shots_for_l3,0.014372789537720383,0.009974272992590943,Task L margin,GBM,TreeExplainer
p1_home_con_total,0.014218747818904616,0.002668320215466771,Task L margin,GBM,TreeExplainer
diff_possession_share_l10,0.014190596331780174,0.007236432887707317,Task L margin,GBM,TreeExplainer
home_points_l3,0.012929351227482164,0.0022922689152661993,Task L margin,GBM,TreeExplainer
home_passes_for_l3,0.012773397802871967,0.003424561724460493,Task L margin,GBM,TreeExplainer
home_xg_against_l3,0.012114163547381757,0.0019954462954637083,Task L margin,GBM,TreeExplainer
away_shots_on_target_for_l3,0.01203093137809387,0.0024171379315123848,Task L margin,GBM,TreeExplainer
home_possession_share_l5,0.010828066420454219,0.0011842896854940773,Task L margin,GBM,TreeExplainer
diff_points_l10,0.010786420706488808,0.0024386642663907178,Task L margin,GBM,TreeExplainer
away_goals_for_l5,0.010661307326921563,0.0012636290607014476,Task L margin,GBM,TreeExplainer
away_shots_for_l3,0.010635414983487378,0.0017454521463773046,Task L margin,GBM,TreeExplainer
home_goal_difference_l3,0.009984538755752144,0.0019651365978194386,Task L margin,GBM,TreeExplainer
away_final_third_entries_for_l3,0.009954979358365142,0.0031678306324655243,Task L margin,GBM,TreeExplainer
current_away_score,0.00965984203796834,0.004005716493581703,Task L margin,GBM,TreeExplainer
home_goals_for_l10,0.009482205523177986,0.0011546104114921313,Task L margin,GBM,TreeExplainer
home_pressures_for_l3,0.009357031274602431,0.0010768979394263345,Task L margin,GBM,TreeExplainer
away_red_cards_for_l10,0.00918584024365991,0.0017533523148318643,Task L margin,GBM,TreeExplainer
away_xg_for_l5,0.008821157370971442,0.0019046166776032825,Task L margin,GBM,TreeExplainer
diff_shots_for_l10,0.0085847379257592,0.0027078054750020856,Task L margin,GBM,TreeExplainer
away_passes_for_l10,0.008457762681444485,0.004809346576831013,Task L margin,GBM,TreeExplainer
home_rest_days,0.008289400908669151,0.0037896891022758112,Task L margin,GBM,TreeExplainer
diff_possession_share_l5,0.00816152867705872,0.003344009030171629,Task L margin,GBM,TreeExplainer
home_xg_against_l5,0.008057493778783825,0.0061048287099468,Task L margin,GBM,TreeExplainer
diff_goal_difference_l10,0.007960369509582722,0.00391675713167046,Task L margin,GBM,TreeExplainer
home_live_xg,0.007800650132137044,0.0012097733680536881,Task L margin,GBM,TreeExplainer
away_goals_for_l3,0.007794448897382241,0.0027946048265626465,Task L margin,GBM,TreeExplainer
diff_goal_difference_l5,0.0075590030413121,0.0003221954795182016,Task L margin,GBM,TreeExplainer
home_shots_against_l3,0.0072696534999956725,0.003373128544387441,Task L margin,GBM,TreeExplainer
home_passes_for_l5,0.006835751027831193,0.00187887705544055,Task L margin,GBM,TreeExplainer
home_goals_for_l3,0.00663923369372884,0.00347884247253963,Task L margin,GBM,TreeExplainer
away_shots_against_l5,0.0066314761215976155,0.001400457298417674,Task L margin,GBM,TreeExplainer
home_pressures_for_l5,0.006412549106528359,0.0013841964752021123,Task L margin,GBM,TreeExplainer
diff_points_l5,0.006184022834741825,0.0022643476435026174,Task L margin,GBM,TreeExplainer
away_possession_share_l5,0.00605498484921021,0.0020835375255616874,Task L margin,GBM,TreeExplainer
home_shots_on_target_for_l5,0.00590678152944893,0.0011527336430229513,Task L margin,GBM,TreeExplainer
away_xg_for_l3,0.005584736232583725,0.0011588703841550294,Task L margin,GBM,TreeExplainer
home_shots_on_target_against_l3,0.0053832777222618455,0.0021263996598706518,Task L margin,GBM,TreeExplainer
away_shots_on_target_against_l10,0.005264006615399071,0.0015348305700623461,Task L margin,GBM,TreeExplainer
away_xg_against_l5,0.0050805534605557695,0.002582212998840224,Task L margin,GBM,TreeExplainer
home_final_third_entries_for_l10,0.004801497794113434,0.0009508014877612426,Task L margin,GBM,TreeExplainer
current_home_score,0.004580921246359749,0.001841180502197126,Task L margin,GBM,TreeExplainer
away_final_third_entries_for_l10,0.004251711687135198,0.0020234316475960744,Task L margin,GBM,TreeExplainer
home_xg_for_l10,0.004091437838692216,0.001499434162018896,Task L margin,GBM,TreeExplainer
p1_home_con_away,0.0038929386585950963,0.0008503815162246384,Task L margin,GBM,TreeExplainer
p1_away_scr_away,0.0035984004677583788,0.0009191372236607373,Task L margin,GBM,TreeExplainer
away_points_l3,0.003573346675994488,0.0014608950528935847,Task L margin,GBM,TreeExplainer
diff_xg_for_l5,0.0034984067678451563,0.0011009405864535016,Task L margin,GBM,TreeExplainer
home_shots_against_l10,0.0032066855199014152,0.0018053254270957858,Task L margin,GBM,TreeExplainer
home_final_third_entries_for_l3,0.0031902373516311195,0.0004771421870649411,Task L margin,GBM,TreeExplainer
diff_pass_completion_for_l5,0.003118252940165496,0.0015486238422455988,Task L margin,GBM,TreeExplainer
away_goals_for_l10,0.0031027573358888474,0.0011109659332233703,Task L margin,GBM,TreeExplainer
home_shots_for_l10,0.00303067555865273,0.001564617407657585,Task L margin,GBM,TreeExplainer
away_final_third_entries_for_l5,0.003024795754067603,0.005010261702370205,Task L margin,GBM,TreeExplainer
p1_away_rank_home,0.0027551454309374104,0.0005752824532597429,Task L margin,GBM,TreeExplainer
home_shots_on_target_against_l5,0.0027469313635180358,0.0002460093342293681,Task L margin,GBM,TreeExplainer
away_red_cards_for_l5,0.0027090765566875536,0.000779405033435837,Task L margin,GBM,TreeExplainer
rest_days_difference,0.00257582171832522,0.0001986755563935738,Task L margin,GBM,TreeExplainer
away_passes_for_l3,0.002497707462745408,0.0010637553315247445,Task L margin,GBM,TreeExplainer
home_shots_for_l5,0.0024280802899350694,0.0010922841158952654,Task L margin,GBM,TreeExplainer
away_live_passes,0.0024185024037025877,0.0007047383748662806,Task L margin,GBM,TreeExplainer
home_points_l10,0.0022773303945704034,0.001402631187492849,Task L margin,GBM,TreeExplainer
away_pass_completion_for_l10,0.002276472234066265,0.00041602678708086127,Task L margin,GBM,TreeExplainer
home_pressures_for_l10,0.0022531577765320717,0.0009046429030840123,Task L margin,GBM,TreeExplainer
diff_possession_share_l3,0.002111815419048072,0.0004305301177509885,Task L margin,GBM,TreeExplainer
away_points_l5,0.002104840340837839,0.0005923972392586936,Task L margin,GBM,TreeExplainer
home_points_l5,0.0019499400955935327,0.00012431319790787634,Task L margin,GBM,TreeExplainer
away_goals_against_l10,0.0018507984741280487,0.0007392595204330759,Task L margin,GBM,TreeExplainer
home_live_carries,0.001839846370679632,0.00022367894716752694,Task L margin,GBM,TreeExplainer
home_xg_for_l5,0.0017898864315201823,0.0015255236459227306,Task L margin,GBM,TreeExplainer
home_possession_share_l10,0.001627191856130956,0.0020284151828905187,Task L margin,GBM,TreeExplainer
home_possession_share_l3,0.001569671017459282,0.0005112995211987417,Task L margin,GBM,TreeExplainer
home_live_pressures,0.0015201966749814643,0.00042032764055246536,Task L margin,GBM,TreeExplainer
away_possession_share_l10,0.0015117466414968147,0.0006281568713114102,Task L margin,GBM,TreeExplainer
home_live_shots_on_target,0.001477092172081272,0.0001714185348562242,Task L margin,GBM,TreeExplainer
home_live_shots,0.001347579483191171,0.00011878162017977178,Task L margin,GBM,TreeExplainer
diff_pass_completion_for_l10,0.001303298747353255,0.0005765285746962334,Task L margin,GBM,TreeExplainer
home_live_final_third_entries,0.0012902656883622215,9.757417506780822e-05,Task L margin,GBM,TreeExplainer
away_live_pressures,0.0012369928294792781,0.0002546374183912209,Task L margin,GBM,TreeExplainer
away_live_xg,0.001160524053685366,0.00022264695639865679,Task L margin,GBM,TreeExplainer
diff_pass_completion_for_l3,0.0011462300295631107,0.00035369111570779003,Task L margin,GBM,TreeExplainer
home_live_fouls,0.0011151996416971064,0.0002921212683399165,Task L margin,GBM,TreeExplainer
home_shots_against_l5,0.000987877686073383,0.000805762110850371,Task L margin,GBM,TreeExplainer
away_points_l10,0.0009643652814129996,0.00023422226104497857,Task L margin,GBM,TreeExplainer
away_goals_against_l3,0.0009633121238400546,0.0006755906598906049,Task L margin,GBM,TreeExplainer
p1_home_con_home,0.0009196476714685559,0.00017770950786178018,Task L margin,GBM,TreeExplainer
away_live_carries,0.000917960249570508,0.0007003550656975926,Task L margin,GBM,TreeExplainer
p1_home_rank_away,0.0008778550129849451,0.00011721522030069287,Task L margin,GBM,TreeExplainer
away_pressures_for_l10,0.0008425072357524188,0.00016491910249806296,Task L margin,GBM,TreeExplainer
p1_home_scr_home,0.0008001882038389647,0.0009813019620331985,Task L margin,GBM,TreeExplainer
p1_home_rank_home,0.0005013820290565501,0.00020472322120395573,Task L margin,GBM,TreeExplainer
live_diff_final_third_entries,0.0004888825594137112,0.00011501809249113956,Task L margin,GBM,TreeExplainer
p1_home_scr_away,0.0004485983705768978,0.0009896894254902441,Task L margin,GBM,TreeExplainer
home_live_corners,0.0004463969757935655,0.00020328908536379646,Task L margin,GBM,TreeExplainer
diff_xg_for_l10,0.0004235396857062971,0.0004553653753448902,Task L margin,GBM,TreeExplainer
diff_goal_difference_l3,0.00042168387303439267,0.00026510717649160296,Task L margin,GBM,TreeExplainer
p1_home_rank_total,0.0004127094315520183,0.00012279446098519367,Task L margin,GBM,TreeExplainer
home_live_completed_passes,0.0003908949002002676,4.132611278386924e-05,Task L margin,GBM,TreeExplainer
n_events_so_far,0.000385778975284968,5.268864355978683e-05,Task L margin,GBM,TreeExplainer
away_live_shots,0.000384410896648963,2.1245818594085763e-05,Task L margin,GBM,TreeExplainer
away_live_final_third_entries,0.0003721277255564928,6.299382309670803e-05,Task L margin,GBM,TreeExplainer
away_live_completed_passes,0.00036474748899539345,8.775670130901862e-05,Task L margin,GBM,TreeExplainer
away_shots_against_l3,0.00029136510932197213,0.00026425278540554966,Task L margin,GBM,TreeExplainer
p1_away_con_home,0.00028020098898559853,5.735827560126152e-05,Task L margin,GBM,TreeExplainer
home_live_pass_completion,0.000227851348121961,0.00012893018003771564,Task L margin,GBM,TreeExplainer
away_rest_days,0.00016131653375923654,0.0021846758513797034,Task L margin,GBM,TreeExplainer
home_shots_on_target_for_l10,0.0001522807851433754,5.124422936503107e-06,Task L margin,GBM,TreeExplainer
home_goals_against_l5,0.0001403043481210868,1.629913782435647e-05,Task L margin,GBM,TreeExplainer
away_live_possession_share,0.00011625369985898325,0.0001494301092134832,Task L margin,GBM,TreeExplainer
home_shots_on_target_against_l10,6.444739839062095e-05,1.0042850017173164e-05,Task L margin,GBM,TreeExplainer
live_diff_pressures,6.370869837701321e-05,2.643733796412093e-05,Task L margin,GBM,TreeExplainer
home_goals_against_l3,5.924552263071132e-05,1.240853598389851e-05,Task L margin,GBM,TreeExplainer
away_live_pass_completion,5.379022347430387e-05,9.755058882940708e-05,Task L margin,GBM,TreeExplainer
away_live_corners,2.5489854129652205e-05,2.5172623950974735e-07,Task L margin,GBM,TreeExplainer
away_live_shots_on_target,2.060496558745702e-05,3.2212844977570114e-05,Task L margin,GBM,TreeExplainer
away_passes_for_l5,1.9688370311632756e-05,0.00012893440606569405,Task L margin,GBM,TreeExplainer
diff_points_l3,1.206262316554785e-05,0.001528643896544008,Task L margin,GBM,TreeExplainer
home_live_passes,7.224654903014501e-06,6.582289161262184e-05,Task L margin,GBM,TreeExplainer
home_red_cards_for_l5,4.117108633120853e-06,8.528895601207315e-08,Task L margin,GBM,TreeExplainer
home_live_pressures_last5,0.0,0.0,Task L margin,GBM,TreeExplainer
reference_second,0.0,5.0604221377237134e-06,Task L margin,GBM,TreeExplainer
snapshot_period,0.0,0.0,Task L margin,GBM,TreeExplainer
home_live_red_cards,0.0,0.0,Task L margin,GBM,TreeExplainer
time_remaining_minutes,0.0,1.4544113559040589e-05,Task L margin,GBM,TreeExplainer
home_live_shots_last5,0.0,0.0,Task L margin,GBM,TreeExplainer
home_live_xg_last5,0.0,0.0,Task L margin,GBM,TreeExplainer
snapshot_minute,0.0,0.0,Task L margin,GBM,TreeExplainer
snapshot_rank,0.0,1.908992599040372e-05,Task L margin,GBM,TreeExplainer
missingindicator_away_points_l10,0.0,0.0,Task L margin,GBM,TreeExplainer
missingindicator_away_goals_for_l10,0.0,0.0,Task L margin,GBM,TreeExplainer
missingindicator_away_goals_against_l10,0.0,0.0,Task L margin,GBM,TreeExplainer
missingindicator_away_goal_difference_l10,0.0,0.0,Task L margin,GBM,TreeExplainer
missingindicator_away_shots_for_l10,0.0,0.0,Task L margin,GBM,TreeExplainer
missingindicator_away_shots_against_l10,0.0,0.0,Task L margin,GBM,TreeExplainer
missingindicator_away_shots_on_target_for_l10,0.0,0.0,Task L margin,GBM,TreeExplainer
missingindicator_away_shots_on_target_against_l10,0.0,0.0,Task L margin,GBM,TreeExplainer
missingindicator_away_xg_for_l10,0.0,0.0,Task L margin,GBM,TreeExplainer
missingindicator_away_xg_against_l10,0.0,0.0,Task L margin,GBM,TreeExplainer
missingindicator_away_passes_for_l10,0.0,0.0,Task L margin,GBM,TreeExplainer
missingindicator_away_pass_completion_for_l10,0.0,0.0,Task L margin,GBM,TreeExplainer
missingindicator_away_pressures_for_l10,0.0,0.0,Task L margin,GBM,TreeExplainer
missingindicator_away_final_third_entries_for_l10,0.0,0.0,Task L margin,GBM,TreeExplainer
missingindicator_away_red_cards_for_l10,0.0,0.0,Task L margin,GBM,TreeExplainer
missingindicator_away_possession_share_l10,0.0,0.0,Task L margin,GBM,TreeExplainer
missingindicator_diff_points_l3,0.0,0.0,Task L margin,GBM,TreeExplainer
missingindicator_diff_goal_difference_l3,0.0,0.0,Task L margin,GBM,TreeExplainer
missingindicator_diff_shots_for_l3,0.0,0.0,Task L margin,GBM,TreeExplainer
missingindicator_diff_xg_for_l3,0.0,0.0,Task L margin,GBM,TreeExplainer
missingindicator_diff_pass_completion_for_l3,0.0,0.0,Task L margin,GBM,TreeExplainer
missingindicator_diff_pressures_for_l3,0.0,0.0,Task L margin,GBM,TreeExplainer
missingindicator_diff_possession_share_l3,0.0,0.0,Task L margin,GBM,TreeExplainer
home_live_possession_share,0.0,4.960936784491291e-06,Task L margin,GBM,TreeExplainer
home_live_final_third_entries_last5,0.0,0.0,Task L margin,GBM,TreeExplainer
home_live_shots_last10,0.0,0.0,Task L margin,GBM,TreeExplainer
home_live_pressures_last10,0.0,0.0,Task L margin,GBM,TreeExplainer
home_live_xg_last10,0.0,0.0,Task L margin,GBM,TreeExplainer
home_live_final_third_entries_last10,0.0,9.181060114301697e-07,Task L margin,GBM,TreeExplainer
missingindicator_away_final_third_entries_for_l5,0.0,0.0,Task L margin,GBM,TreeExplainer
missingindicator_away_red_cards_for_l5,0.0,0.0,Task L margin,GBM,TreeExplainer
missingindicator_away_possession_share_l5,0.0,0.0,Task L margin,GBM,TreeExplainer
away_goal_difference_l5,0.0,0.0,Task L margin,GBM,TreeExplainer
away_missing_history_l3,0.0,0.0,Task L margin,GBM,TreeExplainer
away_red_cards_for_l3,0.0,0.00024990273829443777,Task L margin,GBM,TreeExplainer
missingindicator_diff_pressures_for_l5,0.0,0.0,Task L margin,GBM,TreeExplainer
missingindicator_diff_pass_completion_for_l5,0.0,0.0,Task L margin,GBM,TreeExplainer
missingindicator_diff_xg_for_l5,0.0,0.0,Task L margin,GBM,TreeExplainer
missingindicator_diff_shots_for_l5,0.0,0.0,Task L margin,GBM,TreeExplainer
missingindicator_diff_goal_difference_l5,0.0,0.0,Task L margin,GBM,TreeExplainer
missingindicator_diff_points_l5,0.0,0.0,Task L margin,GBM,TreeExplainer
away_history_matches_before,0.0,0.0012870734194275644,Task L margin,GBM,TreeExplainer
home_red_cards_for_l10,0.0,3.080388848881367e-05,Task L margin,GBM,TreeExplainer
home_missing_history_l10,0.0,0.0,Task L margin,GBM,TreeExplainer
home_missing_history_l3,0.0,0.0,Task L margin,GBM,TreeExplainer
home_missing_history_l5,0.0,0.0,Task L margin,GBM,TreeExplainer
away_missing_history_l5,0.0,0.0,Task L margin,GBM,TreeExplainer
away_goal_difference_l3,0.0,0.0,Task L margin,GBM,TreeExplainer
away_missing_history_l10,0.0,0.0,Task L margin,GBM,TreeExplainer
home_goal_difference_l5,0.0,0.0,Task L margin,GBM,TreeExplainer
home_red_cards_for_l3,0.0,0.0,Task L margin,GBM,TreeExplainer
p1_home_scr_total,0.0,3.944627281737903e-05,Task L margin,GBM,TreeExplainer
away_live_red_cards,0.0,0.0,Task L margin,GBM,TreeExplainer
away_live_shots_last5,0.0,0.0,Task L margin,GBM,TreeExplainer
away_live_xg_last5,0.0,0.0,Task L margin,GBM,TreeExplainer
away_live_pressures_last5,0.0,0.0,Task L margin,GBM,TreeExplainer
away_live_final_third_entries_last5,0.0,0.0,Task L margin,GBM,TreeExplainer
away_live_shots_last10,0.0,0.0,Task L margin,GBM,TreeExplainer
away_live_xg_last10,0.0,3.24862903881982e-06,Task L margin,GBM,TreeExplainer
away_live_pressures_last10,0.0,0.0,Task L margin,GBM,TreeExplainer
away_live_final_third_entries_last10,0.0,0.0,Task L margin,GBM,TreeExplainer
man_advantage_home,0.0,0.0,Task L margin,GBM,TreeExplainer
live_diff_shots,0.0,3.695415704966568e-06,Task L margin,GBM,TreeExplainer
away_pass_completion_for_l5,0.0,0.0,Task L margin,GBM,TreeExplainer
live_diff_shots_on_target,0.0,0.0,Task L margin,GBM,TreeExplainer
live_diff_possession_share,0.0,3.1980962573691744e-06,Task L margin,GBM,TreeExplainer
live_diff_shots_last5,0.0,0.0,Task L margin,GBM,TreeExplainer
live_diff_xg_last5,0.0,0.0,Task L margin,GBM,TreeExplainer
live_diff_pressures_last5,0.0,0.0,Task L margin,GBM,TreeExplainer
home_history_matches_before,0.0,0.0008604338861104807,Task L margin,GBM,TreeExplainer
missingindicator_home_live_pass_completion,0.0,0.0,Task L margin,GBM,TreeExplainer
missingindicator_away_live_pass_completion,0.0,0.0,Task L margin,GBM,TreeExplainer
missingindicator_home_rest_days,0.0,0.0,Task L margin,GBM,TreeExplainer
missingindicator_home_points_l3,0.0,0.0,Task L margin,GBM,TreeExplainer
missingindicator_home_goals_for_l3,0.0,0.0,Task L margin,GBM,TreeExplainer
missingindicator_home_goals_against_l3,0.0,5.4949145174319626e-05,Task L margin,GBM,TreeExplainer
missingindicator_home_goal_difference_l3,0.0,0.0,Task L margin,GBM,TreeExplainer
missingindicator_home_shots_for_l3,0.0,0.0,Task L margin,GBM,TreeExplainer
missingindicator_home_shots_against_l3,0.0,0.0,Task L margin,GBM,TreeExplainer
missingindicator_home_shots_on_target_for_l3,0.0,0.0,Task L margin,GBM,TreeExplainer
missingindicator_home_shots_on_target_against_l3,0.0,0.0,Task L margin,GBM,TreeExplainer
missingindicator_home_xg_for_l3,0.0,0.0,Task L margin,GBM,TreeExplainer
missingindicator_home_xg_against_l3,0.0,0.0,Task L margin,GBM,TreeExplainer
missingindicator_home_passes_for_l3,0.0,0.0,Task L margin,GBM,TreeExplainer
missingindicator_home_pass_completion_for_l3,0.0,0.0,Task L margin,GBM,TreeExplainer
missingindicator_home_pressures_for_l3,0.0,0.0,Task L margin,GBM,TreeExplainer
missingindicator_home_final_third_entries_for_l3,0.0,0.0,Task L margin,GBM,TreeExplainer
missingindicator_home_red_cards_for_l3,0.0,0.0,Task L margin,GBM,TreeExplainer
missingindicator_home_possession_share_l3,0.0,0.0,Task L margin,GBM,TreeExplainer
missingindicator_home_points_l5,0.0,0.0,Task L margin,GBM,TreeExplainer
missingindicator_home_goals_for_l5,0.0,0.0,Task L margin,GBM,TreeExplainer
missingindicator_home_goals_against_l5,0.0,0.0,Task L margin,GBM,TreeExplainer
missingindicator_home_goal_difference_l5,0.0,0.0,Task L margin,GBM,TreeExplainer
missingindicator_home_shots_for_l5,0.0,0.0,Task L margin,GBM,TreeExplainer
missingindicator_home_shots_against_l5,0.0,0.0,Task L margin,GBM,TreeExplainer
missingindicator_home_shots_on_target_for_l5,0.0,5.762182347919141e-05,Task L margin,GBM,TreeExplainer
missingindicator_home_shots_on_target_against_l5,0.0,0.0,Task L margin,GBM,TreeExplainer
missingindicator_home_xg_for_l5,0.0,0.0,Task L margin,GBM,TreeExplainer
missingindicator_home_xg_against_l5,0.0,0.0,Task L margin,GBM,TreeExplainer
missingindicator_home_passes_for_l5,0.0,0.0,Task L margin,GBM,TreeExplainer
missingindicator_home_pass_completion_for_l5,0.0,0.0,Task L margin,GBM,TreeExplainer
missingindicator_home_pressures_for_l5,0.0,0.0,Task L margin,GBM,TreeExplainer
missingindicator_home_final_third_entries_for_l5,0.0,0.0,Task L margin,GBM,TreeExplainer
missingindicator_home_red_cards_for_l5,0.0,0.0,Task L margin,GBM,TreeExplainer
missingindicator_home_possession_share_l5,0.0,0.0,Task L margin,GBM,TreeExplainer
missingindicator_home_points_l10,0.0,0.0,Task L margin,GBM,TreeExplainer
missingindicator_home_goals_for_l10,0.0,0.0,Task L margin,GBM,TreeExplainer
missingindicator_home_goals_against_l10,0.0,0.0,Task L margin,GBM,TreeExplainer
missingindicator_home_goal_difference_l10,0.0,0.0,Task L margin,GBM,TreeExplainer
missingindicator_home_shots_for_l10,0.0,0.0,Task L margin,GBM,TreeExplainer
missingindicator_home_shots_against_l10,0.0,0.0,Task L margin,GBM,TreeExplainer
missingindicator_home_shots_on_target_for_l10,0.0,0.0,Task L margin,GBM,TreeExplainer
missingindicator_home_shots_on_target_against_l10,0.0,0.0,Task L margin,GBM,TreeExplainer
missingindicator_home_xg_for_l10,0.0,0.0,Task L margin,GBM,TreeExplainer
missingindicator_home_xg_against_l10,0.0,0.0,Task L margin,GBM,TreeExplainer
missingindicator_home_passes_for_l10,0.0,0.0,Task L margin,GBM,TreeExplainer
missingindicator_home_pass_completion_for_l10,0.0,0.0,Task L margin,GBM,TreeExplainer
missingindicator_home_pressures_for_l10,0.0,0.0,Task L margin,GBM,TreeExplainer
missingindicator_home_final_third_entries_for_l10,0.0,0.0,Task L margin,GBM,TreeExplainer
missingindicator_home_red_cards_for_l10,0.0,0.0,Task L margin,GBM,TreeExplainer
missingindicator_home_possession_share_l10,0.0,0.0,Task L margin,GBM,TreeExplainer
missingindicator_away_rest_days,0.0,0.0,Task L margin,GBM,TreeExplainer
missingindicator_away_points_l3,0.0,0.0,Task L margin,GBM,TreeExplainer
missingindicator_away_goals_for_l3,0.0,0.0,Task L margin,GBM,TreeExplainer
missingindicator_away_goals_against_l3,0.0,0.0,Task L margin,GBM,TreeExplainer
missingindicator_away_goal_difference_l3,0.0,0.0,Task L margin,GBM,TreeExplainer
missingindicator_away_shots_for_l3,0.0,0.0,Task L margin,GBM,TreeExplainer
missingindicator_away_shots_against_l3,0.0,0.0,Task L margin,GBM,TreeExplainer
missingindicator_away_shots_on_target_for_l3,0.0,0.0,Task L margin,GBM,TreeExplainer
missingindicator_away_shots_on_target_against_l3,0.0,0.0,Task L margin,GBM,TreeExplainer
missingindicator_away_xg_for_l3,0.0,0.0,Task L margin,GBM,TreeExplainer
missingindicator_away_xg_against_l3,0.0,0.0,Task L margin,GBM,TreeExplainer
missingindicator_away_passes_for_l3,0.0,0.0,Task L margin,GBM,TreeExplainer
missingindicator_away_pass_completion_for_l3,0.0,0.0,Task L margin,GBM,TreeExplainer
missingindicator_away_pressures_for_l3,0.0,0.0,Task L margin,GBM,TreeExplainer
missingindicator_away_final_third_entries_for_l3,0.0,0.0,Task L margin,GBM,TreeExplainer
missingindicator_away_red_cards_for_l3,0.0,0.0,Task L margin,GBM,TreeExplainer
missingindicator_away_possession_share_l3,0.0,0.0,Task L margin,GBM,TreeExplainer
missingindicator_away_points_l5,0.0,0.0,Task L margin,GBM,TreeExplainer
missingindicator_away_goals_for_l5,0.0,0.0,Task L margin,GBM,TreeExplainer
missingindicator_away_goals_against_l5,0.0,0.0,Task L margin,GBM,TreeExplainer
missingindicator_away_goal_difference_l5,0.0,0.0,Task L margin,GBM,TreeExplainer
missingindicator_away_shots_for_l5,0.0,0.0,Task L margin,GBM,TreeExplainer
missingindicator_away_shots_against_l5,0.0,0.0,Task L margin,GBM,TreeExplainer
missingindicator_away_shots_on_target_for_l5,0.0,0.0,Task L margin,GBM,TreeExplainer
missingindicator_away_shots_on_target_against_l5,0.0,0.0,Task L margin,GBM,TreeExplainer
missingindicator_away_xg_for_l5,0.0,0.0,Task L margin,GBM,TreeExplainer
missingindicator_away_xg_against_l5,0.0,0.0,Task L margin,GBM,TreeExplainer
missingindicator_away_passes_for_l5,0.0,0.0,Task L margin,GBM,TreeExplainer
missingindicator_away_pass_completion_for_l5,0.0,0.0,Task L margin,GBM,TreeExplainer
missingindicator_away_pressures_for_l5,0.0,0.0,Task L margin,GBM,TreeExplainer
missingindicator_diff_possession_share_l5,0.0,0.0,Task L margin,GBM,TreeExplainer
missingindicator_diff_points_l10,0.0,0.0,Task L margin,GBM,TreeExplainer
missingindicator_diff_goal_difference_l10,0.0,0.0,Task L margin,GBM,TreeExplainer
missingindicator_diff_shots_for_l10,0.0,0.0,Task L margin,GBM,TreeExplainer
missingindicator_diff_xg_for_l10,0.0,0.0,Task L margin,GBM,TreeExplainer
missingindicator_diff_pass_completion_for_l10,0.0,0.0,Task L margin,GBM,TreeExplainer
missingindicator_diff_pressures_for_l10,0.0,0.0,Task L margin,GBM,TreeExplainer
missingindicator_diff_possession_share_l10,0.0,0.0,Task L margin,GBM,TreeExplainer
missingindicator_rest_days_difference,0.0,0.0,Task L margin,GBM,TreeExplainer
current_goal_difference,0.588261157758728,0.054778289049863815,Task L margin,XGBoost,Permutation fallback (ValueError)
p1_away_rank_total,0.14351072468146833,0.03214506059885025,Task L margin,XGBoost,Permutation fallback (ValueError)
home_pass_completion_for_l5,0.08474155377119312,0.005041033495217562,Task L margin,XGBoost,Permutation fallback (ValueError)
home_pass_completion_for_l3,0.0736353925083919,0.004747500643134117,Task L margin,XGBoost,Permutation fallback (ValueError)
home_goals_against_l10,0.07219137541064995,0.0037832194939255714,Task L margin,XGBoost,Permutation fallback (ValueError)
home_passes_for_l10,0.06938990786407764,0.013471046462655067,Task L margin,XGBoost,Permutation fallback (ValueError)
p1_away_scr_home,0.06243574873652929,0.012046963907778263,Task L margin,XGBoost,Permutation fallback (ValueError)
current_home_score,0.06132999018765986,0.023562001064419746,Task L margin,XGBoost,Permutation fallback (ValueError)
away_shots_on_target_against_l3,0.05999876740326485,0.007816181518137455,Task L margin,XGBoost,Permutation fallback (ValueError)
home_xg_for_l3,0.05396402262275417,0.011274628341197968,Task L margin,XGBoost,Permutation fallback (ValueError)
diff_pressures_for_l10,0.05118297064428527,0.0060558500699698925,Task L margin,XGBoost,Permutation fallback (ValueError)
home_shots_for_l3,0.042041422777033086,0.009583122096955776,Task L margin,XGBoost,Permutation fallback (ValueError)
away_xg_against_l3,0.03747855531913228,0.0068075587041676044,Task L margin,XGBoost,Permutation fallback (ValueError)
home_shots_on_target_for_l3,0.03716083500068634,0.005524976644665003,Task L margin,XGBoost,Permutation fallback (ValueError)
current_away_score,0.03604462858925883,0.03772839158773422,Task L margin,XGBoost,Permutation fallback (ValueError)
p1_away_con_total,0.03574972062169883,0.01666945591568947,Task L margin,XGBoost,Permutation fallback (ValueError)
away_shots_on_target_for_l10,0.03538822523644195,0.016445646062493324,Task L margin,XGBoost,Permutation fallback (ValueError)
away_goals_against_l5,0.03519086596843166,0.003618829185143113,Task L margin,XGBoost,Permutation fallback (ValueError)
live_diff_xg,0.03444451239173456,0.026095295324921608,Task L margin,XGBoost,Permutation fallback (ValueError)
away_shots_on_target_for_l5,0.03296438520273658,0.0094318687915802,Task L margin,XGBoost,Permutation fallback (ValueError)
diff_pressures_for_l5,0.03161558562897456,0.004486018791794777,Task L margin,XGBoost,Permutation fallback (ValueError)
p1_away_con_away,0.03154268790176139,0.009197325445711613,Task L margin,XGBoost,Permutation fallback (ValueError)
diff_xg_for_l3,0.03151921985542867,0.008910935372114182,Task L margin,XGBoost,Permutation fallback (ValueError)
diff_shots_for_l10,0.02808103051828222,0.025238459929823875,Task L margin,XGBoost,Permutation fallback (ValueError)
away_final_third_entries_for_l10,0.027827372759425404,0.005940170492976904,Task L margin,XGBoost,Permutation fallback (ValueError)
home_goals_for_l5,0.026103635192538298,0.005902790930122137,Task L margin,XGBoost,Permutation fallback (ValueError)
away_shots_for_l5,0.0259619398950211,0.007242001127451658,Task L margin,XGBoost,Permutation fallback (ValueError)
home_xg_for_l5,0.02585604961379431,0.011841957457363605,Task L margin,XGBoost,Permutation fallback (ValueError)
home_points_l3,0.025735169942025096,0.005705092567950487,Task L margin,XGBoost,Permutation fallback (ValueError)
diff_pressures_for_l3,0.024141654849595708,0.006146215368062258,Task L margin,XGBoost,Permutation fallback (ValueError)
away_pass_completion_for_l3,0.02260438260742619,0.006013290025293827,Task L margin,XGBoost,Permutation fallback (ValueError)
home_pass_completion_for_l10,0.021456142636481677,0.006109742447733879,Task L margin,XGBoost,Permutation fallback (ValueError)
away_pressures_for_l3,0.021325896445351343,0.004511838313192129,Task L margin,XGBoost,Permutation fallback (ValueError)
home_goal_difference_l10,0.021260133824155987,0.005897325463593006,Task L margin,XGBoost,Permutation fallback (ValueError)
away_shots_on_target_against_l10,0.020691355436070195,0.005168184172362089,Task L margin,XGBoost,Permutation fallback (ValueError)
diff_shots_for_l5,0.02035959948863214,0.010748771950602531,Task L margin,XGBoost,Permutation fallback (ValueError)
away_xg_against_l10,0.02032157170039135,0.00444095628336072,Task L margin,XGBoost,Permutation fallback (ValueError)
home_pressures_for_l5,0.02021092336097111,0.005506464280188084,Task L margin,XGBoost,Permutation fallback (ValueError)
away_goal_difference_l10,0.017792657003737986,0.01400893647223711,Task L margin,XGBoost,Permutation fallback (ValueError)
diff_shots_for_l3,0.017504298698312288,0.013084283098578453,Task L margin,XGBoost,Permutation fallback (ValueError)
diff_goal_difference_l10,0.017275459261300675,0.012650628574192524,Task L margin,XGBoost,Permutation fallback (ValueError)
home_shots_on_target_for_l5,0.01650805130197356,0.005983754526823759,Task L margin,XGBoost,Permutation fallback (ValueError)
away_possession_share_l3,0.016436973017407604,0.004250389523804188,Task L margin,XGBoost,Permutation fallback (ValueError)
home_xg_against_l3,0.01637393644576271,0.00566445617005229,Task L margin,XGBoost,Permutation fallback (ValueError)
away_shots_against_l10,0.01619497319547614,0.0045562670566141605,Task L margin,XGBoost,Permutation fallback (ValueError)
p1_away_rank_away,0.015836614002473652,0.011575593613088131,Task L margin,XGBoost,Permutation fallback (ValueError)
diff_possession_share_l10,0.015617789560152836,0.01767578534781933,Task L margin,XGBoost,Permutation fallback (ValueError)
diff_points_l10,0.015489210653351619,0.006929433438926935,Task L margin,XGBoost,Permutation fallback (ValueError)
away_shots_for_l10,0.014985803551079386,0.004769391845911741,Task L margin,XGBoost,Permutation fallback (ValueError)
away_goals_for_l3,0.014819613659327546,0.005057002417743206,Task L margin,XGBoost,Permutation fallback (ValueError)
away_goals_for_l5,0.014214032165977783,0.0031756244134157896,Task L margin,XGBoost,Permutation fallback (ValueError)
home_final_third_entries_for_l5,0.014040148599965807,0.009032485075294971,Task L margin,XGBoost,Permutation fallback (ValueError)
p1_home_con_total,0.013710120633089283,0.0036329335998743773,Task L margin,XGBoost,Permutation fallback (ValueError)
home_xg_against_l5,0.01350146960956044,0.007299251388758421,Task L margin,XGBoost,Permutation fallback (ValueError)
away_xg_for_l10,0.012933684829079242,0.002944130916148424,Task L margin,XGBoost,Permutation fallback (ValueError)
diff_possession_share_l5,0.012870362152461907,0.006017820443958044,Task L margin,XGBoost,Permutation fallback (ValueError)
away_final_third_entries_for_l3,0.012452153896447278,0.004537623841315508,Task L margin,XGBoost,Permutation fallback (ValueError)
diff_goal_difference_l3,0.012421668849419816,0.004935187287628651,Task L margin,XGBoost,Permutation fallback (ValueError)
away_pressures_for_l5,0.011955686856138828,0.00403639068827033,Task L margin,XGBoost,Permutation fallback (ValueError)
away_shots_on_target_against_l5,0.011948890560694666,0.0024432155769318342,Task L margin,XGBoost,Permutation fallback (ValueError)
away_red_cards_for_l10,0.011070600588650758,0.004615588579326868,Task L margin,XGBoost,Permutation fallback (ValueError)
away_live_fouls,0.01091878836384665,0.002377593657001853,Task L margin,XGBoost,Permutation fallback (ValueError)
home_possession_share_l5,0.010727004704996941,0.005400475114583969,Task L margin,XGBoost,Permutation fallback (ValueError)
home_shots_for_l10,0.009688112629655125,0.008401193656027317,Task L margin,XGBoost,Permutation fallback (ValueError)
away_final_third_entries_for_l5,0.008858453908935195,0.008694886229932308,Task L margin,XGBoost,Permutation fallback (ValueError)
p1_away_rank_home,0.008537191085090547,0.005750210490077734,Task L margin,XGBoost,Permutation fallback (ValueError)
home_passes_for_l3,0.008511775786095925,0.00961831584572792,Task L margin,XGBoost,Permutation fallback (ValueError)
home_rest_days,0.008447544500076525,0.0029413774609565735,Task L margin,XGBoost,Permutation fallback (ValueError)
diff_goal_difference_l5,0.008436167206110743,0.0025300029665231705,Task L margin,XGBoost,Permutation fallback (ValueError)
away_shots_on_target_for_l3,0.008119093608887257,0.004815476015210152,Task L margin,XGBoost,Permutation fallback (ValueError)
away_rest_days,0.007695313916386432,0.006528879981487989,Task L margin,XGBoost,Permutation fallback (ValueError)
away_xg_for_l3,0.007427492674440138,0.008304520510137081,Task L margin,XGBoost,Permutation fallback (ValueError)
p1_away_scr_total,0.00728624495157662,0.0022834178525954485,Task L margin,XGBoost,Permutation fallback (ValueError)
away_xg_for_l5,0.007140774148632773,0.004100180231034756,Task L margin,XGBoost,Permutation fallback (ValueError)
diff_possession_share_l3,0.00705804480724813,0.005526986438781023,Task L margin,XGBoost,Permutation fallback (ValueError)
home_goals_for_l3,0.006397969274626438,0.005615431349724531,Task L margin,XGBoost,Permutation fallback (ValueError)
home_shots_against_l5,0.006130123058333986,0.007249449845403433,Task L margin,XGBoost,Permutation fallback (ValueError)
home_xg_for_l10,0.0061004174874008865,0.011001508682966232,Task L margin,XGBoost,Permutation fallback (ValueError)
away_passes_for_l10,0.005855347203750485,0.01359996385872364,Task L margin,XGBoost,Permutation fallback (ValueError)
home_goal_difference_l5,0.005757408747139075,0.007516010198742151,Task L margin,XGBoost,Permutation fallback (ValueError)
away_goals_against_l10,0.00556265953353917,0.010895130224525928,Task L margin,XGBoost,Permutation fallback (ValueError)
away_possession_share_l5,0.005517548175140591,0.003944705240428448,Task L margin,XGBoost,Permutation fallback (ValueError)
away_pass_completion_for_l5,0.005444934851800414,0.005382278002798557,Task L margin,XGBoost,Permutation fallback (ValueError)
home_shots_against_l3,0.004758809482368326,0.00589163089171052,Task L margin,XGBoost,Permutation fallback (ValueError)
diff_pass_completion_for_l10,0.004664720688325677,0.006491610314697027,Task L margin,XGBoost,Permutation fallback (ValueError)
home_shots_for_l5,0.004628698085163095,0.004159649834036827,Task L margin,XGBoost,Permutation fallback (ValueError)
diff_points_l5,0.0044929060445865554,0.009832553565502167,Task L margin,XGBoost,Permutation fallback (ValueError)
away_xg_against_l5,0.004480995643263054,0.00902480073273182,Task L margin,XGBoost,Permutation fallback (ValueError)
home_xg_against_l10,0.004171192920727955,0.00742935948073864,Task L margin,XGBoost,Permutation fallback (ValueError)
home_points_l10,0.004106455467292116,0.00372872781008482,Task L margin,XGBoost,Permutation fallback (ValueError)
away_goals_against_l3,0.004038393370263896,0.003034353256225586,Task L margin,XGBoost,Permutation fallback (ValueError)
away_points_l3,0.003990787377891449,0.002851956756785512,Task L margin,XGBoost,Permutation fallback (ValueError)
diff_xg_for_l5,0.003989114174308882,0.00852298829704523,Task L margin,XGBoost,Permutation fallback (ValueError)
home_pressures_for_l3,0.0038619836600264617,0.0022262497805058956,Task L margin,XGBoost,Permutation fallback (ValueError)
home_live_fouls,0.003800620197939364,0.0009482853929512203,Task L margin,XGBoost,Permutation fallback (ValueError)
away_shots_against_l3,0.003724061418479949,0.005687214434146881,Task L margin,XGBoost,Permutation fallback (ValueError)
rest_days_difference,0.0035700428532436323,0.0035216452088207006,Task L margin,XGBoost,Permutation fallback (ValueError)
home_goals_for_l10,0.003457590382196949,0.0023039013613015413,Task L margin,XGBoost,Permutation fallback (ValueError)
diff_pass_completion_for_l3,0.003447875713153435,0.005986618343740702,Task L margin,XGBoost,Permutation fallback (ValueError)
away_shots_for_l3,0.0034202767246946076,0.002255838830024004,Task L margin,XGBoost,Permutation fallback (ValueError)
home_pressures_for_l10,0.0034092668241355534,0.004636290017515421,Task L margin,XGBoost,Permutation fallback (ValueError)
home_goal_difference_l3,0.0032083939556808634,0.002292405813932419,Task L margin,XGBoost,Permutation fallback (ValueError)
home_shots_on_target_against_l3,0.0030911125795682753,0.0031784852035343647,Task L margin,XGBoost,Permutation fallback (ValueError)
diff_pass_completion_for_l5,0.002970246993626165,0.005270905327051878,Task L margin,XGBoost,Permutation fallback (ValueError)
home_final_third_entries_for_l10,0.002921118742320685,0.0014864248223602772,Task L margin,XGBoost,Permutation fallback (ValueError)
home_passes_for_l5,0.002902579256333419,0.003671025624498725,Task L margin,XGBoost,Permutation fallback (ValueError)
away_possession_share_l10,0.002851061432622393,0.0042278519831597805,Task L margin,XGBoost,Permutation fallback (ValueError)
away_passes_for_l5,0.002689409428586554,0.0016103702364489436,Task L margin,XGBoost,Permutation fallback (ValueError)
away_live_completed_passes,0.0026448749662376916,0.002129282569512725,Task L margin,XGBoost,Permutation fallback (ValueError)
away_passes_for_l3,0.0023994188800764557,0.0044463807716965675,Task L margin,XGBoost,Permutation fallback (ValueError)
snapshot_rank,0.0023725838302634692,0.0006220799987204373,Task L margin,XGBoost,Permutation fallback (ValueError)
home_shots_on_target_against_l10,0.002354850784254565,0.005270958412438631,Task L margin,XGBoost,Permutation fallback (ValueError)
home_shots_against_l10,0.0023270334871097744,0.007179906126111746,Task L margin,XGBoost,Permutation fallback (ValueError)
away_goals_for_l10,0.0022650041155672287,0.0022329555358737707,Task L margin,XGBoost,Permutation fallback (ValueError)
away_live_shots,0.0022387611530721102,0.0019962703809142113,Task L margin,XGBoost,Permutation fallback (ValueError)
p1_away_scr_away,0.0022077192653280992,0.0020465459674596786,Task L margin,XGBoost,Permutation fallback (ValueError)
p1_home_rank_away,0.0021881601316078316,0.0031370914075523615,Task L margin,XGBoost,Permutation fallback (ValueError)
away_pass_completion_for_l10,0.0021084408337871245,0.005957727320492268,Task L margin,XGBoost,Permutation fallback (ValueError)
diff_xg_for_l10,0.0020958946359654266,0.00433448376134038,Task L margin,XGBoost,Permutation fallback (ValueError)
home_points_l5,0.0019297053355646072,0.0013250521151348948,Task L margin,XGBoost,Permutation fallback (ValueError)
home_live_shots_on_target,0.0018606527573429084,0.0009026766056194901,Task L margin,XGBoost,Permutation fallback (ValueError)
away_shots_against_l5,0.0018078658807401705,0.002353225601837039,Task L margin,XGBoost,Permutation fallback (ValueError)
home_live_xg,0.0017628750204263944,0.0010936630424112082,Task L margin,XGBoost,Permutation fallback (ValueError)
away_live_pressures,0.0017295236553375932,0.0009028283529914916,Task L margin,XGBoost,Permutation fallback (ValueError)
away_live_xg,0.0016805169598277142,0.0009856929536908865,Task L margin,XGBoost,Permutation fallback (ValueError)
away_live_passes,0.0015712447892874534,0.001108525670133531,Task L margin,XGBoost,Permutation fallback (ValueError)
home_possession_share_l10,0.0015674828237388272,0.0022691187914460897,Task L margin,XGBoost,Permutation fallback (ValueError)
home_red_cards_for_l10,0.0014168038778007044,0.003695192513987422,Task L margin,XGBoost,Permutation fallback (ValueError)
home_live_pressures,0.0013356348689024596,0.0027759564109146595,Task L margin,XGBoost,Permutation fallback (ValueError)
snapshot_minute,0.0013079756120763049,0.0007356617134064436,Task L margin,XGBoost,Permutation fallback (ValueError)
away_points_l5,0.001194603436160833,0.005671969149261713,Task L margin,XGBoost,Permutation fallback (ValueError)
home_live_pass_completion,0.0011844109495480718,0.00046978594036772847,Task L margin,XGBoost,Permutation fallback (ValueError)
home_live_completed_passes,0.0011659902863514898,0.0008969681221060455,Task L margin,XGBoost,Permutation fallback (ValueError)
reference_second,0.0011519137658178803,0.0006178480689413846,Task L margin,XGBoost,Permutation fallback (ValueError)
home_final_third_entries_for_l3,0.0011477944791161783,0.004893158096820116,Task L margin,XGBoost,Permutation fallback (ValueError)
away_pressures_for_l10,0.0011441083444903254,0.00338891358114779,Task L margin,XGBoost,Permutation fallback (ValueError)
p1_home_con_away,0.0011426459155045347,0.004753260873258114,Task L margin,XGBoost,Permutation fallback (ValueError)
p1_home_con_home,0.000999498430872333,0.006110437214374542,Task L margin,XGBoost,Permutation fallback (ValueError)
live_diff_shots_on_target,0.0009976307023316718,0.004435098730027676,Task L margin,XGBoost,Permutation fallback (ValueError)
home_shots_on_target_for_l10,0.0009900530670614203,0.002747143618762493,Task L margin,XGBoost,Permutation fallback (ValueError)
away_red_cards_for_l5,0.000818366047615798,0.004112788010388613,Task L margin,XGBoost,Permutation fallback (ValueError)
home_live_corners,0.0008128488834481631,0.0017924582352861762,Task L margin,XGBoost,Permutation fallback (ValueError)
home_live_carries,0.0007032560965356748,0.0007612282643094659,Task L margin,XGBoost,Permutation fallback (ValueError)
home_live_final_third_entries,0.000682442470919345,0.0014057911466807127,Task L margin,XGBoost,Permutation fallback (ValueError)
p1_home_scr_home,0.0006695327834847049,0.00438814889639616,Task L margin,XGBoost,Permutation fallback (ValueError)
n_events_so_far,0.0006597269316359155,0.0005832844180986285,Task L margin,XGBoost,Permutation fallback (ValueError)
away_live_carries,0.0006411991020043738,0.0013701614225283265,Task L margin,XGBoost,Permutation fallback (ValueError)
home_possession_share_l3,0.0006315026497468253,0.004229843150824308,Task L margin,XGBoost,Permutation fallback (ValueError)
home_live_shots,0.0006215509694690546,0.0011267282534390688,Task L margin,XGBoost,Permutation fallback (ValueError)
live_diff_final_third_entries,0.0005354425362311346,0.0006099328747950494,Task L margin,XGBoost,Permutation fallback (ValueError)
home_goals_against_l3,0.00039364491255643267,0.0035678413696587086,Task L margin,XGBoost,Permutation fallback (ValueError)
away_live_final_third_entries,0.0003783836389581352,0.0012608215911313891,Task L margin,XGBoost,Permutation fallback (ValueError)
p1_away_con_home,0.00024639003972212287,0.0013120921794325113,Task L margin,XGBoost,Permutation fallback (ValueError)
away_live_shots_on_target,0.00019603300094604332,0.0010854998836293817,Task L margin,XGBoost,Permutation fallback (ValueError)
away_goal_difference_l5,0.00019460794329643268,0.002790416358038783,Task L margin,XGBoost,Permutation fallback (ValueError)
away_goal_difference_l3,0.00018078005313873727,0.0006930265226401389,Task L margin,XGBoost,Permutation fallback (ValueError)
home_shots_on_target_against_l5,0.0001631032625834153,0.006045065820217133,Task L margin,XGBoost,Permutation fallback (ValueError)
home_live_passes,0.00016307507641613502,0.00048444827552884817,Task L margin,XGBoost,Permutation fallback (ValueError)
away_live_pass_completion,0.00010345799724261497,3.941358590964228e-05,Task L margin,XGBoost,Permutation fallback (ValueError)
away_live_corners,4.0486315886179015e-05,0.0008347322582267225,Task L margin,XGBoost,Permutation fallback (ValueError)
live_diff_pressures,1.31056904792796e-05,0.0007300733705051243,Task L margin,XGBoost,Permutation fallback (ValueError)
home_goals_against_l5,3.865937391916985e-06,0.0008617447456344962,Task L margin,XGBoost,Permutation fallback (ValueError)
missingindicator_away_possession_share_l5,0.0,0.0,Task L margin,XGBoost,Permutation fallback (ValueError)
missingindicator_away_red_cards_for_l5,0.0,0.0,Task L margin,XGBoost,Permutation fallback (ValueError)
snapshot_period,0.0,0.0,Task L margin,XGBoost,Permutation fallback (ValueError)
time_remaining_minutes,0.0,0.0,Task L margin,XGBoost,Permutation fallback (ValueError)
home_live_red_cards,0.0,0.0,Task L margin,XGBoost,Permutation fallback (ValueError)
home_live_shots_last5,0.0,0.0,Task L margin,XGBoost,Permutation fallback (ValueError)
home_live_possession_share,0.0,0.0,Task L margin,XGBoost,Permutation fallback (ValueError)
missingindicator_away_final_third_entries_for_l10,0.0,0.0,Task L margin,XGBoost,Permutation fallback (ValueError)
missingindicator_away_pressures_for_l10,0.0,0.0,Task L margin,XGBoost,Permutation fallback (ValueError)
missingindicator_away_pass_completion_for_l10,0.0,0.0,Task L margin,XGBoost,Permutation fallback (ValueError)
missingindicator_away_passes_for_l10,0.0,0.0,Task L margin,XGBoost,Permutation fallback (ValueError)
missingindicator_away_xg_against_l10,0.0,0.0,Task L margin,XGBoost,Permutation fallback (ValueError)
missingindicator_away_xg_for_l10,0.0,0.0,Task L margin,XGBoost,Permutation fallback (ValueError)
missingindicator_away_shots_on_target_against_l10,0.0,0.0,Task L margin,XGBoost,Permutation fallback (ValueError)
missingindicator_away_shots_on_target_for_l10,0.0,0.0,Task L margin,XGBoost,Permutation fallback (ValueError)
missingindicator_away_red_cards_for_l10,0.0,0.0,Task L margin,XGBoost,Permutation fallback (ValueError)
missingindicator_away_possession_share_l10,0.0,0.0,Task L margin,XGBoost,Permutation fallback (ValueError)
missingindicator_diff_points_l3,0.0,0.0,Task L margin,XGBoost,Permutation fallback (ValueError)
missingindicator_diff_goal_difference_l3,0.0,0.0,Task L margin,XGBoost,Permutation fallback (ValueError)
missingindicator_diff_shots_for_l3,0.0,0.0,Task L margin,XGBoost,Permutation fallback (ValueError)
missingindicator_diff_xg_for_l3,0.0,0.0,Task L margin,XGBoost,Permutation fallback (ValueError)
missingindicator_diff_pass_completion_for_l3,0.0,0.0,Task L margin,XGBoost,Permutation fallback (ValueError)
missingindicator_diff_pressures_for_l3,0.0,0.0,Task L margin,XGBoost,Permutation fallback (ValueError)
away_red_cards_for_l3,0.0,0.0,Task L margin,XGBoost,Permutation fallback (ValueError)
missingindicator_diff_pressures_for_l5,0.0,0.0,Task L margin,XGBoost,Permutation fallback (ValueError)
missingindicator_away_points_l10,0.0,0.0,Task L margin,XGBoost,Permutation fallback (ValueError)
missingindicator_away_goals_for_l10,0.0,0.0,Task L margin,XGBoost,Permutation fallback (ValueError)
missingindicator_away_goals_against_l10,0.0,0.0,Task L margin,XGBoost,Permutation fallback (ValueError)
missingindicator_away_goal_difference_l10,0.0,0.0,Task L margin,XGBoost,Permutation fallback (ValueError)
missingindicator_away_shots_for_l10,0.0,0.0,Task L margin,XGBoost,Permutation fallback (ValueError)
missingindicator_away_shots_against_l10,0.0,0.0,Task L margin,XGBoost,Permutation fallback (ValueError)
home_live_xg_last5,0.0,0.0,Task L margin,XGBoost,Permutation fallback (ValueError)
home_live_pressures_last5,0.0,0.0,Task L margin,XGBoost,Permutation fallback (ValueError)
home_live_shots_last10,0.0,0.0,Task L margin,XGBoost,Permutation fallback (ValueError)
home_live_final_third_entries_last5,0.0,0.0,Task L margin,XGBoost,Permutation fallback (ValueError)
home_live_xg_last10,0.0,4.6954584831837565e-05,Task L margin,XGBoost,Permutation fallback (ValueError)
home_live_pressures_last10,0.0,0.0,Task L margin,XGBoost,Permutation fallback (ValueError)
home_live_final_third_entries_last10,0.0,8.004235860425979e-05,Task L margin,XGBoost,Permutation fallback (ValueError)
missingindicator_away_final_third_entries_for_l5,0.0,0.0,Task L margin,XGBoost,Permutation fallback (ValueError)
home_missing_history_l3,0.0,0.0,Task L margin,XGBoost,Permutation fallback (ValueError)
home_red_cards_for_l3,0.0,0.0006227038102224469,Task L margin,XGBoost,Permutation fallback (ValueError)
away_history_matches_before,0.0,0.0,Task L margin,XGBoost,Permutation fallback (ValueError)
home_missing_history_l10,0.0,0.0,Task L margin,XGBoost,Permutation fallback (ValueError)
away_missing_history_l3,0.0,0.0,Task L margin,XGBoost,Permutation fallback (ValueError)
away_missing_history_l5,0.0,0.0,Task L margin,XGBoost,Permutation fallback (ValueError)
away_points_l10,0.0,0.0030167074874043465,Task L margin,XGBoost,Permutation fallback (ValueError)
home_missing_history_l5,0.0,0.0,Task L margin,XGBoost,Permutation fallback (ValueError)
missingindicator_diff_possession_share_l3,0.0,0.0,Task L margin,XGBoost,Permutation fallback (ValueError)
missingindicator_diff_points_l5,0.0,0.0,Task L margin,XGBoost,Permutation fallback (ValueError)
missingindicator_diff_goal_difference_l5,0.0,0.0,Task L margin,XGBoost,Permutation fallback (ValueError)
missingindicator_diff_shots_for_l5,0.0,0.0,Task L margin,XGBoost,Permutation fallback (ValueError)
missingindicator_diff_xg_for_l5,0.0,0.0,Task L margin,XGBoost,Permutation fallback (ValueError)
missingindicator_diff_pass_completion_for_l5,0.0,0.0,Task L margin,XGBoost,Permutation fallback (ValueError)
p1_home_rank_total,0.0,0.0,Task L margin,XGBoost,Permutation fallback (ValueError)
away_missing_history_l10,0.0,0.0,Task L margin,XGBoost,Permutation fallback (ValueError)
away_live_xg_last5,0.0,0.0,Task L margin,XGBoost,Permutation fallback (ValueError)
away_live_shots_last5,0.0,0.0,Task L margin,XGBoost,Permutation fallback (ValueError)
away_live_possession_share,0.0,8.50922879180871e-05,Task L margin,XGBoost,Permutation fallback (ValueError)
away_live_pressures_last5,0.0,0.0,Task L margin,XGBoost,Permutation fallback (ValueError)
away_live_pressures_last10,0.0,0.0,Task L margin,XGBoost,Permutation fallback (ValueError)
away_live_final_third_entries_last5,0.0,0.0,Task L margin,XGBoost,Permutation fallback (ValueError)
away_live_shots_last10,0.0,0.0,Task L margin,XGBoost,Permutation fallback (ValueError)
away_live_xg_last10,0.0,6.566607771674171e-05,Task L margin,XGBoost,Permutation fallback (ValueError)
live_diff_shots,0.0,0.002219828777015209,Task L margin,XGBoost,Permutation fallback (ValueError)
man_advantage_home,0.0,0.0,Task L margin,XGBoost,Permutation fallback (ValueError)
away_live_final_third_entries_last10,0.0,0.0,Task L margin,XGBoost,Permutation fallback (ValueError)
live_diff_possession_share,0.0,0.0,Task L margin,XGBoost,Permutation fallback (ValueError)
away_live_red_cards,0.0,0.0,Task L margin,XGBoost,Permutation fallback (ValueError)
p1_home_scr_total,0.0,0.0,Task L margin,XGBoost,Permutation fallback (ValueError)
diff_points_l3,0.0,0.0027531753294169903,Task L margin,XGBoost,Permutation fallback (ValueError)
home_red_cards_for_l5,0.0,0.0,Task L margin,XGBoost,Permutation fallback (ValueError)
home_history_matches_before,0.0,0.002278682542964816,Task L margin,XGBoost,Permutation fallback (ValueError)
live_diff_pressures_last5,0.0,0.0,Task L margin,XGBoost,Permutation fallback (ValueError)
live_diff_xg_last5,0.0,0.0,Task L margin,XGBoost,Permutation fallback (ValueError)
live_diff_shots_last5,0.0,0.0,Task L margin,XGBoost,Permutation fallback (ValueError)
p1_home_rank_home,0.0,0.0,Task L margin,XGBoost,Permutation fallback (ValueError)
p1_home_scr_away,0.0,0.0,Task L margin,XGBoost,Permutation fallback (ValueError)
missingindicator_home_live_pass_completion,0.0,0.0,Task L margin,XGBoost,Permutation fallback (ValueError)
missingindicator_away_live_pass_completion,0.0,0.0,Task L margin,XGBoost,Permutation fallback (ValueError)
missingindicator_home_rest_days,0.0,0.0,Task L margin,XGBoost,Permutation fallback (ValueError)
missingindicator_home_points_l3,0.0,0.0,Task L margin,XGBoost,Permutation fallback (ValueError)
missingindicator_home_goals_for_l3,0.0,0.0,Task L margin,XGBoost,Permutation fallback (ValueError)
missingindicator_home_goals_against_l3,0.0,0.0,Task L margin,XGBoost,Permutation fallback (ValueError)
missingindicator_home_goal_difference_l3,0.0,0.0,Task L margin,XGBoost,Permutation fallback (ValueError)
missingindicator_home_shots_for_l3,0.0,0.0,Task L margin,XGBoost,Permutation fallback (ValueError)
missingindicator_home_shots_against_l3,0.0,0.0,Task L margin,XGBoost,Permutation fallback (ValueError)
missingindicator_home_shots_on_target_for_l3,0.0,0.0,Task L margin,XGBoost,Permutation fallback (ValueError)
missingindicator_home_shots_on_target_against_l3,0.0,0.0,Task L margin,XGBoost,Permutation fallback (ValueError)
missingindicator_home_xg_for_l3,0.0,0.0,Task L margin,XGBoost,Permutation fallback (ValueError)
missingindicator_home_xg_against_l3,0.0,0.0,Task L margin,XGBoost,Permutation fallback (ValueError)
missingindicator_home_passes_for_l3,0.0,0.0,Task L margin,XGBoost,Permutation fallback (ValueError)
missingindicator_home_pass_completion_for_l3,0.0,0.0,Task L margin,XGBoost,Permutation fallback (ValueError)
missingindicator_home_pressures_for_l3,0.0,0.0,Task L margin,XGBoost,Permutation fallback (ValueError)
missingindicator_home_final_third_entries_for_l3,0.0,0.0,Task L margin,XGBoost,Permutation fallback (ValueError)
missingindicator_home_red_cards_for_l3,0.0,0.0,Task L margin,XGBoost,Permutation fallback (ValueError)
missingindicator_home_possession_share_l3,0.0,0.0,Task L margin,XGBoost,Permutation fallback (ValueError)
missingindicator_home_points_l5,0.0,0.0,Task L margin,XGBoost,Permutation fallback (ValueError)
missingindicator_home_goals_for_l5,0.0,0.0,Task L margin,XGBoost,Permutation fallback (ValueError)
missingindicator_home_goals_against_l5,0.0,0.0,Task L margin,XGBoost,Permutation fallback (ValueError)
missingindicator_home_goal_difference_l5,0.0,0.0,Task L margin,XGBoost,Permutation fallback (ValueError)
missingindicator_home_shots_for_l5,0.0,0.0,Task L margin,XGBoost,Permutation fallback (ValueError)
missingindicator_home_shots_against_l5,0.0,0.0,Task L margin,XGBoost,Permutation fallback (ValueError)
missingindicator_home_shots_on_target_for_l5,0.0,0.0,Task L margin,XGBoost,Permutation fallback (ValueError)
missingindicator_home_shots_on_target_against_l5,0.0,0.0,Task L margin,XGBoost,Permutation fallback (ValueError)
missingindicator_home_xg_for_l5,0.0,0.0,Task L margin,XGBoost,Permutation fallback (ValueError)
missingindicator_home_xg_against_l5,0.0,0.0,Task L margin,XGBoost,Permutation fallback (ValueError)
missingindicator_home_passes_for_l5,0.0,0.0,Task L margin,XGBoost,Permutation fallback (ValueError)
missingindicator_home_pass_completion_for_l5,0.0,0.0,Task L margin,XGBoost,Permutation fallback (ValueError)
missingindicator_home_pressures_for_l5,0.0,0.0,Task L margin,XGBoost,Permutation fallback (ValueError)
missingindicator_home_final_third_entries_for_l5,0.0,0.0,Task L margin,XGBoost,Permutation fallback (ValueError)
missingindicator_home_red_cards_for_l5,0.0,0.0,Task L margin,XGBoost,Permutation fallback (ValueError)
missingindicator_home_possession_share_l5,0.0,0.0,Task L margin,XGBoost,Permutation fallback (ValueError)
missingindicator_home_points_l10,0.0,0.0,Task L margin,XGBoost,Permutation fallback (ValueError)
missingindicator_home_goals_for_l10,0.0,0.0,Task L margin,XGBoost,Permutation fallback (ValueError)
missingindicator_home_goals_against_l10,0.0,0.0,Task L margin,XGBoost,Permutation fallback (ValueError)
missingindicator_home_goal_difference_l10,0.0,0.0,Task L margin,XGBoost,Permutation fallback (ValueError)
missingindicator_home_shots_for_l10,0.0,0.0,Task L margin,XGBoost,Permutation fallback (ValueError)
missingindicator_home_shots_against_l10,0.0,0.0,Task L margin,XGBoost,Permutation fallback (ValueError)
missingindicator_home_shots_on_target_for_l10,0.0,0.0,Task L margin,XGBoost,Permutation fallback (ValueError)
missingindicator_home_shots_on_target_against_l10,0.0,0.0,Task L margin,XGBoost,Permutation fallback (ValueError)
missingindicator_home_xg_for_l10,0.0,0.0,Task L margin,XGBoost,Permutation fallback (ValueError)
missingindicator_home_xg_against_l10,0.0,0.0,Task L margin,XGBoost,Permutation fallback (ValueError)
missingindicator_home_passes_for_l10,0.0,0.0,Task L margin,XGBoost,Permutation fallback (ValueError)
missingindicator_home_pass_completion_for_l10,0.0,0.0,Task L margin,XGBoost,Permutation fallback (ValueError)
missingindicator_home_pressures_for_l10,0.0,0.0,Task L margin,XGBoost,Permutation fallback (ValueError)
missingindicator_home_final_third_entries_for_l10,0.0,0.0,Task L margin,XGBoost,Permutation fallback (ValueError)
missingindicator_home_red_cards_for_l10,0.0,0.0,Task L margin,XGBoost,Permutation fallback (ValueError)
missingindicator_home_possession_share_l10,0.0,0.0,Task L margin,XGBoost,Permutation fallback (ValueError)
missingindicator_away_rest_days,0.0,0.0,Task L margin,XGBoost,Permutation fallback (ValueError)
missingindicator_away_points_l3,0.0,0.0,Task L margin,XGBoost,Permutation fallback (ValueError)
missingindicator_away_goals_for_l3,0.0,0.0,Task L margin,XGBoost,Permutation fallback (ValueError)
missingindicator_away_goals_against_l3,0.0,0.0,Task L margin,XGBoost,Permutation fallback (ValueError)
missingindicator_away_goal_difference_l3,0.0,0.0,Task L margin,XGBoost,Permutation fallback (ValueError)
missingindicator_away_shots_for_l3,0.0,0.0,Task L margin,XGBoost,Permutation fallback (ValueError)
missingindicator_away_shots_against_l3,0.0,0.0,Task L margin,XGBoost,Permutation fallback (ValueError)
missingindicator_away_shots_on_target_for_l3,0.0,0.0,Task L margin,XGBoost,Permutation fallback (ValueError)
missingindicator_away_shots_on_target_against_l3,0.0,0.0,Task L margin,XGBoost,Permutation fallback (ValueError)
missingindicator_away_xg_for_l3,0.0,0.0,Task L margin,XGBoost,Permutation fallback (ValueError)
missingindicator_away_xg_against_l3,0.0,0.0,Task L margin,XGBoost,Permutation fallback (ValueError)
missingindicator_away_passes_for_l3,0.0,0.0,Task L margin,XGBoost,Permutation fallback (ValueError)
missingindicator_away_pass_completion_for_l3,0.0,0.0,Task L margin,XGBoost,Permutation fallback (ValueError)
missingindicator_away_pressures_for_l3,0.0,0.0,Task L margin,XGBoost,Permutation fallback (ValueError)
missingindicator_away_final_third_entries_for_l3,0.0,0.0,Task L margin,XGBoost,Permutation fallback (ValueError)
missingindicator_away_red_cards_for_l3,0.0,0.0,Task L margin,XGBoost,Permutation fallback (ValueError)
missingindicator_away_possession_share_l3,0.0,0.0,Task L margin,XGBoost,Permutation fallback (ValueError)
missingindicator_away_points_l5,0.0,0.0,Task L margin,XGBoost,Permutation fallback (ValueError)
missingindicator_away_goals_for_l5,0.0,0.0,Task L margin,XGBoost,Permutation fallback (ValueError)
missingindicator_away_goals_against_l5,0.0,0.0,Task L margin,XGBoost,Permutation fallback (ValueError)
missingindicator_away_goal_difference_l5,0.0,0.0,Task L margin,XGBoost,Permutation fallback (ValueError)
missingindicator_away_shots_for_l5,0.0,0.0,Task L margin,XGBoost,Permutation fallback (ValueError)
missingindicator_away_shots_against_l5,0.0,0.0,Task L margin,XGBoost,Permutation fallback (ValueError)
missingindicator_away_shots_on_target_for_l5,0.0,0.0,Task L margin,XGBoost,Permutation fallback (ValueError)
missingindicator_away_shots_on_target_against_l5,0.0,0.0,Task L margin,XGBoost,Permutation fallback (ValueError)
missingindicator_away_xg_for_l5,0.0,0.0,Task L margin,XGBoost,Permutation fallback (ValueError)
missingindicator_away_xg_against_l5,0.0,0.0,Task L margin,XGBoost,Permutation fallback (ValueError)
missingindicator_away_passes_for_l5,0.0,0.0,Task L margin,XGBoost,Permutation fallback (ValueError)
missingindicator_away_pass_completion_for_l5,0.0,0.0,Task L margin,XGBoost,Permutation fallback (ValueError)
missingindicator_away_pressures_for_l5,0.0,0.0,Task L margin,XGBoost,Permutation fallback (ValueError)
missingindicator_diff_possession_share_l5,0.0,0.0,Task L margin,XGBoost,Permutation fallback (ValueError)
missingindicator_diff_points_l10,0.0,0.0,Task L margin,XGBoost,Permutation fallback (ValueError)
missingindicator_diff_goal_difference_l10,0.0,0.0,Task L margin,XGBoost,Permutation fallback (ValueError)
missingindicator_diff_shots_for_l10,0.0,0.0,Task L margin,XGBoost,Permutation fallback (ValueError)
missingindicator_diff_xg_for_l10,0.0,0.0,Task L margin,XGBoost,Permutation fallback (ValueError)
missingindicator_diff_pass_completion_for_l10,0.0,0.0,Task L margin,XGBoost,Permutation fallback (ValueError)
missingindicator_diff_pressures_for_l10,0.0,0.0,Task L margin,XGBoost,Permutation fallback (ValueError)
missingindicator_diff_possession_share_l10,0.0,0.0,Task L margin,XGBoost,Permutation fallback (ValueError)
missingindicator_rest_days_difference,0.0,0.0,Task L margin,XGBoost,Permutation fallback (ValueError)
current_goal_difference,0.5603888088367486,132.0,Task L margin,LightGBM,Permutation fallback (ExplainerError)
p1_away_rank_total,0.11293192433744309,17.0,Task L margin,LightGBM,Permutation fallback (ExplainerError)
current_home_score,0.09182205639929011,10.0,Task L margin,LightGBM,Permutation fallback (ExplainerError)
home_pass_completion_for_l3,0.08217953978601861,38.0,Task L margin,LightGBM,Permutation fallback (ExplainerError)
home_pass_completion_for_l5,0.08202621783663072,31.0,Task L margin,LightGBM,Permutation fallback (ExplainerError)
home_passes_for_l10,0.07324428813958724,28.0,Task L margin,LightGBM,Permutation fallback (ExplainerError)
p1_away_con_total,0.07082287616446621,16.0,Task L margin,LightGBM,Permutation fallback (ExplainerError)
home_goals_against_l10,0.06763601768188192,27.0,Task L margin,LightGBM,Permutation fallback (ExplainerError)
current_away_score,0.06333152074683525,14.0,Task L margin,LightGBM,Permutation fallback (ExplainerError)
p1_away_scr_home,0.06057473423642003,21.0,Task L margin,LightGBM,Permutation fallback (ExplainerError)
diff_pressures_for_l10,0.057241754063597446,22.0,Task L margin,LightGBM,Permutation fallback (ExplainerError)
away_shots_on_target_against_l3,0.05140510594257609,17.0,Task L margin,LightGBM,Permutation fallback (ExplainerError)
home_xg_for_l3,0.049871014893170224,18.0,Task L margin,LightGBM,Permutation fallback (ExplainerError)
away_xg_against_l3,0.047963114265133715,18.0,Task L margin,LightGBM,Permutation fallback (ExplainerError)
home_shots_for_l3,0.045327597687326374,21.0,Task L margin,LightGBM,Permutation fallback (ExplainerError)
live_diff_xg,0.040916600805584145,7.0,Task L margin,LightGBM,Permutation fallback (ExplainerError)
diff_xg_for_l3,0.038023119974678575,14.0,Task L margin,LightGBM,Permutation fallback (ExplainerError)
away_shots_on_target_for_l10,0.03484927225022682,12.0,Task L margin,LightGBM,Permutation fallback (ExplainerError)
home_goal_difference_l10,0.032191052276907633,19.0,Task L margin,LightGBM,Permutation fallback (ExplainerError)
away_shots_on_target_for_l5,0.03059296726230465,28.0,Task L margin,LightGBM,Permutation fallback (ExplainerError)
diff_shots_for_l10,0.029972501384243826,7.0,Task L margin,LightGBM,Permutation fallback (ExplainerError)
diff_pressures_for_l5,0.029670166940121555,26.0,Task L margin,LightGBM,Permutation fallback (ExplainerError)
diff_shots_for_l3,0.029111643538870927,22.0,Task L margin,LightGBM,Permutation fallback (ExplainerError)
p1_away_con_away,0.029062978390966495,10.0,Task L margin,LightGBM,Permutation fallback (ExplainerError)
home_shots_on_target_for_l3,0.028787842480497337,12.0,Task L margin,LightGBM,Permutation fallback (ExplainerError)
away_goals_against_l5,0.025735228215852737,13.0,Task L margin,LightGBM,Permutation fallback (ExplainerError)
away_xg_against_l10,0.025024905438465073,33.0,Task L margin,LightGBM,Permutation fallback (ExplainerError)
home_xg_for_l5,0.024658787097788747,9.0,Task L margin,LightGBM,Permutation fallback (ExplainerError)
home_goals_for_l5,0.024465340525132565,14.0,Task L margin,LightGBM,Permutation fallback (ExplainerError)
away_shots_for_l5,0.02395969040593217,17.0,Task L margin,LightGBM,Permutation fallback (ExplainerError)
away_shots_on_target_against_l5,0.021631206797694938,12.0,Task L margin,LightGBM,Permutation fallback (ExplainerError)
diff_shots_for_l5,0.021361349019700684,16.0,Task L margin,LightGBM,Permutation fallback (ExplainerError)
away_xg_for_l5,0.021340604395127565,14.0,Task L margin,LightGBM,Permutation fallback (ExplainerError)
away_pressures_for_l3,0.021179579329469234,24.0,Task L margin,LightGBM,Permutation fallback (ExplainerError)
p1_home_con_total,0.020711094433317197,15.0,Task L margin,LightGBM,Permutation fallback (ExplainerError)
diff_goal_difference_l10,0.020002512160291856,7.0,Task L margin,LightGBM,Permutation fallback (ExplainerError)
away_final_third_entries_for_l3,0.01956850198214163,7.0,Task L margin,LightGBM,Permutation fallback (ExplainerError)
away_shots_against_l10,0.019190254156280995,38.0,Task L margin,LightGBM,Permutation fallback (ExplainerError)
diff_possession_share_l10,0.017191000799123782,11.0,Task L margin,LightGBM,Permutation fallback (ExplainerError)
home_pass_completion_for_l10,0.017059436036639432,21.0,Task L margin,LightGBM,Permutation fallback (ExplainerError)
away_shots_for_l10,0.01662402263245481,9.0,Task L margin,LightGBM,Permutation fallback (ExplainerError)
home_possession_share_l5,0.0157286750700227,4.0,Task L margin,LightGBM,Permutation fallback (ExplainerError)
away_goals_for_l5,0.014943372086969832,13.0,Task L margin,LightGBM,Permutation fallback (ExplainerError)
home_rest_days,0.01467205957349953,17.0,Task L margin,LightGBM,Permutation fallback (ExplainerError)
away_goal_difference_l10,0.014599249906065684,11.0,Task L margin,LightGBM,Permutation fallback (ExplainerError)
away_pass_completion_for_l3,0.013861568442367541,12.0,Task L margin,LightGBM,Permutation fallback (ExplainerError)
diff_pressures_for_l3,0.012714485931002566,10.0,Task L margin,LightGBM,Permutation fallback (ExplainerError)
home_shots_on_target_for_l5,0.01250837266537696,5.0,Task L margin,LightGBM,Permutation fallback (ExplainerError)
home_goal_difference_l3,0.012399408612477158,19.0,Task L margin,LightGBM,Permutation fallback (ExplainerError)
diff_goal_difference_l5,0.012163250952017864,6.0,Task L margin,LightGBM,Permutation fallback (ExplainerError)
p1_away_rank_away,0.01208571573674857,6.0,Task L margin,LightGBM,Permutation fallback (ExplainerError)
home_final_third_entries_for_l5,0.011697020119435004,8.0,Task L margin,LightGBM,Permutation fallback (ExplainerError)
away_xg_for_l10,0.01126352525635743,10.0,Task L margin,LightGBM,Permutation fallback (ExplainerError)
home_points_l10,0.011166459237637058,7.0,Task L margin,LightGBM,Permutation fallback (ExplainerError)
away_shots_on_target_for_l3,0.011124074971680312,7.0,Task L margin,LightGBM,Permutation fallback (ExplainerError)
p1_away_rank_home,0.010553007176436823,5.0,Task L margin,LightGBM,Permutation fallback (ExplainerError)
home_xg_against_l5,0.00906723151016125,7.0,Task L margin,LightGBM,Permutation fallback (ExplainerError)
home_xg_against_l3,0.008919353998963923,10.0,Task L margin,LightGBM,Permutation fallback (ExplainerError)
home_points_l3,0.008903483623549275,6.0,Task L margin,LightGBM,Permutation fallback (ExplainerError)
diff_points_l10,0.008681296343620144,7.0,Task L margin,LightGBM,Permutation fallback (ExplainerError)
home_shots_against_l10,0.008638904533227094,12.0,Task L margin,LightGBM,Permutation fallback (ExplainerError)
diff_points_l5,0.00852910305157042,7.0,Task L margin,LightGBM,Permutation fallback (ExplainerError)
home_shots_for_l10,0.008322307429288562,9.0,Task L margin,LightGBM,Permutation fallback (ExplainerError)
p1_away_scr_total,0.008218751934224697,7.0,Task L margin,LightGBM,Permutation fallback (ExplainerError)
away_xg_for_l3,0.007995386439665679,18.0,Task L margin,LightGBM,Permutation fallback (ExplainerError)
home_goals_for_l3,0.007805588312033249,6.0,Task L margin,LightGBM,Permutation fallback (ExplainerError)
away_red_cards_for_l10,0.007804321973503114,6.0,Task L margin,LightGBM,Permutation fallback (ExplainerError)
home_goal_difference_l5,0.007777655467568464,3.0,Task L margin,LightGBM,Permutation fallback (ExplainerError)
away_final_third_entries_for_l10,0.007608101167058706,7.0,Task L margin,LightGBM,Permutation fallback (ExplainerError)
away_goals_for_l3,0.0072089727058283586,9.0,Task L margin,LightGBM,Permutation fallback (ExplainerError)
rest_days_difference,0.0071132838733928535,3.0,Task L margin,LightGBM,Permutation fallback (ExplainerError)
away_passes_for_l10,0.007027106557367432,8.0,Task L margin,LightGBM,Permutation fallback (ExplainerError)
away_possession_share_l5,0.0069669316908360125,8.0,Task L margin,LightGBM,Permutation fallback (ExplainerError)
away_shots_against_l3,0.006771069296297184,9.0,Task L margin,LightGBM,Permutation fallback (ExplainerError)
home_passes_for_l3,0.006669124614921623,8.0,Task L margin,LightGBM,Permutation fallback (ExplainerError)
home_final_third_entries_for_l3,0.006383621146778517,5.0,Task L margin,LightGBM,Permutation fallback (ExplainerError)
away_possession_share_l3,0.00633028431731226,5.0,Task L margin,LightGBM,Permutation fallback (ExplainerError)
diff_xg_for_l5,0.00569619035507737,5.0,Task L margin,LightGBM,Permutation fallback (ExplainerError)
home_shots_on_target_for_l10,0.005567161147559739,5.0,Task L margin,LightGBM,Permutation fallback (ExplainerError)
home_xg_for_l10,0.005295543168380057,4.0,Task L margin,LightGBM,Permutation fallback (ExplainerError)
away_rest_days,0.005245735542436974,16.0,Task L margin,LightGBM,Permutation fallback (ExplainerError)
home_pressures_for_l3,0.005235957032703873,3.0,Task L margin,LightGBM,Permutation fallback (ExplainerError)
p1_home_rank_away,0.005015866778244334,5.0,Task L margin,LightGBM,Permutation fallback (ExplainerError)
away_pressures_for_l5,0.005013838625542822,5.0,Task L margin,LightGBM,Permutation fallback (ExplainerError)
home_pressures_for_l5,0.00461817672299572,2.0,Task L margin,LightGBM,Permutation fallback (ExplainerError)
away_live_fouls,0.004411122709326841,5.0,Task L margin,LightGBM,Permutation fallback (ExplainerError)
away_goal_difference_l3,0.004300147436409125,2.0,Task L margin,LightGBM,Permutation fallback (ExplainerError)
home_goals_against_l5,0.003940581223009712,1.0,Task L margin,LightGBM,Permutation fallback (ExplainerError)
away_goals_for_l10,0.0038438683769484927,8.0,Task L margin,LightGBM,Permutation fallback (ExplainerError)
away_pressures_for_l10,0.0037982915866855206,1.0,Task L margin,LightGBM,Permutation fallback (ExplainerError)
away_pass_completion_for_l5,0.003770969507986748,1.0,Task L margin,LightGBM,Permutation fallback (ExplainerError)
home_shots_for_l5,0.0035126398109745376,3.0,Task L margin,LightGBM,Permutation fallback (ExplainerError)
diff_xg_for_l10,0.0034235234358171627,2.0,Task L margin,LightGBM,Permutation fallback (ExplainerError)
away_goals_against_l3,0.0031785620693196215,1.0,Task L margin,LightGBM,Permutation fallback (ExplainerError)
home_shots_on_target_against_l3,0.0030794793130316635,12.0,Task L margin,LightGBM,Permutation fallback (ExplainerError)
away_final_third_entries_for_l5,0.002919528215716413,6.0,Task L margin,LightGBM,Permutation fallback (ExplainerError)
away_possession_share_l10,0.0027801377527270394,5.0,Task L margin,LightGBM,Permutation fallback (ExplainerError)
diff_pass_completion_for_l5,0.0027092497866229347,2.0,Task L margin,LightGBM,Permutation fallback (ExplainerError)
home_shots_on_target_against_l5,0.002703041557303847,4.0,Task L margin,LightGBM,Permutation fallback (ExplainerError)
home_xg_against_l10,0.002472219207656935,5.0,Task L margin,LightGBM,Permutation fallback (ExplainerError)
away_xg_against_l5,0.002415351499881241,3.0,Task L margin,LightGBM,Permutation fallback (ExplainerError)
away_pass_completion_for_l10,0.002279189098580615,1.0,Task L margin,LightGBM,Permutation fallback (ExplainerError)
home_live_final_third_entries,0.002261235345406971,2.0,Task L margin,LightGBM,Permutation fallback (ExplainerError)
away_live_xg,0.002060405315624513,4.0,Task L margin,LightGBM,Permutation fallback (ExplainerError)
home_final_third_entries_for_l10,0.0020331851903564843,3.0,Task L margin,LightGBM,Permutation fallback (ExplainerError)
away_shots_on_target_against_l10,0.001924368031680645,3.0,Task L margin,LightGBM,Permutation fallback (ExplainerError)
diff_pass_completion_for_l3,0.0018990981890523496,3.0,Task L margin,LightGBM,Permutation fallback (ExplainerError)
away_goals_against_l10,0.0017865422870510135,3.0,Task L margin,LightGBM,Permutation fallback (ExplainerError)
home_pressures_for_l10,0.0017550577224536726,3.0,Task L margin,LightGBM,Permutation fallback (ExplainerError)
home_red_cards_for_l5,0.0017151171405787875,1.0,Task L margin,LightGBM,Permutation fallback (ExplainerError)
p1_home_rank_home,0.0016290890983749987,1.0,Task L margin,LightGBM,Permutation fallback (ExplainerError)
diff_possession_share_l5,0.0015633765262049123,3.0,Task L margin,LightGBM,Permutation fallback (ExplainerError)
home_possession_share_l10,0.0015517708461961642,2.0,Task L margin,LightGBM,Permutation fallback (ExplainerError)
diff_goal_difference_l3,0.0015162691887836736,2.0,Task L margin,LightGBM,Permutation fallback (ExplainerError)
p1_home_scr_total,0.001495442740939703,1.0,Task L margin,LightGBM,Permutation fallback (ExplainerError)
home_live_pass_completion,0.0014504521573084478,1.0,Task L margin,LightGBM,Permutation fallback (ExplainerError)
home_live_shots_on_target,0.0013835847488618755,6.0,Task L margin,LightGBM,Permutation fallback (ExplainerError)
p1_away_scr_away,0.0013675265890888417,13.0,Task L margin,LightGBM,Permutation fallback (ExplainerError)
p1_home_con_away,0.0013620416234832043,7.0,Task L margin,LightGBM,Permutation fallback (ExplainerError)
home_live_xg,0.001333289258539074,12.0,Task L margin,LightGBM,Permutation fallback (ExplainerError)
away_shots_against_l5,0.001259502263910322,9.0,Task L margin,LightGBM,Permutation fallback (ExplainerError)
diff_possession_share_l3,0.0011617021355448853,3.0,Task L margin,LightGBM,Permutation fallback (ExplainerError)
p1_home_rank_total,0.0011247966331397025,1.0,Task L margin,LightGBM,Permutation fallback (ExplainerError)
away_live_carries,0.0011121640303680925,4.0,Task L margin,LightGBM,Permutation fallback (ExplainerError)
away_passes_for_l5,0.0011069543329397685,3.0,Task L margin,LightGBM,Permutation fallback (ExplainerError)
away_red_cards_for_l5,0.0009814620707372268,1.0,Task L margin,LightGBM,Permutation fallback (ExplainerError)
home_red_cards_for_l10,0.0009545272446203631,3.0,Task L margin,LightGBM,Permutation fallback (ExplainerError)
away_points_l3,0.0009409789130875757,1.0,Task L margin,LightGBM,Permutation fallback (ExplainerError)
home_live_fouls,0.0008636130195730368,3.0,Task L margin,LightGBM,Permutation fallback (ExplainerError)
home_points_l5,0.0008529246925844523,1.0,Task L margin,LightGBM,Permutation fallback (ExplainerError)
p1_home_scr_home,0.0007449246266555944,1.0,Task L margin,LightGBM,Permutation fallback (ExplainerError)
away_live_pressures,0.0006052687636520294,5.0,Task L margin,LightGBM,Permutation fallback (ExplainerError)
home_goals_for_l10,0.0004960879610677251,1.0,Task L margin,LightGBM,Permutation fallback (ExplainerError)
home_live_pressures,0.0004720656828438366,2.0,Task L margin,LightGBM,Permutation fallback (ExplainerError)
away_live_passes,0.00040543012364006544,1.0,Task L margin,LightGBM,Permutation fallback (ExplainerError)
home_possession_share_l3,0.0002482086409065736,1.0,Task L margin,LightGBM,Permutation fallback (ExplainerError)
home_live_corners,0.00022060432483853588,9.0,Task L margin,LightGBM,Permutation fallback (ExplainerError)
live_diff_shots,0.000162837103048911,2.0,Task L margin,LightGBM,Permutation fallback (ExplainerError)
away_shots_for_l3,0.00014823453817433736,2.0,Task L margin,LightGBM,Permutation fallback (ExplainerError)
away_live_shots,0.0001240169252207918,1.0,Task L margin,LightGBM,Permutation fallback (ExplainerError)
away_live_completed_passes,5.621075660906342e-05,2.0,Task L margin,LightGBM,Permutation fallback (ExplainerError)
home_red_cards_for_l3,1.219131312177139e-05,1.0,Task L margin,LightGBM,Permutation fallback (ExplainerError)
missingindicator_away_possession_share_l10,0.0,0.0,Task L margin,LightGBM,Permutation fallback (ExplainerError)
missingindicator_away_red_cards_for_l10,0.0,0.0,Task L margin,LightGBM,Permutation fallback (ExplainerError)
missingindicator_away_final_third_entries_for_l10,0.0,0.0,Task L margin,LightGBM,Permutation fallback (ExplainerError)
missingindicator_diff_points_l3,0.0,0.0,Task L margin,LightGBM,Permutation fallback (ExplainerError)
missingindicator_away_shots_on_target_against_l10,0.0,0.0,Task L margin,LightGBM,Permutation fallback (ExplainerError)
missingindicator_away_shots_on_target_for_l10,0.0,0.0,Task L margin,LightGBM,Permutation fallback (ExplainerError)
missingindicator_away_shots_against_l10,0.0,0.0,Task L margin,LightGBM,Permutation fallback (ExplainerError)
missingindicator_away_shots_for_l10,0.0,0.0,Task L margin,LightGBM,Permutation fallback (ExplainerError)
missingindicator_away_goal_difference_l10,0.0,0.0,Task L margin,LightGBM,Permutation fallback (ExplainerError)
missingindicator_away_goals_against_l10,0.0,0.0,Task L margin,LightGBM,Permutation fallback (ExplainerError)
missingindicator_away_goals_for_l10,0.0,0.0,Task L margin,LightGBM,Permutation fallback (ExplainerError)
missingindicator_away_points_l10,0.0,0.0,Task L margin,LightGBM,Permutation fallback (ExplainerError)
missingindicator_away_possession_share_l5,0.0,0.0,Task L margin,LightGBM,Permutation fallback (ExplainerError)
missingindicator_away_red_cards_for_l5,0.0,0.0,Task L margin,LightGBM,Permutation fallback (ExplainerError)
missingindicator_away_final_third_entries_for_l5,0.0,0.0,Task L margin,LightGBM,Permutation fallback (ExplainerError)
missingindicator_away_pressures_for_l10,0.0,0.0,Task L margin,LightGBM,Permutation fallback (ExplainerError)
missingindicator_away_pass_completion_for_l10,0.0,0.0,Task L margin,LightGBM,Permutation fallback (ExplainerError)
missingindicator_away_passes_for_l10,0.0,0.0,Task L margin,LightGBM,Permutation fallback (ExplainerError)
missingindicator_away_xg_against_l10,0.0,0.0,Task L margin,LightGBM,Permutation fallback (ExplainerError)
missingindicator_away_xg_for_l10,0.0,0.0,Task L margin,LightGBM,Permutation fallback (ExplainerError)
home_live_shots_last10,0.0,0.0,Task L margin,LightGBM,Permutation fallback (ExplainerError)
home_live_final_third_entries_last5,0.0,0.0,Task L margin,LightGBM,Permutation fallback (ExplainerError)
home_live_pressures_last5,0.0,0.0,Task L margin,LightGBM,Permutation fallback (ExplainerError)
home_live_possession_share,0.0,0.0,Task L margin,LightGBM,Permutation fallback (ExplainerError)
home_live_shots_last5,0.0,0.0,Task L margin,LightGBM,Permutation fallback (ExplainerError)
home_live_red_cards,0.0,0.0,Task L margin,LightGBM,Permutation fallback (ExplainerError)
home_live_carries,0.0,0.0,Task L margin,LightGBM,Permutation fallback (ExplainerError)
snapshot_rank,0.0,0.0,Task L margin,LightGBM,Permutation fallback (ExplainerError)
home_live_passes,0.0,0.0,Task L margin,LightGBM,Permutation fallback (ExplainerError)
home_goals_against_l3,0.0,0.0,Task L margin,LightGBM,Permutation fallback (ExplainerError)
home_shots_against_l3,0.0,12.0,Task L margin,LightGBM,Permutation fallback (ExplainerError)
home_missing_history_l3,0.0,0.0,Task L margin,LightGBM,Permutation fallback (ExplainerError)
away_passes_for_l3,0.0,0.0,Task L margin,LightGBM,Permutation fallback (ExplainerError)
missingindicator_diff_xg_for_l3,0.0,0.0,Task L margin,LightGBM,Permutation fallback (ExplainerError)
missingindicator_diff_pass_completion_for_l3,0.0,0.0,Task L margin,LightGBM,Permutation fallback (ExplainerError)
missingindicator_diff_goal_difference_l5,0.0,0.0,Task L margin,LightGBM,Permutation fallback (ExplainerError)
missingindicator_diff_points_l5,0.0,0.0,Task L margin,LightGBM,Permutation fallback (ExplainerError)
missingindicator_diff_shots_for_l5,0.0,0.0,Task L margin,LightGBM,Permutation fallback (ExplainerError)
missingindicator_diff_xg_for_l5,0.0,0.0,Task L margin,LightGBM,Permutation fallback (ExplainerError)
missingindicator_diff_pressures_for_l5,0.0,0.0,Task L margin,LightGBM,Permutation fallback (ExplainerError)
missingindicator_diff_pass_completion_for_l5,0.0,0.0,Task L margin,LightGBM,Permutation fallback (ExplainerError)
home_missing_history_l5,0.0,0.0,Task L margin,LightGBM,Permutation fallback (ExplainerError)
home_shots_on_target_against_l10,0.0,0.0,Task L margin,LightGBM,Permutation fallback (ExplainerError)
missingindicator_diff_shots_for_l3,0.0,0.0,Task L margin,LightGBM,Permutation fallback (ExplainerError)
missingindicator_diff_goal_difference_l3,0.0,0.0,Task L margin,LightGBM,Permutation fallback (ExplainerError)
missingindicator_diff_possession_share_l3,0.0,0.0,Task L margin,LightGBM,Permutation fallback (ExplainerError)
missingindicator_diff_pressures_for_l3,0.0,0.0,Task L margin,LightGBM,Permutation fallback (ExplainerError)
away_live_shots_on_target,0.0,2.0,Task L margin,LightGBM,Permutation fallback (ExplainerError)
home_live_final_third_entries_last10,0.0,0.0,Task L margin,LightGBM,Permutation fallback (ExplainerError)
home_live_pressures_last10,0.0,0.0,Task L margin,LightGBM,Permutation fallback (ExplainerError)
home_live_xg_last10,0.0,0.0,Task L margin,LightGBM,Permutation fallback (ExplainerError)
home_live_xg_last5,0.0,0.0,Task L margin,LightGBM,Permutation fallback (ExplainerError)
home_live_shots,0.0,1.0,Task L margin,LightGBM,Permutation fallback (ExplainerError)
time_remaining_minutes,0.0,0.0,Task L margin,LightGBM,Permutation fallback (ExplainerError)
n_events_so_far,0.0,0.0,Task L margin,LightGBM,Permutation fallback (ExplainerError)
snapshot_period,0.0,0.0,Task L margin,LightGBM,Permutation fallback (ExplainerError)
home_live_completed_passes,0.0,0.0,Task L margin,LightGBM,Permutation fallback (ExplainerError)
reference_second,0.0,1.0,Task L margin,LightGBM,Permutation fallback (ExplainerError)
snapshot_minute,0.0,0.0,Task L margin,LightGBM,Permutation fallback (ExplainerError)
diff_points_l3,0.0,13.0,Task L margin,LightGBM,Permutation fallback (ExplainerError)
away_missing_history_l10,0.0,0.0,Task L margin,LightGBM,Permutation fallback (ExplainerError)
away_missing_history_l5,0.0,0.0,Task L margin,LightGBM,Permutation fallback (ExplainerError)
away_points_l10,0.0,0.0,Task L margin,LightGBM,Permutation fallback (ExplainerError)
away_missing_history_l3,0.0,0.0,Task L margin,LightGBM,Permutation fallback (ExplainerError)
away_red_cards_for_l3,0.0,0.0,Task L margin,LightGBM,Permutation fallback (ExplainerError)
away_points_l5,0.0,0.0,Task L margin,LightGBM,Permutation fallback (ExplainerError)
away_goal_difference_l5,0.0,0.0,Task L margin,LightGBM,Permutation fallback (ExplainerError)
home_passes_for_l5,0.0,0.0,Task L margin,LightGBM,Permutation fallback (ExplainerError)
home_shots_against_l5,0.0,4.0,Task L margin,LightGBM,Permutation fallback (ExplainerError)
home_missing_history_l10,0.0,0.0,Task L margin,LightGBM,Permutation fallback (ExplainerError)
away_history_matches_before,0.0,0.0,Task L margin,LightGBM,Permutation fallback (ExplainerError)
away_live_possession_share,0.0,0.0,Task L margin,LightGBM,Permutation fallback (ExplainerError)
away_live_corners,0.0,2.0,Task L margin,LightGBM,Permutation fallback (ExplainerError)
away_live_pass_completion,0.0,5.0,Task L margin,LightGBM,Permutation fallback (ExplainerError)
away_live_red_cards,0.0,0.0,Task L margin,LightGBM,Permutation fallback (ExplainerError)
away_live_pressures_last5,0.0,0.0,Task L margin,LightGBM,Permutation fallback (ExplainerError)
away_live_xg_last5,0.0,0.0,Task L margin,LightGBM,Permutation fallback (ExplainerError)
away_live_xg_last10,0.0,0.0,Task L margin,LightGBM,Permutation fallback (ExplainerError)
away_live_final_third_entries_last5,0.0,0.0,Task L margin,LightGBM,Permutation fallback (ExplainerError)
away_live_pressures_last10,0.0,0.0,Task L margin,LightGBM,Permutation fallback (ExplainerError)
away_live_final_third_entries_last10,0.0,0.0,Task L margin,LightGBM,Permutation fallback (ExplainerError)
man_advantage_home,0.0,0.0,Task L margin,LightGBM,Permutation fallback (ExplainerError)
away_live_shots_last10,0.0,0.0,Task L margin,LightGBM,Permutation fallback (ExplainerError)
live_diff_shots_on_target,0.0,0.0,Task L margin,LightGBM,Permutation fallback (ExplainerError)
live_diff_pressures,0.0,0.0,Task L margin,LightGBM,Permutation fallback (ExplainerError)
live_diff_possession_share,0.0,0.0,Task L margin,LightGBM,Permutation fallback (ExplainerError)
live_diff_final_third_entries,0.0,0.0,Task L margin,LightGBM,Permutation fallback (ExplainerError)
live_diff_shots_last5,0.0,0.0,Task L margin,LightGBM,Permutation fallback (ExplainerError)
away_live_shots_last5,0.0,0.0,Task L margin,LightGBM,Permutation fallback (ExplainerError)
away_live_final_third_entries,0.0,0.0,Task L margin,LightGBM,Permutation fallback (ExplainerError)
diff_pass_completion_for_l10,0.0,4.0,Task L margin,LightGBM,Permutation fallback (ExplainerError)
home_history_matches_before,0.0,11.0,Task L margin,LightGBM,Permutation fallback (ExplainerError)
live_diff_pressures_last5,0.0,0.0,Task L margin,LightGBM,Permutation fallback (ExplainerError)
live_diff_xg_last5,0.0,0.0,Task L margin,LightGBM,Permutation fallback (ExplainerError)
p1_home_con_home,0.0,0.0,Task L margin,LightGBM,Permutation fallback (ExplainerError)
p1_home_scr_away,0.0,0.0,Task L margin,LightGBM,Permutation fallback (ExplainerError)
p1_away_con_home,0.0,0.0,Task L margin,LightGBM,Permutation fallback (ExplainerError)
missingindicator_home_live_pass_completion,0.0,0.0,Task L margin,LightGBM,Permutation fallback (ExplainerError)
missingindicator_away_live_pass_completion,0.0,0.0,Task L margin,LightGBM,Permutation fallback (ExplainerError)
missingindicator_home_rest_days,0.0,0.0,Task L margin,LightGBM,Permutation fallback (ExplainerError)
missingindicator_home_points_l3,0.0,0.0,Task L margin,LightGBM,Permutation fallback (ExplainerError)
missingindicator_home_goals_for_l3,0.0,0.0,Task L margin,LightGBM,Permutation fallback (ExplainerError)
missingindicator_home_goals_against_l3,0.0,0.0,Task L margin,LightGBM,Permutation fallback (ExplainerError)
missingindicator_home_goal_difference_l3,0.0,0.0,Task L margin,LightGBM,Permutation fallback (ExplainerError)
missingindicator_home_shots_for_l3,0.0,0.0,Task L margin,LightGBM,Permutation fallback (ExplainerError)
missingindicator_home_shots_against_l3,0.0,0.0,Task L margin,LightGBM,Permutation fallback (ExplainerError)
missingindicator_home_shots_on_target_for_l3,0.0,0.0,Task L margin,LightGBM,Permutation fallback (ExplainerError)
missingindicator_home_shots_on_target_against_l3,0.0,0.0,Task L margin,LightGBM,Permutation fallback (ExplainerError)
missingindicator_home_xg_for_l3,0.0,0.0,Task L margin,LightGBM,Permutation fallback (ExplainerError)
missingindicator_home_xg_against_l3,0.0,0.0,Task L margin,LightGBM,Permutation fallback (ExplainerError)
missingindicator_home_passes_for_l3,0.0,0.0,Task L margin,LightGBM,Permutation fallback (ExplainerError)
missingindicator_home_pass_completion_for_l3,0.0,0.0,Task L margin,LightGBM,Permutation fallback (ExplainerError)
missingindicator_home_pressures_for_l3,0.0,0.0,Task L margin,LightGBM,Permutation fallback (ExplainerError)
missingindicator_home_final_third_entries_for_l3,0.0,0.0,Task L margin,LightGBM,Permutation fallback (ExplainerError)
missingindicator_home_red_cards_for_l3,0.0,0.0,Task L margin,LightGBM,Permutation fallback (ExplainerError)
missingindicator_home_possession_share_l3,0.0,0.0,Task L margin,LightGBM,Permutation fallback (ExplainerError)
missingindicator_home_points_l5,0.0,0.0,Task L margin,LightGBM,Permutation fallback (ExplainerError)
missingindicator_home_goals_for_l5,0.0,0.0,Task L margin,LightGBM,Permutation fallback (ExplainerError)
missingindicator_home_goals_against_l5,0.0,0.0,Task L margin,LightGBM,Permutation fallback (ExplainerError)
missingindicator_home_goal_difference_l5,0.0,0.0,Task L margin,LightGBM,Permutation fallback (ExplainerError)
missingindicator_home_shots_for_l5,0.0,0.0,Task L margin,LightGBM,Permutation fallback (ExplainerError)
missingindicator_home_shots_against_l5,0.0,0.0,Task L margin,LightGBM,Permutation fallback (ExplainerError)
missingindicator_home_shots_on_target_for_l5,0.0,0.0,Task L margin,LightGBM,Permutation fallback (ExplainerError)
missingindicator_home_shots_on_target_against_l5,0.0,0.0,Task L margin,LightGBM,Permutation fallback (ExplainerError)
missingindicator_home_xg_for_l5,0.0,0.0,Task L margin,LightGBM,Permutation fallback (ExplainerError)
missingindicator_home_xg_against_l5,0.0,0.0,Task L margin,LightGBM,Permutation fallback (ExplainerError)
missingindicator_home_passes_for_l5,0.0,0.0,Task L margin,LightGBM,Permutation fallback (ExplainerError)
missingindicator_home_pass_completion_for_l5,0.0,0.0,Task L margin,LightGBM,Permutation fallback (ExplainerError)
missingindicator_home_pressures_for_l5,0.0,0.0,Task L margin,LightGBM,Permutation fallback (ExplainerError)
missingindicator_home_final_third_entries_for_l5,0.0,0.0,Task L margin,LightGBM,Permutation fallback (ExplainerError)
missingindicator_home_red_cards_for_l5,0.0,0.0,Task L margin,LightGBM,Permutation fallback (ExplainerError)
missingindicator_home_possession_share_l5,0.0,0.0,Task L margin,LightGBM,Permutation fallback (ExplainerError)
missingindicator_home_points_l10,0.0,0.0,Task L margin,LightGBM,Permutation fallback (ExplainerError)
missingindicator_home_goals_for_l10,0.0,0.0,Task L margin,LightGBM,Permutation fallback (ExplainerError)
missingindicator_home_goals_against_l10,0.0,0.0,Task L margin,LightGBM,Permutation fallback (ExplainerError)
missingindicator_home_goal_difference_l10,0.0,0.0,Task L margin,LightGBM,Permutation fallback (ExplainerError)
missingindicator_home_shots_for_l10,0.0,0.0,Task L margin,LightGBM,Permutation fallback (ExplainerError)
missingindicator_home_shots_against_l10,0.0,0.0,Task L margin,LightGBM,Permutation fallback (ExplainerError)
missingindicator_home_shots_on_target_for_l10,0.0,0.0,Task L margin,LightGBM,Permutation fallback (ExplainerError)
missingindicator_home_shots_on_target_against_l10,0.0,0.0,Task L margin,LightGBM,Permutation fallback (ExplainerError)
missingindicator_home_xg_for_l10,0.0,0.0,Task L margin,LightGBM,Permutation fallback (ExplainerError)
missingindicator_home_xg_against_l10,0.0,0.0,Task L margin,LightGBM,Permutation fallback (ExplainerError)
missingindicator_home_passes_for_l10,0.0,0.0,Task L margin,LightGBM,Permutation fallback (ExplainerError)
missingindicator_home_pass_completion_for_l10,0.0,0.0,Task L margin,LightGBM,Permutation fallback (ExplainerError)
missingindicator_home_pressures_for_l10,0.0,0.0,Task L margin,LightGBM,Permutation fallback (ExplainerError)
missingindicator_home_final_third_entries_for_l10,0.0,0.0,Task L margin,LightGBM,Permutation fallback (ExplainerError)
missingindicator_home_red_cards_for_l10,0.0,0.0,Task L margin,LightGBM,Permutation fallback (ExplainerError)
missingindicator_home_possession_share_l10,0.0,0.0,Task L margin,LightGBM,Permutation fallback (ExplainerError)
missingindicator_away_rest_days,0.0,0.0,Task L margin,LightGBM,Permutation fallback (ExplainerError)
missingindicator_away_points_l3,0.0,0.0,Task L margin,LightGBM,Permutation fallback (ExplainerError)
missingindicator_away_goals_for_l3,0.0,0.0,Task L margin,LightGBM,Permutation fallback (ExplainerError)
missingindicator_away_goals_against_l3,0.0,0.0,Task L margin,LightGBM,Permutation fallback (ExplainerError)
missingindicator_away_goal_difference_l3,0.0,0.0,Task L margin,LightGBM,Permutation fallback (ExplainerError)
missingindicator_away_shots_for_l3,0.0,0.0,Task L margin,LightGBM,Permutation fallback (ExplainerError)
missingindicator_away_shots_against_l3,0.0,0.0,Task L margin,LightGBM,Permutation fallback (ExplainerError)
missingindicator_away_shots_on_target_for_l3,0.0,0.0,Task L margin,LightGBM,Permutation fallback (ExplainerError)
missingindicator_away_shots_on_target_against_l3,0.0,0.0,Task L margin,LightGBM,Permutation fallback (ExplainerError)
missingindicator_away_xg_for_l3,0.0,0.0,Task L margin,LightGBM,Permutation fallback (ExplainerError)
missingindicator_away_xg_against_l3,0.0,0.0,Task L margin,LightGBM,Permutation fallback (ExplainerError)
missingindicator_away_passes_for_l3,0.0,0.0,Task L margin,LightGBM,Permutation fallback (ExplainerError)
missingindicator_away_pass_completion_for_l3,0.0,0.0,Task L margin,LightGBM,Permutation fallback (ExplainerError)
missingindicator_away_pressures_for_l3,0.0,0.0,Task L margin,LightGBM,Permutation fallback (ExplainerError)
missingindicator_away_final_third_entries_for_l3,0.0,0.0,Task L margin,LightGBM,Permutation fallback (ExplainerError)
missingindicator_away_red_cards_for_l3,0.0,0.0,Task L margin,LightGBM,Permutation fallback (ExplainerError)
missingindicator_away_possession_share_l3,0.0,0.0,Task L margin,LightGBM,Permutation fallback (ExplainerError)
missingindicator_away_points_l5,0.0,0.0,Task L margin,LightGBM,Permutation fallback (ExplainerError)
missingindicator_away_goals_for_l5,0.0,0.0,Task L margin,LightGBM,Permutation fallback (ExplainerError)
missingindicator_away_goals_against_l5,0.0,0.0,Task L margin,LightGBM,Permutation fallback (ExplainerError)
missingindicator_away_goal_difference_l5,0.0,0.0,Task L margin,LightGBM,Permutation fallback (ExplainerError)
missingindicator_away_shots_for_l5,0.0,0.0,Task L margin,LightGBM,Permutation fallback (ExplainerError)
missingindicator_away_shots_against_l5,0.0,0.0,Task L margin,LightGBM,Permutation fallback (ExplainerError)
missingindicator_away_shots_on_target_for_l5,0.0,0.0,Task L margin,LightGBM,Permutation fallback (ExplainerError)
missingindicator_away_shots_on_target_against_l5,0.0,0.0,Task L margin,LightGBM,Permutation fallback (ExplainerError)
missingindicator_away_xg_for_l5,0.0,0.0,Task L margin,LightGBM,Permutation fallback (ExplainerError)
missingindicator_away_xg_against_l5,0.0,0.0,Task L margin,LightGBM,Permutation fallback (ExplainerError)
missingindicator_away_passes_for_l5,0.0,0.0,Task L margin,LightGBM,Permutation fallback (ExplainerError)
missingindicator_away_pass_completion_for_l5,0.0,0.0,Task L margin,LightGBM,Permutation fallback (ExplainerError)
missingindicator_away_pressures_for_l5,0.0,0.0,Task L margin,LightGBM,Permutation fallback (ExplainerError)
missingindicator_diff_possession_share_l5,0.0,0.0,Task L margin,LightGBM,Permutation fallback (ExplainerError)
missingindicator_diff_points_l10,0.0,0.0,Task L margin,LightGBM,Permutation fallback (ExplainerError)
missingindicator_diff_goal_difference_l10,0.0,0.0,Task L margin,LightGBM,Permutation fallback (ExplainerError)
missingindicator_diff_shots_for_l10,0.0,0.0,Task L margin,LightGBM,Permutation fallback (ExplainerError)
missingindicator_diff_xg_for_l10,0.0,0.0,Task L margin,LightGBM,Permutation fallback (ExplainerError)
missingindicator_diff_pass_completion_for_l10,0.0,0.0,Task L margin,LightGBM,Permutation fallback (ExplainerError)
missingindicator_diff_pressures_for_l10,0.0,0.0,Task L margin,LightGBM,Permutation fallback (ExplainerError)
missingindicator_diff_possession_share_l10,0.0,0.0,Task L margin,LightGBM,Permutation fallback (ExplainerError)
missingindicator_rest_days_difference,0.0,0.0,Task L margin,LightGBM,Permutation fallback (ExplainerError)
