Task,Model,Candidate,validation_RPS,TrainSeconds,PeakRSSMB,PeakDeltaMB,Parameters,Selected,validation_RMSE
C,Dummy,1,0.23374469215805072,0.007510190999710176,1317.3359375,0.00390625,"{'memory': None, 'steps': [('prep', SimpleImputer(add_indicator=True, strategy='median')), ('model', DummyClassifier())], 'transform_input': None, 'verbose': False, 'prep': SimpleImputer(add_indicator=True, strategy='median'), 'model': DummyClassifier(), 'prep__add_indicator': True, 'prep__copy': True, 'prep__fill_value': None, 'prep__keep_empty_features': False, 'prep__missing_values': nan, 'prep__strategy': 'median', 'model__constant': None, 'model__random_state': None, 'model__strategy': 'prior'}",True,
C,SVC-RBF,1,0.22616547050616578,0.08993913700032863,1317.3359375,0.00390625,"{'memory': None, 'steps': [('prep', Pipeline(steps=[('imputer',
                 SimpleImputer(add_indicator=True, strategy='median')),
                ('scaler', StandardScaler())])), ('model', SVC(C=0.5, probability=True, random_state=42))], 'transform_input': None, 'verbose': False, 'prep': Pipeline(steps=[('imputer',
                 SimpleImputer(add_indicator=True, strategy='median')),
                ('scaler', StandardScaler())]), 'model': SVC(C=0.5, probability=True, random_state=42), 'prep__memory': None, 'prep__steps': [('imputer', SimpleImputer(add_indicator=True, strategy='median')), ('scaler', StandardScaler())], 'prep__transform_input': None, 'prep__verbose': False, 'prep__imputer': SimpleImputer(add_indicator=True, strategy='median'), 'prep__scaler': StandardScaler(), 'prep__imputer__add_indicator': True, 'prep__imputer__copy': True, 'prep__imputer__fill_value': None, 'prep__imputer__keep_empty_features': False, 'prep__imputer__missing_values': nan, 'prep__imputer__strategy': 'median', 'prep__scaler__copy': True, 'prep__scaler__with_mean': True, 'prep__scaler__with_std': True, 'model__C': 0.5, 'model__break_ties': False, 'model__cache_size': 200, 'model__class_weight': None, 'model__coef0': 0.0, 'model__decision_function_shape': 'ovr', 'model__degree': 3, 'model__gamma': 'scale', 'model__kernel': 'rbf', 'model__max_iter': -1, 'model__probability': True, 'model__random_state': 42, 'model__shrinking': True, 'model__tol': 0.001, 'model__verbose': False}",True,
C,SVC-RBF,2,0.22798116917177758,0.06447705400023551,1317.3359375,0.00390625,"{'memory': None, 'steps': [('prep', Pipeline(steps=[('imputer',
                 SimpleImputer(add_indicator=True, strategy='median')),
                ('scaler', StandardScaler())])), ('model', SVC(probability=True, random_state=42))], 'transform_input': None, 'verbose': False, 'prep': Pipeline(steps=[('imputer',
                 SimpleImputer(add_indicator=True, strategy='median')),
                ('scaler', StandardScaler())]), 'model': SVC(probability=True, random_state=42), 'prep__memory': None, 'prep__steps': [('imputer', SimpleImputer(add_indicator=True, strategy='median')), ('scaler', StandardScaler())], 'prep__transform_input': None, 'prep__verbose': False, 'prep__imputer': SimpleImputer(add_indicator=True, strategy='median'), 'prep__scaler': StandardScaler(), 'prep__imputer__add_indicator': True, 'prep__imputer__copy': True, 'prep__imputer__fill_value': None, 'prep__imputer__keep_empty_features': False, 'prep__imputer__missing_values': nan, 'prep__imputer__strategy': 'median', 'prep__scaler__copy': True, 'prep__scaler__with_mean': True, 'prep__scaler__with_std': True, 'model__C': 1.0, 'model__break_ties': False, 'model__cache_size': 200, 'model__class_weight': None, 'model__coef0': 0.0, 'model__decision_function_shape': 'ovr', 'model__degree': 3, 'model__gamma': 'scale', 'model__kernel': 'rbf', 'model__max_iter': -1, 'model__probability': True, 'model__random_state': 42, 'model__shrinking': True, 'model__tol': 0.001, 'model__verbose': False}",False,
C,SVC-RBF,3,0.2291789322284223,0.06589418800012936,1317.33984375,0.00390625,"{'memory': None, 'steps': [('prep', Pipeline(steps=[('imputer',
                 SimpleImputer(add_indicator=True, strategy='median')),
                ('scaler', StandardScaler())])), ('model', SVC(C=2.0, probability=True, random_state=42))], 'transform_input': None, 'verbose': False, 'prep': Pipeline(steps=[('imputer',
                 SimpleImputer(add_indicator=True, strategy='median')),
                ('scaler', StandardScaler())]), 'model': SVC(C=2.0, probability=True, random_state=42), 'prep__memory': None, 'prep__steps': [('imputer', SimpleImputer(add_indicator=True, strategy='median')), ('scaler', StandardScaler())], 'prep__transform_input': None, 'prep__verbose': False, 'prep__imputer': SimpleImputer(add_indicator=True, strategy='median'), 'prep__scaler': StandardScaler(), 'prep__imputer__add_indicator': True, 'prep__imputer__copy': True, 'prep__imputer__fill_value': None, 'prep__imputer__keep_empty_features': False, 'prep__imputer__missing_values': nan, 'prep__imputer__strategy': 'median', 'prep__scaler__copy': True, 'prep__scaler__with_mean': True, 'prep__scaler__with_std': True, 'model__C': 2.0, 'model__break_ties': False, 'model__cache_size': 200, 'model__class_weight': None, 'model__coef0': 0.0, 'model__decision_function_shape': 'ovr', 'model__degree': 3, 'model__gamma': 'scale', 'model__kernel': 'rbf', 'model__max_iter': -1, 'model__probability': True, 'model__random_state': 42, 'model__shrinking': True, 'model__tol': 0.001, 'model__verbose': False}",False,
C,Random Forest,1,0.21205265286069033,0.4392668219998086,1317.83203125,0.49609375,"{'memory': None, 'steps': [('prep', SimpleImputer(add_indicator=True, strategy='median')), ('model', RandomForestClassifier(min_samples_leaf=4, n_estimators=250, n_jobs=-1,
                       random_state=42))], 'transform_input': None, 'verbose': False, 'prep': SimpleImputer(add_indicator=True, strategy='median'), 'model': RandomForestClassifier(min_samples_leaf=4, n_estimators=250, n_jobs=-1,
                       random_state=42), 'prep__add_indicator': True, 'prep__copy': True, 'prep__fill_value': None, 'prep__keep_empty_features': False, 'prep__missing_values': nan, 'prep__strategy': 'median', 'model__bootstrap': True, 'model__ccp_alpha': 0.0, 'model__class_weight': None, 'model__criterion': 'gini', 'model__max_depth': None, 'model__max_features': 'sqrt', 'model__max_leaf_nodes': None, 'model__max_samples': None, 'model__min_impurity_decrease': 0.0, 'model__min_samples_leaf': 4, 'model__min_samples_split': 2, 'model__min_weight_fraction_leaf': 0.0, 'model__monotonic_cst': None, 'model__n_estimators': 250, 'model__n_jobs': -1, 'model__oob_score': False, 'model__random_state': 42, 'model__verbose': 0, 'model__warm_start': False}",True,
C,Random Forest,2,0.21304405818993058,0.6624438449998706,1317.8671875,0.53125,"{'memory': None, 'steps': [('prep', SimpleImputer(add_indicator=True, strategy='median')), ('model', RandomForestClassifier(max_depth=8, min_samples_leaf=3, n_estimators=400,
                       n_jobs=-1, random_state=42))], 'transform_input': None, 'verbose': False, 'prep': SimpleImputer(add_indicator=True, strategy='median'), 'model': RandomForestClassifier(max_depth=8, min_samples_leaf=3, n_estimators=400,
                       n_jobs=-1, random_state=42), 'prep__add_indicator': True, 'prep__copy': True, 'prep__fill_value': None, 'prep__keep_empty_features': False, 'prep__missing_values': nan, 'prep__strategy': 'median', 'model__bootstrap': True, 'model__ccp_alpha': 0.0, 'model__class_weight': None, 'model__criterion': 'gini', 'model__max_depth': 8, 'model__max_features': 'sqrt', 'model__max_leaf_nodes': None, 'model__max_samples': None, 'model__min_impurity_decrease': 0.0, 'model__min_samples_leaf': 3, 'model__min_samples_split': 2, 'model__min_weight_fraction_leaf': 0.0, 'model__monotonic_cst': None, 'model__n_estimators': 400, 'model__n_jobs': -1, 'model__oob_score': False, 'model__random_state': 42, 'model__verbose': 0, 'model__warm_start': False}",False,
C,Random Forest,3,0.21425880300620667,0.9949115629997323,1319.34765625,1.96875,"{'memory': None, 'steps': [('prep', SimpleImputer(add_indicator=True, strategy='median')), ('model', RandomForestClassifier(max_depth=12, min_samples_leaf=2, n_estimators=600,
                       n_jobs=-1, random_state=42))], 'transform_input': None, 'verbose': False, 'prep': SimpleImputer(add_indicator=True, strategy='median'), 'model': RandomForestClassifier(max_depth=12, min_samples_leaf=2, n_estimators=600,
                       n_jobs=-1, random_state=42), 'prep__add_indicator': True, 'prep__copy': True, 'prep__fill_value': None, 'prep__keep_empty_features': False, 'prep__missing_values': nan, 'prep__strategy': 'median', 'model__bootstrap': True, 'model__ccp_alpha': 0.0, 'model__class_weight': None, 'model__criterion': 'gini', 'model__max_depth': 12, 'model__max_features': 'sqrt', 'model__max_leaf_nodes': None, 'model__max_samples': None, 'model__min_impurity_decrease': 0.0, 'model__min_samples_leaf': 2, 'model__min_samples_split': 2, 'model__min_weight_fraction_leaf': 0.0, 'model__monotonic_cst': None, 'model__n_estimators': 600, 'model__n_jobs': -1, 'model__oob_score': False, 'model__random_state': 42, 'model__verbose': 0, 'model__warm_start': False}",False,
C,GBM,1,0.2527355835662302,5.187065721999716,1318.87890625,0.00390625,"{'memory': None, 'steps': [('prep', SimpleImputer(add_indicator=True, strategy='median')), ('model', GradientBoostingClassifier(learning_rate=0.03, max_depth=2, min_samples_leaf=8,
                           n_estimators=250, random_state=42))], 'transform_input': None, 'verbose': False, 'prep': SimpleImputer(add_indicator=True, strategy='median'), 'model': GradientBoostingClassifier(learning_rate=0.03, max_depth=2, min_samples_leaf=8,
                           n_estimators=250, random_state=42), 'prep__add_indicator': True, 'prep__copy': True, 'prep__fill_value': None, 'prep__keep_empty_features': False, 'prep__missing_values': nan, 'prep__strategy': 'median', 'model__ccp_alpha': 0.0, 'model__criterion': 'friedman_mse', 'model__init': None, 'model__learning_rate': 0.03, 'model__loss': 'log_loss', 'model__max_depth': 2, 'model__max_features': None, 'model__max_leaf_nodes': None, 'model__min_impurity_decrease': 0.0, 'model__min_samples_leaf': 8, 'model__min_samples_split': 2, 'model__min_weight_fraction_leaf': 0.0, 'model__n_estimators': 250, 'model__n_iter_no_change': None, 'model__random_state': 42, 'model__subsample': 1.0, 'model__tol': 0.0001, 'model__validation_fraction': 0.1, 'model__verbose': 0, 'model__warm_start': False}",True,
C,GBM,2,0.30914965993825233,11.824014812999849,1318.87890625,0.00390625,"{'memory': None, 'steps': [('prep', SimpleImputer(add_indicator=True, strategy='median')), ('model', GradientBoostingClassifier(learning_rate=0.05, min_samples_leaf=6,
                           n_estimators=400, random_state=42))], 'transform_input': None, 'verbose': False, 'prep': SimpleImputer(add_indicator=True, strategy='median'), 'model': GradientBoostingClassifier(learning_rate=0.05, min_samples_leaf=6,
                           n_estimators=400, random_state=42), 'prep__add_indicator': True, 'prep__copy': True, 'prep__fill_value': None, 'prep__keep_empty_features': False, 'prep__missing_values': nan, 'prep__strategy': 'median', 'model__ccp_alpha': 0.0, 'model__criterion': 'friedman_mse', 'model__init': None, 'model__learning_rate': 0.05, 'model__loss': 'log_loss', 'model__max_depth': 3, 'model__max_features': None, 'model__max_leaf_nodes': None, 'model__min_impurity_decrease': 0.0, 'model__min_samples_leaf': 6, 'model__min_samples_split': 2, 'model__min_weight_fraction_leaf': 0.0, 'model__n_estimators': 400, 'model__n_iter_no_change': None, 'model__random_state': 42, 'model__subsample': 1.0, 'model__tol': 0.0001, 'model__validation_fraction': 0.1, 'model__verbose': 0, 'model__warm_start': False}",False,
C,GBM,3,0.38227862331247703,23.406201929000417,1318.87890625,0.00390625,"{'memory': None, 'steps': [('prep', SimpleImputer(add_indicator=True, strategy='median')), ('model', GradientBoostingClassifier(learning_rate=0.08, max_depth=4, min_samples_leaf=4,
                           n_estimators=600, random_state=42))], 'transform_input': None, 'verbose': False, 'prep': SimpleImputer(add_indicator=True, strategy='median'), 'model': GradientBoostingClassifier(learning_rate=0.08, max_depth=4, min_samples_leaf=4,
                           n_estimators=600, random_state=42), 'prep__add_indicator': True, 'prep__copy': True, 'prep__fill_value': None, 'prep__keep_empty_features': False, 'prep__missing_values': nan, 'prep__strategy': 'median', 'model__ccp_alpha': 0.0, 'model__criterion': 'friedman_mse', 'model__init': None, 'model__learning_rate': 0.08, 'model__loss': 'log_loss', 'model__max_depth': 4, 'model__max_features': None, 'model__max_leaf_nodes': None, 'model__min_impurity_decrease': 0.0, 'model__min_samples_leaf': 4, 'model__min_samples_split': 2, 'model__min_weight_fraction_leaf': 0.0, 'model__n_estimators': 600, 'model__n_iter_no_change': None, 'model__random_state': 42, 'model__subsample': 1.0, 'model__tol': 0.0001, 'model__validation_fraction': 0.1, 'model__verbose': 0, 'model__warm_start': False}",False,
C,XGBoost,1,0.23086874718005806,0.5758142710001266,1318.87890625,0.00390625,"{'memory': None, 'steps': [('prep', SimpleImputer(add_indicator=True, strategy='median')), ('model', XGBClassifier(base_score=None, booster=None, callbacks=None,
              colsample_bylevel=None, colsample_bynode=None,
              colsample_bytree=0.8, device=None, early_stopping_rounds=None,
              enable_categorical=False, eval_metric='mlogloss',
              feature_types=None, feature_weights=None, gamma=None,
              grow_policy=None, importance_type=None,
              interaction_constraints=None, learning_rate=0.03, max_bin=None,
              max_cat_threshold=None, max_cat_to_onehot=None,
              max_delta_step=None, max_depth=2, max_leaves=None,
              min_child_weight=8, missing=nan, monotone_constraints=None,
              multi_strategy=None, n_estimators=250, n_jobs=-1,
              num_parallel_tree=None, ...))], 'transform_input': None, 'verbose': False, 'prep': SimpleImputer(add_indicator=True, strategy='median'), 'model': XGBClassifier(base_score=None, booster=None, callbacks=None,
              colsample_bylevel=None, colsample_bynode=None,
              colsample_bytree=0.8, device=None, early_stopping_rounds=None,
              enable_categorical=False, eval_metric='mlogloss',
              feature_types=None, feature_weights=None, gamma=None,
              grow_policy=None, importance_type=None,
              interaction_constraints=None, learning_rate=0.03, max_bin=None,
              max_cat_threshold=None, max_cat_to_onehot=None,
              max_delta_step=None, max_depth=2, max_leaves=None,
              min_child_weight=8, missing=nan, monotone_constraints=None,
              multi_strategy=None, n_estimators=250, n_jobs=-1,
              num_parallel_tree=None, ...), 'prep__add_indicator': True, 'prep__copy': True, 'prep__fill_value': None, 'prep__keep_empty_features': False, 'prep__missing_values': nan, 'prep__strategy': 'median', 'model__objective': 'multi:softprob', 'model__base_score': None, 'model__booster': None, 'model__callbacks': None, 'model__colsample_bylevel': None, 'model__colsample_bynode': None, 'model__colsample_bytree': 0.8, 'model__device': None, 'model__early_stopping_rounds': None, 'model__enable_categorical': False, 'model__eval_metric': 'mlogloss', 'model__feature_types': None, 'model__feature_weights': None, 'model__gamma': None, 'model__grow_policy': None, 'model__importance_type': None, 'model__interaction_constraints': None, 'model__learning_rate': 0.03, 'model__max_bin': None, 'model__max_cat_threshold': None, 'model__max_cat_to_onehot': None, 'model__max_delta_step': None, 'model__max_depth': 2, 'model__max_leaves': None, 'model__min_child_weight': 8, 'model__missing': nan, 'model__monotone_constraints': None, 'model__multi_strategy': None, 'model__n_estimators': 250, 'model__n_jobs': -1, 'model__num_parallel_tree': None, 'model__random_state': 42, 'model__reg_alpha': None, 'model__reg_lambda': 2.0, 'model__sampling_method': None, 'model__scale_pos_weight': None, 'model__subsample': 0.8, 'model__tree_method': 'hist', 'model__validate_parameters': None, 'model__verbosity': None}",True,
C,XGBoost,2,0.2627018166087037,0.9444542149994959,1318.87890625,0.00390625,"{'memory': None, 'steps': [('prep', SimpleImputer(add_indicator=True, strategy='median')), ('model', XGBClassifier(base_score=None, booster=None, callbacks=None,
              colsample_bylevel=None, colsample_bynode=None,
              colsample_bytree=0.8, device=None, early_stopping_rounds=None,
              enable_categorical=False, eval_metric='mlogloss',
              feature_types=None, feature_weights=None, gamma=None,
              grow_policy=None, importance_type=None,
              interaction_constraints=None, learning_rate=0.05, max_bin=None,
              max_cat_threshold=None, max_cat_to_onehot=None,
              max_delta_step=None, max_depth=3, max_leaves=None,
              min_child_weight=5, missing=nan, monotone_constraints=None,
              multi_strategy=None, n_estimators=400, n_jobs=-1,
              num_parallel_tree=None, ...))], 'transform_input': None, 'verbose': False, 'prep': SimpleImputer(add_indicator=True, strategy='median'), 'model': XGBClassifier(base_score=None, booster=None, callbacks=None,
              colsample_bylevel=None, colsample_bynode=None,
              colsample_bytree=0.8, device=None, early_stopping_rounds=None,
              enable_categorical=False, eval_metric='mlogloss',
              feature_types=None, feature_weights=None, gamma=None,
              grow_policy=None, importance_type=None,
              interaction_constraints=None, learning_rate=0.05, max_bin=None,
              max_cat_threshold=None, max_cat_to_onehot=None,
              max_delta_step=None, max_depth=3, max_leaves=None,
              min_child_weight=5, missing=nan, monotone_constraints=None,
              multi_strategy=None, n_estimators=400, n_jobs=-1,
              num_parallel_tree=None, ...), 'prep__add_indicator': True, 'prep__copy': True, 'prep__fill_value': None, 'prep__keep_empty_features': False, 'prep__missing_values': nan, 'prep__strategy': 'median', 'model__objective': 'multi:softprob', 'model__base_score': None, 'model__booster': None, 'model__callbacks': None, 'model__colsample_bylevel': None, 'model__colsample_bynode': None, 'model__colsample_bytree': 0.8, 'model__device': None, 'model__early_stopping_rounds': None, 'model__enable_categorical': False, 'model__eval_metric': 'mlogloss', 'model__feature_types': None, 'model__feature_weights': None, 'model__gamma': None, 'model__grow_policy': None, 'model__importance_type': None, 'model__interaction_constraints': None, 'model__learning_rate': 0.05, 'model__max_bin': None, 'model__max_cat_threshold': None, 'model__max_cat_to_onehot': None, 'model__max_delta_step': None, 'model__max_depth': 3, 'model__max_leaves': None, 'model__min_child_weight': 5, 'model__missing': nan, 'model__monotone_constraints': None, 'model__multi_strategy': None, 'model__n_estimators': 400, 'model__n_jobs': -1, 'model__num_parallel_tree': None, 'model__random_state': 42, 'model__reg_alpha': None, 'model__reg_lambda': 2.0, 'model__sampling_method': None, 'model__scale_pos_weight': None, 'model__subsample': 0.8, 'model__tree_method': 'hist', 'model__validate_parameters': None, 'model__verbosity': None}",False,
C,XGBoost,3,0.27649624260722483,1.3485256399999344,1318.87890625,0.00390625,"{'memory': None, 'steps': [('prep', SimpleImputer(add_indicator=True, strategy='median')), ('model', XGBClassifier(base_score=None, booster=None, callbacks=None,
              colsample_bylevel=None, colsample_bynode=None,
              colsample_bytree=0.8, device=None, early_stopping_rounds=None,
              enable_categorical=False, eval_metric='mlogloss',
              feature_types=None, feature_weights=None, gamma=None,
              grow_policy=None, importance_type=None,
              interaction_constraints=None, learning_rate=0.08, max_bin=None,
              max_cat_threshold=None, max_cat_to_onehot=None,
              max_delta_step=None, max_depth=4, max_leaves=None,
              min_child_weight=3, missing=nan, monotone_constraints=None,
              multi_strategy=None, n_estimators=600, n_jobs=-1,
              num_parallel_tree=None, ...))], 'transform_input': None, 'verbose': False, 'prep': SimpleImputer(add_indicator=True, strategy='median'), 'model': XGBClassifier(base_score=None, booster=None, callbacks=None,
              colsample_bylevel=None, colsample_bynode=None,
              colsample_bytree=0.8, device=None, early_stopping_rounds=None,
              enable_categorical=False, eval_metric='mlogloss',
              feature_types=None, feature_weights=None, gamma=None,
              grow_policy=None, importance_type=None,
              interaction_constraints=None, learning_rate=0.08, max_bin=None,
              max_cat_threshold=None, max_cat_to_onehot=None,
              max_delta_step=None, max_depth=4, max_leaves=None,
              min_child_weight=3, missing=nan, monotone_constraints=None,
              multi_strategy=None, n_estimators=600, n_jobs=-1,
              num_parallel_tree=None, ...), 'prep__add_indicator': True, 'prep__copy': True, 'prep__fill_value': None, 'prep__keep_empty_features': False, 'prep__missing_values': nan, 'prep__strategy': 'median', 'model__objective': 'multi:softprob', 'model__base_score': None, 'model__booster': None, 'model__callbacks': None, 'model__colsample_bylevel': None, 'model__colsample_bynode': None, 'model__colsample_bytree': 0.8, 'model__device': None, 'model__early_stopping_rounds': None, 'model__enable_categorical': False, 'model__eval_metric': 'mlogloss', 'model__feature_types': None, 'model__feature_weights': None, 'model__gamma': None, 'model__grow_policy': None, 'model__importance_type': None, 'model__interaction_constraints': None, 'model__learning_rate': 0.08, 'model__max_bin': None, 'model__max_cat_threshold': None, 'model__max_cat_to_onehot': None, 'model__max_delta_step': None, 'model__max_depth': 4, 'model__max_leaves': None, 'model__min_child_weight': 3, 'model__missing': nan, 'model__monotone_constraints': None, 'model__multi_strategy': None, 'model__n_estimators': 600, 'model__n_jobs': -1, 'model__num_parallel_tree': None, 'model__random_state': 42, 'model__reg_alpha': None, 'model__reg_lambda': 2.0, 'model__sampling_method': None, 'model__scale_pos_weight': None, 'model__subsample': 0.8, 'model__tree_method': 'hist', 'model__validate_parameters': None, 'model__verbosity': None}",False,
C,LightGBM,1,0.2418828132167905,0.2066091669994421,1318.8828125,0.0078125,"{'memory': None, 'steps': [('prep', SimpleImputer(add_indicator=True, strategy='median')), ('model', LGBMClassifier(colsample_bytree=0.8, learning_rate=0.03, max_depth=2,
               n_estimators=250, n_jobs=-1, num_leaves=7, random_state=42,
               reg_lambda=2.0, subsample=0.8, verbosity=-1))], 'transform_input': None, 'verbose': False, 'prep': SimpleImputer(add_indicator=True, strategy='median'), 'model': LGBMClassifier(colsample_bytree=0.8, learning_rate=0.03, max_depth=2,
               n_estimators=250, n_jobs=-1, num_leaves=7, random_state=42,
               reg_lambda=2.0, subsample=0.8, verbosity=-1), 'prep__add_indicator': True, 'prep__copy': True, 'prep__fill_value': None, 'prep__keep_empty_features': False, 'prep__missing_values': nan, 'prep__strategy': 'median', 'model__boosting_type': 'gbdt', 'model__class_weight': None, 'model__colsample_bytree': 0.8, 'model__importance_type': 'split', 'model__learning_rate': 0.03, 'model__max_depth': 2, 'model__min_child_samples': 20, 'model__min_child_weight': 0.001, 'model__min_split_gain': 0.0, 'model__n_estimators': 250, 'model__n_jobs': -1, 'model__num_leaves': 7, 'model__objective': None, 'model__random_state': 42, 'model__reg_alpha': 0.0, 'model__reg_lambda': 2.0, 'model__subsample': 0.8, 'model__subsample_for_bin': 200000, 'model__subsample_freq': 0, 'model__verbosity': -1}",True,
C,LightGBM,2,0.291186238844571,0.23424957800034463,1318.8828125,0.00390625,"{'memory': None, 'steps': [('prep', SimpleImputer(add_indicator=True, strategy='median')), ('model', LGBMClassifier(colsample_bytree=0.8, learning_rate=0.05, max_depth=3,
               min_child_samples=15, n_estimators=400, n_jobs=-1, num_leaves=15,
               random_state=42, reg_lambda=2.0, subsample=0.8, verbosity=-1))], 'transform_input': None, 'verbose': False, 'prep': SimpleImputer(add_indicator=True, strategy='median'), 'model': LGBMClassifier(colsample_bytree=0.8, learning_rate=0.05, max_depth=3,
               min_child_samples=15, n_estimators=400, n_jobs=-1, num_leaves=15,
               random_state=42, reg_lambda=2.0, subsample=0.8, verbosity=-1), 'prep__add_indicator': True, 'prep__copy': True, 'prep__fill_value': None, 'prep__keep_empty_features': False, 'prep__missing_values': nan, 'prep__strategy': 'median', 'model__boosting_type': 'gbdt', 'model__class_weight': None, 'model__colsample_bytree': 0.8, 'model__importance_type': 'split', 'model__learning_rate': 0.05, 'model__max_depth': 3, 'model__min_child_samples': 15, 'model__min_child_weight': 0.001, 'model__min_split_gain': 0.0, 'model__n_estimators': 400, 'model__n_jobs': -1, 'model__num_leaves': 15, 'model__objective': None, 'model__random_state': 42, 'model__reg_alpha': 0.0, 'model__reg_lambda': 2.0, 'model__subsample': 0.8, 'model__subsample_for_bin': 200000, 'model__subsample_freq': 0, 'model__verbosity': -1}",False,
C,LightGBM,3,0.3159609479784047,0.5706264299997201,1320.4609375,1.58203125,"{'memory': None, 'steps': [('prep', SimpleImputer(add_indicator=True, strategy='median')), ('model', LGBMClassifier(colsample_bytree=0.8, learning_rate=0.08, max_depth=4,
               min_child_samples=10, n_estimators=600, n_jobs=-1,
               random_state=42, reg_lambda=2.0, subsample=0.8, verbosity=-1))], 'transform_input': None, 'verbose': False, 'prep': SimpleImputer(add_indicator=True, strategy='median'), 'model': LGBMClassifier(colsample_bytree=0.8, learning_rate=0.08, max_depth=4,
               min_child_samples=10, n_estimators=600, n_jobs=-1,
               random_state=42, reg_lambda=2.0, subsample=0.8, verbosity=-1), 'prep__add_indicator': True, 'prep__copy': True, 'prep__fill_value': None, 'prep__keep_empty_features': False, 'prep__missing_values': nan, 'prep__strategy': 'median', 'model__boosting_type': 'gbdt', 'model__class_weight': None, 'model__colsample_bytree': 0.8, 'model__importance_type': 'split', 'model__learning_rate': 0.08, 'model__max_depth': 4, 'model__min_child_samples': 10, 'model__min_child_weight': 0.001, 'model__min_split_gain': 0.0, 'model__n_estimators': 600, 'model__n_jobs': -1, 'model__num_leaves': 31, 'model__objective': None, 'model__random_state': 42, 'model__reg_alpha': 0.0, 'model__reg_lambda': 2.0, 'model__subsample': 0.8, 'model__subsample_for_bin': 200000, 'model__subsample_freq': 0, 'model__verbosity': -1}",False,
C,NGBoost,1,0.2651980343824928,2.731115945000056,1320.4609375,0.00390625,"{'memory': None, 'steps': [('prep', SimpleImputer(add_indicator=True, strategy='median')), ('model', NGBClassifier(Base=DecisionTreeRegressor(max_depth=2, min_samples_leaf=12,
                                         random_state=42),
              col_sample=0.8, learning_rate=0.02, minibatch_frac=0.8,
              n_estimators=250,
              random_state=RandomState(MT19937) at 0x79CD8A0A4A40,
              verbose=False))], 'transform_input': None, 'verbose': False, 'prep': SimpleImputer(add_indicator=True, strategy='median'), 'model': NGBClassifier(Base=DecisionTreeRegressor(max_depth=2, min_samples_leaf=12,
                                         random_state=42),
              col_sample=0.8, learning_rate=0.02, minibatch_frac=0.8,
              n_estimators=250,
              random_state=RandomState(MT19937) at 0x79CD8A0A4A40,
              verbose=False), 'prep__add_indicator': True, 'prep__copy': True, 'prep__fill_value': None, 'prep__keep_empty_features': False, 'prep__missing_values': nan, 'prep__strategy': 'median', 'model__Dist': <class 'ngboost.distns.categorical.k_categorical.<locals>.Categorical'>, 'model__Score': <class 'ngboost.scores.LogScore'>, 'model__Base': DecisionTreeRegressor(max_depth=2, min_samples_leaf=12, random_state=42), 'model__natural_gradient': True, 'model__n_estimators': 250, 'model__learning_rate': 0.02, 'model__minibatch_frac': 0.8, 'model__col_sample': 0.8, 'model__verbose': False, 'model__verbose_eval': 100, 'model__tol': 0.0001, 'model__random_state': RandomState(MT19937) at 0x79CD8A0A4A40, 'model__validation_fraction': 0.1, 'model__early_stopping_rounds': None, 'model__Base__ccp_alpha': 0.0, 'model__Base__criterion': 'squared_error', 'model__Base__max_depth': 2, 'model__Base__max_features': None, 'model__Base__max_leaf_nodes': None, 'model__Base__min_impurity_decrease': 0.0, 'model__Base__min_samples_leaf': 12, 'model__Base__min_samples_split': 2, 'model__Base__min_weight_fraction_leaf': 0.0, 'model__Base__monotonic_cst': None, 'model__Base__random_state': 42, 'model__Base__splitter': 'best'}",True,
C,NGBoost,2,0.3082239820062653,5.746631280000656,1320.4609375,0.00390625,"{'memory': None, 'steps': [('prep', SimpleImputer(add_indicator=True, strategy='median')), ('model', NGBClassifier(Base=DecisionTreeRegressor(max_depth=3, min_samples_leaf=8,
                                         random_state=42),
              col_sample=0.8, learning_rate=0.03, minibatch_frac=0.8,
              n_estimators=400,
              random_state=RandomState(MT19937) at 0x79CD8A0A4F40,
              verbose=False))], 'transform_input': None, 'verbose': False, 'prep': SimpleImputer(add_indicator=True, strategy='median'), 'model': NGBClassifier(Base=DecisionTreeRegressor(max_depth=3, min_samples_leaf=8,
                                         random_state=42),
              col_sample=0.8, learning_rate=0.03, minibatch_frac=0.8,
              n_estimators=400,
              random_state=RandomState(MT19937) at 0x79CD8A0A4F40,
              verbose=False), 'prep__add_indicator': True, 'prep__copy': True, 'prep__fill_value': None, 'prep__keep_empty_features': False, 'prep__missing_values': nan, 'prep__strategy': 'median', 'model__Dist': <class 'ngboost.distns.categorical.k_categorical.<locals>.Categorical'>, 'model__Score': <class 'ngboost.scores.LogScore'>, 'model__Base': DecisionTreeRegressor(max_depth=3, min_samples_leaf=8, random_state=42), 'model__natural_gradient': True, 'model__n_estimators': 400, 'model__learning_rate': 0.03, 'model__minibatch_frac': 0.8, 'model__col_sample': 0.8, 'model__verbose': False, 'model__verbose_eval': 100, 'model__tol': 0.0001, 'model__random_state': RandomState(MT19937) at 0x79CD8A0A4F40, 'model__validation_fraction': 0.1, 'model__early_stopping_rounds': None, 'model__Base__ccp_alpha': 0.0, 'model__Base__criterion': 'squared_error', 'model__Base__max_depth': 3, 'model__Base__max_features': None, 'model__Base__max_leaf_nodes': None, 'model__Base__min_impurity_decrease': 0.0, 'model__Base__min_samples_leaf': 8, 'model__Base__min_samples_split': 2, 'model__Base__min_weight_fraction_leaf': 0.0, 'model__Base__monotonic_cst': None, 'model__Base__random_state': 42, 'model__Base__splitter': 'best'}",False,
C,NGBoost,3,0.381150061876901,10.817772137000247,1320.4609375,0.00390625,"{'memory': None, 'steps': [('prep', SimpleImputer(add_indicator=True, strategy='median')), ('model', NGBClassifier(Base=DecisionTreeRegressor(max_depth=4, min_samples_leaf=5,
                                         random_state=42),
              col_sample=0.8, learning_rate=0.05, minibatch_frac=0.8,
              n_estimators=600,
              random_state=RandomState(MT19937) at 0x79CD886A1440,
              verbose=False))], 'transform_input': None, 'verbose': False, 'prep': SimpleImputer(add_indicator=True, strategy='median'), 'model': NGBClassifier(Base=DecisionTreeRegressor(max_depth=4, min_samples_leaf=5,
                                         random_state=42),
              col_sample=0.8, learning_rate=0.05, minibatch_frac=0.8,
              n_estimators=600,
              random_state=RandomState(MT19937) at 0x79CD886A1440,
              verbose=False), 'prep__add_indicator': True, 'prep__copy': True, 'prep__fill_value': None, 'prep__keep_empty_features': False, 'prep__missing_values': nan, 'prep__strategy': 'median', 'model__Dist': <class 'ngboost.distns.categorical.k_categorical.<locals>.Categorical'>, 'model__Score': <class 'ngboost.scores.LogScore'>, 'model__Base': DecisionTreeRegressor(max_depth=4, min_samples_leaf=5, random_state=42), 'model__natural_gradient': True, 'model__n_estimators': 600, 'model__learning_rate': 0.05, 'model__minibatch_frac': 0.8, 'model__col_sample': 0.8, 'model__verbose': False, 'model__verbose_eval': 100, 'model__tol': 0.0001, 'model__random_state': RandomState(MT19937) at 0x79CD886A1440, 'model__validation_fraction': 0.1, 'model__early_stopping_rounds': None, 'model__Base__ccp_alpha': 0.0, 'model__Base__criterion': 'squared_error', 'model__Base__max_depth': 4, 'model__Base__max_features': None, 'model__Base__max_leaf_nodes': None, 'model__Base__min_impurity_decrease': 0.0, 'model__Base__min_samples_leaf': 5, 'model__Base__min_samples_split': 2, 'model__Base__min_weight_fraction_leaf': 0.0, 'model__Base__monotonic_cst': None, 'model__Base__random_state': 42, 'model__Base__splitter': 'best'}",False,
R,Dummy,1,,0.007110904000001028,1320.47265625,0.00390625,"{'memory': None, 'steps': [('prep', SimpleImputer(add_indicator=True, strategy='median')), ('model', DummyRegressor())], 'transform_input': None, 'verbose': False, 'prep': SimpleImputer(add_indicator=True, strategy='median'), 'model': DummyRegressor(), 'prep__add_indicator': True, 'prep__copy': True, 'prep__fill_value': None, 'prep__keep_empty_features': False, 'prep__missing_values': nan, 'prep__strategy': 'median', 'model__constant': None, 'model__quantile': None, 'model__strategy': 'mean'}",True,1.7570270782666226
R,SVR-RBF,1,,0.015512798000600014,1320.47265625,0.00390625,"{'memory': None, 'steps': [('prep', Pipeline(steps=[('imputer',
                 SimpleImputer(add_indicator=True, strategy='median')),
                ('scaler', StandardScaler())])), ('model', SVR(C=0.5, epsilon=0.2))], 'transform_input': None, 'verbose': False, 'prep': Pipeline(steps=[('imputer',
                 SimpleImputer(add_indicator=True, strategy='median')),
                ('scaler', StandardScaler())]), 'model': SVR(C=0.5, epsilon=0.2), 'prep__memory': None, 'prep__steps': [('imputer', SimpleImputer(add_indicator=True, strategy='median')), ('scaler', StandardScaler())], 'prep__transform_input': None, 'prep__verbose': False, 'prep__imputer': SimpleImputer(add_indicator=True, strategy='median'), 'prep__scaler': StandardScaler(), 'prep__imputer__add_indicator': True, 'prep__imputer__copy': True, 'prep__imputer__fill_value': None, 'prep__imputer__keep_empty_features': False, 'prep__imputer__missing_values': nan, 'prep__imputer__strategy': 'median', 'prep__scaler__copy': True, 'prep__scaler__with_mean': True, 'prep__scaler__with_std': True, 'model__C': 0.5, 'model__cache_size': 200, 'model__coef0': 0.0, 'model__degree': 3, 'model__epsilon': 0.2, 'model__gamma': 'scale', 'model__kernel': 'rbf', 'model__max_iter': -1, 'model__shrinking': True, 'model__tol': 0.001, 'model__verbose': False}",True,1.6323681539388348
R,SVR-RBF,2,,0.01663862599980348,1320.47265625,0.00390625,"{'memory': None, 'steps': [('prep', Pipeline(steps=[('imputer',
                 SimpleImputer(add_indicator=True, strategy='median')),
                ('scaler', StandardScaler())])), ('model', SVR(epsilon=0.15))], 'transform_input': None, 'verbose': False, 'prep': Pipeline(steps=[('imputer',
                 SimpleImputer(add_indicator=True, strategy='median')),
                ('scaler', StandardScaler())]), 'model': SVR(epsilon=0.15), 'prep__memory': None, 'prep__steps': [('imputer', SimpleImputer(add_indicator=True, strategy='median')), ('scaler', StandardScaler())], 'prep__transform_input': None, 'prep__verbose': False, 'prep__imputer': SimpleImputer(add_indicator=True, strategy='median'), 'prep__scaler': StandardScaler(), 'prep__imputer__add_indicator': True, 'prep__imputer__copy': True, 'prep__imputer__fill_value': None, 'prep__imputer__keep_empty_features': False, 'prep__imputer__missing_values': nan, 'prep__imputer__strategy': 'median', 'prep__scaler__copy': True, 'prep__scaler__with_mean': True, 'prep__scaler__with_std': True, 'model__C': 1.0, 'model__cache_size': 200, 'model__coef0': 0.0, 'model__degree': 3, 'model__epsilon': 0.15, 'model__gamma': 'scale', 'model__kernel': 'rbf', 'model__max_iter': -1, 'model__shrinking': True, 'model__tol': 0.001, 'model__verbose': False}",False,1.6632887589735295
R,SVR-RBF,3,,0.017713520000143035,1320.47265625,0.00390625,"{'memory': None, 'steps': [('prep', Pipeline(steps=[('imputer',
                 SimpleImputer(add_indicator=True, strategy='median')),
                ('scaler', StandardScaler())])), ('model', SVR(C=2.0))], 'transform_input': None, 'verbose': False, 'prep': Pipeline(steps=[('imputer',
                 SimpleImputer(add_indicator=True, strategy='median')),
                ('scaler', StandardScaler())]), 'model': SVR(C=2.0), 'prep__memory': None, 'prep__steps': [('imputer', SimpleImputer(add_indicator=True, strategy='median')), ('scaler', StandardScaler())], 'prep__transform_input': None, 'prep__verbose': False, 'prep__imputer': SimpleImputer(add_indicator=True, strategy='median'), 'prep__scaler': StandardScaler(), 'prep__imputer__add_indicator': True, 'prep__imputer__copy': True, 'prep__imputer__fill_value': None, 'prep__imputer__keep_empty_features': False, 'prep__imputer__missing_values': nan, 'prep__imputer__strategy': 'median', 'prep__scaler__copy': True, 'prep__scaler__with_mean': True, 'prep__scaler__with_std': True, 'model__C': 2.0, 'model__cache_size': 200, 'model__coef0': 0.0, 'model__degree': 3, 'model__epsilon': 0.1, 'model__gamma': 'scale', 'model__kernel': 'rbf', 'model__max_iter': -1, 'model__shrinking': True, 'model__tol': 0.001, 'model__verbose': False}",False,1.708019389768078
R,Kernel Ridge exact,1,,0.011194225000508595,1320.47265625,0.00390625,"{'memory': None, 'steps': [('prep', Pipeline(steps=[('imputer',
                 SimpleImputer(add_indicator=True, strategy='median')),
                ('scaler', StandardScaler())])), ('model', KernelRidge(alpha=1.0, gamma=0.01, kernel='rbf'))], 'transform_input': None, 'verbose': False, 'prep': Pipeline(steps=[('imputer',
                 SimpleImputer(add_indicator=True, strategy='median')),
                ('scaler', StandardScaler())]), 'model': KernelRidge(alpha=1.0, gamma=0.01, kernel='rbf'), 'prep__memory': None, 'prep__steps': [('imputer', SimpleImputer(add_indicator=True, strategy='median')), ('scaler', StandardScaler())], 'prep__transform_input': None, 'prep__verbose': False, 'prep__imputer': SimpleImputer(add_indicator=True, strategy='median'), 'prep__scaler': StandardScaler(), 'prep__imputer__add_indicator': True, 'prep__imputer__copy': True, 'prep__imputer__fill_value': None, 'prep__imputer__keep_empty_features': False, 'prep__imputer__missing_values': nan, 'prep__imputer__strategy': 'median', 'prep__scaler__copy': True, 'prep__scaler__with_mean': True, 'prep__scaler__with_std': True, 'model__alpha': 1.0, 'model__coef0': 1, 'model__degree': 3, 'model__gamma': 0.01, 'model__kernel': 'rbf', 'model__kernel_params': None}",True,1.667053865642018
R,Kernel Ridge exact,2,,0.011625938000179303,1320.47265625,0.00390625,"{'memory': None, 'steps': [('prep', Pipeline(steps=[('imputer',
                 SimpleImputer(add_indicator=True, strategy='median')),
                ('scaler', StandardScaler())])), ('model', KernelRidge(alpha=0.5, gamma=0.01, kernel='rbf'))], 'transform_input': None, 'verbose': False, 'prep': Pipeline(steps=[('imputer',
                 SimpleImputer(add_indicator=True, strategy='median')),
                ('scaler', StandardScaler())]), 'model': KernelRidge(alpha=0.5, gamma=0.01, kernel='rbf'), 'prep__memory': None, 'prep__steps': [('imputer', SimpleImputer(add_indicator=True, strategy='median')), ('scaler', StandardScaler())], 'prep__transform_input': None, 'prep__verbose': False, 'prep__imputer': SimpleImputer(add_indicator=True, strategy='median'), 'prep__scaler': StandardScaler(), 'prep__imputer__add_indicator': True, 'prep__imputer__copy': True, 'prep__imputer__fill_value': None, 'prep__imputer__keep_empty_features': False, 'prep__imputer__missing_values': nan, 'prep__imputer__strategy': 'median', 'prep__scaler__copy': True, 'prep__scaler__with_mean': True, 'prep__scaler__with_std': True, 'model__alpha': 0.5, 'model__coef0': 1, 'model__degree': 3, 'model__gamma': 0.01, 'model__kernel': 'rbf', 'model__kernel_params': None}",False,1.6862249216915357
R,Kernel Ridge exact,3,,0.011548887999197177,1320.47265625,0.00390625,"{'memory': None, 'steps': [('prep', Pipeline(steps=[('imputer',
                 SimpleImputer(add_indicator=True, strategy='median')),
                ('scaler', StandardScaler())])), ('model', KernelRidge(alpha=1.0, gamma=0.03, kernel='rbf'))], 'transform_input': None, 'verbose': False, 'prep': Pipeline(steps=[('imputer',
                 SimpleImputer(add_indicator=True, strategy='median')),
                ('scaler', StandardScaler())]), 'model': KernelRidge(alpha=1.0, gamma=0.03, kernel='rbf'), 'prep__memory': None, 'prep__steps': [('imputer', SimpleImputer(add_indicator=True, strategy='median')), ('scaler', StandardScaler())], 'prep__transform_input': None, 'prep__verbose': False, 'prep__imputer': SimpleImputer(add_indicator=True, strategy='median'), 'prep__scaler': StandardScaler(), 'prep__imputer__add_indicator': True, 'prep__imputer__copy': True, 'prep__imputer__fill_value': None, 'prep__imputer__keep_empty_features': False, 'prep__imputer__missing_values': nan, 'prep__imputer__strategy': 'median', 'prep__scaler__copy': True, 'prep__scaler__with_mean': True, 'prep__scaler__with_std': True, 'model__alpha': 1.0, 'model__coef0': 1, 'model__degree': 3, 'model__gamma': 0.03, 'model__kernel': 'rbf', 'model__kernel_params': None}",False,1.7234105443309264
R,Kernel Ridge Nystroem,1,,0.1457971109994105,1320.47265625,0.00390625,"{'memory': None, 'steps': [('prep', Pipeline(steps=[('imputer',
                 SimpleImputer(add_indicator=True, strategy='median')),
                ('scaler', StandardScaler())])), ('nystroem', Nystroem(gamma=0.01, n_components=80, random_state=42)), ('model', Ridge())], 'transform_input': None, 'verbose': False, 'prep': Pipeline(steps=[('imputer',
                 SimpleImputer(add_indicator=True, strategy='median')),
                ('scaler', StandardScaler())]), 'nystroem': Nystroem(gamma=0.01, n_components=80, random_state=42), 'model': Ridge(), 'prep__memory': None, 'prep__steps': [('imputer', SimpleImputer(add_indicator=True, strategy='median')), ('scaler', StandardScaler())], 'prep__transform_input': None, 'prep__verbose': False, 'prep__imputer': SimpleImputer(add_indicator=True, strategy='median'), 'prep__scaler': StandardScaler(), 'prep__imputer__add_indicator': True, 'prep__imputer__copy': True, 'prep__imputer__fill_value': None, 'prep__imputer__keep_empty_features': False, 'prep__imputer__missing_values': nan, 'prep__imputer__strategy': 'median', 'prep__scaler__copy': True, 'prep__scaler__with_mean': True, 'prep__scaler__with_std': True, 'nystroem__coef0': None, 'nystroem__degree': None, 'nystroem__gamma': 0.01, 'nystroem__kernel': 'rbf', 'nystroem__kernel_params': None, 'nystroem__n_components': 80, 'nystroem__n_jobs': None, 'nystroem__random_state': 42, 'model__alpha': 1.0, 'model__copy_X': True, 'model__fit_intercept': True, 'model__max_iter': None, 'model__positive': False, 'model__random_state': None, 'model__solver': 'auto', 'model__tol': 0.0001}",True,1.6476095736668852
R,Kernel Ridge Nystroem,2,,0.02407795100043586,1320.47265625,0.00390625,"{'memory': None, 'steps': [('prep', Pipeline(steps=[('imputer',
                 SimpleImputer(add_indicator=True, strategy='median')),
                ('scaler', StandardScaler())])), ('nystroem', Nystroem(gamma=0.01, n_components=120, random_state=42)), ('model', Ridge(alpha=0.5))], 'transform_input': None, 'verbose': False, 'prep': Pipeline(steps=[('imputer',
                 SimpleImputer(add_indicator=True, strategy='median')),
                ('scaler', StandardScaler())]), 'nystroem': Nystroem(gamma=0.01, n_components=120, random_state=42), 'model': Ridge(alpha=0.5), 'prep__memory': None, 'prep__steps': [('imputer', SimpleImputer(add_indicator=True, strategy='median')), ('scaler', StandardScaler())], 'prep__transform_input': None, 'prep__verbose': False, 'prep__imputer': SimpleImputer(add_indicator=True, strategy='median'), 'prep__scaler': StandardScaler(), 'prep__imputer__add_indicator': True, 'prep__imputer__copy': True, 'prep__imputer__fill_value': None, 'prep__imputer__keep_empty_features': False, 'prep__imputer__missing_values': nan, 'prep__imputer__strategy': 'median', 'prep__scaler__copy': True, 'prep__scaler__with_mean': True, 'prep__scaler__with_std': True, 'nystroem__coef0': None, 'nystroem__degree': None, 'nystroem__gamma': 0.01, 'nystroem__kernel': 'rbf', 'nystroem__kernel_params': None, 'nystroem__n_components': 120, 'nystroem__n_jobs': None, 'nystroem__random_state': 42, 'model__alpha': 0.5, 'model__copy_X': True, 'model__fit_intercept': True, 'model__max_iter': None, 'model__positive': False, 'model__random_state': None, 'model__solver': 'auto', 'model__tol': 0.0001}",False,1.6704379960321172
R,Kernel Ridge Nystroem,3,,0.02435456199964392,1320.8515625,0.3828125,"{'memory': None, 'steps': [('prep', Pipeline(steps=[('imputer',
                 SimpleImputer(add_indicator=True, strategy='median')),
                ('scaler', StandardScaler())])), ('nystroem', Nystroem(gamma=0.03, n_components=160, random_state=42)), ('model', Ridge())], 'transform_input': None, 'verbose': False, 'prep': Pipeline(steps=[('imputer',
                 SimpleImputer(add_indicator=True, strategy='median')),
                ('scaler', StandardScaler())]), 'nystroem': Nystroem(gamma=0.03, n_components=160, random_state=42), 'model': Ridge(), 'prep__memory': None, 'prep__steps': [('imputer', SimpleImputer(add_indicator=True, strategy='median')), ('scaler', StandardScaler())], 'prep__transform_input': None, 'prep__verbose': False, 'prep__imputer': SimpleImputer(add_indicator=True, strategy='median'), 'prep__scaler': StandardScaler(), 'prep__imputer__add_indicator': True, 'prep__imputer__copy': True, 'prep__imputer__fill_value': None, 'prep__imputer__keep_empty_features': False, 'prep__imputer__missing_values': nan, 'prep__imputer__strategy': 'median', 'prep__scaler__copy': True, 'prep__scaler__with_mean': True, 'prep__scaler__with_std': True, 'nystroem__coef0': None, 'nystroem__degree': None, 'nystroem__gamma': 0.03, 'nystroem__kernel': 'rbf', 'nystroem__kernel_params': None, 'nystroem__n_components': 160, 'nystroem__n_jobs': None, 'nystroem__random_state': 42, 'model__alpha': 1.0, 'model__copy_X': True, 'model__fit_intercept': True, 'model__max_iter': None, 'model__positive': False, 'model__random_state': None, 'model__solver': 'auto', 'model__tol': 0.0001}",False,1.746579273426074
R,Random Forest,1,,0.3307368329997189,1321.2890625,0.44140625,"{'memory': None, 'steps': [('prep', SimpleImputer(add_indicator=True, strategy='median')), ('model', RandomForestRegressor(max_features='sqrt', min_samples_leaf=4, n_estimators=250,
                      n_jobs=-1, random_state=42))], 'transform_input': None, 'verbose': False, 'prep': SimpleImputer(add_indicator=True, strategy='median'), 'model': RandomForestRegressor(max_features='sqrt', min_samples_leaf=4, n_estimators=250,
                      n_jobs=-1, random_state=42), 'prep__add_indicator': True, 'prep__copy': True, 'prep__fill_value': None, 'prep__keep_empty_features': False, 'prep__missing_values': nan, 'prep__strategy': 'median', 'model__bootstrap': True, 'model__ccp_alpha': 0.0, 'model__criterion': 'squared_error', 'model__max_depth': None, 'model__max_features': 'sqrt', 'model__max_leaf_nodes': None, 'model__max_samples': None, 'model__min_impurity_decrease': 0.0, 'model__min_samples_leaf': 4, 'model__min_samples_split': 2, 'model__min_weight_fraction_leaf': 0.0, 'model__monotonic_cst': None, 'model__n_estimators': 250, 'model__n_jobs': -1, 'model__oob_score': False, 'model__random_state': 42, 'model__verbose': 0, 'model__warm_start': False}",True,1.596907107558414
R,Random Forest,2,,0.4822045069995511,1321.359375,0.51171875,"{'memory': None, 'steps': [('prep', SimpleImputer(add_indicator=True, strategy='median')), ('model', RandomForestRegressor(max_depth=8, max_features='sqrt', min_samples_leaf=3,
                      n_estimators=400, n_jobs=-1, random_state=42))], 'transform_input': None, 'verbose': False, 'prep': SimpleImputer(add_indicator=True, strategy='median'), 'model': RandomForestRegressor(max_depth=8, max_features='sqrt', min_samples_leaf=3,
                      n_estimators=400, n_jobs=-1, random_state=42), 'prep__add_indicator': True, 'prep__copy': True, 'prep__fill_value': None, 'prep__keep_empty_features': False, 'prep__missing_values': nan, 'prep__strategy': 'median', 'model__bootstrap': True, 'model__ccp_alpha': 0.0, 'model__criterion': 'squared_error', 'model__max_depth': 8, 'model__max_features': 'sqrt', 'model__max_leaf_nodes': None, 'model__max_samples': None, 'model__min_impurity_decrease': 0.0, 'model__min_samples_leaf': 3, 'model__min_samples_split': 2, 'model__min_weight_fraction_leaf': 0.0, 'model__monotonic_cst': None, 'model__n_estimators': 400, 'model__n_jobs': -1, 'model__oob_score': False, 'model__random_state': 42, 'model__verbose': 0, 'model__warm_start': False}",False,1.6139256691237074
R,Random Forest,3,,0.7217646169992804,1322.171875,1.234375,"{'memory': None, 'steps': [('prep', SimpleImputer(add_indicator=True, strategy='median')), ('model', RandomForestRegressor(max_depth=12, max_features='sqrt', min_samples_leaf=2,
                      n_estimators=600, n_jobs=-1, random_state=42))], 'transform_input': None, 'verbose': False, 'prep': SimpleImputer(add_indicator=True, strategy='median'), 'model': RandomForestRegressor(max_depth=12, max_features='sqrt', min_samples_leaf=2,
                      n_estimators=600, n_jobs=-1, random_state=42), 'prep__add_indicator': True, 'prep__copy': True, 'prep__fill_value': None, 'prep__keep_empty_features': False, 'prep__missing_values': nan, 'prep__strategy': 'median', 'model__bootstrap': True, 'model__ccp_alpha': 0.0, 'model__criterion': 'squared_error', 'model__max_depth': 12, 'model__max_features': 'sqrt', 'model__max_leaf_nodes': None, 'model__max_samples': None, 'model__min_impurity_decrease': 0.0, 'model__min_samples_leaf': 2, 'model__min_samples_split': 2, 'model__min_weight_fraction_leaf': 0.0, 'model__monotonic_cst': None, 'model__n_estimators': 600, 'model__n_jobs': -1, 'model__oob_score': False, 'model__random_state': 42, 'model__verbose': 0, 'model__warm_start': False}",False,1.6038130945627382
R,GBM,1,,1.97317205499985,1321.73046875,0.00390625,"{'memory': None, 'steps': [('prep', SimpleImputer(add_indicator=True, strategy='median')), ('model', GradientBoostingRegressor(learning_rate=0.03, loss='huber', max_depth=2,
                          min_samples_leaf=8, n_estimators=250,
                          random_state=42))], 'transform_input': None, 'verbose': False, 'prep': SimpleImputer(add_indicator=True, strategy='median'), 'model': GradientBoostingRegressor(learning_rate=0.03, loss='huber', max_depth=2,
                          min_samples_leaf=8, n_estimators=250,
                          random_state=42), 'prep__add_indicator': True, 'prep__copy': True, 'prep__fill_value': None, 'prep__keep_empty_features': False, 'prep__missing_values': nan, 'prep__strategy': 'median', 'model__alpha': 0.9, 'model__ccp_alpha': 0.0, 'model__criterion': 'friedman_mse', 'model__init': None, 'model__learning_rate': 0.03, 'model__loss': 'huber', 'model__max_depth': 2, 'model__max_features': None, 'model__max_leaf_nodes': None, 'model__min_impurity_decrease': 0.0, 'model__min_samples_leaf': 8, 'model__min_samples_split': 2, 'model__min_weight_fraction_leaf': 0.0, 'model__n_estimators': 250, 'model__n_iter_no_change': None, 'model__random_state': 42, 'model__subsample': 1.0, 'model__tol': 0.0001, 'model__validation_fraction': 0.1, 'model__verbose': 0, 'model__warm_start': False}",True,1.744095729185663
R,GBM,2,,4.574674473000414,1321.73046875,0.00390625,"{'memory': None, 'steps': [('prep', SimpleImputer(add_indicator=True, strategy='median')), ('model', GradientBoostingRegressor(learning_rate=0.05, loss='huber', min_samples_leaf=6,
                          n_estimators=400, random_state=42))], 'transform_input': None, 'verbose': False, 'prep': SimpleImputer(add_indicator=True, strategy='median'), 'model': GradientBoostingRegressor(learning_rate=0.05, loss='huber', min_samples_leaf=6,
                          n_estimators=400, random_state=42), 'prep__add_indicator': True, 'prep__copy': True, 'prep__fill_value': None, 'prep__keep_empty_features': False, 'prep__missing_values': nan, 'prep__strategy': 'median', 'model__alpha': 0.9, 'model__ccp_alpha': 0.0, 'model__criterion': 'friedman_mse', 'model__init': None, 'model__learning_rate': 0.05, 'model__loss': 'huber', 'model__max_depth': 3, 'model__max_features': None, 'model__max_leaf_nodes': None, 'model__min_impurity_decrease': 0.0, 'model__min_samples_leaf': 6, 'model__min_samples_split': 2, 'model__min_weight_fraction_leaf': 0.0, 'model__n_estimators': 400, 'model__n_iter_no_change': None, 'model__random_state': 42, 'model__subsample': 1.0, 'model__tol': 0.0001, 'model__validation_fraction': 0.1, 'model__verbose': 0, 'model__warm_start': False}",False,1.7727842679649741
R,GBM,3,,9.22036498899979,1321.73046875,0.00390625,"{'memory': None, 'steps': [('prep', SimpleImputer(add_indicator=True, strategy='median')), ('model', GradientBoostingRegressor(learning_rate=0.08, loss='huber', max_depth=4,
                          min_samples_leaf=4, n_estimators=600,
                          random_state=42))], 'transform_input': None, 'verbose': False, 'prep': SimpleImputer(add_indicator=True, strategy='median'), 'model': GradientBoostingRegressor(learning_rate=0.08, loss='huber', max_depth=4,
                          min_samples_leaf=4, n_estimators=600,
                          random_state=42), 'prep__add_indicator': True, 'prep__copy': True, 'prep__fill_value': None, 'prep__keep_empty_features': False, 'prep__missing_values': nan, 'prep__strategy': 'median', 'model__alpha': 0.9, 'model__ccp_alpha': 0.0, 'model__criterion': 'friedman_mse', 'model__init': None, 'model__learning_rate': 0.08, 'model__loss': 'huber', 'model__max_depth': 4, 'model__max_features': None, 'model__max_leaf_nodes': None, 'model__min_impurity_decrease': 0.0, 'model__min_samples_leaf': 4, 'model__min_samples_split': 2, 'model__min_weight_fraction_leaf': 0.0, 'model__n_estimators': 600, 'model__n_iter_no_change': None, 'model__random_state': 42, 'model__subsample': 1.0, 'model__tol': 0.0001, 'model__validation_fraction': 0.1, 'model__verbose': 0, 'model__warm_start': False}",False,1.8266413979944771
R,XGBoost,1,,0.1945414570000139,1321.73046875,0.00390625,"{'memory': None, 'steps': [('prep', SimpleImputer(add_indicator=True, strategy='median')), ('model', XGBRegressor(base_score=None, booster=None, callbacks=None,
             colsample_bylevel=None, colsample_bynode=None,
             colsample_bytree=0.8, device=None, early_stopping_rounds=None,
             enable_categorical=False, eval_metric='rmse', feature_types=None,
             feature_weights=None, gamma=None, grow_policy=None,
             importance_type=None, interaction_constraints=None,
             learning_rate=0.03, max_bin=None, max_cat_threshold=None,
             max_cat_to_onehot=None, max_delta_step=None, max_depth=2,
             max_leaves=None, min_child_weight=8, missing=nan,
             monotone_constraints=None, multi_strategy=None, n_estimators=250,
             n_jobs=-1, num_parallel_tree=None, ...))], 'transform_input': None, 'verbose': False, 'prep': SimpleImputer(add_indicator=True, strategy='median'), 'model': XGBRegressor(base_score=None, booster=None, callbacks=None,
             colsample_bylevel=None, colsample_bynode=None,
             colsample_bytree=0.8, device=None, early_stopping_rounds=None,
             enable_categorical=False, eval_metric='rmse', feature_types=None,
             feature_weights=None, gamma=None, grow_policy=None,
             importance_type=None, interaction_constraints=None,
             learning_rate=0.03, max_bin=None, max_cat_threshold=None,
             max_cat_to_onehot=None, max_delta_step=None, max_depth=2,
             max_leaves=None, min_child_weight=8, missing=nan,
             monotone_constraints=None, multi_strategy=None, n_estimators=250,
             n_jobs=-1, num_parallel_tree=None, ...), 'prep__add_indicator': True, 'prep__copy': True, 'prep__fill_value': None, 'prep__keep_empty_features': False, 'prep__missing_values': nan, 'prep__strategy': 'median', 'model__objective': 'reg:squarederror', 'model__base_score': None, 'model__booster': None, 'model__callbacks': None, 'model__colsample_bylevel': None, 'model__colsample_bynode': None, 'model__colsample_bytree': 0.8, 'model__device': None, 'model__early_stopping_rounds': None, 'model__enable_categorical': False, 'model__eval_metric': 'rmse', 'model__feature_types': None, 'model__feature_weights': None, 'model__gamma': None, 'model__grow_policy': None, 'model__importance_type': None, 'model__interaction_constraints': None, 'model__learning_rate': 0.03, 'model__max_bin': None, 'model__max_cat_threshold': None, 'model__max_cat_to_onehot': None, 'model__max_delta_step': None, 'model__max_depth': 2, 'model__max_leaves': None, 'model__min_child_weight': 8, 'model__missing': nan, 'model__monotone_constraints': None, 'model__multi_strategy': None, 'model__n_estimators': 250, 'model__n_jobs': -1, 'model__num_parallel_tree': None, 'model__random_state': 42, 'model__reg_alpha': None, 'model__reg_lambda': 2.0, 'model__sampling_method': None, 'model__scale_pos_weight': None, 'model__subsample': 0.8, 'model__tree_method': 'hist', 'model__validate_parameters': None, 'model__verbosity': None}",True,1.6759667304600536
R,XGBoost,2,,0.4697315660005188,1321.73046875,0.00390625,"{'memory': None, 'steps': [('prep', SimpleImputer(add_indicator=True, strategy='median')), ('model', XGBRegressor(base_score=None, booster=None, callbacks=None,
             colsample_bylevel=None, colsample_bynode=None,
             colsample_bytree=0.8, device=None, early_stopping_rounds=None,
             enable_categorical=False, eval_metric='rmse', feature_types=None,
             feature_weights=None, gamma=None, grow_policy=None,
             importance_type=None, interaction_constraints=None,
             learning_rate=0.05, max_bin=None, max_cat_threshold=None,
             max_cat_to_onehot=None, max_delta_step=None, max_depth=3,
             max_leaves=None, min_child_weight=5, missing=nan,
             monotone_constraints=None, multi_strategy=None, n_estimators=400,
             n_jobs=-1, num_parallel_tree=None, ...))], 'transform_input': None, 'verbose': False, 'prep': SimpleImputer(add_indicator=True, strategy='median'), 'model': XGBRegressor(base_score=None, booster=None, callbacks=None,
             colsample_bylevel=None, colsample_bynode=None,
             colsample_bytree=0.8, device=None, early_stopping_rounds=None,
             enable_categorical=False, eval_metric='rmse', feature_types=None,
             feature_weights=None, gamma=None, grow_policy=None,
             importance_type=None, interaction_constraints=None,
             learning_rate=0.05, max_bin=None, max_cat_threshold=None,
             max_cat_to_onehot=None, max_delta_step=None, max_depth=3,
             max_leaves=None, min_child_weight=5, missing=nan,
             monotone_constraints=None, multi_strategy=None, n_estimators=400,
             n_jobs=-1, num_parallel_tree=None, ...), 'prep__add_indicator': True, 'prep__copy': True, 'prep__fill_value': None, 'prep__keep_empty_features': False, 'prep__missing_values': nan, 'prep__strategy': 'median', 'model__objective': 'reg:squarederror', 'model__base_score': None, 'model__booster': None, 'model__callbacks': None, 'model__colsample_bylevel': None, 'model__colsample_bynode': None, 'model__colsample_bytree': 0.8, 'model__device': None, 'model__early_stopping_rounds': None, 'model__enable_categorical': False, 'model__eval_metric': 'rmse', 'model__feature_types': None, 'model__feature_weights': None, 'model__gamma': None, 'model__grow_policy': None, 'model__importance_type': None, 'model__interaction_constraints': None, 'model__learning_rate': 0.05, 'model__max_bin': None, 'model__max_cat_threshold': None, 'model__max_cat_to_onehot': None, 'model__max_delta_step': None, 'model__max_depth': 3, 'model__max_leaves': None, 'model__min_child_weight': 5, 'model__missing': nan, 'model__monotone_constraints': None, 'model__multi_strategy': None, 'model__n_estimators': 400, 'model__n_jobs': -1, 'model__num_parallel_tree': None, 'model__random_state': 42, 'model__reg_alpha': None, 'model__reg_lambda': 2.0, 'model__sampling_method': None, 'model__scale_pos_weight': None, 'model__subsample': 0.8, 'model__tree_method': 'hist', 'model__validate_parameters': None, 'model__verbosity': None}",False,1.6853098303884981
R,XGBoost,3,,0.9935159709993968,1321.73046875,0.00390625,"{'memory': None, 'steps': [('prep', SimpleImputer(add_indicator=True, strategy='median')), ('model', XGBRegressor(base_score=None, booster=None, callbacks=None,
             colsample_bylevel=None, colsample_bynode=None,
             colsample_bytree=0.8, device=None, early_stopping_rounds=None,
             enable_categorical=False, eval_metric='rmse', feature_types=None,
             feature_weights=None, gamma=None, grow_policy=None,
             importance_type=None, interaction_constraints=None,
             learning_rate=0.08, max_bin=None, max_cat_threshold=None,
             max_cat_to_onehot=None, max_delta_step=None, max_depth=4,
             max_leaves=None, min_child_weight=3, missing=nan,
             monotone_constraints=None, multi_strategy=None, n_estimators=600,
             n_jobs=-1, num_parallel_tree=None, ...))], 'transform_input': None, 'verbose': False, 'prep': SimpleImputer(add_indicator=True, strategy='median'), 'model': XGBRegressor(base_score=None, booster=None, callbacks=None,
             colsample_bylevel=None, colsample_bynode=None,
             colsample_bytree=0.8, device=None, early_stopping_rounds=None,
             enable_categorical=False, eval_metric='rmse', feature_types=None,
             feature_weights=None, gamma=None, grow_policy=None,
             importance_type=None, interaction_constraints=None,
             learning_rate=0.08, max_bin=None, max_cat_threshold=None,
             max_cat_to_onehot=None, max_delta_step=None, max_depth=4,
             max_leaves=None, min_child_weight=3, missing=nan,
             monotone_constraints=None, multi_strategy=None, n_estimators=600,
             n_jobs=-1, num_parallel_tree=None, ...), 'prep__add_indicator': True, 'prep__copy': True, 'prep__fill_value': None, 'prep__keep_empty_features': False, 'prep__missing_values': nan, 'prep__strategy': 'median', 'model__objective': 'reg:squarederror', 'model__base_score': None, 'model__booster': None, 'model__callbacks': None, 'model__colsample_bylevel': None, 'model__colsample_bynode': None, 'model__colsample_bytree': 0.8, 'model__device': None, 'model__early_stopping_rounds': None, 'model__enable_categorical': False, 'model__eval_metric': 'rmse', 'model__feature_types': None, 'model__feature_weights': None, 'model__gamma': None, 'model__grow_policy': None, 'model__importance_type': None, 'model__interaction_constraints': None, 'model__learning_rate': 0.08, 'model__max_bin': None, 'model__max_cat_threshold': None, 'model__max_cat_to_onehot': None, 'model__max_delta_step': None, 'model__max_depth': 4, 'model__max_leaves': None, 'model__min_child_weight': 3, 'model__missing': nan, 'model__monotone_constraints': None, 'model__multi_strategy': None, 'model__n_estimators': 600, 'model__n_jobs': -1, 'model__num_parallel_tree': None, 'model__random_state': 42, 'model__reg_alpha': None, 'model__reg_lambda': 2.0, 'model__sampling_method': None, 'model__scale_pos_weight': None, 'model__subsample': 0.8, 'model__tree_method': 'hist', 'model__validate_parameters': None, 'model__verbosity': None}",False,1.6911444129434388
R,LightGBM,1,,0.08535714099980396,1321.73046875,0.00390625,"{'memory': None, 'steps': [('prep', SimpleImputer(add_indicator=True, strategy='median')), ('model', LGBMRegressor(colsample_bytree=0.8, learning_rate=0.03, max_depth=2,
              n_estimators=250, n_jobs=-1, num_leaves=7, random_state=42,
              reg_lambda=2.0, subsample=0.8, verbosity=-1))], 'transform_input': None, 'verbose': False, 'prep': SimpleImputer(add_indicator=True, strategy='median'), 'model': LGBMRegressor(colsample_bytree=0.8, learning_rate=0.03, max_depth=2,
              n_estimators=250, n_jobs=-1, num_leaves=7, random_state=42,
              reg_lambda=2.0, subsample=0.8, verbosity=-1), 'prep__add_indicator': True, 'prep__copy': True, 'prep__fill_value': None, 'prep__keep_empty_features': False, 'prep__missing_values': nan, 'prep__strategy': 'median', 'model__boosting_type': 'gbdt', 'model__class_weight': None, 'model__colsample_bytree': 0.8, 'model__importance_type': 'split', 'model__learning_rate': 0.03, 'model__max_depth': 2, 'model__min_child_samples': 20, 'model__min_child_weight': 0.001, 'model__min_split_gain': 0.0, 'model__n_estimators': 250, 'model__n_jobs': -1, 'model__num_leaves': 7, 'model__objective': None, 'model__random_state': 42, 'model__reg_alpha': 0.0, 'model__reg_lambda': 2.0, 'model__subsample': 0.8, 'model__subsample_for_bin': 200000, 'model__subsample_freq': 0, 'model__verbosity': -1}",True,1.6753927483872113
R,LightGBM,2,,0.09687161100009689,1321.73046875,0.00390625,"{'memory': None, 'steps': [('prep', SimpleImputer(add_indicator=True, strategy='median')), ('model', LGBMRegressor(colsample_bytree=0.8, learning_rate=0.05, max_depth=3,
              min_child_samples=15, n_estimators=400, n_jobs=-1, num_leaves=15,
              random_state=42, reg_lambda=2.0, subsample=0.8, verbosity=-1))], 'transform_input': None, 'verbose': False, 'prep': SimpleImputer(add_indicator=True, strategy='median'), 'model': LGBMRegressor(colsample_bytree=0.8, learning_rate=0.05, max_depth=3,
              min_child_samples=15, n_estimators=400, n_jobs=-1, num_leaves=15,
              random_state=42, reg_lambda=2.0, subsample=0.8, verbosity=-1), 'prep__add_indicator': True, 'prep__copy': True, 'prep__fill_value': None, 'prep__keep_empty_features': False, 'prep__missing_values': nan, 'prep__strategy': 'median', 'model__boosting_type': 'gbdt', 'model__class_weight': None, 'model__colsample_bytree': 0.8, 'model__importance_type': 'split', 'model__learning_rate': 0.05, 'model__max_depth': 3, 'model__min_child_samples': 15, 'model__min_child_weight': 0.001, 'model__min_split_gain': 0.0, 'model__n_estimators': 400, 'model__n_jobs': -1, 'model__num_leaves': 15, 'model__objective': None, 'model__random_state': 42, 'model__reg_alpha': 0.0, 'model__reg_lambda': 2.0, 'model__subsample': 0.8, 'model__subsample_for_bin': 200000, 'model__subsample_freq': 0, 'model__verbosity': -1}",False,1.8054883606901362
R,LightGBM,3,,0.16491677399972104,1322.12890625,0.40234375,"{'memory': None, 'steps': [('prep', SimpleImputer(add_indicator=True, strategy='median')), ('model', LGBMRegressor(colsample_bytree=0.8, learning_rate=0.08, max_depth=4,
              min_child_samples=10, n_estimators=600, n_jobs=-1,
              random_state=42, reg_lambda=2.0, subsample=0.8, verbosity=-1))], 'transform_input': None, 'verbose': False, 'prep': SimpleImputer(add_indicator=True, strategy='median'), 'model': LGBMRegressor(colsample_bytree=0.8, learning_rate=0.08, max_depth=4,
              min_child_samples=10, n_estimators=600, n_jobs=-1,
              random_state=42, reg_lambda=2.0, subsample=0.8, verbosity=-1), 'prep__add_indicator': True, 'prep__copy': True, 'prep__fill_value': None, 'prep__keep_empty_features': False, 'prep__missing_values': nan, 'prep__strategy': 'median', 'model__boosting_type': 'gbdt', 'model__class_weight': None, 'model__colsample_bytree': 0.8, 'model__importance_type': 'split', 'model__learning_rate': 0.08, 'model__max_depth': 4, 'model__min_child_samples': 10, 'model__min_child_weight': 0.001, 'model__min_split_gain': 0.0, 'model__n_estimators': 600, 'model__n_jobs': -1, 'model__num_leaves': 31, 'model__objective': None, 'model__random_state': 42, 'model__reg_alpha': 0.0, 'model__reg_lambda': 2.0, 'model__subsample': 0.8, 'model__subsample_for_bin': 200000, 'model__subsample_freq': 0, 'model__verbosity': -1}",False,1.7709602712424304
R,NGBoost,1,,3.8210333770002762,1322.12890625,0.00390625,"{'memory': None, 'steps': [('prep', SimpleImputer(add_indicator=True, strategy='median')), ('model', NGBRegressor(Base=DecisionTreeRegressor(max_depth=2, min_samples_leaf=12,
                                        random_state=42),
             col_sample=0.8, learning_rate=0.02, minibatch_frac=0.8,
             n_estimators=250,
             random_state=RandomState(MT19937) at 0x79CD886A0940,
             verbose=False))], 'transform_input': None, 'verbose': False, 'prep': SimpleImputer(add_indicator=True, strategy='median'), 'model': NGBRegressor(Base=DecisionTreeRegressor(max_depth=2, min_samples_leaf=12,
                                        random_state=42),
             col_sample=0.8, learning_rate=0.02, minibatch_frac=0.8,
             n_estimators=250,
             random_state=RandomState(MT19937) at 0x79CD886A0940,
             verbose=False), 'prep__add_indicator': True, 'prep__copy': True, 'prep__fill_value': None, 'prep__keep_empty_features': False, 'prep__missing_values': nan, 'prep__strategy': 'median', 'model__Dist': <class 'ngboost.distns.normal.Normal'>, 'model__Score': <class 'ngboost.scores.LogScore'>, 'model__Base': DecisionTreeRegressor(max_depth=2, min_samples_leaf=12, random_state=42), 'model__natural_gradient': True, 'model__n_estimators': 250, 'model__learning_rate': 0.02, 'model__minibatch_frac': 0.8, 'model__col_sample': 0.8, 'model__verbose': False, 'model__verbose_eval': 100, 'model__tol': 0.0001, 'model__random_state': RandomState(MT19937) at 0x79CD886A0940, 'model__validation_fraction': 0.1, 'model__early_stopping_rounds': None, 'model__Base__ccp_alpha': 0.0, 'model__Base__criterion': 'squared_error', 'model__Base__max_depth': 2, 'model__Base__max_features': None, 'model__Base__max_leaf_nodes': None, 'model__Base__min_impurity_decrease': 0.0, 'model__Base__min_samples_leaf': 12, 'model__Base__min_samples_split': 2, 'model__Base__min_weight_fraction_leaf': 0.0, 'model__Base__monotonic_cst': None, 'model__Base__random_state': 42, 'model__Base__splitter': 'best'}",False,1.673618591867798
R,NGBoost,2,,7.380614255999717,1322.12890625,0.00390625,"{'memory': None, 'steps': [('prep', SimpleImputer(add_indicator=True, strategy='median')), ('model', NGBRegressor(Base=DecisionTreeRegressor(max_depth=3, min_samples_leaf=8,
                                        random_state=42),
             col_sample=0.8, learning_rate=0.03, minibatch_frac=0.8,
             n_estimators=400,
             random_state=RandomState(MT19937) at 0x79CD885F5F40,
             verbose=False))], 'transform_input': None, 'verbose': False, 'prep': SimpleImputer(add_indicator=True, strategy='median'), 'model': NGBRegressor(Base=DecisionTreeRegressor(max_depth=3, min_samples_leaf=8,
                                        random_state=42),
             col_sample=0.8, learning_rate=0.03, minibatch_frac=0.8,
             n_estimators=400,
             random_state=RandomState(MT19937) at 0x79CD885F5F40,
             verbose=False), 'prep__add_indicator': True, 'prep__copy': True, 'prep__fill_value': None, 'prep__keep_empty_features': False, 'prep__missing_values': nan, 'prep__strategy': 'median', 'model__Dist': <class 'ngboost.distns.normal.Normal'>, 'model__Score': <class 'ngboost.scores.LogScore'>, 'model__Base': DecisionTreeRegressor(max_depth=3, min_samples_leaf=8, random_state=42), 'model__natural_gradient': True, 'model__n_estimators': 400, 'model__learning_rate': 0.03, 'model__minibatch_frac': 0.8, 'model__col_sample': 0.8, 'model__verbose': False, 'model__verbose_eval': 100, 'model__tol': 0.0001, 'model__random_state': RandomState(MT19937) at 0x79CD885F5F40, 'model__validation_fraction': 0.1, 'model__early_stopping_rounds': None, 'model__Base__ccp_alpha': 0.0, 'model__Base__criterion': 'squared_error', 'model__Base__max_depth': 3, 'model__Base__max_features': None, 'model__Base__max_leaf_nodes': None, 'model__Base__min_impurity_decrease': 0.0, 'model__Base__min_samples_leaf': 8, 'model__Base__min_samples_split': 2, 'model__Base__min_weight_fraction_leaf': 0.0, 'model__Base__monotonic_cst': None, 'model__Base__random_state': 42, 'model__Base__splitter': 'best'}",False,1.734516929660733
R,NGBoost,3,,13.244555868999669,1322.12890625,0.00390625,"{'memory': None, 'steps': [('prep', SimpleImputer(add_indicator=True, strategy='median')), ('model', NGBRegressor(Base=DecisionTreeRegressor(max_depth=4, min_samples_leaf=5,
                                        random_state=42),
             col_sample=0.8, learning_rate=0.05, minibatch_frac=0.8,
             n_estimators=600,
             random_state=RandomState(MT19937) at 0x79CD885F6D40,
             verbose=False))], 'transform_input': None, 'verbose': False, 'prep': SimpleImputer(add_indicator=True, strategy='median'), 'model': NGBRegressor(Base=DecisionTreeRegressor(max_depth=4, min_samples_leaf=5,
                                        random_state=42),
             col_sample=0.8, learning_rate=0.05, minibatch_frac=0.8,
             n_estimators=600,
             random_state=RandomState(MT19937) at 0x79CD885F6D40,
             verbose=False), 'prep__add_indicator': True, 'prep__copy': True, 'prep__fill_value': None, 'prep__keep_empty_features': False, 'prep__missing_values': nan, 'prep__strategy': 'median', 'model__Dist': <class 'ngboost.distns.normal.Normal'>, 'model__Score': <class 'ngboost.scores.LogScore'>, 'model__Base': DecisionTreeRegressor(max_depth=4, min_samples_leaf=5, random_state=42), 'model__natural_gradient': True, 'model__n_estimators': 600, 'model__learning_rate': 0.05, 'model__minibatch_frac': 0.8, 'model__col_sample': 0.8, 'model__verbose': False, 'model__verbose_eval': 100, 'model__tol': 0.0001, 'model__random_state': RandomState(MT19937) at 0x79CD885F6D40, 'model__validation_fraction': 0.1, 'model__early_stopping_rounds': None, 'model__Base__ccp_alpha': 0.0, 'model__Base__criterion': 'squared_error', 'model__Base__max_depth': 4, 'model__Base__max_features': None, 'model__Base__max_leaf_nodes': None, 'model__Base__min_impurity_decrease': 0.0, 'model__Base__min_samples_leaf': 5, 'model__Base__min_samples_split': 2, 'model__Base__min_weight_fraction_leaf': 0.0, 'model__Base__monotonic_cst': None, 'model__Base__random_state': 42, 'model__Base__splitter': 'best'}",True,1.6545527680921488
L-classification,Dummy,1,0.23374469215805072,0.08537424000041938,1322.2109375,0.00390625,"{'memory': None, 'steps': [('prep', SimpleImputer(add_indicator=True, strategy='median')), ('model', DummyClassifier())], 'transform_input': None, 'verbose': False, 'prep': SimpleImputer(add_indicator=True, strategy='median'), 'model': DummyClassifier(), 'prep__add_indicator': True, 'prep__copy': True, 'prep__fill_value': None, 'prep__keep_empty_features': False, 'prep__missing_values': nan, 'prep__strategy': 'median', 'model__constant': None, 'model__random_state': None, 'model__strategy': 'prior'}",True,
L-classification,Random Forest,1,0.18693585576162597,0.8227493419999519,1325.94140625,3.734375,"{'memory': None, 'steps': [('prep', SimpleImputer(add_indicator=True, strategy='median')), ('model', RandomForestClassifier(min_samples_leaf=4, n_estimators=250, n_jobs=-1,
                       random_state=42))], 'transform_input': None, 'verbose': False, 'prep': SimpleImputer(add_indicator=True, strategy='median'), 'model': RandomForestClassifier(min_samples_leaf=4, n_estimators=250, n_jobs=-1,
                       random_state=42), 'prep__add_indicator': True, 'prep__copy': True, 'prep__fill_value': None, 'prep__keep_empty_features': False, 'prep__missing_values': nan, 'prep__strategy': 'median', 'model__bootstrap': True, 'model__ccp_alpha': 0.0, 'model__class_weight': None, 'model__criterion': 'gini', 'model__max_depth': None, 'model__max_features': 'sqrt', 'model__max_leaf_nodes': None, 'model__max_samples': None, 'model__min_impurity_decrease': 0.0, 'model__min_samples_leaf': 4, 'model__min_samples_split': 2, 'model__min_weight_fraction_leaf': 0.0, 'model__monotonic_cst': None, 'model__n_estimators': 250, 'model__n_jobs': -1, 'model__oob_score': False, 'model__random_state': 42, 'model__verbose': 0, 'model__warm_start': False}",False,
L-classification,Random Forest,2,0.18539928663680638,1.1382175419994383,1329.2734375,3.828125,"{'memory': None, 'steps': [('prep', SimpleImputer(add_indicator=True, strategy='median')), ('model', RandomForestClassifier(max_depth=8, min_samples_leaf=3, n_estimators=400,
                       n_jobs=-1, random_state=42))], 'transform_input': None, 'verbose': False, 'prep': SimpleImputer(add_indicator=True, strategy='median'), 'model': RandomForestClassifier(max_depth=8, min_samples_leaf=3, n_estimators=400,
                       n_jobs=-1, random_state=42), 'prep__add_indicator': True, 'prep__copy': True, 'prep__fill_value': None, 'prep__keep_empty_features': False, 'prep__missing_values': nan, 'prep__strategy': 'median', 'model__bootstrap': True, 'model__ccp_alpha': 0.0, 'model__class_weight': None, 'model__criterion': 'gini', 'model__max_depth': 8, 'model__max_features': 'sqrt', 'model__max_leaf_nodes': None, 'model__max_samples': None, 'model__min_impurity_decrease': 0.0, 'model__min_samples_leaf': 3, 'model__min_samples_split': 2, 'model__min_weight_fraction_leaf': 0.0, 'model__monotonic_cst': None, 'model__n_estimators': 400, 'model__n_jobs': -1, 'model__oob_score': False, 'model__random_state': 42, 'model__verbose': 0, 'model__warm_start': False}",True,
L-classification,Random Forest,3,0.1880478336247102,1.9469086459994287,1342.421875,13.63671875,"{'memory': None, 'steps': [('prep', SimpleImputer(add_indicator=True, strategy='median')), ('model', RandomForestClassifier(max_depth=12, min_samples_leaf=2, n_estimators=600,
                       n_jobs=-1, random_state=42))], 'transform_input': None, 'verbose': False, 'prep': SimpleImputer(add_indicator=True, strategy='median'), 'model': RandomForestClassifier(max_depth=12, min_samples_leaf=2, n_estimators=600,
                       n_jobs=-1, random_state=42), 'prep__add_indicator': True, 'prep__copy': True, 'prep__fill_value': None, 'prep__keep_empty_features': False, 'prep__missing_values': nan, 'prep__strategy': 'median', 'model__bootstrap': True, 'model__ccp_alpha': 0.0, 'model__class_weight': None, 'model__criterion': 'gini', 'model__max_depth': 12, 'model__max_features': 'sqrt', 'model__max_leaf_nodes': None, 'model__max_samples': None, 'model__min_impurity_decrease': 0.0, 'model__min_samples_leaf': 2, 'model__min_samples_split': 2, 'model__min_weight_fraction_leaf': 0.0, 'model__monotonic_cst': None, 'model__n_estimators': 600, 'model__n_jobs': -1, 'model__oob_score': False, 'model__random_state': 42, 'model__verbose': 0, 'model__warm_start': False}",False,
L-classification,GBM,1,0.19389655642059123,95.2853192169996,1341.9375,0.00390625,"{'memory': None, 'steps': [('prep', SimpleImputer(add_indicator=True, strategy='median')), ('model', GradientBoostingClassifier(learning_rate=0.03, min_samples_leaf=8,
                           n_estimators=250, random_state=42))], 'transform_input': None, 'verbose': False, 'prep': SimpleImputer(add_indicator=True, strategy='median'), 'model': GradientBoostingClassifier(learning_rate=0.03, min_samples_leaf=8,
                           n_estimators=250, random_state=42), 'prep__add_indicator': True, 'prep__copy': True, 'prep__fill_value': None, 'prep__keep_empty_features': False, 'prep__missing_values': nan, 'prep__strategy': 'median', 'model__ccp_alpha': 0.0, 'model__criterion': 'friedman_mse', 'model__init': None, 'model__learning_rate': 0.03, 'model__loss': 'log_loss', 'model__max_depth': 3, 'model__max_features': None, 'model__max_leaf_nodes': None, 'model__min_impurity_decrease': 0.0, 'model__min_samples_leaf': 8, 'model__min_samples_split': 2, 'model__min_weight_fraction_leaf': 0.0, 'model__n_estimators': 250, 'model__n_iter_no_change': None, 'model__random_state': 42, 'model__subsample': 1.0, 'model__tol': 0.0001, 'model__validation_fraction': 0.1, 'model__verbose': 0, 'model__warm_start': False}",True,
L-classification,GBM,2,0.28227873274154663,199.93744141000025,1341.9375,0.00390625,"{'memory': None, 'steps': [('prep', SimpleImputer(add_indicator=True, strategy='median')), ('model', GradientBoostingClassifier(learning_rate=0.05, max_depth=4, min_samples_leaf=6,
                           n_estimators=400, random_state=42))], 'transform_input': None, 'verbose': False, 'prep': SimpleImputer(add_indicator=True, strategy='median'), 'model': GradientBoostingClassifier(learning_rate=0.05, max_depth=4, min_samples_leaf=6,
                           n_estimators=400, random_state=42), 'prep__add_indicator': True, 'prep__copy': True, 'prep__fill_value': None, 'prep__keep_empty_features': False, 'prep__missing_values': nan, 'prep__strategy': 'median', 'model__ccp_alpha': 0.0, 'model__criterion': 'friedman_mse', 'model__init': None, 'model__learning_rate': 0.05, 'model__loss': 'log_loss', 'model__max_depth': 4, 'model__max_features': None, 'model__max_leaf_nodes': None, 'model__min_impurity_decrease': 0.0, 'model__min_samples_leaf': 6, 'model__min_samples_split': 2, 'model__min_weight_fraction_leaf': 0.0, 'model__n_estimators': 400, 'model__n_iter_no_change': None, 'model__random_state': 42, 'model__subsample': 1.0, 'model__tol': 0.0001, 'model__validation_fraction': 0.1, 'model__verbose': 0, 'model__warm_start': False}",False,
L-classification,GBM,3,0.33598359047281634,276.13719331599987,1341.9375,0.00390625,"{'memory': None, 'steps': [('prep', SimpleImputer(add_indicator=True, strategy='median')), ('model', GradientBoostingClassifier(learning_rate=0.08, max_depth=5, min_samples_leaf=4,
                           n_estimators=600, random_state=42))], 'transform_input': None, 'verbose': False, 'prep': SimpleImputer(add_indicator=True, strategy='median'), 'model': GradientBoostingClassifier(learning_rate=0.08, max_depth=5, min_samples_leaf=4,
                           n_estimators=600, random_state=42), 'prep__add_indicator': True, 'prep__copy': True, 'prep__fill_value': None, 'prep__keep_empty_features': False, 'prep__missing_values': nan, 'prep__strategy': 'median', 'model__ccp_alpha': 0.0, 'model__criterion': 'friedman_mse', 'model__init': None, 'model__learning_rate': 0.08, 'model__loss': 'log_loss', 'model__max_depth': 5, 'model__max_features': None, 'model__max_leaf_nodes': None, 'model__min_impurity_decrease': 0.0, 'model__min_samples_leaf': 4, 'model__min_samples_split': 2, 'model__min_weight_fraction_leaf': 0.0, 'model__n_estimators': 600, 'model__n_iter_no_change': None, 'model__random_state': 42, 'model__subsample': 1.0, 'model__tol': 0.0001, 'model__validation_fraction': 0.1, 'model__verbose': 0, 'model__warm_start': False}",False,
L-classification,XGBoost,1,0.1695242884112005,1.8253079140004047,1343.80078125,1.8671875,"{'memory': None, 'steps': [('prep', SimpleImputer(add_indicator=True, strategy='median')), ('model', XGBClassifier(base_score=None, booster=None, callbacks=None,
              colsample_bylevel=None, colsample_bynode=None,
              colsample_bytree=0.8, device=None, early_stopping_rounds=None,
              enable_categorical=False, eval_metric='mlogloss',
              feature_types=None, feature_weights=None, gamma=None,
              grow_policy=None, importance_type=None,
              interaction_constraints=None, learning_rate=0.03, max_bin=None,
              max_cat_threshold=None, max_cat_to_onehot=None,
              max_delta_step=None, max_depth=3, max_leaves=None,
              min_child_weight=8, missing=nan, monotone_constraints=None,
              multi_strategy=None, n_estimators=250, n_jobs=-1,
              num_parallel_tree=None, ...))], 'transform_input': None, 'verbose': False, 'prep': SimpleImputer(add_indicator=True, strategy='median'), 'model': XGBClassifier(base_score=None, booster=None, callbacks=None,
              colsample_bylevel=None, colsample_bynode=None,
              colsample_bytree=0.8, device=None, early_stopping_rounds=None,
              enable_categorical=False, eval_metric='mlogloss',
              feature_types=None, feature_weights=None, gamma=None,
              grow_policy=None, importance_type=None,
              interaction_constraints=None, learning_rate=0.03, max_bin=None,
              max_cat_threshold=None, max_cat_to_onehot=None,
              max_delta_step=None, max_depth=3, max_leaves=None,
              min_child_weight=8, missing=nan, monotone_constraints=None,
              multi_strategy=None, n_estimators=250, n_jobs=-1,
              num_parallel_tree=None, ...), 'prep__add_indicator': True, 'prep__copy': True, 'prep__fill_value': None, 'prep__keep_empty_features': False, 'prep__missing_values': nan, 'prep__strategy': 'median', 'model__objective': 'multi:softprob', 'model__base_score': None, 'model__booster': None, 'model__callbacks': None, 'model__colsample_bylevel': None, 'model__colsample_bynode': None, 'model__colsample_bytree': 0.8, 'model__device': None, 'model__early_stopping_rounds': None, 'model__enable_categorical': False, 'model__eval_metric': 'mlogloss', 'model__feature_types': None, 'model__feature_weights': None, 'model__gamma': None, 'model__grow_policy': None, 'model__importance_type': None, 'model__interaction_constraints': None, 'model__learning_rate': 0.03, 'model__max_bin': None, 'model__max_cat_threshold': None, 'model__max_cat_to_onehot': None, 'model__max_delta_step': None, 'model__max_depth': 3, 'model__max_leaves': None, 'model__min_child_weight': 8, 'model__missing': nan, 'model__monotone_constraints': None, 'model__multi_strategy': None, 'model__n_estimators': 250, 'model__n_jobs': -1, 'model__num_parallel_tree': None, 'model__random_state': 42, 'model__reg_alpha': None, 'model__reg_lambda': 2.0, 'model__sampling_method': None, 'model__scale_pos_weight': None, 'model__subsample': 0.8, 'model__tree_method': 'hist', 'model__validate_parameters': None, 'model__verbosity': None}",True,
L-classification,XGBoost,2,0.22766580938200748,3.918202256000768,1343.98828125,0.19140625,"{'memory': None, 'steps': [('prep', SimpleImputer(add_indicator=True, strategy='median')), ('model', XGBClassifier(base_score=None, booster=None, callbacks=None,
              colsample_bylevel=None, colsample_bynode=None,
              colsample_bytree=0.8, device=None, early_stopping_rounds=None,
              enable_categorical=False, eval_metric='mlogloss',
              feature_types=None, feature_weights=None, gamma=None,
              grow_policy=None, importance_type=None,
              interaction_constraints=None, learning_rate=0.05, max_bin=None,
              max_cat_threshold=None, max_cat_to_onehot=None,
              max_delta_step=None, max_depth=4, max_leaves=None,
              min_child_weight=5, missing=nan, monotone_constraints=None,
              multi_strategy=None, n_estimators=400, n_jobs=-1,
              num_parallel_tree=None, ...))], 'transform_input': None, 'verbose': False, 'prep': SimpleImputer(add_indicator=True, strategy='median'), 'model': XGBClassifier(base_score=None, booster=None, callbacks=None,
              colsample_bylevel=None, colsample_bynode=None,
              colsample_bytree=0.8, device=None, early_stopping_rounds=None,
              enable_categorical=False, eval_metric='mlogloss',
              feature_types=None, feature_weights=None, gamma=None,
              grow_policy=None, importance_type=None,
              interaction_constraints=None, learning_rate=0.05, max_bin=None,
              max_cat_threshold=None, max_cat_to_onehot=None,
              max_delta_step=None, max_depth=4, max_leaves=None,
              min_child_weight=5, missing=nan, monotone_constraints=None,
              multi_strategy=None, n_estimators=400, n_jobs=-1,
              num_parallel_tree=None, ...), 'prep__add_indicator': True, 'prep__copy': True, 'prep__fill_value': None, 'prep__keep_empty_features': False, 'prep__missing_values': nan, 'prep__strategy': 'median', 'model__objective': 'multi:softprob', 'model__base_score': None, 'model__booster': None, 'model__callbacks': None, 'model__colsample_bylevel': None, 'model__colsample_bynode': None, 'model__colsample_bytree': 0.8, 'model__device': None, 'model__early_stopping_rounds': None, 'model__enable_categorical': False, 'model__eval_metric': 'mlogloss', 'model__feature_types': None, 'model__feature_weights': None, 'model__gamma': None, 'model__grow_policy': None, 'model__importance_type': None, 'model__interaction_constraints': None, 'model__learning_rate': 0.05, 'model__max_bin': None, 'model__max_cat_threshold': None, 'model__max_cat_to_onehot': None, 'model__max_delta_step': None, 'model__max_depth': 4, 'model__max_leaves': None, 'model__min_child_weight': 5, 'model__missing': nan, 'model__monotone_constraints': None, 'model__multi_strategy': None, 'model__n_estimators': 400, 'model__n_jobs': -1, 'model__num_parallel_tree': None, 'model__random_state': 42, 'model__reg_alpha': None, 'model__reg_lambda': 2.0, 'model__sampling_method': None, 'model__scale_pos_weight': None, 'model__subsample': 0.8, 'model__tree_method': 'hist', 'model__validate_parameters': None, 'model__verbosity': None}",False,
L-classification,XGBoost,3,0.23104977224489853,8.090650975999779,1345.1484375,1.1640625,"{'memory': None, 'steps': [('prep', SimpleImputer(add_indicator=True, strategy='median')), ('model', XGBClassifier(base_score=None, booster=None, callbacks=None,
              colsample_bylevel=None, colsample_bynode=None,
              colsample_bytree=0.8, device=None, early_stopping_rounds=None,
              enable_categorical=False, eval_metric='mlogloss',
              feature_types=None, feature_weights=None, gamma=None,
              grow_policy=None, importance_type=None,
              interaction_constraints=None, learning_rate=0.08, max_bin=None,
              max_cat_threshold=None, max_cat_to_onehot=None,
              max_delta_step=None, max_depth=5, max_leaves=None,
              min_child_weight=3, missing=nan, monotone_constraints=None,
              multi_strategy=None, n_estimators=600, n_jobs=-1,
              num_parallel_tree=None, ...))], 'transform_input': None, 'verbose': False, 'prep': SimpleImputer(add_indicator=True, strategy='median'), 'model': XGBClassifier(base_score=None, booster=None, callbacks=None,
              colsample_bylevel=None, colsample_bynode=None,
              colsample_bytree=0.8, device=None, early_stopping_rounds=None,
              enable_categorical=False, eval_metric='mlogloss',
              feature_types=None, feature_weights=None, gamma=None,
              grow_policy=None, importance_type=None,
              interaction_constraints=None, learning_rate=0.08, max_bin=None,
              max_cat_threshold=None, max_cat_to_onehot=None,
              max_delta_step=None, max_depth=5, max_leaves=None,
              min_child_weight=3, missing=nan, monotone_constraints=None,
              multi_strategy=None, n_estimators=600, n_jobs=-1,
              num_parallel_tree=None, ...), 'prep__add_indicator': True, 'prep__copy': True, 'prep__fill_value': None, 'prep__keep_empty_features': False, 'prep__missing_values': nan, 'prep__strategy': 'median', 'model__objective': 'multi:softprob', 'model__base_score': None, 'model__booster': None, 'model__callbacks': None, 'model__colsample_bylevel': None, 'model__colsample_bynode': None, 'model__colsample_bytree': 0.8, 'model__device': None, 'model__early_stopping_rounds': None, 'model__enable_categorical': False, 'model__eval_metric': 'mlogloss', 'model__feature_types': None, 'model__feature_weights': None, 'model__gamma': None, 'model__grow_policy': None, 'model__importance_type': None, 'model__interaction_constraints': None, 'model__learning_rate': 0.08, 'model__max_bin': None, 'model__max_cat_threshold': None, 'model__max_cat_to_onehot': None, 'model__max_delta_step': None, 'model__max_depth': 5, 'model__max_leaves': None, 'model__min_child_weight': 3, 'model__missing': nan, 'model__monotone_constraints': None, 'model__multi_strategy': None, 'model__n_estimators': 600, 'model__n_jobs': -1, 'model__num_parallel_tree': None, 'model__random_state': 42, 'model__reg_alpha': None, 'model__reg_lambda': 2.0, 'model__sampling_method': None, 'model__scale_pos_weight': None, 'model__subsample': 0.8, 'model__tree_method': 'hist', 'model__validate_parameters': None, 'model__verbosity': None}",False,
L-classification,LightGBM,1,0.1814915392782115,1.2186010119994535,1346.1796875,1.03515625,"{'memory': None, 'steps': [('prep', SimpleImputer(add_indicator=True, strategy='median')), ('model', LGBMClassifier(colsample_bytree=0.8, learning_rate=0.03, max_depth=3,
               n_estimators=250, n_jobs=-1, num_leaves=7, random_state=42,
               reg_lambda=2.0, subsample=0.8, verbosity=-1))], 'transform_input': None, 'verbose': False, 'prep': SimpleImputer(add_indicator=True, strategy='median'), 'model': LGBMClassifier(colsample_bytree=0.8, learning_rate=0.03, max_depth=3,
               n_estimators=250, n_jobs=-1, num_leaves=7, random_state=42,
               reg_lambda=2.0, subsample=0.8, verbosity=-1), 'prep__add_indicator': True, 'prep__copy': True, 'prep__fill_value': None, 'prep__keep_empty_features': False, 'prep__missing_values': nan, 'prep__strategy': 'median', 'model__boosting_type': 'gbdt', 'model__class_weight': None, 'model__colsample_bytree': 0.8, 'model__importance_type': 'split', 'model__learning_rate': 0.03, 'model__max_depth': 3, 'model__min_child_samples': 20, 'model__min_child_weight': 0.001, 'model__min_split_gain': 0.0, 'model__n_estimators': 250, 'model__n_jobs': -1, 'model__num_leaves': 7, 'model__objective': None, 'model__random_state': 42, 'model__reg_alpha': 0.0, 'model__reg_lambda': 2.0, 'model__subsample': 0.8, 'model__subsample_for_bin': 200000, 'model__subsample_freq': 0, 'model__verbosity': -1}",True,
L-classification,LightGBM,2,0.250379447165186,1.7914294230004089,1347.14453125,0.96875,"{'memory': None, 'steps': [('prep', SimpleImputer(add_indicator=True, strategy='median')), ('model', LGBMClassifier(colsample_bytree=0.8, learning_rate=0.05, max_depth=4,
               min_child_samples=15, n_estimators=400, n_jobs=-1, num_leaves=15,
               random_state=42, reg_lambda=2.0, subsample=0.8, verbosity=-1))], 'transform_input': None, 'verbose': False, 'prep': SimpleImputer(add_indicator=True, strategy='median'), 'model': LGBMClassifier(colsample_bytree=0.8, learning_rate=0.05, max_depth=4,
               min_child_samples=15, n_estimators=400, n_jobs=-1, num_leaves=15,
               random_state=42, reg_lambda=2.0, subsample=0.8, verbosity=-1), 'prep__add_indicator': True, 'prep__copy': True, 'prep__fill_value': None, 'prep__keep_empty_features': False, 'prep__missing_values': nan, 'prep__strategy': 'median', 'model__boosting_type': 'gbdt', 'model__class_weight': None, 'model__colsample_bytree': 0.8, 'model__importance_type': 'split', 'model__learning_rate': 0.05, 'model__max_depth': 4, 'model__min_child_samples': 15, 'model__min_child_weight': 0.001, 'model__min_split_gain': 0.0, 'model__n_estimators': 400, 'model__n_jobs': -1, 'model__num_leaves': 15, 'model__objective': None, 'model__random_state': 42, 'model__reg_alpha': 0.0, 'model__reg_lambda': 2.0, 'model__subsample': 0.8, 'model__subsample_for_bin': 200000, 'model__subsample_freq': 0, 'model__verbosity': -1}",False,
L-classification,LightGBM,3,0.27334765610154416,3.3704077560005317,1355.734375,8.59375,"{'memory': None, 'steps': [('prep', SimpleImputer(add_indicator=True, strategy='median')), ('model', LGBMClassifier(colsample_bytree=0.8, learning_rate=0.08, max_depth=5,
               min_child_samples=10, n_estimators=600, n_jobs=-1,
               random_state=42, reg_lambda=2.0, subsample=0.8, verbosity=-1))], 'transform_input': None, 'verbose': False, 'prep': SimpleImputer(add_indicator=True, strategy='median'), 'model': LGBMClassifier(colsample_bytree=0.8, learning_rate=0.08, max_depth=5,
               min_child_samples=10, n_estimators=600, n_jobs=-1,
               random_state=42, reg_lambda=2.0, subsample=0.8, verbosity=-1), 'prep__add_indicator': True, 'prep__copy': True, 'prep__fill_value': None, 'prep__keep_empty_features': False, 'prep__missing_values': nan, 'prep__strategy': 'median', 'model__boosting_type': 'gbdt', 'model__class_weight': None, 'model__colsample_bytree': 0.8, 'model__importance_type': 'split', 'model__learning_rate': 0.08, 'model__max_depth': 5, 'model__min_child_samples': 10, 'model__min_child_weight': 0.001, 'model__min_split_gain': 0.0, 'model__n_estimators': 600, 'model__n_jobs': -1, 'model__num_leaves': 31, 'model__objective': None, 'model__random_state': 42, 'model__reg_alpha': 0.0, 'model__reg_lambda': 2.0, 'model__subsample': 0.8, 'model__subsample_for_bin': 200000, 'model__subsample_freq': 0, 'model__verbosity': -1}",False,
L-classification,NGBoost,1,0.16794508348873907,49.37462532099926,1355.73828125,0.0078125,"{'memory': None, 'steps': [('prep', SimpleImputer(add_indicator=True, strategy='median')), ('model', NGBClassifier(Base=DecisionTreeRegressor(max_depth=3, min_samples_leaf=12,
                                         random_state=42),
              col_sample=0.8, learning_rate=0.02, minibatch_frac=0.8,
              n_estimators=250,
              random_state=RandomState(MT19937) at 0x79CD886A3D40,
              verbose=False))], 'transform_input': None, 'verbose': False, 'prep': SimpleImputer(add_indicator=True, strategy='median'), 'model': NGBClassifier(Base=DecisionTreeRegressor(max_depth=3, min_samples_leaf=12,
                                         random_state=42),
              col_sample=0.8, learning_rate=0.02, minibatch_frac=0.8,
              n_estimators=250,
              random_state=RandomState(MT19937) at 0x79CD886A3D40,
              verbose=False), 'prep__add_indicator': True, 'prep__copy': True, 'prep__fill_value': None, 'prep__keep_empty_features': False, 'prep__missing_values': nan, 'prep__strategy': 'median', 'model__Dist': <class 'ngboost.distns.categorical.k_categorical.<locals>.Categorical'>, 'model__Score': <class 'ngboost.scores.LogScore'>, 'model__Base': DecisionTreeRegressor(max_depth=3, min_samples_leaf=12, random_state=42), 'model__natural_gradient': True, 'model__n_estimators': 250, 'model__learning_rate': 0.02, 'model__minibatch_frac': 0.8, 'model__col_sample': 0.8, 'model__verbose': False, 'model__verbose_eval': 100, 'model__tol': 0.0001, 'model__random_state': RandomState(MT19937) at 0x79CD886A3D40, 'model__validation_fraction': 0.1, 'model__early_stopping_rounds': None, 'model__Base__ccp_alpha': 0.0, 'model__Base__criterion': 'squared_error', 'model__Base__max_depth': 3, 'model__Base__max_features': None, 'model__Base__max_leaf_nodes': None, 'model__Base__min_impurity_decrease': 0.0, 'model__Base__min_samples_leaf': 12, 'model__Base__min_samples_split': 2, 'model__Base__min_weight_fraction_leaf': 0.0, 'model__Base__monotonic_cst': None, 'model__Base__random_state': 42, 'model__Base__splitter': 'best'}",True,
L-classification,NGBoost,2,0.1877565054297535,101.2764532150004,1355.73828125,0.00390625,"{'memory': None, 'steps': [('prep', SimpleImputer(add_indicator=True, strategy='median')), ('model', NGBClassifier(Base=DecisionTreeRegressor(max_depth=4, min_samples_leaf=8,
                                         random_state=42),
              col_sample=0.8, learning_rate=0.03, minibatch_frac=0.8,
              n_estimators=400,
              random_state=RandomState(MT19937) at 0x79CD886A1340,
              verbose=False))], 'transform_input': None, 'verbose': False, 'prep': SimpleImputer(add_indicator=True, strategy='median'), 'model': NGBClassifier(Base=DecisionTreeRegressor(max_depth=4, min_samples_leaf=8,
                                         random_state=42),
              col_sample=0.8, learning_rate=0.03, minibatch_frac=0.8,
              n_estimators=400,
              random_state=RandomState(MT19937) at 0x79CD886A1340,
              verbose=False), 'prep__add_indicator': True, 'prep__copy': True, 'prep__fill_value': None, 'prep__keep_empty_features': False, 'prep__missing_values': nan, 'prep__strategy': 'median', 'model__Dist': <class 'ngboost.distns.categorical.k_categorical.<locals>.Categorical'>, 'model__Score': <class 'ngboost.scores.LogScore'>, 'model__Base': DecisionTreeRegressor(max_depth=4, min_samples_leaf=8, random_state=42), 'model__natural_gradient': True, 'model__n_estimators': 400, 'model__learning_rate': 0.03, 'model__minibatch_frac': 0.8, 'model__col_sample': 0.8, 'model__verbose': False, 'model__verbose_eval': 100, 'model__tol': 0.0001, 'model__random_state': RandomState(MT19937) at 0x79CD886A1340, 'model__validation_fraction': 0.1, 'model__early_stopping_rounds': None, 'model__Base__ccp_alpha': 0.0, 'model__Base__criterion': 'squared_error', 'model__Base__max_depth': 4, 'model__Base__max_features': None, 'model__Base__max_leaf_nodes': None, 'model__Base__min_impurity_decrease': 0.0, 'model__Base__min_samples_leaf': 8, 'model__Base__min_samples_split': 2, 'model__Base__min_weight_fraction_leaf': 0.0, 'model__Base__monotonic_cst': None, 'model__Base__random_state': 42, 'model__Base__splitter': 'best'}",False,
L-classification,NGBoost,3,0.20956896198736935,188.7077855790003,1355.73828125,0.00390625,"{'memory': None, 'steps': [('prep', SimpleImputer(add_indicator=True, strategy='median')), ('model', NGBClassifier(Base=DecisionTreeRegressor(max_depth=5, min_samples_leaf=5,
                                         random_state=42),
              col_sample=0.8, learning_rate=0.05, minibatch_frac=0.8,
              n_estimators=600,
              random_state=RandomState(MT19937) at 0x79CD886A3E40,
              verbose=False))], 'transform_input': None, 'verbose': False, 'prep': SimpleImputer(add_indicator=True, strategy='median'), 'model': NGBClassifier(Base=DecisionTreeRegressor(max_depth=5, min_samples_leaf=5,
                                         random_state=42),
              col_sample=0.8, learning_rate=0.05, minibatch_frac=0.8,
              n_estimators=600,
              random_state=RandomState(MT19937) at 0x79CD886A3E40,
              verbose=False), 'prep__add_indicator': True, 'prep__copy': True, 'prep__fill_value': None, 'prep__keep_empty_features': False, 'prep__missing_values': nan, 'prep__strategy': 'median', 'model__Dist': <class 'ngboost.distns.categorical.k_categorical.<locals>.Categorical'>, 'model__Score': <class 'ngboost.scores.LogScore'>, 'model__Base': DecisionTreeRegressor(max_depth=5, min_samples_leaf=5, random_state=42), 'model__natural_gradient': True, 'model__n_estimators': 600, 'model__learning_rate': 0.05, 'model__minibatch_frac': 0.8, 'model__col_sample': 0.8, 'model__verbose': False, 'model__verbose_eval': 100, 'model__tol': 0.0001, 'model__random_state': RandomState(MT19937) at 0x79CD886A3E40, 'model__validation_fraction': 0.1, 'model__early_stopping_rounds': None, 'model__Base__ccp_alpha': 0.0, 'model__Base__criterion': 'squared_error', 'model__Base__max_depth': 5, 'model__Base__max_features': None, 'model__Base__max_leaf_nodes': None, 'model__Base__min_impurity_decrease': 0.0, 'model__Base__min_samples_leaf': 5, 'model__Base__min_samples_split': 2, 'model__Base__min_weight_fraction_leaf': 0.0, 'model__Base__monotonic_cst': None, 'model__Base__random_state': 42, 'model__Base__splitter': 'best'}",False,
L-regression,Dummy,1,,0.08630215900029725,1355.73828125,0.00390625,"{'memory': None, 'steps': [('prep', SimpleImputer(add_indicator=True, strategy='median')), ('model', DummyRegressor())], 'transform_input': None, 'verbose': False, 'prep': SimpleImputer(add_indicator=True, strategy='median'), 'model': DummyRegressor(), 'prep__add_indicator': True, 'prep__copy': True, 'prep__fill_value': None, 'prep__keep_empty_features': False, 'prep__missing_values': nan, 'prep__strategy': 'median', 'model__constant': None, 'model__quantile': None, 'model__strategy': 'mean'}",True,1.7570270782666224
L-regression,Random Forest,1,,0.7463699399995676,1356.390625,0.65625,"{'memory': None, 'steps': [('prep', SimpleImputer(add_indicator=True, strategy='median')), ('model', RandomForestRegressor(max_features='sqrt', min_samples_leaf=4, n_estimators=250,
                      n_jobs=-1, random_state=42))], 'transform_input': None, 'verbose': False, 'prep': SimpleImputer(add_indicator=True, strategy='median'), 'model': RandomForestRegressor(max_features='sqrt', min_samples_leaf=4, n_estimators=250,
                      n_jobs=-1, random_state=42), 'prep__add_indicator': True, 'prep__copy': True, 'prep__fill_value': None, 'prep__keep_empty_features': False, 'prep__missing_values': nan, 'prep__strategy': 'median', 'model__bootstrap': True, 'model__ccp_alpha': 0.0, 'model__criterion': 'squared_error', 'model__max_depth': None, 'model__max_features': 'sqrt', 'model__max_leaf_nodes': None, 'model__max_samples': None, 'model__min_impurity_decrease': 0.0, 'model__min_samples_leaf': 4, 'model__min_samples_split': 2, 'model__min_weight_fraction_leaf': 0.0, 'model__monotonic_cst': None, 'model__n_estimators': 250, 'model__n_jobs': -1, 'model__oob_score': False, 'model__random_state': 42, 'model__verbose': 0, 'model__warm_start': False}",False,1.4295147916672681
L-regression,Random Forest,2,,0.9089059779998934,1356.72265625,0.78125,"{'memory': None, 'steps': [('prep', SimpleImputer(add_indicator=True, strategy='median')), ('model', RandomForestRegressor(max_depth=8, max_features='sqrt', min_samples_leaf=3,
                      n_estimators=400, n_jobs=-1, random_state=42))], 'transform_input': None, 'verbose': False, 'prep': SimpleImputer(add_indicator=True, strategy='median'), 'model': RandomForestRegressor(max_depth=8, max_features='sqrt', min_samples_leaf=3,
                      n_estimators=400, n_jobs=-1, random_state=42), 'prep__add_indicator': True, 'prep__copy': True, 'prep__fill_value': None, 'prep__keep_empty_features': False, 'prep__missing_values': nan, 'prep__strategy': 'median', 'model__bootstrap': True, 'model__ccp_alpha': 0.0, 'model__criterion': 'squared_error', 'model__max_depth': 8, 'model__max_features': 'sqrt', 'model__max_leaf_nodes': None, 'model__max_samples': None, 'model__min_impurity_decrease': 0.0, 'model__min_samples_leaf': 3, 'model__min_samples_split': 2, 'model__min_weight_fraction_leaf': 0.0, 'model__monotonic_cst': None, 'model__n_estimators': 400, 'model__n_jobs': -1, 'model__oob_score': False, 'model__random_state': 42, 'model__verbose': 0, 'model__warm_start': False}",True,1.4135160972395555
L-regression,Random Forest,3,,1.547726216999763,1365.296875,9.015625,"{'memory': None, 'steps': [('prep', SimpleImputer(add_indicator=True, strategy='median')), ('model', RandomForestRegressor(max_depth=12, max_features='sqrt', min_samples_leaf=2,
                      n_estimators=600, n_jobs=-1, random_state=42))], 'transform_input': None, 'verbose': False, 'prep': SimpleImputer(add_indicator=True, strategy='median'), 'model': RandomForestRegressor(max_depth=12, max_features='sqrt', min_samples_leaf=2,
                      n_estimators=600, n_jobs=-1, random_state=42), 'prep__add_indicator': True, 'prep__copy': True, 'prep__fill_value': None, 'prep__keep_empty_features': False, 'prep__missing_values': nan, 'prep__strategy': 'median', 'model__bootstrap': True, 'model__ccp_alpha': 0.0, 'model__criterion': 'squared_error', 'model__max_depth': 12, 'model__max_features': 'sqrt', 'model__max_leaf_nodes': None, 'model__max_samples': None, 'model__min_impurity_decrease': 0.0, 'model__min_samples_leaf': 2, 'model__min_samples_split': 2, 'model__min_weight_fraction_leaf': 0.0, 'model__monotonic_cst': None, 'model__n_estimators': 600, 'model__n_jobs': -1, 'model__oob_score': False, 'model__random_state': 42, 'model__verbose': 0, 'model__warm_start': False}",False,1.4276682194219052
L-regression,GBM,1,,32.370008325000526,1364.92578125,0.00390625,"{'memory': None, 'steps': [('prep', SimpleImputer(add_indicator=True, strategy='median')), ('model', GradientBoostingRegressor(learning_rate=0.03, loss='huber', min_samples_leaf=8,
                          n_estimators=250, random_state=42))], 'transform_input': None, 'verbose': False, 'prep': SimpleImputer(add_indicator=True, strategy='median'), 'model': GradientBoostingRegressor(learning_rate=0.03, loss='huber', min_samples_leaf=8,
                          n_estimators=250, random_state=42), 'prep__add_indicator': True, 'prep__copy': True, 'prep__fill_value': None, 'prep__keep_empty_features': False, 'prep__missing_values': nan, 'prep__strategy': 'median', 'model__alpha': 0.9, 'model__ccp_alpha': 0.0, 'model__criterion': 'friedman_mse', 'model__init': None, 'model__learning_rate': 0.03, 'model__loss': 'huber', 'model__max_depth': 3, 'model__max_features': None, 'model__max_leaf_nodes': None, 'model__min_impurity_decrease': 0.0, 'model__min_samples_leaf': 8, 'model__min_samples_split': 2, 'model__min_weight_fraction_leaf': 0.0, 'model__n_estimators': 250, 'model__n_iter_no_change': None, 'model__random_state': 42, 'model__subsample': 1.0, 'model__tol': 0.0001, 'model__validation_fraction': 0.1, 'model__verbose': 0, 'model__warm_start': False}",True,1.330995250784482
L-regression,GBM,2,,69.14390179199927,1364.92578125,0.00390625,"{'memory': None, 'steps': [('prep', SimpleImputer(add_indicator=True, strategy='median')), ('model', GradientBoostingRegressor(learning_rate=0.05, loss='huber', max_depth=4,
                          min_samples_leaf=6, n_estimators=400,
                          random_state=42))], 'transform_input': None, 'verbose': False, 'prep': SimpleImputer(add_indicator=True, strategy='median'), 'model': GradientBoostingRegressor(learning_rate=0.05, loss='huber', max_depth=4,
                          min_samples_leaf=6, n_estimators=400,
                          random_state=42), 'prep__add_indicator': True, 'prep__copy': True, 'prep__fill_value': None, 'prep__keep_empty_features': False, 'prep__missing_values': nan, 'prep__strategy': 'median', 'model__alpha': 0.9, 'model__ccp_alpha': 0.0, 'model__criterion': 'friedman_mse', 'model__init': None, 'model__learning_rate': 0.05, 'model__loss': 'huber', 'model__max_depth': 4, 'model__max_features': None, 'model__max_leaf_nodes': None, 'model__min_impurity_decrease': 0.0, 'model__min_samples_leaf': 6, 'model__min_samples_split': 2, 'model__min_weight_fraction_leaf': 0.0, 'model__n_estimators': 400, 'model__n_iter_no_change': None, 'model__random_state': 42, 'model__subsample': 1.0, 'model__tol': 0.0001, 'model__validation_fraction': 0.1, 'model__verbose': 0, 'model__warm_start': False}",False,1.4425778600768935
L-regression,GBM,3,,132.14115827299975,1364.92578125,0.00390625,"{'memory': None, 'steps': [('prep', SimpleImputer(add_indicator=True, strategy='median')), ('model', GradientBoostingRegressor(learning_rate=0.08, loss='huber', max_depth=5,
                          min_samples_leaf=4, n_estimators=600,
                          random_state=42))], 'transform_input': None, 'verbose': False, 'prep': SimpleImputer(add_indicator=True, strategy='median'), 'model': GradientBoostingRegressor(learning_rate=0.08, loss='huber', max_depth=5,
                          min_samples_leaf=4, n_estimators=600,
                          random_state=42), 'prep__add_indicator': True, 'prep__copy': True, 'prep__fill_value': None, 'prep__keep_empty_features': False, 'prep__missing_values': nan, 'prep__strategy': 'median', 'model__alpha': 0.9, 'model__ccp_alpha': 0.0, 'model__criterion': 'friedman_mse', 'model__init': None, 'model__learning_rate': 0.08, 'model__loss': 'huber', 'model__max_depth': 5, 'model__max_features': None, 'model__max_leaf_nodes': None, 'model__min_impurity_decrease': 0.0, 'model__min_samples_leaf': 4, 'model__min_samples_split': 2, 'model__min_weight_fraction_leaf': 0.0, 'model__n_estimators': 600, 'model__n_iter_no_change': None, 'model__random_state': 42, 'model__subsample': 1.0, 'model__tol': 0.0001, 'model__validation_fraction': 0.1, 'model__verbose': 0, 'model__warm_start': False}",False,1.4432066502270902
L-regression,XGBoost,1,,1.0444827470000746,1364.92578125,0.00390625,"{'memory': None, 'steps': [('prep', SimpleImputer(add_indicator=True, strategy='median')), ('model', XGBRegressor(base_score=None, booster=None, callbacks=None,
             colsample_bylevel=None, colsample_bynode=None,
             colsample_bytree=0.8, device=None, early_stopping_rounds=None,
             enable_categorical=False, eval_metric='rmse', feature_types=None,
             feature_weights=None, gamma=None, grow_policy=None,
             importance_type=None, interaction_constraints=None,
             learning_rate=0.03, max_bin=None, max_cat_threshold=None,
             max_cat_to_onehot=None, max_delta_step=None, max_depth=3,
             max_leaves=None, min_child_weight=8, missing=nan,
             monotone_constraints=None, multi_strategy=None, n_estimators=250,
             n_jobs=-1, num_parallel_tree=None, ...))], 'transform_input': None, 'verbose': False, 'prep': SimpleImputer(add_indicator=True, strategy='median'), 'model': XGBRegressor(base_score=None, booster=None, callbacks=None,
             colsample_bylevel=None, colsample_bynode=None,
             colsample_bytree=0.8, device=None, early_stopping_rounds=None,
             enable_categorical=False, eval_metric='rmse', feature_types=None,
             feature_weights=None, gamma=None, grow_policy=None,
             importance_type=None, interaction_constraints=None,
             learning_rate=0.03, max_bin=None, max_cat_threshold=None,
             max_cat_to_onehot=None, max_delta_step=None, max_depth=3,
             max_leaves=None, min_child_weight=8, missing=nan,
             monotone_constraints=None, multi_strategy=None, n_estimators=250,
             n_jobs=-1, num_parallel_tree=None, ...), 'prep__add_indicator': True, 'prep__copy': True, 'prep__fill_value': None, 'prep__keep_empty_features': False, 'prep__missing_values': nan, 'prep__strategy': 'median', 'model__objective': 'reg:squarederror', 'model__base_score': None, 'model__booster': None, 'model__callbacks': None, 'model__colsample_bylevel': None, 'model__colsample_bynode': None, 'model__colsample_bytree': 0.8, 'model__device': None, 'model__early_stopping_rounds': None, 'model__enable_categorical': False, 'model__eval_metric': 'rmse', 'model__feature_types': None, 'model__feature_weights': None, 'model__gamma': None, 'model__grow_policy': None, 'model__importance_type': None, 'model__interaction_constraints': None, 'model__learning_rate': 0.03, 'model__max_bin': None, 'model__max_cat_threshold': None, 'model__max_cat_to_onehot': None, 'model__max_delta_step': None, 'model__max_depth': 3, 'model__max_leaves': None, 'model__min_child_weight': 8, 'model__missing': nan, 'model__monotone_constraints': None, 'model__multi_strategy': None, 'model__n_estimators': 250, 'model__n_jobs': -1, 'model__num_parallel_tree': None, 'model__random_state': 42, 'model__reg_alpha': None, 'model__reg_lambda': 2.0, 'model__sampling_method': None, 'model__scale_pos_weight': None, 'model__subsample': 0.8, 'model__tree_method': 'hist', 'model__validate_parameters': None, 'model__verbosity': None}",True,1.3280260001551674
L-regression,XGBoost,2,,1.5045686949997616,1364.92578125,0.00390625,"{'memory': None, 'steps': [('prep', SimpleImputer(add_indicator=True, strategy='median')), ('model', XGBRegressor(base_score=None, booster=None, callbacks=None,
             colsample_bylevel=None, colsample_bynode=None,
             colsample_bytree=0.8, device=None, early_stopping_rounds=None,
             enable_categorical=False, eval_metric='rmse', feature_types=None,
             feature_weights=None, gamma=None, grow_policy=None,
             importance_type=None, interaction_constraints=None,
             learning_rate=0.05, max_bin=None, max_cat_threshold=None,
             max_cat_to_onehot=None, max_delta_step=None, max_depth=4,
             max_leaves=None, min_child_weight=5, missing=nan,
             monotone_constraints=None, multi_strategy=None, n_estimators=400,
             n_jobs=-1, num_parallel_tree=None, ...))], 'transform_input': None, 'verbose': False, 'prep': SimpleImputer(add_indicator=True, strategy='median'), 'model': XGBRegressor(base_score=None, booster=None, callbacks=None,
             colsample_bylevel=None, colsample_bynode=None,
             colsample_bytree=0.8, device=None, early_stopping_rounds=None,
             enable_categorical=False, eval_metric='rmse', feature_types=None,
             feature_weights=None, gamma=None, grow_policy=None,
             importance_type=None, interaction_constraints=None,
             learning_rate=0.05, max_bin=None, max_cat_threshold=None,
             max_cat_to_onehot=None, max_delta_step=None, max_depth=4,
             max_leaves=None, min_child_weight=5, missing=nan,
             monotone_constraints=None, multi_strategy=None, n_estimators=400,
             n_jobs=-1, num_parallel_tree=None, ...), 'prep__add_indicator': True, 'prep__copy': True, 'prep__fill_value': None, 'prep__keep_empty_features': False, 'prep__missing_values': nan, 'prep__strategy': 'median', 'model__objective': 'reg:squarederror', 'model__base_score': None, 'model__booster': None, 'model__callbacks': None, 'model__colsample_bylevel': None, 'model__colsample_bynode': None, 'model__colsample_bytree': 0.8, 'model__device': None, 'model__early_stopping_rounds': None, 'model__enable_categorical': False, 'model__eval_metric': 'rmse', 'model__feature_types': None, 'model__feature_weights': None, 'model__gamma': None, 'model__grow_policy': None, 'model__importance_type': None, 'model__interaction_constraints': None, 'model__learning_rate': 0.05, 'model__max_bin': None, 'model__max_cat_threshold': None, 'model__max_cat_to_onehot': None, 'model__max_delta_step': None, 'model__max_depth': 4, 'model__max_leaves': None, 'model__min_child_weight': 5, 'model__missing': nan, 'model__monotone_constraints': None, 'model__multi_strategy': None, 'model__n_estimators': 400, 'model__n_jobs': -1, 'model__num_parallel_tree': None, 'model__random_state': 42, 'model__reg_alpha': None, 'model__reg_lambda': 2.0, 'model__sampling_method': None, 'model__scale_pos_weight': None, 'model__subsample': 0.8, 'model__tree_method': 'hist', 'model__validate_parameters': None, 'model__verbosity': None}",False,1.454176294553916
L-regression,XGBoost,3,,2.9333516880005845,1364.92578125,0.00390625,"{'memory': None, 'steps': [('prep', SimpleImputer(add_indicator=True, strategy='median')), ('model', XGBRegressor(base_score=None, booster=None, callbacks=None,
             colsample_bylevel=None, colsample_bynode=None,
             colsample_bytree=0.8, device=None, early_stopping_rounds=None,
             enable_categorical=False, eval_metric='rmse', feature_types=None,
             feature_weights=None, gamma=None, grow_policy=None,
             importance_type=None, interaction_constraints=None,
             learning_rate=0.08, max_bin=None, max_cat_threshold=None,
             max_cat_to_onehot=None, max_delta_step=None, max_depth=5,
             max_leaves=None, min_child_weight=3, missing=nan,
             monotone_constraints=None, multi_strategy=None, n_estimators=600,
             n_jobs=-1, num_parallel_tree=None, ...))], 'transform_input': None, 'verbose': False, 'prep': SimpleImputer(add_indicator=True, strategy='median'), 'model': XGBRegressor(base_score=None, booster=None, callbacks=None,
             colsample_bylevel=None, colsample_bynode=None,
             colsample_bytree=0.8, device=None, early_stopping_rounds=None,
             enable_categorical=False, eval_metric='rmse', feature_types=None,
             feature_weights=None, gamma=None, grow_policy=None,
             importance_type=None, interaction_constraints=None,
             learning_rate=0.08, max_bin=None, max_cat_threshold=None,
             max_cat_to_onehot=None, max_delta_step=None, max_depth=5,
             max_leaves=None, min_child_weight=3, missing=nan,
             monotone_constraints=None, multi_strategy=None, n_estimators=600,
             n_jobs=-1, num_parallel_tree=None, ...), 'prep__add_indicator': True, 'prep__copy': True, 'prep__fill_value': None, 'prep__keep_empty_features': False, 'prep__missing_values': nan, 'prep__strategy': 'median', 'model__objective': 'reg:squarederror', 'model__base_score': None, 'model__booster': None, 'model__callbacks': None, 'model__colsample_bylevel': None, 'model__colsample_bynode': None, 'model__colsample_bytree': 0.8, 'model__device': None, 'model__early_stopping_rounds': None, 'model__enable_categorical': False, 'model__eval_metric': 'rmse', 'model__feature_types': None, 'model__feature_weights': None, 'model__gamma': None, 'model__grow_policy': None, 'model__importance_type': None, 'model__interaction_constraints': None, 'model__learning_rate': 0.08, 'model__max_bin': None, 'model__max_cat_threshold': None, 'model__max_cat_to_onehot': None, 'model__max_delta_step': None, 'model__max_depth': 5, 'model__max_leaves': None, 'model__min_child_weight': 3, 'model__missing': nan, 'model__monotone_constraints': None, 'model__multi_strategy': None, 'model__n_estimators': 600, 'model__n_jobs': -1, 'model__num_parallel_tree': None, 'model__random_state': 42, 'model__reg_alpha': None, 'model__reg_lambda': 2.0, 'model__sampling_method': None, 'model__scale_pos_weight': None, 'model__subsample': 0.8, 'model__tree_method': 'hist', 'model__validate_parameters': None, 'model__verbosity': None}",False,1.4818655045665665
L-regression,LightGBM,1,,0.40424248699946475,1364.92578125,0.00390625,"{'memory': None, 'steps': [('prep', SimpleImputer(add_indicator=True, strategy='median')), ('model', LGBMRegressor(colsample_bytree=0.8, learning_rate=0.03, max_depth=3,
              n_estimators=250, n_jobs=-1, num_leaves=7, random_state=42,
              reg_lambda=2.0, subsample=0.8, verbosity=-1))], 'transform_input': None, 'verbose': False, 'prep': SimpleImputer(add_indicator=True, strategy='median'), 'model': LGBMRegressor(colsample_bytree=0.8, learning_rate=0.03, max_depth=3,
              n_estimators=250, n_jobs=-1, num_leaves=7, random_state=42,
              reg_lambda=2.0, subsample=0.8, verbosity=-1), 'prep__add_indicator': True, 'prep__copy': True, 'prep__fill_value': None, 'prep__keep_empty_features': False, 'prep__missing_values': nan, 'prep__strategy': 'median', 'model__boosting_type': 'gbdt', 'model__class_weight': None, 'model__colsample_bytree': 0.8, 'model__importance_type': 'split', 'model__learning_rate': 0.03, 'model__max_depth': 3, 'model__min_child_samples': 20, 'model__min_child_weight': 0.001, 'model__min_split_gain': 0.0, 'model__n_estimators': 250, 'model__n_jobs': -1, 'model__num_leaves': 7, 'model__objective': None, 'model__random_state': 42, 'model__reg_alpha': 0.0, 'model__reg_lambda': 2.0, 'model__subsample': 0.8, 'model__subsample_for_bin': 200000, 'model__subsample_freq': 0, 'model__verbosity': -1}",True,1.3394424567656802
L-regression,LightGBM,2,,0.6513482149994161,1364.92578125,0.00390625,"{'memory': None, 'steps': [('prep', SimpleImputer(add_indicator=True, strategy='median')), ('model', LGBMRegressor(colsample_bytree=0.8, learning_rate=0.05, max_depth=4,
              min_child_samples=15, n_estimators=400, n_jobs=-1, num_leaves=15,
              random_state=42, reg_lambda=2.0, subsample=0.8, verbosity=-1))], 'transform_input': None, 'verbose': False, 'prep': SimpleImputer(add_indicator=True, strategy='median'), 'model': LGBMRegressor(colsample_bytree=0.8, learning_rate=0.05, max_depth=4,
              min_child_samples=15, n_estimators=400, n_jobs=-1, num_leaves=15,
              random_state=42, reg_lambda=2.0, subsample=0.8, verbosity=-1), 'prep__add_indicator': True, 'prep__copy': True, 'prep__fill_value': None, 'prep__keep_empty_features': False, 'prep__missing_values': nan, 'prep__strategy': 'median', 'model__boosting_type': 'gbdt', 'model__class_weight': None, 'model__colsample_bytree': 0.8, 'model__importance_type': 'split', 'model__learning_rate': 0.05, 'model__max_depth': 4, 'model__min_child_samples': 15, 'model__min_child_weight': 0.001, 'model__min_split_gain': 0.0, 'model__n_estimators': 400, 'model__n_jobs': -1, 'model__num_leaves': 15, 'model__objective': None, 'model__random_state': 42, 'model__reg_alpha': 0.0, 'model__reg_lambda': 2.0, 'model__subsample': 0.8, 'model__subsample_for_bin': 200000, 'model__subsample_freq': 0, 'model__verbosity': -1}",False,1.427887158931178
L-regression,LightGBM,3,,1.2289786760002244,1365.046875,0.125,"{'memory': None, 'steps': [('prep', SimpleImputer(add_indicator=True, strategy='median')), ('model', LGBMRegressor(colsample_bytree=0.8, learning_rate=0.08, max_depth=5,
              min_child_samples=10, n_estimators=600, n_jobs=-1,
              random_state=42, reg_lambda=2.0, subsample=0.8, verbosity=-1))], 'transform_input': None, 'verbose': False, 'prep': SimpleImputer(add_indicator=True, strategy='median'), 'model': LGBMRegressor(colsample_bytree=0.8, learning_rate=0.08, max_depth=5,
              min_child_samples=10, n_estimators=600, n_jobs=-1,
              random_state=42, reg_lambda=2.0, subsample=0.8, verbosity=-1), 'prep__add_indicator': True, 'prep__copy': True, 'prep__fill_value': None, 'prep__keep_empty_features': False, 'prep__missing_values': nan, 'prep__strategy': 'median', 'model__boosting_type': 'gbdt', 'model__class_weight': None, 'model__colsample_bytree': 0.8, 'model__importance_type': 'split', 'model__learning_rate': 0.08, 'model__max_depth': 5, 'model__min_child_samples': 10, 'model__min_child_weight': 0.001, 'model__min_split_gain': 0.0, 'model__n_estimators': 600, 'model__n_jobs': -1, 'model__num_leaves': 31, 'model__objective': None, 'model__random_state': 42, 'model__reg_alpha': 0.0, 'model__reg_lambda': 2.0, 'model__subsample': 0.8, 'model__subsample_for_bin': 200000, 'model__subsample_freq': 0, 'model__verbosity': -1}",False,1.4456746822799336
L-regression,NGBoost,1,,49.368062894000104,1365.046875,0.00390625,"{'memory': None, 'steps': [('prep', SimpleImputer(add_indicator=True, strategy='median')), ('model', NGBRegressor(Base=DecisionTreeRegressor(max_depth=3, min_samples_leaf=12,
                                        random_state=42),
             col_sample=0.8, learning_rate=0.02, minibatch_frac=0.8,
             n_estimators=250,
             random_state=RandomState(MT19937) at 0x79CD886A1240,
             verbose=False))], 'transform_input': None, 'verbose': False, 'prep': SimpleImputer(add_indicator=True, strategy='median'), 'model': NGBRegressor(Base=DecisionTreeRegressor(max_depth=3, min_samples_leaf=12,
                                        random_state=42),
             col_sample=0.8, learning_rate=0.02, minibatch_frac=0.8,
             n_estimators=250,
             random_state=RandomState(MT19937) at 0x79CD886A1240,
             verbose=False), 'prep__add_indicator': True, 'prep__copy': True, 'prep__fill_value': None, 'prep__keep_empty_features': False, 'prep__missing_values': nan, 'prep__strategy': 'median', 'model__Dist': <class 'ngboost.distns.normal.Normal'>, 'model__Score': <class 'ngboost.scores.LogScore'>, 'model__Base': DecisionTreeRegressor(max_depth=3, min_samples_leaf=12, random_state=42), 'model__natural_gradient': True, 'model__n_estimators': 250, 'model__learning_rate': 0.02, 'model__minibatch_frac': 0.8, 'model__col_sample': 0.8, 'model__verbose': False, 'model__verbose_eval': 100, 'model__tol': 0.0001, 'model__random_state': RandomState(MT19937) at 0x79CD886A1240, 'model__validation_fraction': 0.1, 'model__early_stopping_rounds': None, 'model__Base__ccp_alpha': 0.0, 'model__Base__criterion': 'squared_error', 'model__Base__max_depth': 3, 'model__Base__max_features': None, 'model__Base__max_leaf_nodes': None, 'model__Base__min_impurity_decrease': 0.0, 'model__Base__min_samples_leaf': 12, 'model__Base__min_samples_split': 2, 'model__Base__min_weight_fraction_leaf': 0.0, 'model__Base__monotonic_cst': None, 'model__Base__random_state': 42, 'model__Base__splitter': 'best'}",True,1.3215619721612641
L-regression,NGBoost,2,,99.54464528099925,1365.046875,0.00390625,"{'memory': None, 'steps': [('prep', SimpleImputer(add_indicator=True, strategy='median')), ('model', NGBRegressor(Base=DecisionTreeRegressor(max_depth=4, min_samples_leaf=8,
                                        random_state=42),
             col_sample=0.8, learning_rate=0.03, minibatch_frac=0.8,
             n_estimators=400,
             random_state=RandomState(MT19937) at 0x79CD886A3840,
             verbose=False))], 'transform_input': None, 'verbose': False, 'prep': SimpleImputer(add_indicator=True, strategy='median'), 'model': NGBRegressor(Base=DecisionTreeRegressor(max_depth=4, min_samples_leaf=8,
                                        random_state=42),
             col_sample=0.8, learning_rate=0.03, minibatch_frac=0.8,
             n_estimators=400,
             random_state=RandomState(MT19937) at 0x79CD886A3840,
             verbose=False), 'prep__add_indicator': True, 'prep__copy': True, 'prep__fill_value': None, 'prep__keep_empty_features': False, 'prep__missing_values': nan, 'prep__strategy': 'median', 'model__Dist': <class 'ngboost.distns.normal.Normal'>, 'model__Score': <class 'ngboost.scores.LogScore'>, 'model__Base': DecisionTreeRegressor(max_depth=4, min_samples_leaf=8, random_state=42), 'model__natural_gradient': True, 'model__n_estimators': 400, 'model__learning_rate': 0.03, 'model__minibatch_frac': 0.8, 'model__col_sample': 0.8, 'model__verbose': False, 'model__verbose_eval': 100, 'model__tol': 0.0001, 'model__random_state': RandomState(MT19937) at 0x79CD886A3840, 'model__validation_fraction': 0.1, 'model__early_stopping_rounds': None, 'model__Base__ccp_alpha': 0.0, 'model__Base__criterion': 'squared_error', 'model__Base__max_depth': 4, 'model__Base__max_features': None, 'model__Base__max_leaf_nodes': None, 'model__Base__min_impurity_decrease': 0.0, 'model__Base__min_samples_leaf': 8, 'model__Base__min_samples_split': 2, 'model__Base__min_weight_fraction_leaf': 0.0, 'model__Base__monotonic_cst': None, 'model__Base__random_state': 42, 'model__Base__splitter': 'best'}",False,1.3828418866113001
L-regression,NGBoost,3,,182.29672117500013,1365.046875,0.00390625,"{'memory': None, 'steps': [('prep', SimpleImputer(add_indicator=True, strategy='median')), ('model', NGBRegressor(Base=DecisionTreeRegressor(max_depth=5, min_samples_leaf=5,
                                        random_state=42),
             col_sample=0.8, learning_rate=0.05, minibatch_frac=0.8,
             n_estimators=600,
             random_state=RandomState(MT19937) at 0x79CD886A1840,
             verbose=False))], 'transform_input': None, 'verbose': False, 'prep': SimpleImputer(add_indicator=True, strategy='median'), 'model': NGBRegressor(Base=DecisionTreeRegressor(max_depth=5, min_samples_leaf=5,
                                        random_state=42),
             col_sample=0.8, learning_rate=0.05, minibatch_frac=0.8,
             n_estimators=600,
             random_state=RandomState(MT19937) at 0x79CD886A1840,
             verbose=False), 'prep__add_indicator': True, 'prep__copy': True, 'prep__fill_value': None, 'prep__keep_empty_features': False, 'prep__missing_values': nan, 'prep__strategy': 'median', 'model__Dist': <class 'ngboost.distns.normal.Normal'>, 'model__Score': <class 'ngboost.scores.LogScore'>, 'model__Base': DecisionTreeRegressor(max_depth=5, min_samples_leaf=5, random_state=42), 'model__natural_gradient': True, 'model__n_estimators': 600, 'model__learning_rate': 0.05, 'model__minibatch_frac': 0.8, 'model__col_sample': 0.8, 'model__verbose': False, 'model__verbose_eval': 100, 'model__tol': 0.0001, 'model__random_state': RandomState(MT19937) at 0x79CD886A1840, 'model__validation_fraction': 0.1, 'model__early_stopping_rounds': None, 'model__Base__ccp_alpha': 0.0, 'model__Base__criterion': 'squared_error', 'model__Base__max_depth': 5, 'model__Base__max_features': None, 'model__Base__max_leaf_nodes': None, 'model__Base__min_impurity_decrease': 0.0, 'model__Base__min_samples_leaf': 5, 'model__Base__min_samples_split': 2, 'model__Base__min_weight_fraction_leaf': 0.0, 'model__Base__monotonic_cst': None, 'model__Base__random_state': 42, 'model__Base__splitter': 'best'}",False,1.451449324993349
