Feature,MeanAbsSHAP,BuiltinImportance,Task,Model,SHAPMethod
diff_xg_for_l3,0.013568654453589353,0.01763605416085421,Task C,Random Forest,TreeExplainer
p1_away_scr_home,0.010245573273907734,0.014348903443475504,Task C,Random Forest,TreeExplainer
p1_away_scr_total,0.007582814359887253,0.011848532249626122,Task C,Random Forest,TreeExplainer
p1_away_rank_total,0.0071417548035730884,0.013027885354849882,Task C,Random Forest,TreeExplainer
diff_shots_for_l10,0.007098009306789369,0.011510741578493433,Task C,Random Forest,TreeExplainer
p1_away_con_total,0.006626674013617203,0.011506809915322597,Task C,Random Forest,TreeExplainer
diff_xg_for_l5,0.006190620123239251,0.011083062521729763,Task C,Random Forest,TreeExplainer
home_final_third_entries_for_l5,0.006025086793632305,0.011532190872542043,Task C,Random Forest,TreeExplainer
away_pass_completion_for_l3,0.005149527431580861,0.009938583040952713,Task C,Random Forest,TreeExplainer
away_shots_on_target_for_l10,0.005081256759486032,0.00936390669270299,Task C,Random Forest,TreeExplainer
away_pass_completion_for_l10,0.004807280040789016,0.009598788692631664,Task C,Random Forest,TreeExplainer
p1_away_con_away,0.004651353726576516,0.011579426034180579,Task C,Random Forest,TreeExplainer
home_xg_for_l3,0.004627409768407238,0.010340265488604911,Task C,Random Forest,TreeExplainer
away_shots_on_target_for_l5,0.004617598373398813,0.009422616036949268,Task C,Random Forest,TreeExplainer
p1_away_rank_home,0.004569505517914601,0.008703879759176405,Task C,Random Forest,TreeExplainer
p1_home_scr_home,0.004506070712674322,0.009085926700420462,Task C,Random Forest,TreeExplainer
diff_xg_for_l10,0.0043944046218145376,0.009582275111241859,Task C,Random Forest,TreeExplainer
home_pressures_for_l5,0.0043357267773349055,0.008098516331961432,Task C,Random Forest,TreeExplainer
p1_away_rank_away,0.004199545332522637,0.008192673035321618,Task C,Random Forest,TreeExplainer
away_final_third_entries_for_l10,0.004111695787046679,0.01078511801892502,Task C,Random Forest,TreeExplainer
away_goal_difference_l10,0.00392140338892931,0.009106640667965389,Task C,Random Forest,TreeExplainer
home_rest_days,0.003910872068899651,0.009977740534210518,Task C,Random Forest,TreeExplainer
home_shots_for_l5,0.003790186723965261,0.009665545744058975,Task C,Random Forest,TreeExplainer
away_final_third_entries_for_l5,0.003672074212741737,0.00967075108250271,Task C,Random Forest,TreeExplainer
home_shots_for_l10,0.003621678195982579,0.007861857877098337,Task C,Random Forest,TreeExplainer
home_shots_for_l3,0.003456920690595708,0.007748749835958864,Task C,Random Forest,TreeExplainer
home_pressures_for_l3,0.003383029464732871,0.008741606490512305,Task C,Random Forest,TreeExplainer
p1_home_scr_total,0.0033758461982380202,0.007685403148584792,Task C,Random Forest,TreeExplainer
diff_pressures_for_l3,0.00333560476675266,0.006834627479662081,Task C,Random Forest,TreeExplainer
home_goals_for_l5,0.0033016112574868607,0.006678920892145792,Task C,Random Forest,TreeExplainer
home_shots_on_target_for_l3,0.0032517037632642585,0.010617088987972867,Task C,Random Forest,TreeExplainer
away_goals_for_l3,0.0032394947902176538,0.004522873962464226,Task C,Random Forest,TreeExplainer
p1_home_con_away,0.003208582999562157,0.008575317514965214,Task C,Random Forest,TreeExplainer
diff_possession_share_l3,0.0031994858389210734,0.01037139675100517,Task C,Random Forest,TreeExplainer
p1_home_con_total,0.0031965602540026746,0.007220359397835721,Task C,Random Forest,TreeExplainer
away_pass_completion_for_l5,0.0030922378814583333,0.0075107512062706615,Task C,Random Forest,TreeExplainer
diff_shots_for_l5,0.0030557731690186163,0.01101071084827625,Task C,Random Forest,TreeExplainer
away_xg_for_l3,0.0029835466794501694,0.008387424824688253,Task C,Random Forest,TreeExplainer
home_shots_on_target_against_l5,0.0029129760175069545,0.007419550398325335,Task C,Random Forest,TreeExplainer
diff_pressures_for_l10,0.002868365798841656,0.007258156401457139,Task C,Random Forest,TreeExplainer
away_xg_against_l3,0.0028427685533413925,0.006926632446673523,Task C,Random Forest,TreeExplainer
home_xg_for_l5,0.002783875825142774,0.008688838619176688,Task C,Random Forest,TreeExplainer
home_possession_share_l5,0.002728750224343254,0.007898749191264006,Task C,Random Forest,TreeExplainer
diff_points_l10,0.002689262385559437,0.007854635271124635,Task C,Random Forest,TreeExplainer
home_passes_for_l3,0.0026638595300682204,0.008042764888628965,Task C,Random Forest,TreeExplainer
away_passes_for_l10,0.0026451523236458514,0.00610574631151716,Task C,Random Forest,TreeExplainer
away_shots_for_l10,0.002601327632247587,0.007270435554475824,Task C,Random Forest,TreeExplainer
diff_possession_share_l5,0.0025139795220440373,0.011003450496991229,Task C,Random Forest,TreeExplainer
away_xg_against_l10,0.0025137304229418444,0.010088635952577097,Task C,Random Forest,TreeExplainer
p1_home_rank_home,0.002511692083322879,0.005513811994350434,Task C,Random Forest,TreeExplainer
home_xg_for_l10,0.0024237531714774107,0.006769191109149786,Task C,Random Forest,TreeExplainer
away_shots_on_target_against_l3,0.0023844087435754544,0.006810791122257184,Task C,Random Forest,TreeExplainer
home_pass_completion_for_l10,0.0023649490463908745,0.006780335449892341,Task C,Random Forest,TreeExplainer
away_rest_days,0.0023218963275700145,0.007265552983839899,Task C,Random Forest,TreeExplainer
diff_shots_for_l3,0.002321364527126431,0.00753000110613367,Task C,Random Forest,TreeExplainer
diff_pass_completion_for_l3,0.002309833121760517,0.007568100329669967,Task C,Random Forest,TreeExplainer
away_goal_difference_l5,0.002141106612878114,0.006527396156567651,Task C,Random Forest,TreeExplainer
away_passes_for_l3,0.002137754649601467,0.008403488099316575,Task C,Random Forest,TreeExplainer
home_shots_on_target_for_l5,0.0021078361424770264,0.006911931111807391,Task C,Random Forest,TreeExplainer
home_shots_on_target_against_l3,0.002093397297622057,0.011988264165957134,Task C,Random Forest,TreeExplainer
home_pass_completion_for_l5,0.002068473664661373,0.0077520958879754,Task C,Random Forest,TreeExplainer
rest_days_difference,0.0020433771911263048,0.006478086032609958,Task C,Random Forest,TreeExplainer
home_shots_on_target_for_l10,0.002042975546721763,0.005199618906679159,Task C,Random Forest,TreeExplainer
home_goals_against_l10,0.0019876456033562527,0.006317093505085115,Task C,Random Forest,TreeExplainer
away_shots_on_target_for_l3,0.001980489945803775,0.005975784958347329,Task C,Random Forest,TreeExplainer
diff_pass_completion_for_l10,0.00193791361633196,0.007355652426131648,Task C,Random Forest,TreeExplainer
home_possession_share_l10,0.0019214744092651474,0.007378669564833276,Task C,Random Forest,TreeExplainer
diff_possession_share_l10,0.001901401607279115,0.010462537966177752,Task C,Random Forest,TreeExplainer
p1_home_rank_total,0.0018495307958877065,0.0055591413211423905,Task C,Random Forest,TreeExplainer
diff_goal_difference_l10,0.0018024756390049611,0.010286719714802665,Task C,Random Forest,TreeExplainer
home_pass_completion_for_l3,0.0017757519944420954,0.00768521780031599,Task C,Random Forest,TreeExplainer
away_shots_against_l3,0.0017389099297433594,0.006689676016495897,Task C,Random Forest,TreeExplainer
away_goals_against_l5,0.001729149714073292,0.005094897902316538,Task C,Random Forest,TreeExplainer
p1_home_rank_away,0.0017282043051203395,0.005817423405880111,Task C,Random Forest,TreeExplainer
diff_pass_completion_for_l5,0.001666250058244846,0.007058429602008397,Task C,Random Forest,TreeExplainer
home_final_third_entries_for_l3,0.0016276085895539007,0.006839884264797267,Task C,Random Forest,TreeExplainer
away_xg_for_l10,0.0015596734515909614,0.004925131414622801,Task C,Random Forest,TreeExplainer
away_shots_against_l10,0.0015557543226791962,0.008482042027977928,Task C,Random Forest,TreeExplainer
away_pressures_for_l3,0.0015301570286698292,0.007937676585840705,Task C,Random Forest,TreeExplainer
home_passes_for_l10,0.0014578223859332503,0.007229017202945571,Task C,Random Forest,TreeExplainer
p1_away_con_home,0.0014462142447577986,0.004535008702977724,Task C,Random Forest,TreeExplainer
home_final_third_entries_for_l10,0.0014311462672688562,0.006788875341810519,Task C,Random Forest,TreeExplainer
away_goals_for_l5,0.0013971984493044449,0.0044261253243488875,Task C,Random Forest,TreeExplainer
home_pressures_for_l10,0.001385072496959699,0.0058260185944756,Task C,Random Forest,TreeExplainer
away_possession_share_l3,0.0013745617063915217,0.00842798733257224,Task C,Random Forest,TreeExplainer
home_xg_against_l10,0.0013592367341079747,0.006895851249745869,Task C,Random Forest,TreeExplainer
away_xg_against_l5,0.0013425975915619137,0.0050279371669547275,Task C,Random Forest,TreeExplainer
away_points_l10,0.0013301207692978205,0.005695328312174522,Task C,Random Forest,TreeExplainer
diff_goal_difference_l5,0.0013254453959865569,0.006069553429322485,Task C,Random Forest,TreeExplainer
away_final_third_entries_for_l3,0.0013149580714654169,0.0077993954382244825,Task C,Random Forest,TreeExplainer
diff_pressures_for_l5,0.0013116072553466308,0.007722036094254555,Task C,Random Forest,TreeExplainer
home_goals_for_l3,0.0012908508547930663,0.003370231713918823,Task C,Random Forest,TreeExplainer
home_possession_share_l3,0.0012721500087513628,0.0065380376156112,Task C,Random Forest,TreeExplainer
home_goals_for_l10,0.001269322215675922,0.005715437835070976,Task C,Random Forest,TreeExplainer
away_goal_difference_l3,0.001260299776615376,0.0038561023213706186,Task C,Random Forest,TreeExplainer
home_shots_against_l10,0.00125376005731057,0.006369590429885117,Task C,Random Forest,TreeExplainer
away_xg_for_l5,0.0012038391067414483,0.006348345136602307,Task C,Random Forest,TreeExplainer
away_possession_share_l5,0.0011988886889871934,0.008448067105361844,Task C,Random Forest,TreeExplainer
away_points_l5,0.0011802922352553255,0.004452949951761249,Task C,Random Forest,TreeExplainer
away_shots_for_l3,0.0011443879407033327,0.007794558629447471,Task C,Random Forest,TreeExplainer
away_pressures_for_l5,0.0011437975452909695,0.006958932000977604,Task C,Random Forest,TreeExplainer
away_goals_against_l10,0.001138008326004974,0.007363876820188623,Task C,Random Forest,TreeExplainer
away_shots_for_l5,0.0011253544965560867,0.00689400075727844,Task C,Random Forest,TreeExplainer
home_red_cards_for_l10,0.001099708386536936,0.001895881636941244,Task C,Random Forest,TreeExplainer
home_xg_against_l5,0.0010866989686844032,0.00887578632217816,Task C,Random Forest,TreeExplainer
p1_home_con_home,0.0010601074823312774,0.006744271270005484,Task C,Random Forest,TreeExplainer
away_shots_against_l5,0.0010306108296328246,0.006084393086650444,Task C,Random Forest,TreeExplainer
p1_away_scr_away,0.001029215247105633,0.005500906072860172,Task C,Random Forest,TreeExplainer
p1_home_scr_away,0.0010165945548293708,0.004589075495758353,Task C,Random Forest,TreeExplainer
away_goals_for_l10,0.0010006668676972505,0.004599416905418432,Task C,Random Forest,TreeExplainer
home_points_l3,0.0009583820371046277,0.0035094621196010084,Task C,Random Forest,TreeExplainer
home_shots_on_target_against_l10,0.0009547651501659111,0.004986670377193982,Task C,Random Forest,TreeExplainer
away_pressures_for_l10,0.0009316814277160147,0.007457496277712297,Task C,Random Forest,TreeExplainer
diff_points_l5,0.0009150415356280195,0.00473020874146356,Task C,Random Forest,TreeExplainer
home_goals_against_l5,0.000896650524723604,0.005343701573253714,Task C,Random Forest,TreeExplainer
home_shots_against_l3,0.0008924273556090158,0.006375655775573959,Task C,Random Forest,TreeExplainer
away_shots_on_target_against_l5,0.0008861416780466267,0.005667976197395168,Task C,Random Forest,TreeExplainer
home_passes_for_l5,0.0008707573654412728,0.006332655546956755,Task C,Random Forest,TreeExplainer
away_shots_on_target_against_l10,0.0008417097231276259,0.007541453208743295,Task C,Random Forest,TreeExplainer
away_red_cards_for_l10,0.000828733453190382,0.0016266159437964267,Task C,Random Forest,TreeExplainer
home_goal_difference_l3,0.0008174991862058934,0.003026209882424173,Task C,Random Forest,TreeExplainer
away_possession_share_l10,0.0008153476941456378,0.006709196181766053,Task C,Random Forest,TreeExplainer
home_shots_against_l5,0.0008103604847245489,0.006551077570824619,Task C,Random Forest,TreeExplainer
away_passes_for_l5,0.0008029716640730084,0.007140383979696628,Task C,Random Forest,TreeExplainer
away_goals_against_l3,0.0007906662454652046,0.002886984927448229,Task C,Random Forest,TreeExplainer
home_goal_difference_l5,0.0007883465291570244,0.0038922686345331794,Task C,Random Forest,TreeExplainer
home_xg_against_l3,0.0007869985870420482,0.006767645694841317,Task C,Random Forest,TreeExplainer
home_goal_difference_l10,0.0007842983286747661,0.003525638559748343,Task C,Random Forest,TreeExplainer
away_points_l3,0.0007438703103840794,0.0018568854263898255,Task C,Random Forest,TreeExplainer
home_goals_against_l3,0.0007365153703998645,0.005110915882081171,Task C,Random Forest,TreeExplainer
home_points_l10,0.0007309059068153358,0.004043801512390115,Task C,Random Forest,TreeExplainer
diff_points_l3,0.0007200670819063661,0.004817342625167007,Task C,Random Forest,TreeExplainer
diff_goal_difference_l3,0.0006706856852402134,0.00487004239842503,Task C,Random Forest,TreeExplainer
home_points_l5,0.0005971208313212629,0.002904663180709845,Task C,Random Forest,TreeExplainer
away_red_cards_for_l3,0.00037234593503613267,0.0009867421305395406,Task C,Random Forest,TreeExplainer
home_red_cards_for_l5,0.00032175633104471034,0.0008419504686120743,Task C,Random Forest,TreeExplainer
home_red_cards_for_l3,0.00025283478117882514,0.0003904403714401224,Task C,Random Forest,TreeExplainer
away_red_cards_for_l5,0.00013565124360035913,0.0005820489449671705,Task C,Random Forest,TreeExplainer
away_missing_history_l3,0.0,0.0,Task C,Random Forest,TreeExplainer
missingindicator_diff_shots_for_l5,0.0,2.9457444526878648e-05,Task C,Random Forest,TreeExplainer
missingindicator_diff_goal_difference_l5,0.0,0.0,Task C,Random Forest,TreeExplainer
missingindicator_diff_points_l5,0.0,0.0,Task C,Random Forest,TreeExplainer
missingindicator_diff_xg_for_l5,0.0,4.9956313795144905e-05,Task C,Random Forest,TreeExplainer
missingindicator_diff_pass_completion_for_l5,0.0,0.0,Task C,Random Forest,TreeExplainer
missingindicator_away_final_third_entries_for_l10,0.0,4.9063148831990014e-05,Task C,Random Forest,TreeExplainer
missingindicator_away_red_cards_for_l10,0.0,1.5543534824934692e-05,Task C,Random Forest,TreeExplainer
missingindicator_away_possession_share_l10,0.0,0.0,Task C,Random Forest,TreeExplainer
missingindicator_diff_points_l3,0.0,0.0,Task C,Random Forest,TreeExplainer
missingindicator_diff_goal_difference_l3,0.0,0.0,Task C,Random Forest,TreeExplainer
missingindicator_diff_shots_for_l3,0.0,4.629567487985393e-05,Task C,Random Forest,TreeExplainer
missingindicator_diff_xg_for_l3,0.0,0.0,Task C,Random Forest,TreeExplainer
missingindicator_diff_pass_completion_for_l3,0.0,6.959129417150296e-05,Task C,Random Forest,TreeExplainer
missingindicator_diff_pressures_for_l3,0.0,0.0,Task C,Random Forest,TreeExplainer
missingindicator_diff_possession_share_l3,0.0,5.7681963975124624e-05,Task C,Random Forest,TreeExplainer
missingindicator_away_passes_for_l10,0.0,5.8728310286264636e-05,Task C,Random Forest,TreeExplainer
missingindicator_away_xg_against_l10,0.0,0.0,Task C,Random Forest,TreeExplainer
missingindicator_away_pressures_for_l10,0.0,0.0,Task C,Random Forest,TreeExplainer
missingindicator_away_pass_completion_for_l10,0.0,0.0,Task C,Random Forest,TreeExplainer
missingindicator_away_xg_for_l10,0.0,0.0,Task C,Random Forest,TreeExplainer
missingindicator_away_shots_on_target_against_l10,0.0,0.0,Task C,Random Forest,TreeExplainer
missingindicator_away_final_third_entries_for_l5,0.0,4.819850138109296e-05,Task C,Random Forest,TreeExplainer
missingindicator_away_red_cards_for_l5,0.0,0.0,Task C,Random Forest,TreeExplainer
missingindicator_away_possession_share_l5,0.0,0.0,Task C,Random Forest,TreeExplainer
missingindicator_away_points_l10,0.0,0.0,Task C,Random Forest,TreeExplainer
missingindicator_away_goals_for_l10,0.0,2.911787174215859e-05,Task C,Random Forest,TreeExplainer
missingindicator_away_goals_against_l10,0.0,0.0,Task C,Random Forest,TreeExplainer
missingindicator_away_goal_difference_l10,0.0,0.0,Task C,Random Forest,TreeExplainer
missingindicator_away_shots_for_l10,0.0,2.3376653072405912e-05,Task C,Random Forest,TreeExplainer
missingindicator_away_shots_against_l10,0.0,0.0001089872012174829,Task C,Random Forest,TreeExplainer
missingindicator_away_shots_on_target_for_l10,0.0,2.348780903996033e-05,Task C,Random Forest,TreeExplainer
home_history_matches_before,0.0,0.004814589532446129,Task C,Random Forest,TreeExplainer
home_missing_history_l3,0.0,0.001021963936441102,Task C,Random Forest,TreeExplainer
missingindicator_away_pressures_for_l5,0.0,0.0,Task C,Random Forest,TreeExplainer
away_history_matches_before,0.0,0.006331326893395021,Task C,Random Forest,TreeExplainer
away_missing_history_l5,0.0,0.0005940364014994872,Task C,Random Forest,TreeExplainer
home_missing_history_l10,0.0,0.000835266192295924,Task C,Random Forest,TreeExplainer
home_missing_history_l5,0.0,0.00029037575559507484,Task C,Random Forest,TreeExplainer
away_missing_history_l10,0.0,0.0008552905670748729,Task C,Random Forest,TreeExplainer
missingindicator_home_rest_days,0.0,0.0,Task C,Random Forest,TreeExplainer
missingindicator_home_points_l3,0.0,0.0,Task C,Random Forest,TreeExplainer
missingindicator_home_goals_for_l3,0.0,0.0,Task C,Random Forest,TreeExplainer
missingindicator_home_goals_against_l3,0.0,0.0001895738183124411,Task C,Random Forest,TreeExplainer
missingindicator_home_goal_difference_l3,0.0,0.0,Task C,Random Forest,TreeExplainer
missingindicator_home_shots_for_l3,0.0,0.0,Task C,Random Forest,TreeExplainer
missingindicator_home_shots_against_l3,0.0,1.3120410921955388e-05,Task C,Random Forest,TreeExplainer
missingindicator_home_shots_on_target_for_l3,0.0,0.0,Task C,Random Forest,TreeExplainer
missingindicator_home_shots_on_target_against_l3,0.0,1.182274459446035e-05,Task C,Random Forest,TreeExplainer
missingindicator_home_xg_for_l3,0.0,7.480703529319376e-05,Task C,Random Forest,TreeExplainer
missingindicator_home_xg_against_l3,0.0,0.0,Task C,Random Forest,TreeExplainer
missingindicator_home_passes_for_l3,0.0,0.0,Task C,Random Forest,TreeExplainer
missingindicator_home_pass_completion_for_l3,0.0,0.0,Task C,Random Forest,TreeExplainer
missingindicator_home_pressures_for_l3,0.0,4.014877400502267e-05,Task C,Random Forest,TreeExplainer
missingindicator_home_final_third_entries_for_l3,0.0,9.44483905792547e-05,Task C,Random Forest,TreeExplainer
missingindicator_home_red_cards_for_l3,0.0,0.0,Task C,Random Forest,TreeExplainer
missingindicator_home_possession_share_l3,0.0,0.0,Task C,Random Forest,TreeExplainer
missingindicator_home_points_l5,0.0,0.0,Task C,Random Forest,TreeExplainer
missingindicator_home_goals_for_l5,0.0,5.144331059181265e-05,Task C,Random Forest,TreeExplainer
missingindicator_home_goals_against_l5,0.0,0.0,Task C,Random Forest,TreeExplainer
missingindicator_home_goal_difference_l5,0.0,3.0029386458346125e-05,Task C,Random Forest,TreeExplainer
missingindicator_home_shots_for_l5,0.0,0.0,Task C,Random Forest,TreeExplainer
missingindicator_home_shots_against_l5,0.0,0.0,Task C,Random Forest,TreeExplainer
missingindicator_home_shots_on_target_for_l5,0.0,0.00015871558925881153,Task C,Random Forest,TreeExplainer
missingindicator_home_shots_on_target_against_l5,0.0,0.0,Task C,Random Forest,TreeExplainer
missingindicator_home_xg_for_l5,0.0,0.00010012177389386375,Task C,Random Forest,TreeExplainer
missingindicator_home_xg_against_l5,0.0,0.0,Task C,Random Forest,TreeExplainer
missingindicator_home_passes_for_l5,0.0,0.0,Task C,Random Forest,TreeExplainer
missingindicator_home_pass_completion_for_l5,0.0,5.447239882734173e-05,Task C,Random Forest,TreeExplainer
missingindicator_home_pressures_for_l5,0.0,0.0,Task C,Random Forest,TreeExplainer
missingindicator_home_final_third_entries_for_l5,0.0,7.041139886388714e-06,Task C,Random Forest,TreeExplainer
missingindicator_home_red_cards_for_l5,0.0,4.475731296256649e-05,Task C,Random Forest,TreeExplainer
missingindicator_home_possession_share_l5,0.0,0.0,Task C,Random Forest,TreeExplainer
missingindicator_home_points_l10,0.0,0.00014346629972041572,Task C,Random Forest,TreeExplainer
missingindicator_home_goals_for_l10,0.0,0.0003082083297697848,Task C,Random Forest,TreeExplainer
missingindicator_home_goals_against_l10,0.0,0.0,Task C,Random Forest,TreeExplainer
missingindicator_home_goal_difference_l10,0.0,0.0,Task C,Random Forest,TreeExplainer
missingindicator_home_shots_for_l10,0.0,0.0,Task C,Random Forest,TreeExplainer
missingindicator_home_shots_against_l10,0.0,0.0,Task C,Random Forest,TreeExplainer
missingindicator_home_shots_on_target_for_l10,0.0,0.0,Task C,Random Forest,TreeExplainer
missingindicator_home_shots_on_target_against_l10,0.0,0.0,Task C,Random Forest,TreeExplainer
missingindicator_home_xg_for_l10,0.0,6.953227412244806e-05,Task C,Random Forest,TreeExplainer
missingindicator_home_xg_against_l10,0.0,0.0,Task C,Random Forest,TreeExplainer
missingindicator_home_passes_for_l10,0.0,0.0,Task C,Random Forest,TreeExplainer
missingindicator_home_pass_completion_for_l10,0.0,0.0,Task C,Random Forest,TreeExplainer
missingindicator_home_pressures_for_l10,0.0,0.0,Task C,Random Forest,TreeExplainer
missingindicator_home_final_third_entries_for_l10,0.0,0.0,Task C,Random Forest,TreeExplainer
missingindicator_home_red_cards_for_l10,0.0,0.0,Task C,Random Forest,TreeExplainer
missingindicator_home_possession_share_l10,0.0,0.0,Task C,Random Forest,TreeExplainer
missingindicator_away_rest_days,0.0,0.0,Task C,Random Forest,TreeExplainer
missingindicator_away_points_l3,0.0,0.0,Task C,Random Forest,TreeExplainer
missingindicator_away_goals_for_l3,0.0,0.0,Task C,Random Forest,TreeExplainer
missingindicator_away_goals_against_l3,0.0,0.0,Task C,Random Forest,TreeExplainer
missingindicator_away_goal_difference_l3,0.0,0.0,Task C,Random Forest,TreeExplainer
missingindicator_away_shots_for_l3,0.0,0.0,Task C,Random Forest,TreeExplainer
missingindicator_away_shots_against_l3,0.0,0.0,Task C,Random Forest,TreeExplainer
missingindicator_away_shots_on_target_for_l3,0.0,0.0,Task C,Random Forest,TreeExplainer
missingindicator_away_shots_on_target_against_l3,0.0,0.0,Task C,Random Forest,TreeExplainer
missingindicator_away_xg_for_l3,0.0,0.0,Task C,Random Forest,TreeExplainer
missingindicator_away_xg_against_l3,0.0,0.0,Task C,Random Forest,TreeExplainer
missingindicator_away_passes_for_l3,0.0,0.0,Task C,Random Forest,TreeExplainer
missingindicator_away_pass_completion_for_l3,0.0,0.0,Task C,Random Forest,TreeExplainer
missingindicator_away_pressures_for_l3,0.0,0.0,Task C,Random Forest,TreeExplainer
missingindicator_away_final_third_entries_for_l3,0.0,0.0,Task C,Random Forest,TreeExplainer
missingindicator_away_red_cards_for_l3,0.0,0.0,Task C,Random Forest,TreeExplainer
missingindicator_away_possession_share_l3,0.0,0.0,Task C,Random Forest,TreeExplainer
missingindicator_away_points_l5,0.0,0.0001485314860767803,Task C,Random Forest,TreeExplainer
missingindicator_away_goals_for_l5,0.0,0.0,Task C,Random Forest,TreeExplainer
missingindicator_away_goals_against_l5,0.0,0.0,Task C,Random Forest,TreeExplainer
missingindicator_away_goal_difference_l5,0.0,0.0,Task C,Random Forest,TreeExplainer
missingindicator_away_shots_for_l5,0.0,0.0,Task C,Random Forest,TreeExplainer
missingindicator_away_shots_against_l5,0.0,3.678416617440181e-05,Task C,Random Forest,TreeExplainer
missingindicator_away_shots_on_target_for_l5,0.0,9.488837574523913e-05,Task C,Random Forest,TreeExplainer
missingindicator_away_shots_on_target_against_l5,0.0,0.0,Task C,Random Forest,TreeExplainer
missingindicator_away_xg_for_l5,0.0,6.128358497164415e-05,Task C,Random Forest,TreeExplainer
missingindicator_away_xg_against_l5,0.0,1.1571169495866252e-05,Task C,Random Forest,TreeExplainer
missingindicator_away_passes_for_l5,0.0,0.0,Task C,Random Forest,TreeExplainer
missingindicator_away_pass_completion_for_l5,0.0,1.593097151016647e-05,Task C,Random Forest,TreeExplainer
missingindicator_diff_pressures_for_l5,0.0,0.0,Task C,Random Forest,TreeExplainer
missingindicator_diff_possession_share_l5,0.0,0.0,Task C,Random Forest,TreeExplainer
missingindicator_diff_points_l10,0.0,6.472273524637668e-05,Task C,Random Forest,TreeExplainer
missingindicator_diff_goal_difference_l10,0.0,4.931645319273696e-05,Task C,Random Forest,TreeExplainer
missingindicator_diff_shots_for_l10,0.0,0.0,Task C,Random Forest,TreeExplainer
missingindicator_diff_xg_for_l10,0.0,3.18452766501277e-05,Task C,Random Forest,TreeExplainer
missingindicator_diff_pass_completion_for_l10,0.0,0.0001257916091232153,Task C,Random Forest,TreeExplainer
missingindicator_diff_pressures_for_l10,0.0,0.0,Task C,Random Forest,TreeExplainer
missingindicator_diff_possession_share_l10,0.0,0.0,Task C,Random Forest,TreeExplainer
missingindicator_rest_days_difference,0.0,0.0,Task C,Random Forest,TreeExplainer
diff_pressures_for_l3,0.05753990991146284,0.02314181360890893,Task C,GBM,Permutation fallback (InvalidModelError)
diff_xg_for_l3,0.05534207919982974,0.059329283424780783,Task C,GBM,Permutation fallback (InvalidModelError)
home_goals_for_l5,0.03535113807755603,0.022926106882715253,Task C,GBM,Permutation fallback (InvalidModelError)
home_pass_completion_for_l5,0.03483522638413741,0.02514661643101268,Task C,GBM,Permutation fallback (InvalidModelError)
away_shots_on_target_for_l5,0.031172636941910428,0.012255328111043618,Task C,GBM,Permutation fallback (InvalidModelError)
p1_away_con_total,0.02892888078258871,0.029157665488161868,Task C,GBM,Permutation fallback (InvalidModelError)
home_shots_on_target_against_l3,0.0278819816749454,0.038477186209705604,Task C,GBM,Permutation fallback (InvalidModelError)
p1_away_con_away,0.027690932686346724,0.029339384975792575,Task C,GBM,Permutation fallback (InvalidModelError)
home_shots_on_target_for_l3,0.0276564491894463,0.019301500696866904,Task C,GBM,Permutation fallback (InvalidModelError)
home_final_third_entries_for_l5,0.023804371817690236,0.016853270340888266,Task C,GBM,Permutation fallback (InvalidModelError)
p1_away_scr_home,0.022602507069031094,0.031468340983397035,Task C,GBM,Permutation fallback (InvalidModelError)
home_rest_days,0.019728165701134708,0.016781550451189488,Task C,GBM,Permutation fallback (InvalidModelError)
away_pressures_for_l5,0.01944223126367998,0.006109866069957688,Task C,GBM,Permutation fallback (InvalidModelError)
away_final_third_entries_for_l10,0.018718018138901168,0.019490334406209134,Task C,GBM,Permutation fallback (InvalidModelError)
p1_home_scr_home,0.018629357208623482,0.018340932401684,Task C,GBM,Permutation fallback (InvalidModelError)
away_goals_against_l5,0.01695852660725494,0.013929628484825577,Task C,GBM,Permutation fallback (InvalidModelError)
home_shots_against_l3,0.0165523024896364,0.008234251036862494,Task C,GBM,Permutation fallback (InvalidModelError)
diff_pass_completion_for_l10,0.015012323985728264,0.005942528418201983,Task C,GBM,Permutation fallback (InvalidModelError)
away_pass_completion_for_l3,0.01499998464472663,0.010673071232875194,Task C,GBM,Permutation fallback (InvalidModelError)
home_xg_against_l3,0.014816991725558193,0.018366469452520184,Task C,GBM,Permutation fallback (InvalidModelError)
home_pass_completion_for_l3,0.014612352419888848,0.023285792760654137,Task C,GBM,Permutation fallback (InvalidModelError)
away_goal_difference_l10,0.014109099059577015,0.026383287554295316,Task C,GBM,Permutation fallback (InvalidModelError)
p1_home_con_total,0.013336307832271996,0.014473943515928189,Task C,GBM,Permutation fallback (InvalidModelError)
home_passes_for_l3,0.013104213634462165,0.01024602148289496,Task C,GBM,Permutation fallback (InvalidModelError)
away_pass_completion_for_l10,0.01262500705471049,0.014435850024368044,Task C,GBM,Permutation fallback (InvalidModelError)
diff_possession_share_l10,0.012139139343332186,0.021024061949440367,Task C,GBM,Permutation fallback (InvalidModelError)
away_possession_share_l10,0.01117415144513075,0.011904253317970452,Task C,GBM,Permutation fallback (InvalidModelError)
away_pressures_for_l3,0.009638892487831023,0.006863921220370244,Task C,GBM,Permutation fallback (InvalidModelError)
away_goals_for_l3,0.009605533456520406,0.01019403345436365,Task C,GBM,Permutation fallback (InvalidModelError)
diff_possession_share_l3,0.00960467018079472,0.00749978547253817,Task C,GBM,Permutation fallback (InvalidModelError)
diff_points_l10,0.00915786765496804,0.030877479896942516,Task C,GBM,Permutation fallback (InvalidModelError)
away_xg_against_l3,0.00851225637985336,0.008565731711105496,Task C,GBM,Permutation fallback (InvalidModelError)
p1_home_con_away,0.008302157974813172,0.005833603265267463,Task C,GBM,Permutation fallback (InvalidModelError)
away_xg_against_l10,0.007830760886160632,0.011249783175888888,Task C,GBM,Permutation fallback (InvalidModelError)
home_possession_share_l3,0.007683280769107235,0.014135447029533203,Task C,GBM,Permutation fallback (InvalidModelError)
diff_pass_completion_for_l3,0.0073502368207039506,0.0022681931383645715,Task C,GBM,Permutation fallback (InvalidModelError)
home_xg_against_l5,0.007301128958163689,0.00787407454960479,Task C,GBM,Permutation fallback (InvalidModelError)
home_xg_for_l5,0.007216211734678176,0.008864869258414903,Task C,GBM,Permutation fallback (InvalidModelError)
away_shots_on_target_for_l10,0.007184813925998065,0.006889584748298215,Task C,GBM,Permutation fallback (InvalidModelError)
home_shots_against_l5,0.007175227058951728,0.009950987740492538,Task C,GBM,Permutation fallback (InvalidModelError)
home_pass_completion_for_l10,0.007084977021799863,0.0027285526793193343,Task C,GBM,Permutation fallback (InvalidModelError)
home_shots_on_target_for_l5,0.006949277172823018,0.009784900226889217,Task C,GBM,Permutation fallback (InvalidModelError)
away_passes_for_l10,0.006773342885072027,0.004206264941525572,Task C,GBM,Permutation fallback (InvalidModelError)
away_shots_on_target_against_l3,0.0067627254090572575,0.018594638658739768,Task C,GBM,Permutation fallback (InvalidModelError)
away_possession_share_l3,0.006653206505121218,0.02681708599781738,Task C,GBM,Permutation fallback (InvalidModelError)
diff_pressures_for_l10,0.006583092684783848,0.002396505923354721,Task C,GBM,Permutation fallback (InvalidModelError)
home_final_third_entries_for_l3,0.005792285951821996,0.005398880712680546,Task C,GBM,Permutation fallback (InvalidModelError)
away_xg_for_l5,0.0056298279568102235,0.004328548514047389,Task C,GBM,Permutation fallback (InvalidModelError)
away_possession_share_l5,0.0056131598734672095,0.006017802152146596,Task C,GBM,Permutation fallback (InvalidModelError)
p1_home_rank_away,0.005543621109512181,0.00530519484442097,Task C,GBM,Permutation fallback (InvalidModelError)
away_goal_difference_l3,0.005455221653851501,0.005493231183587133,Task C,GBM,Permutation fallback (InvalidModelError)
rest_days_difference,0.005191553020389694,0.010954590617195118,Task C,GBM,Permutation fallback (InvalidModelError)
home_shots_on_target_against_l5,0.0048794036992718505,0.0064812034188641825,Task C,GBM,Permutation fallback (InvalidModelError)
away_shots_on_target_against_l5,0.004674170784437204,0.004451173394653212,Task C,GBM,Permutation fallback (InvalidModelError)
home_goal_difference_l5,0.0044834645305443345,0.0075834848119379255,Task C,GBM,Permutation fallback (InvalidModelError)
home_shots_on_target_for_l10,0.0043701311562627495,0.0019861434380094045,Task C,GBM,Permutation fallback (InvalidModelError)
away_xg_against_l5,0.004325314773765584,0.0038865215838439593,Task C,GBM,Permutation fallback (InvalidModelError)
away_shots_on_target_against_l10,0.0040750566152715365,0.001147387498384669,Task C,GBM,Permutation fallback (InvalidModelError)
home_points_l5,0.00402530393864181,0.00783257008707285,Task C,GBM,Permutation fallback (InvalidModelError)
diff_points_l5,0.0038971717105027812,0.0034674497661339658,Task C,GBM,Permutation fallback (InvalidModelError)
diff_goal_difference_l10,0.003803361141893632,0.004469810691070447,Task C,GBM,Permutation fallback (InvalidModelError)
away_goals_for_l5,0.003471585050297013,0.005339303138628533,Task C,GBM,Permutation fallback (InvalidModelError)
home_xg_for_l3,0.0034632774086055277,0.005236415700343471,Task C,GBM,Permutation fallback (InvalidModelError)
p1_away_rank_total,0.0034303064256244182,0.005085416866948863,Task C,GBM,Permutation fallback (InvalidModelError)
away_xg_for_l3,0.0033071820122872126,0.00155771763085096,Task C,GBM,Permutation fallback (InvalidModelError)
home_points_l10,0.0029905021509598695,0.0064454303615745535,Task C,GBM,Permutation fallback (InvalidModelError)
diff_pressures_for_l5,0.002797606677344908,0.0027148399443229763,Task C,GBM,Permutation fallback (InvalidModelError)
away_xg_for_l10,0.00279655570913253,0.0023993878620749104,Task C,GBM,Permutation fallback (InvalidModelError)
diff_xg_for_l10,0.0027429759721693397,0.004246540303106751,Task C,GBM,Permutation fallback (InvalidModelError)
home_possession_share_l5,0.002643227129618553,0.004978147541509883,Task C,GBM,Permutation fallback (InvalidModelError)
home_shots_for_l3,0.0026431547385051034,0.0024592345014965455,Task C,GBM,Permutation fallback (InvalidModelError)
diff_shots_for_l5,0.002560120247737254,0.007475165449297069,Task C,GBM,Permutation fallback (InvalidModelError)
diff_possession_share_l5,0.002548941290891568,0.0017756391904998532,Task C,GBM,Permutation fallback (InvalidModelError)
away_goals_for_l10,0.0025448121804482965,0.004084026181815483,Task C,GBM,Permutation fallback (InvalidModelError)
home_xg_for_l10,0.002472574404320431,0.010265890098656315,Task C,GBM,Permutation fallback (InvalidModelError)
home_shots_against_l10,0.0023571997446129736,0.010641011902120152,Task C,GBM,Permutation fallback (InvalidModelError)
away_goals_against_l10,0.002307067077110083,0.0017426184682146674,Task C,GBM,Permutation fallback (InvalidModelError)
away_shots_against_l3,0.0022336229085183766,0.0019368433054945257,Task C,GBM,Permutation fallback (InvalidModelError)
away_passes_for_l5,0.002183038692224853,0.005060251664429277,Task C,GBM,Permutation fallback (InvalidModelError)
away_rest_days,0.0021593700853988025,0.006701623759994625,Task C,GBM,Permutation fallback (InvalidModelError)
home_pressures_for_l5,0.0020914491394014123,0.004429642573077016,Task C,GBM,Permutation fallback (InvalidModelError)
home_pressures_for_l3,0.002055481133346633,0.002268652333110381,Task C,GBM,Permutation fallback (InvalidModelError)
away_final_third_entries_for_l3,0.0020226224134437813,0.003210382370235082,Task C,GBM,Permutation fallback (InvalidModelError)
home_shots_for_l5,0.0019362619774217127,0.001508520812551388,Task C,GBM,Permutation fallback (InvalidModelError)
away_points_l5,0.0018319144159741664,0.004122864145727003,Task C,GBM,Permutation fallback (InvalidModelError)
diff_shots_for_l10,0.0018189712652778329,0.003565137065980919,Task C,GBM,Permutation fallback (InvalidModelError)
away_shots_for_l5,0.0017680902760868727,0.0031398360899332614,Task C,GBM,Permutation fallback (InvalidModelError)
home_xg_against_l10,0.0017542771712941846,0.0018465694685143254,Task C,GBM,Permutation fallback (InvalidModelError)
home_goals_against_l3,0.0016521178254007049,0.004526583693788686,Task C,GBM,Permutation fallback (InvalidModelError)
p1_home_scr_away,0.0016034066035000433,0.0015758235573818276,Task C,GBM,Permutation fallback (InvalidModelError)
away_pass_completion_for_l5,0.0015926128326112208,0.0006026556395634721,Task C,GBM,Permutation fallback (InvalidModelError)
diff_pass_completion_for_l5,0.0015083643422271619,0.004688625442207322,Task C,GBM,Permutation fallback (InvalidModelError)
away_shots_for_l10,0.0014436097374176315,0.001202725339716612,Task C,GBM,Permutation fallback (InvalidModelError)
diff_shots_for_l3,0.001440169039545037,0.0036200606821528685,Task C,GBM,Permutation fallback (InvalidModelError)
p1_home_con_home,0.0013969560920112033,0.0005671693629100507,Task C,GBM,Permutation fallback (InvalidModelError)
home_pressures_for_l10,0.001262334122885283,0.006507347860940029,Task C,GBM,Permutation fallback (InvalidModelError)
p1_away_rank_home,0.0012367544956812045,0.003957979115470268,Task C,GBM,Permutation fallback (InvalidModelError)
home_shots_for_l10,0.001221732073769112,0.0038652555171360776,Task C,GBM,Permutation fallback (InvalidModelError)
away_shots_against_l10,0.0012152700950201873,0.002560391071326758,Task C,GBM,Permutation fallback (InvalidModelError)
p1_away_scr_total,0.0011630292981312754,0.0017087705867838995,Task C,GBM,Permutation fallback (InvalidModelError)
p1_home_rank_total,0.0010941197117192525,0.002609474276521432,Task C,GBM,Permutation fallback (InvalidModelError)
home_passes_for_l5,0.000985738743918853,0.0005092686288356405,Task C,GBM,Permutation fallback (InvalidModelError)
diff_goal_difference_l5,0.0009527875971402991,0.00024730973285807547,Task C,GBM,Permutation fallback (InvalidModelError)
p1_away_scr_away,0.0009505982449098782,0.0005371052101729833,Task C,GBM,Permutation fallback (InvalidModelError)
diff_points_l3,0.0009332970238473012,0.004205355476776598,Task C,GBM,Permutation fallback (InvalidModelError)
away_goal_difference_l5,0.0008422153049636653,0.00046150719174658204,Task C,GBM,Permutation fallback (InvalidModelError)
away_final_third_entries_for_l5,0.0008069242902205083,0.0011247474577003853,Task C,GBM,Permutation fallback (InvalidModelError)
home_goal_difference_l3,0.0007607620314979353,0.0006490946915682479,Task C,GBM,Permutation fallback (InvalidModelError)
away_pressures_for_l10,0.0006812597332598996,0.0023279335803816905,Task C,GBM,Permutation fallback (InvalidModelError)
p1_away_con_home,0.0006272501942822385,0.0008767388900265973,Task C,GBM,Permutation fallback (InvalidModelError)
away_shots_against_l5,0.0005474433082917438,0.006432652832840084,Task C,GBM,Permutation fallback (InvalidModelError)
p1_away_rank_away,0.0005432674908364261,0.00046689880197178546,Task C,GBM,Permutation fallback (InvalidModelError)
home_points_l3,0.0005410246999443374,0.0008324686243627643,Task C,GBM,Permutation fallback (InvalidModelError)
home_goals_for_l3,0.000533880037666469,0.0002964867468221745,Task C,GBM,Permutation fallback (InvalidModelError)
away_shots_on_target_for_l3,0.0003293502531989262,0.004078717863208365,Task C,GBM,Permutation fallback (InvalidModelError)
home_possession_share_l10,0.0002928796326694169,0.00034597246069635574,Task C,GBM,Permutation fallback (InvalidModelError)
diff_goal_difference_l3,0.0002750176954854839,0.0015206022518547903,Task C,GBM,Permutation fallback (InvalidModelError)
home_shots_on_target_against_l10,0.0002576586468716858,0.0008460236067501932,Task C,GBM,Permutation fallback (InvalidModelError)
p1_home_scr_total,0.00011199096542262172,6.80057657730696e-05,Task C,GBM,Permutation fallback (InvalidModelError)
missingindicator_away_red_cards_for_l10,0.0,0.0,Task C,GBM,Permutation fallback (InvalidModelError)
missingindicator_away_pressures_for_l10,0.0,0.0,Task C,GBM,Permutation fallback (InvalidModelError)
missingindicator_away_final_third_entries_for_l10,0.0,0.0,Task C,GBM,Permutation fallback (InvalidModelError)
missingindicator_diff_shots_for_l3,0.0,0.0,Task C,GBM,Permutation fallback (InvalidModelError)
missingindicator_diff_goal_difference_l3,0.0,0.0,Task C,GBM,Permutation fallback (InvalidModelError)
missingindicator_diff_points_l3,0.0,0.0,Task C,GBM,Permutation fallback (InvalidModelError)
missingindicator_away_possession_share_l10,0.0,0.0,Task C,GBM,Permutation fallback (InvalidModelError)
home_history_matches_before,0.0,0.0,Task C,GBM,Permutation fallback (InvalidModelError)
missingindicator_away_goal_difference_l10,0.0,0.0,Task C,GBM,Permutation fallback (InvalidModelError)
home_goals_against_l5,0.0,0.0,Task C,GBM,Permutation fallback (InvalidModelError)
home_red_cards_for_l3,0.0,0.0,Task C,GBM,Permutation fallback (InvalidModelError)
home_missing_history_l3,0.0,0.0,Task C,GBM,Permutation fallback (InvalidModelError)
missingindicator_away_pressures_for_l5,0.0,0.0,Task C,GBM,Permutation fallback (InvalidModelError)
missingindicator_away_final_third_entries_for_l5,0.0,0.0,Task C,GBM,Permutation fallback (InvalidModelError)
missingindicator_away_red_cards_for_l5,0.0,0.0,Task C,GBM,Permutation fallback (InvalidModelError)
missingindicator_away_possession_share_l5,0.0,0.0,Task C,GBM,Permutation fallback (InvalidModelError)
missingindicator_away_points_l10,0.0,0.0,Task C,GBM,Permutation fallback (InvalidModelError)
missingindicator_away_goals_for_l10,0.0,0.0,Task C,GBM,Permutation fallback (InvalidModelError)
missingindicator_away_goals_against_l10,0.0,0.0,Task C,GBM,Permutation fallback (InvalidModelError)
away_red_cards_for_l10,0.0,0.0,Task C,GBM,Permutation fallback (InvalidModelError)
away_missing_history_l10,0.0,0.0,Task C,GBM,Permutation fallback (InvalidModelError)
away_missing_history_l5,0.0,0.0,Task C,GBM,Permutation fallback (InvalidModelError)
away_points_l10,0.0,0.0,Task C,GBM,Permutation fallback (InvalidModelError)
away_red_cards_for_l5,0.0,0.0,Task C,GBM,Permutation fallback (InvalidModelError)
missingindicator_diff_pass_completion_for_l3,0.0,0.0,Task C,GBM,Permutation fallback (InvalidModelError)
missingindicator_diff_pressures_for_l3,0.0,0.0,Task C,GBM,Permutation fallback (InvalidModelError)
missingindicator_diff_possession_share_l3,0.0,0.0,Task C,GBM,Permutation fallback (InvalidModelError)
missingindicator_diff_xg_for_l5,0.0,0.0,Task C,GBM,Permutation fallback (InvalidModelError)
missingindicator_diff_shots_for_l5,0.0,0.0,Task C,GBM,Permutation fallback (InvalidModelError)
missingindicator_diff_goal_difference_l5,0.0,0.0,Task C,GBM,Permutation fallback (InvalidModelError)
missingindicator_diff_points_l5,0.0,0.0,Task C,GBM,Permutation fallback (InvalidModelError)
away_red_cards_for_l3,0.0,0.0,Task C,GBM,Permutation fallback (InvalidModelError)
away_passes_for_l3,0.0,0.0,Task C,GBM,Permutation fallback (InvalidModelError)
missingindicator_diff_pass_completion_for_l5,0.0,0.0,Task C,GBM,Permutation fallback (InvalidModelError)
away_missing_history_l3,0.0,0.0,Task C,GBM,Permutation fallback (InvalidModelError)
missingindicator_diff_xg_for_l3,0.0,0.0,Task C,GBM,Permutation fallback (InvalidModelError)
missingindicator_away_shots_for_l10,0.0,0.0,Task C,GBM,Permutation fallback (InvalidModelError)
missingindicator_away_shots_against_l10,0.0,0.0,Task C,GBM,Permutation fallback (InvalidModelError)
missingindicator_away_shots_on_target_for_l10,0.0,0.0,Task C,GBM,Permutation fallback (InvalidModelError)
missingindicator_away_shots_on_target_against_l10,0.0,0.0,Task C,GBM,Permutation fallback (InvalidModelError)
missingindicator_away_xg_for_l10,0.0,0.0,Task C,GBM,Permutation fallback (InvalidModelError)
missingindicator_away_xg_against_l10,0.0,0.0,Task C,GBM,Permutation fallback (InvalidModelError)
missingindicator_away_passes_for_l10,0.0,0.0,Task C,GBM,Permutation fallback (InvalidModelError)
missingindicator_away_pass_completion_for_l10,0.0,0.0,Task C,GBM,Permutation fallback (InvalidModelError)
home_missing_history_l10,0.0,0.0,Task C,GBM,Permutation fallback (InvalidModelError)
home_missing_history_l5,0.0,0.0,Task C,GBM,Permutation fallback (InvalidModelError)
home_goals_for_l10,0.0,0.0,Task C,GBM,Permutation fallback (InvalidModelError)
diff_xg_for_l5,0.0,0.0,Task C,GBM,Permutation fallback (InvalidModelError)
home_red_cards_for_l5,0.0,0.0,Task C,GBM,Permutation fallback (InvalidModelError)
home_goals_against_l10,0.0,0.0,Task C,GBM,Permutation fallback (InvalidModelError)
home_goal_difference_l10,0.0,0.0,Task C,GBM,Permutation fallback (InvalidModelError)
away_history_matches_before,0.0,0.0005253637932159068,Task C,GBM,Permutation fallback (InvalidModelError)
away_points_l3,0.0,0.0,Task C,GBM,Permutation fallback (InvalidModelError)
away_goals_against_l3,0.0,0.0,Task C,GBM,Permutation fallback (InvalidModelError)
away_shots_for_l3,0.0,0.0,Task C,GBM,Permutation fallback (InvalidModelError)
home_final_third_entries_for_l10,0.0,0.0,Task C,GBM,Permutation fallback (InvalidModelError)
home_passes_for_l10,0.0,0.0,Task C,GBM,Permutation fallback (InvalidModelError)
home_red_cards_for_l10,0.0,0.0,Task C,GBM,Permutation fallback (InvalidModelError)
p1_home_rank_home,0.0,0.0,Task C,GBM,Permutation fallback (InvalidModelError)
missingindicator_home_rest_days,0.0,0.0,Task C,GBM,Permutation fallback (InvalidModelError)
missingindicator_home_points_l3,0.0,0.0,Task C,GBM,Permutation fallback (InvalidModelError)
missingindicator_home_goals_for_l3,0.0,0.0,Task C,GBM,Permutation fallback (InvalidModelError)
missingindicator_home_goals_against_l3,0.0,0.0,Task C,GBM,Permutation fallback (InvalidModelError)
missingindicator_home_goal_difference_l3,0.0,0.0,Task C,GBM,Permutation fallback (InvalidModelError)
missingindicator_home_shots_for_l3,0.0,0.0,Task C,GBM,Permutation fallback (InvalidModelError)
missingindicator_home_shots_against_l3,0.0,0.0,Task C,GBM,Permutation fallback (InvalidModelError)
missingindicator_home_shots_on_target_for_l3,0.0,0.0,Task C,GBM,Permutation fallback (InvalidModelError)
missingindicator_home_shots_on_target_against_l3,0.0,0.0,Task C,GBM,Permutation fallback (InvalidModelError)
missingindicator_home_xg_for_l3,0.0,0.0,Task C,GBM,Permutation fallback (InvalidModelError)
missingindicator_home_xg_against_l3,0.0,0.0,Task C,GBM,Permutation fallback (InvalidModelError)
missingindicator_home_passes_for_l3,0.0,0.0,Task C,GBM,Permutation fallback (InvalidModelError)
missingindicator_home_pass_completion_for_l3,0.0,0.0,Task C,GBM,Permutation fallback (InvalidModelError)
missingindicator_home_pressures_for_l3,0.0,0.0,Task C,GBM,Permutation fallback (InvalidModelError)
missingindicator_home_final_third_entries_for_l3,0.0,0.0,Task C,GBM,Permutation fallback (InvalidModelError)
missingindicator_home_red_cards_for_l3,0.0,0.0,Task C,GBM,Permutation fallback (InvalidModelError)
missingindicator_home_possession_share_l3,0.0,0.0,Task C,GBM,Permutation fallback (InvalidModelError)
missingindicator_home_points_l5,0.0,0.0,Task C,GBM,Permutation fallback (InvalidModelError)
missingindicator_home_goals_for_l5,0.0,0.0,Task C,GBM,Permutation fallback (InvalidModelError)
missingindicator_home_goals_against_l5,0.0,0.0,Task C,GBM,Permutation fallback (InvalidModelError)
missingindicator_home_goal_difference_l5,0.0,0.0,Task C,GBM,Permutation fallback (InvalidModelError)
missingindicator_home_shots_for_l5,0.0,0.0,Task C,GBM,Permutation fallback (InvalidModelError)
missingindicator_home_shots_against_l5,0.0,0.0,Task C,GBM,Permutation fallback (InvalidModelError)
missingindicator_home_shots_on_target_for_l5,0.0,0.0,Task C,GBM,Permutation fallback (InvalidModelError)
missingindicator_home_shots_on_target_against_l5,0.0,0.0,Task C,GBM,Permutation fallback (InvalidModelError)
missingindicator_home_xg_for_l5,0.0,0.0,Task C,GBM,Permutation fallback (InvalidModelError)
missingindicator_home_xg_against_l5,0.0,0.0,Task C,GBM,Permutation fallback (InvalidModelError)
missingindicator_home_passes_for_l5,0.0,0.0,Task C,GBM,Permutation fallback (InvalidModelError)
missingindicator_home_pass_completion_for_l5,0.0,0.0,Task C,GBM,Permutation fallback (InvalidModelError)
missingindicator_home_pressures_for_l5,0.0,0.0,Task C,GBM,Permutation fallback (InvalidModelError)
missingindicator_home_final_third_entries_for_l5,0.0,0.0,Task C,GBM,Permutation fallback (InvalidModelError)
missingindicator_home_red_cards_for_l5,0.0,0.0,Task C,GBM,Permutation fallback (InvalidModelError)
missingindicator_home_possession_share_l5,0.0,0.0,Task C,GBM,Permutation fallback (InvalidModelError)
missingindicator_home_points_l10,0.0,0.0,Task C,GBM,Permutation fallback (InvalidModelError)
missingindicator_home_goals_for_l10,0.0,0.0,Task C,GBM,Permutation fallback (InvalidModelError)
missingindicator_home_goals_against_l10,0.0,0.0,Task C,GBM,Permutation fallback (InvalidModelError)
missingindicator_home_goal_difference_l10,0.0,0.0,Task C,GBM,Permutation fallback (InvalidModelError)
missingindicator_home_shots_for_l10,0.0,0.0,Task C,GBM,Permutation fallback (InvalidModelError)
missingindicator_home_shots_against_l10,0.0,0.0,Task C,GBM,Permutation fallback (InvalidModelError)
missingindicator_home_shots_on_target_for_l10,0.0,0.0,Task C,GBM,Permutation fallback (InvalidModelError)
missingindicator_home_shots_on_target_against_l10,0.0,0.0,Task C,GBM,Permutation fallback (InvalidModelError)
missingindicator_home_xg_for_l10,0.0,0.0,Task C,GBM,Permutation fallback (InvalidModelError)
missingindicator_home_xg_against_l10,0.0,0.0,Task C,GBM,Permutation fallback (InvalidModelError)
missingindicator_home_passes_for_l10,0.0,0.0,Task C,GBM,Permutation fallback (InvalidModelError)
missingindicator_home_pass_completion_for_l10,0.0,0.0,Task C,GBM,Permutation fallback (InvalidModelError)
missingindicator_home_pressures_for_l10,0.0,0.0,Task C,GBM,Permutation fallback (InvalidModelError)
missingindicator_home_final_third_entries_for_l10,0.0,0.0,Task C,GBM,Permutation fallback (InvalidModelError)
missingindicator_home_red_cards_for_l10,0.0,0.0,Task C,GBM,Permutation fallback (InvalidModelError)
missingindicator_home_possession_share_l10,0.0,0.0,Task C,GBM,Permutation fallback (InvalidModelError)
missingindicator_away_rest_days,0.0,0.0,Task C,GBM,Permutation fallback (InvalidModelError)
missingindicator_away_points_l3,0.0,0.0,Task C,GBM,Permutation fallback (InvalidModelError)
missingindicator_away_goals_for_l3,0.0,0.0,Task C,GBM,Permutation fallback (InvalidModelError)
missingindicator_away_goals_against_l3,0.0,0.0,Task C,GBM,Permutation fallback (InvalidModelError)
missingindicator_away_goal_difference_l3,0.0,0.0,Task C,GBM,Permutation fallback (InvalidModelError)
missingindicator_away_shots_for_l3,0.0,0.0,Task C,GBM,Permutation fallback (InvalidModelError)
missingindicator_away_shots_against_l3,0.0,0.0,Task C,GBM,Permutation fallback (InvalidModelError)
missingindicator_away_shots_on_target_for_l3,0.0,0.0,Task C,GBM,Permutation fallback (InvalidModelError)
missingindicator_away_shots_on_target_against_l3,0.0,0.0,Task C,GBM,Permutation fallback (InvalidModelError)
missingindicator_away_xg_for_l3,0.0,0.0,Task C,GBM,Permutation fallback (InvalidModelError)
missingindicator_away_xg_against_l3,0.0,0.0,Task C,GBM,Permutation fallback (InvalidModelError)
missingindicator_away_passes_for_l3,0.0,0.0,Task C,GBM,Permutation fallback (InvalidModelError)
missingindicator_away_pass_completion_for_l3,0.0,0.0,Task C,GBM,Permutation fallback (InvalidModelError)
missingindicator_away_pressures_for_l3,0.0,0.0,Task C,GBM,Permutation fallback (InvalidModelError)
missingindicator_away_final_third_entries_for_l3,0.0,0.0,Task C,GBM,Permutation fallback (InvalidModelError)
missingindicator_away_red_cards_for_l3,0.0,0.0,Task C,GBM,Permutation fallback (InvalidModelError)
missingindicator_away_possession_share_l3,0.0,0.0,Task C,GBM,Permutation fallback (InvalidModelError)
missingindicator_away_points_l5,0.0,0.0,Task C,GBM,Permutation fallback (InvalidModelError)
missingindicator_away_goals_for_l5,0.0,0.0,Task C,GBM,Permutation fallback (InvalidModelError)
missingindicator_away_goals_against_l5,0.0,0.0,Task C,GBM,Permutation fallback (InvalidModelError)
missingindicator_away_goal_difference_l5,0.0,0.0,Task C,GBM,Permutation fallback (InvalidModelError)
missingindicator_away_shots_for_l5,0.0,0.0,Task C,GBM,Permutation fallback (InvalidModelError)
missingindicator_away_shots_against_l5,0.0,0.0,Task C,GBM,Permutation fallback (InvalidModelError)
missingindicator_away_shots_on_target_for_l5,0.0,0.0,Task C,GBM,Permutation fallback (InvalidModelError)
missingindicator_away_shots_on_target_against_l5,0.0,0.0,Task C,GBM,Permutation fallback (InvalidModelError)
missingindicator_away_xg_for_l5,0.0,0.0,Task C,GBM,Permutation fallback (InvalidModelError)
missingindicator_away_xg_against_l5,0.0,0.0,Task C,GBM,Permutation fallback (InvalidModelError)
missingindicator_away_passes_for_l5,0.0,0.0,Task C,GBM,Permutation fallback (InvalidModelError)
missingindicator_away_pass_completion_for_l5,0.0,0.0,Task C,GBM,Permutation fallback (InvalidModelError)
missingindicator_diff_pressures_for_l5,0.0,0.0,Task C,GBM,Permutation fallback (InvalidModelError)
missingindicator_diff_possession_share_l5,0.0,0.0,Task C,GBM,Permutation fallback (InvalidModelError)
missingindicator_diff_points_l10,0.0,0.0,Task C,GBM,Permutation fallback (InvalidModelError)
missingindicator_diff_goal_difference_l10,0.0,0.0,Task C,GBM,Permutation fallback (InvalidModelError)
missingindicator_diff_shots_for_l10,0.0,0.0,Task C,GBM,Permutation fallback (InvalidModelError)
missingindicator_diff_xg_for_l10,0.0,0.0,Task C,GBM,Permutation fallback (InvalidModelError)
missingindicator_diff_pass_completion_for_l10,0.0,0.0,Task C,GBM,Permutation fallback (InvalidModelError)
missingindicator_diff_pressures_for_l10,0.0,0.0,Task C,GBM,Permutation fallback (InvalidModelError)
missingindicator_diff_possession_share_l10,0.0,0.0,Task C,GBM,Permutation fallback (InvalidModelError)
missingindicator_rest_days_difference,0.0,0.0,Task C,GBM,Permutation fallback (InvalidModelError)
diff_xg_for_l3,0.06228242250159383,0.011808302253484726,Task C,XGBoost,Permutation fallback (ValueError)
diff_pressures_for_l3,0.030961146110461822,0.007210999261587858,Task C,XGBoost,Permutation fallback (ValueError)
home_final_third_entries_for_l5,0.027710642367601405,0.008965239860117435,Task C,XGBoost,Permutation fallback (ValueError)
home_goals_for_l5,0.027382246535271406,0.008239260874688625,Task C,XGBoost,Permutation fallback (ValueError)
p1_away_scr_home,0.025962617790533445,0.010420012287795544,Task C,XGBoost,Permutation fallback (ValueError)
p1_away_con_total,0.024584517110553053,0.011039665900170803,Task C,XGBoost,Permutation fallback (ValueError)
home_shots_on_target_against_l3,0.02400733494924175,0.009386599995195866,Task C,XGBoost,Permutation fallback (ValueError)
home_rest_days,0.023612681025018286,0.00780000165104866,Task C,XGBoost,Permutation fallback (ValueError)
away_pass_completion_for_l3,0.021943351616048143,0.007774540223181248,Task C,XGBoost,Permutation fallback (ValueError)
home_shots_on_target_for_l3,0.01801629482458036,0.008577883243560791,Task C,XGBoost,Permutation fallback (ValueError)
away_shots_on_target_for_l5,0.01799348653397626,0.009411926381289959,Task C,XGBoost,Permutation fallback (ValueError)
away_final_third_entries_for_l10,0.017192259768231046,0.009764648042619228,Task C,XGBoost,Permutation fallback (ValueError)
p1_home_con_total,0.015850196563535267,0.008653656579554081,Task C,XGBoost,Permutation fallback (ValueError)
away_pass_completion_for_l10,0.015086248051375154,0.008243250660598278,Task C,XGBoost,Permutation fallback (ValueError)
away_goals_against_l5,0.014080718966821826,0.007211743853986263,Task C,XGBoost,Permutation fallback (ValueError)
home_pass_completion_for_l3,0.013033170824249577,0.007494400255382061,Task C,XGBoost,Permutation fallback (ValueError)
p1_away_rank_total,0.013002584073692565,0.012212825939059258,Task C,XGBoost,Permutation fallback (ValueError)
away_goal_difference_l10,0.01249502181178993,0.007628084160387516,Task C,XGBoost,Permutation fallback (ValueError)
p1_away_con_away,0.010805209003802803,0.00872085615992546,Task C,XGBoost,Permutation fallback (ValueError)
home_shots_for_l3,0.010627327907002635,0.008885242976248264,Task C,XGBoost,Permutation fallback (ValueError)
home_xg_for_l3,0.010212315097451208,0.009452061727643013,Task C,XGBoost,Permutation fallback (ValueError)
p1_home_scr_home,0.01008691500044531,0.008774497546255589,Task C,XGBoost,Permutation fallback (ValueError)
away_shots_on_target_against_l3,0.0100580913759768,0.00793191883713007,Task C,XGBoost,Permutation fallback (ValueError)
diff_possession_share_l10,0.010022034926546948,0.007710369769483805,Task C,XGBoost,Permutation fallback (ValueError)
away_shots_on_target_for_l10,0.009550638759715686,0.012197086587548256,Task C,XGBoost,Permutation fallback (ValueError)
home_pass_completion_for_l10,0.009496324600444897,0.006602184381335974,Task C,XGBoost,Permutation fallback (ValueError)
diff_pass_completion_for_l3,0.00947509381299218,0.007762942463159561,Task C,XGBoost,Permutation fallback (ValueError)
home_pressures_for_l3,0.009114831299003623,0.006853024009615183,Task C,XGBoost,Permutation fallback (ValueError)
home_pass_completion_for_l5,0.00903781501990226,0.007386820390820503,Task C,XGBoost,Permutation fallback (ValueError)
away_xg_against_l3,0.008832030134896437,0.007010709028691053,Task C,XGBoost,Permutation fallback (ValueError)
diff_shots_for_l10,0.008814776535663343,0.010627605952322483,Task C,XGBoost,Permutation fallback (ValueError)
home_xg_for_l5,0.008507700912240467,0.00895148515701294,Task C,XGBoost,Permutation fallback (ValueError)
away_possession_share_l5,0.008467747097214063,0.006533416919410229,Task C,XGBoost,Permutation fallback (ValueError)
diff_possession_share_l5,0.008425571442478234,0.008245661854743958,Task C,XGBoost,Permutation fallback (ValueError)
diff_possession_share_l3,0.00793369067625867,0.00673700962215662,Task C,XGBoost,Permutation fallback (ValueError)
away_shots_against_l3,0.007502408816168708,0.006463976576924324,Task C,XGBoost,Permutation fallback (ValueError)
away_xg_for_l3,0.00728522670144836,0.006819702219218016,Task C,XGBoost,Permutation fallback (ValueError)
diff_pressures_for_l10,0.007161904176076257,0.007426944561302662,Task C,XGBoost,Permutation fallback (ValueError)
away_final_third_entries_for_l5,0.006848691983355414,0.007616556715220213,Task C,XGBoost,Permutation fallback (ValueError)
home_pressures_for_l5,0.006837309247089755,0.008424513041973114,Task C,XGBoost,Permutation fallback (ValueError)
away_goals_for_l3,0.006628501711206301,0.0077014099806547165,Task C,XGBoost,Permutation fallback (ValueError)
away_possession_share_l3,0.006318210727638663,0.007648879196494818,Task C,XGBoost,Permutation fallback (ValueError)
home_xg_against_l5,0.006111151141424969,0.0063357483595609665,Task C,XGBoost,Permutation fallback (ValueError)
home_shots_on_target_for_l5,0.005740814908511107,0.008656303398311138,Task C,XGBoost,Permutation fallback (ValueError)
home_goals_for_l10,0.005119218975305561,0.006257893517613411,Task C,XGBoost,Permutation fallback (ValueError)
diff_pass_completion_for_l5,0.005026378217670652,0.005846814718097448,Task C,XGBoost,Permutation fallback (ValueError)
home_pressures_for_l10,0.0049130888221164465,0.0075571839697659016,Task C,XGBoost,Permutation fallback (ValueError)
away_possession_share_l10,0.004895388479861946,0.006962395738810301,Task C,XGBoost,Permutation fallback (ValueError)
p1_home_con_away,0.004272991261548467,0.009207281284034252,Task C,XGBoost,Permutation fallback (ValueError)
home_shots_against_l10,0.004082246714582037,0.0073168920353055,Task C,XGBoost,Permutation fallback (ValueError)
home_final_third_entries_for_l3,0.004071907239655652,0.006775969173759222,Task C,XGBoost,Permutation fallback (ValueError)
home_points_l3,0.003649844119532243,0.007819034159183502,Task C,XGBoost,Permutation fallback (ValueError)
home_goal_difference_l5,0.003624744216601053,0.007904809899628162,Task C,XGBoost,Permutation fallback (ValueError)
away_xg_against_l5,0.0036239367123279257,0.009791092947125435,Task C,XGBoost,Permutation fallback (ValueError)
diff_pass_completion_for_l10,0.0035047356308334373,0.006404133979231119,Task C,XGBoost,Permutation fallback (ValueError)
away_shots_on_target_for_l3,0.00343626284143991,0.007589160464704037,Task C,XGBoost,Permutation fallback (ValueError)
home_shots_for_l10,0.0034263595338496883,0.007553175091743469,Task C,XGBoost,Permutation fallback (ValueError)
p1_home_con_home,0.0033049830670158075,0.00606488948687911,Task C,XGBoost,Permutation fallback (ValueError)
home_goal_difference_l3,0.0033024991220898066,0.008272157981991768,Task C,XGBoost,Permutation fallback (ValueError)
away_goal_difference_l5,0.0032899071607324823,0.006052549462765455,Task C,XGBoost,Permutation fallback (ValueError)
home_shots_on_target_against_l5,0.003274846759935217,0.006016639526933432,Task C,XGBoost,Permutation fallback (ValueError)
home_goals_for_l3,0.0031707628671493737,0.00936910044401884,Task C,XGBoost,Permutation fallback (ValueError)
p1_home_rank_away,0.003159893227534167,0.005944196134805679,Task C,XGBoost,Permutation fallback (ValueError)
away_xg_for_l5,0.0030666458192798855,0.006222565192729235,Task C,XGBoost,Permutation fallback (ValueError)
home_shots_for_l5,0.003059788186930945,0.006081782281398773,Task C,XGBoost,Permutation fallback (ValueError)
diff_points_l5,0.0030190655299358886,0.007414823863655329,Task C,XGBoost,Permutation fallback (ValueError)
away_shots_for_l5,0.0030090285527209475,0.009725429117679596,Task C,XGBoost,Permutation fallback (ValueError)
away_rest_days,0.002843742084999878,0.007402422372251749,Task C,XGBoost,Permutation fallback (ValueError)
away_shots_against_l10,0.002816976766205495,0.007472276221960783,Task C,XGBoost,Permutation fallback (ValueError)
diff_goal_difference_l10,0.0027347760481966905,0.007881454192101955,Task C,XGBoost,Permutation fallback (ValueError)
p1_away_scr_total,0.0024747407084537896,0.007642847951501608,Task C,XGBoost,Permutation fallback (ValueError)
home_goals_against_l3,0.002348969524933242,0.007065199315547943,Task C,XGBoost,Permutation fallback (ValueError)
away_shots_on_target_against_l10,0.0022689616390400417,0.007305378559976816,Task C,XGBoost,Permutation fallback (ValueError)
home_possession_share_l10,0.00223340219921536,0.005632440093904734,Task C,XGBoost,Permutation fallback (ValueError)
away_red_cards_for_l10,0.002066645976155994,0.007757729385048151,Task C,XGBoost,Permutation fallback (ValueError)
p1_away_rank_away,0.002058843916489023,0.0065987915731966496,Task C,XGBoost,Permutation fallback (ValueError)
home_goals_against_l5,0.0019955226489239263,0.006909640971571207,Task C,XGBoost,Permutation fallback (ValueError)
away_pressures_for_l3,0.0017638288831545266,0.006531928665935993,Task C,XGBoost,Permutation fallback (ValueError)
p1_away_scr_away,0.0016633841767907138,0.0061857206746935844,Task C,XGBoost,Permutation fallback (ValueError)
home_final_third_entries_for_l10,0.0016404913696977806,0.005626547150313854,Task C,XGBoost,Permutation fallback (ValueError)
home_points_l5,0.0016323630760113367,0.008026705123484135,Task C,XGBoost,Permutation fallback (ValueError)
away_goals_against_l10,0.0016301038985451104,0.006533300969749689,Task C,XGBoost,Permutation fallback (ValueError)
away_shots_against_l5,0.0015821778277556088,0.008161110803484917,Task C,XGBoost,Permutation fallback (ValueError)
away_passes_for_l5,0.0015618442681928468,0.008427557535469532,Task C,XGBoost,Permutation fallback (ValueError)
home_xg_against_l3,0.0015589876203901255,0.004760959185659885,Task C,XGBoost,Permutation fallback (ValueError)
home_shots_against_l3,0.0015522613252202642,0.006123803555965424,Task C,XGBoost,Permutation fallback (ValueError)
home_possession_share_l5,0.0015057913586497287,0.007292625959962606,Task C,XGBoost,Permutation fallback (ValueError)
home_goal_difference_l10,0.001422360344893403,0.005733891855925322,Task C,XGBoost,Permutation fallback (ValueError)
away_passes_for_l3,0.0014067009422514187,0.006217600777745247,Task C,XGBoost,Permutation fallback (ValueError)
away_points_l5,0.0013644319917592716,0.006231761537492275,Task C,XGBoost,Permutation fallback (ValueError)
diff_points_l10,0.0013455981161031468,0.006292408797889948,Task C,XGBoost,Permutation fallback (ValueError)
away_goals_for_l10,0.0013393400919934162,0.007630129344761372,Task C,XGBoost,Permutation fallback (ValueError)
away_goal_difference_l3,0.0013292788113984818,0.008859452791512012,Task C,XGBoost,Permutation fallback (ValueError)
diff_xg_for_l5,0.0013003036297029931,0.006511353421956301,Task C,XGBoost,Permutation fallback (ValueError)
rest_days_difference,0.0012389471278422368,0.005805909633636475,Task C,XGBoost,Permutation fallback (ValueError)
diff_goal_difference_l5,0.001217177110827628,0.007113004103302956,Task C,XGBoost,Permutation fallback (ValueError)
away_pass_completion_for_l5,0.0011653665080666523,0.007119016256183386,Task C,XGBoost,Permutation fallback (ValueError)
away_goals_for_l5,0.0011601530636350282,0.008601163513958454,Task C,XGBoost,Permutation fallback (ValueError)
p1_away_rank_home,0.0011477848473522392,0.005524055100977421,Task C,XGBoost,Permutation fallback (ValueError)
home_passes_for_l5,0.0011291371306611508,0.008124909363687038,Task C,XGBoost,Permutation fallback (ValueError)
away_shots_for_l10,0.0011127607255346237,0.0059355515986680984,Task C,XGBoost,Permutation fallback (ValueError)
home_passes_for_l3,0.0010837011453178247,0.007521049119532108,Task C,XGBoost,Permutation fallback (ValueError)
diff_shots_for_l5,0.0010803053155541448,0.008628198876976967,Task C,XGBoost,Permutation fallback (ValueError)
home_shots_on_target_against_l10,0.0010758981605370921,0.0077707963064312935,Task C,XGBoost,Permutation fallback (ValueError)
away_xg_against_l10,0.0010512263224356716,0.006153881549835205,Task C,XGBoost,Permutation fallback (ValueError)
diff_points_l3,0.0010351451010339847,0.004171930719166994,Task C,XGBoost,Permutation fallback (ValueError)
p1_home_scr_total,0.0010115082251528893,0.007538071367889643,Task C,XGBoost,Permutation fallback (ValueError)
diff_xg_for_l10,0.0010010082295371476,0.005004245322197676,Task C,XGBoost,Permutation fallback (ValueError)
away_final_third_entries_for_l3,0.0009980700806611065,0.006584994029253721,Task C,XGBoost,Permutation fallback (ValueError)
home_red_cards_for_l3,0.0009252273063692746,0.007127512712031603,Task C,XGBoost,Permutation fallback (ValueError)
away_points_l10,0.0008951510737339649,0.005060970317572355,Task C,XGBoost,Permutation fallback (ValueError)
home_shots_on_target_for_l10,0.0008651978791587809,0.00646206783130765,Task C,XGBoost,Permutation fallback (ValueError)
home_possession_share_l3,0.000857715045826304,0.00746153574436903,Task C,XGBoost,Permutation fallback (ValueError)
p1_home_rank_home,0.0008545154850516083,0.00595070468261838,Task C,XGBoost,Permutation fallback (ValueError)
away_shots_on_target_against_l5,0.0007978233115540615,0.0042979419231414795,Task C,XGBoost,Permutation fallback (ValueError)
away_pressures_for_l5,0.0007709271605643895,0.005645624827593565,Task C,XGBoost,Permutation fallback (ValueError)
home_goals_against_l10,0.0006914321188297587,0.005780024453997612,Task C,XGBoost,Permutation fallback (ValueError)
home_passes_for_l10,0.0006906732337342338,0.004121375270187855,Task C,XGBoost,Permutation fallback (ValueError)
home_xg_against_l10,0.0006844497989449204,0.006309059914201498,Task C,XGBoost,Permutation fallback (ValueError)
home_shots_against_l5,0.0006509126867685048,0.006032377947121859,Task C,XGBoost,Permutation fallback (ValueError)
diff_shots_for_l3,0.0006425910236106997,0.008369912393391132,Task C,XGBoost,Permutation fallback (ValueError)
home_points_l10,0.0005844337037867936,0.006306224036961794,Task C,XGBoost,Permutation fallback (ValueError)
home_xg_for_l10,0.0005793820528520492,0.004342461004853249,Task C,XGBoost,Permutation fallback (ValueError)
diff_pressures_for_l5,0.0005761920929782953,0.0054731955751776695,Task C,XGBoost,Permutation fallback (ValueError)
away_pressures_for_l10,0.0005443489530848121,0.006121352780610323,Task C,XGBoost,Permutation fallback (ValueError)
p1_away_con_home,0.0005421124460796502,0.015749147161841393,Task C,XGBoost,Permutation fallback (ValueError)
away_shots_for_l3,0.0005003371006912717,0.006130326073616743,Task C,XGBoost,Permutation fallback (ValueError)
away_points_l3,0.0004624568050106387,0.006908186711370945,Task C,XGBoost,Permutation fallback (ValueError)
home_red_cards_for_l10,0.000457499648133917,0.0066446578130126,Task C,XGBoost,Permutation fallback (ValueError)
away_passes_for_l10,0.00042840390983555076,0.00679839588701725,Task C,XGBoost,Permutation fallback (ValueError)
p1_home_rank_total,0.0004143152882655455,0.005785623099654913,Task C,XGBoost,Permutation fallback (ValueError)
away_xg_for_l10,0.0004120113742020458,0.005433603189885616,Task C,XGBoost,Permutation fallback (ValueError)
p1_home_scr_away,0.00034504431196385,0.005509500857442617,Task C,XGBoost,Permutation fallback (ValueError)
away_goals_against_l3,0.0003208682106600839,0.004216051660478115,Task C,XGBoost,Permutation fallback (ValueError)
diff_goal_difference_l3,0.00031061104395323593,0.006528595928102732,Task C,XGBoost,Permutation fallback (ValueError)
missingindicator_away_pressures_for_l5,0.0,0.0,Task C,XGBoost,Permutation fallback (ValueError)
home_history_matches_before,0.0,0.005168895702809095,Task C,XGBoost,Permutation fallback (ValueError)
home_missing_history_l3,0.0,0.0,Task C,XGBoost,Permutation fallback (ValueError)
away_missing_history_l5,0.0,0.0,Task C,XGBoost,Permutation fallback (ValueError)
away_red_cards_for_l5,0.0,0.0,Task C,XGBoost,Permutation fallback (ValueError)
missingindicator_diff_goal_difference_l5,0.0,0.0,Task C,XGBoost,Permutation fallback (ValueError)
missingindicator_diff_shots_for_l5,0.0,0.0,Task C,XGBoost,Permutation fallback (ValueError)
missingindicator_diff_pass_completion_for_l5,0.0,0.0,Task C,XGBoost,Permutation fallback (ValueError)
missingindicator_diff_xg_for_l5,0.0,0.0,Task C,XGBoost,Permutation fallback (ValueError)
away_red_cards_for_l3,0.0,0.0,Task C,XGBoost,Permutation fallback (ValueError)
away_missing_history_l3,0.0,0.0,Task C,XGBoost,Permutation fallback (ValueError)
missingindicator_diff_points_l3,0.0,0.0,Task C,XGBoost,Permutation fallback (ValueError)
missingindicator_diff_goal_difference_l3,0.0,0.0,Task C,XGBoost,Permutation fallback (ValueError)
missingindicator_diff_shots_for_l3,0.0,0.0,Task C,XGBoost,Permutation fallback (ValueError)
missingindicator_diff_xg_for_l3,0.0,0.0,Task C,XGBoost,Permutation fallback (ValueError)
missingindicator_diff_pass_completion_for_l3,0.0,0.0,Task C,XGBoost,Permutation fallback (ValueError)
missingindicator_diff_pressures_for_l3,0.0,0.0,Task C,XGBoost,Permutation fallback (ValueError)
missingindicator_diff_possession_share_l3,0.0,0.0,Task C,XGBoost,Permutation fallback (ValueError)
missingindicator_diff_points_l5,0.0,0.0,Task C,XGBoost,Permutation fallback (ValueError)
missingindicator_away_possession_share_l10,0.0,0.0,Task C,XGBoost,Permutation fallback (ValueError)
missingindicator_away_red_cards_for_l10,0.0,0.0,Task C,XGBoost,Permutation fallback (ValueError)
missingindicator_away_final_third_entries_for_l10,0.0,0.0,Task C,XGBoost,Permutation fallback (ValueError)
missingindicator_away_pressures_for_l10,0.0,0.0,Task C,XGBoost,Permutation fallback (ValueError)
missingindicator_away_pass_completion_for_l10,0.0,0.0,Task C,XGBoost,Permutation fallback (ValueError)
missingindicator_away_passes_for_l10,0.0,0.0,Task C,XGBoost,Permutation fallback (ValueError)
missingindicator_away_xg_against_l10,0.0,0.0,Task C,XGBoost,Permutation fallback (ValueError)
missingindicator_away_xg_for_l10,0.0,0.0,Task C,XGBoost,Permutation fallback (ValueError)
missingindicator_away_points_l10,0.0,0.0,Task C,XGBoost,Permutation fallback (ValueError)
missingindicator_away_goals_for_l10,0.0,0.0,Task C,XGBoost,Permutation fallback (ValueError)
missingindicator_away_goals_against_l10,0.0,0.0,Task C,XGBoost,Permutation fallback (ValueError)
missingindicator_away_goal_difference_l10,0.0,0.0,Task C,XGBoost,Permutation fallback (ValueError)
missingindicator_away_shots_for_l10,0.0,0.0,Task C,XGBoost,Permutation fallback (ValueError)
missingindicator_away_shots_against_l10,0.0,0.0,Task C,XGBoost,Permutation fallback (ValueError)
missingindicator_away_shots_on_target_for_l10,0.0,0.0,Task C,XGBoost,Permutation fallback (ValueError)
missingindicator_away_shots_on_target_against_l10,0.0,0.0,Task C,XGBoost,Permutation fallback (ValueError)
missingindicator_away_possession_share_l5,0.0,0.0,Task C,XGBoost,Permutation fallback (ValueError)
missingindicator_away_red_cards_for_l5,0.0,0.0,Task C,XGBoost,Permutation fallback (ValueError)
missingindicator_away_final_third_entries_for_l5,0.0,0.0,Task C,XGBoost,Permutation fallback (ValueError)
home_missing_history_l10,0.0,0.0,Task C,XGBoost,Permutation fallback (ValueError)
away_missing_history_l10,0.0,0.0,Task C,XGBoost,Permutation fallback (ValueError)
away_history_matches_before,0.0,0.0043830121867358685,Task C,XGBoost,Permutation fallback (ValueError)
home_missing_history_l5,0.0,0.0,Task C,XGBoost,Permutation fallback (ValueError)
home_red_cards_for_l5,0.0,0.0,Task C,XGBoost,Permutation fallback (ValueError)
missingindicator_home_rest_days,0.0,0.0,Task C,XGBoost,Permutation fallback (ValueError)
missingindicator_home_points_l3,0.0,0.0,Task C,XGBoost,Permutation fallback (ValueError)
missingindicator_home_goals_for_l3,0.0,0.0,Task C,XGBoost,Permutation fallback (ValueError)
missingindicator_home_goals_against_l3,0.0,0.0,Task C,XGBoost,Permutation fallback (ValueError)
missingindicator_home_goal_difference_l3,0.0,0.0,Task C,XGBoost,Permutation fallback (ValueError)
missingindicator_home_shots_for_l3,0.0,0.0,Task C,XGBoost,Permutation fallback (ValueError)
missingindicator_home_shots_against_l3,0.0,0.0,Task C,XGBoost,Permutation fallback (ValueError)
missingindicator_home_shots_on_target_for_l3,0.0,0.0,Task C,XGBoost,Permutation fallback (ValueError)
missingindicator_home_shots_on_target_against_l3,0.0,0.0,Task C,XGBoost,Permutation fallback (ValueError)
missingindicator_home_xg_for_l3,0.0,0.0,Task C,XGBoost,Permutation fallback (ValueError)
missingindicator_home_xg_against_l3,0.0,0.0,Task C,XGBoost,Permutation fallback (ValueError)
missingindicator_home_passes_for_l3,0.0,0.0,Task C,XGBoost,Permutation fallback (ValueError)
missingindicator_home_pass_completion_for_l3,0.0,0.0,Task C,XGBoost,Permutation fallback (ValueError)
missingindicator_home_pressures_for_l3,0.0,0.0,Task C,XGBoost,Permutation fallback (ValueError)
missingindicator_home_final_third_entries_for_l3,0.0,0.0,Task C,XGBoost,Permutation fallback (ValueError)
missingindicator_home_red_cards_for_l3,0.0,0.0,Task C,XGBoost,Permutation fallback (ValueError)
missingindicator_home_possession_share_l3,0.0,0.0,Task C,XGBoost,Permutation fallback (ValueError)
missingindicator_home_points_l5,0.0,0.0,Task C,XGBoost,Permutation fallback (ValueError)
missingindicator_home_goals_for_l5,0.0,0.0,Task C,XGBoost,Permutation fallback (ValueError)
missingindicator_home_goals_against_l5,0.0,0.0,Task C,XGBoost,Permutation fallback (ValueError)
missingindicator_home_goal_difference_l5,0.0,0.0,Task C,XGBoost,Permutation fallback (ValueError)
missingindicator_home_shots_for_l5,0.0,0.0,Task C,XGBoost,Permutation fallback (ValueError)
missingindicator_home_shots_against_l5,0.0,0.0,Task C,XGBoost,Permutation fallback (ValueError)
missingindicator_home_shots_on_target_for_l5,0.0,0.0,Task C,XGBoost,Permutation fallback (ValueError)
missingindicator_home_shots_on_target_against_l5,0.0,0.0,Task C,XGBoost,Permutation fallback (ValueError)
missingindicator_home_xg_for_l5,0.0,0.0,Task C,XGBoost,Permutation fallback (ValueError)
missingindicator_home_xg_against_l5,0.0,0.0,Task C,XGBoost,Permutation fallback (ValueError)
missingindicator_home_passes_for_l5,0.0,0.0,Task C,XGBoost,Permutation fallback (ValueError)
missingindicator_home_pass_completion_for_l5,0.0,0.0,Task C,XGBoost,Permutation fallback (ValueError)
missingindicator_home_pressures_for_l5,0.0,0.0,Task C,XGBoost,Permutation fallback (ValueError)
missingindicator_home_final_third_entries_for_l5,0.0,0.0,Task C,XGBoost,Permutation fallback (ValueError)
missingindicator_home_red_cards_for_l5,0.0,0.0,Task C,XGBoost,Permutation fallback (ValueError)
missingindicator_home_possession_share_l5,0.0,0.0,Task C,XGBoost,Permutation fallback (ValueError)
missingindicator_home_points_l10,0.0,0.0,Task C,XGBoost,Permutation fallback (ValueError)
missingindicator_home_goals_for_l10,0.0,0.0,Task C,XGBoost,Permutation fallback (ValueError)
missingindicator_home_goals_against_l10,0.0,0.0,Task C,XGBoost,Permutation fallback (ValueError)
missingindicator_home_goal_difference_l10,0.0,0.0,Task C,XGBoost,Permutation fallback (ValueError)
missingindicator_home_shots_for_l10,0.0,0.0,Task C,XGBoost,Permutation fallback (ValueError)
missingindicator_home_shots_against_l10,0.0,0.0,Task C,XGBoost,Permutation fallback (ValueError)
missingindicator_home_shots_on_target_for_l10,0.0,0.0,Task C,XGBoost,Permutation fallback (ValueError)
missingindicator_home_shots_on_target_against_l10,0.0,0.0,Task C,XGBoost,Permutation fallback (ValueError)
missingindicator_home_xg_for_l10,0.0,0.0,Task C,XGBoost,Permutation fallback (ValueError)
missingindicator_home_xg_against_l10,0.0,0.0,Task C,XGBoost,Permutation fallback (ValueError)
missingindicator_home_passes_for_l10,0.0,0.0,Task C,XGBoost,Permutation fallback (ValueError)
missingindicator_home_pass_completion_for_l10,0.0,0.0,Task C,XGBoost,Permutation fallback (ValueError)
missingindicator_home_pressures_for_l10,0.0,0.0,Task C,XGBoost,Permutation fallback (ValueError)
missingindicator_home_final_third_entries_for_l10,0.0,0.0,Task C,XGBoost,Permutation fallback (ValueError)
missingindicator_home_red_cards_for_l10,0.0,0.0,Task C,XGBoost,Permutation fallback (ValueError)
missingindicator_home_possession_share_l10,0.0,0.0,Task C,XGBoost,Permutation fallback (ValueError)
missingindicator_away_rest_days,0.0,0.0,Task C,XGBoost,Permutation fallback (ValueError)
missingindicator_away_points_l3,0.0,0.0,Task C,XGBoost,Permutation fallback (ValueError)
missingindicator_away_goals_for_l3,0.0,0.0,Task C,XGBoost,Permutation fallback (ValueError)
missingindicator_away_goals_against_l3,0.0,0.0,Task C,XGBoost,Permutation fallback (ValueError)
missingindicator_away_goal_difference_l3,0.0,0.0,Task C,XGBoost,Permutation fallback (ValueError)
missingindicator_away_shots_for_l3,0.0,0.0,Task C,XGBoost,Permutation fallback (ValueError)
missingindicator_away_shots_against_l3,0.0,0.0,Task C,XGBoost,Permutation fallback (ValueError)
missingindicator_away_shots_on_target_for_l3,0.0,0.0,Task C,XGBoost,Permutation fallback (ValueError)
missingindicator_away_shots_on_target_against_l3,0.0,0.0,Task C,XGBoost,Permutation fallback (ValueError)
missingindicator_away_xg_for_l3,0.0,0.0,Task C,XGBoost,Permutation fallback (ValueError)
missingindicator_away_xg_against_l3,0.0,0.0,Task C,XGBoost,Permutation fallback (ValueError)
missingindicator_away_passes_for_l3,0.0,0.0,Task C,XGBoost,Permutation fallback (ValueError)
missingindicator_away_pass_completion_for_l3,0.0,0.0,Task C,XGBoost,Permutation fallback (ValueError)
missingindicator_away_pressures_for_l3,0.0,0.0,Task C,XGBoost,Permutation fallback (ValueError)
missingindicator_away_final_third_entries_for_l3,0.0,0.0,Task C,XGBoost,Permutation fallback (ValueError)
missingindicator_away_red_cards_for_l3,0.0,0.0,Task C,XGBoost,Permutation fallback (ValueError)
missingindicator_away_possession_share_l3,0.0,0.0,Task C,XGBoost,Permutation fallback (ValueError)
missingindicator_away_points_l5,0.0,0.0,Task C,XGBoost,Permutation fallback (ValueError)
missingindicator_away_goals_for_l5,0.0,0.0,Task C,XGBoost,Permutation fallback (ValueError)
missingindicator_away_goals_against_l5,0.0,0.0,Task C,XGBoost,Permutation fallback (ValueError)
missingindicator_away_goal_difference_l5,0.0,0.0,Task C,XGBoost,Permutation fallback (ValueError)
missingindicator_away_shots_for_l5,0.0,0.0,Task C,XGBoost,Permutation fallback (ValueError)
missingindicator_away_shots_against_l5,0.0,0.0,Task C,XGBoost,Permutation fallback (ValueError)
missingindicator_away_shots_on_target_for_l5,0.0,0.0,Task C,XGBoost,Permutation fallback (ValueError)
missingindicator_away_shots_on_target_against_l5,0.0,0.0,Task C,XGBoost,Permutation fallback (ValueError)
missingindicator_away_xg_for_l5,0.0,0.0,Task C,XGBoost,Permutation fallback (ValueError)
missingindicator_away_xg_against_l5,0.0,0.0,Task C,XGBoost,Permutation fallback (ValueError)
missingindicator_away_passes_for_l5,0.0,0.0,Task C,XGBoost,Permutation fallback (ValueError)
missingindicator_away_pass_completion_for_l5,0.0,0.0,Task C,XGBoost,Permutation fallback (ValueError)
missingindicator_diff_pressures_for_l5,0.0,0.0,Task C,XGBoost,Permutation fallback (ValueError)
missingindicator_diff_possession_share_l5,0.0,0.0,Task C,XGBoost,Permutation fallback (ValueError)
missingindicator_diff_points_l10,0.0,0.0,Task C,XGBoost,Permutation fallback (ValueError)
missingindicator_diff_goal_difference_l10,0.0,0.0,Task C,XGBoost,Permutation fallback (ValueError)
missingindicator_diff_shots_for_l10,0.0,0.0,Task C,XGBoost,Permutation fallback (ValueError)
missingindicator_diff_xg_for_l10,0.0,0.0,Task C,XGBoost,Permutation fallback (ValueError)
missingindicator_diff_pass_completion_for_l10,0.0,0.0,Task C,XGBoost,Permutation fallback (ValueError)
missingindicator_diff_pressures_for_l10,0.0,0.0,Task C,XGBoost,Permutation fallback (ValueError)
missingindicator_diff_possession_share_l10,0.0,0.0,Task C,XGBoost,Permutation fallback (ValueError)
missingindicator_rest_days_difference,0.0,0.0,Task C,XGBoost,Permutation fallback (ValueError)
diff_xg_for_l3,0.0815040868113855,60.0,Task C,LightGBM,Permutation fallback (ExplainerError)
diff_pressures_for_l3,0.03927527828535064,46.0,Task C,LightGBM,Permutation fallback (ExplainerError)
away_shots_on_target_for_l5,0.03630865950135056,44.0,Task C,LightGBM,Permutation fallback (ExplainerError)
p1_away_scr_home,0.035205158394890954,57.0,Task C,LightGBM,Permutation fallback (ExplainerError)
home_shots_on_target_for_l3,0.03450093298866303,52.0,Task C,LightGBM,Permutation fallback (ExplainerError)
home_goals_for_l5,0.03343070582290012,28.0,Task C,LightGBM,Permutation fallback (ExplainerError)
p1_away_con_away,0.03252274465912403,40.0,Task C,LightGBM,Permutation fallback (ExplainerError)
home_shots_on_target_against_l3,0.02785572173637598,67.0,Task C,LightGBM,Permutation fallback (ExplainerError)
home_final_third_entries_for_l5,0.026980890406981692,60.0,Task C,LightGBM,Permutation fallback (ExplainerError)
home_pass_completion_for_l3,0.024281195838181578,91.0,Task C,LightGBM,Permutation fallback (ExplainerError)
away_goals_against_l5,0.024099167786305,48.0,Task C,LightGBM,Permutation fallback (ExplainerError)
away_pass_completion_for_l10,0.02123837433632977,36.0,Task C,LightGBM,Permutation fallback (ExplainerError)
away_final_third_entries_for_l10,0.021190756192744117,39.0,Task C,LightGBM,Permutation fallback (ExplainerError)
p1_away_con_total,0.021094623170309818,18.0,Task C,LightGBM,Permutation fallback (ExplainerError)
away_goal_difference_l10,0.020977572372005534,46.0,Task C,LightGBM,Permutation fallback (ExplainerError)
home_pass_completion_for_l5,0.016527848845305334,17.0,Task C,LightGBM,Permutation fallback (ExplainerError)
away_pass_completion_for_l3,0.015573014337170487,28.0,Task C,LightGBM,Permutation fallback (ExplainerError)
home_rest_days,0.015097381556334633,33.0,Task C,LightGBM,Permutation fallback (ExplainerError)
p1_home_con_total,0.01448713091898467,31.0,Task C,LightGBM,Permutation fallback (ExplainerError)
home_pass_completion_for_l10,0.013582424559361834,18.0,Task C,LightGBM,Permutation fallback (ExplainerError)
p1_home_scr_home,0.013047548344606797,31.0,Task C,LightGBM,Permutation fallback (ExplainerError)
diff_shots_for_l10,0.012924572882804275,23.0,Task C,LightGBM,Permutation fallback (ExplainerError)
home_xg_for_l3,0.012452004980876763,12.0,Task C,LightGBM,Permutation fallback (ExplainerError)
diff_possession_share_l10,0.011290308472030981,40.0,Task C,LightGBM,Permutation fallback (ExplainerError)
away_goals_for_l3,0.010407329902721415,27.0,Task C,LightGBM,Permutation fallback (ExplainerError)
away_xg_against_l3,0.009939114243261864,14.0,Task C,LightGBM,Permutation fallback (ExplainerError)
home_final_third_entries_for_l3,0.009197182890349313,19.0,Task C,LightGBM,Permutation fallback (ExplainerError)
home_shots_for_l3,0.008699065640136701,14.0,Task C,LightGBM,Permutation fallback (ExplainerError)
home_xg_against_l3,0.008615248814926011,39.0,Task C,LightGBM,Permutation fallback (ExplainerError)
p1_away_rank_total,0.008246353315211917,9.0,Task C,LightGBM,Permutation fallback (ExplainerError)
home_goal_difference_l5,0.008028936460346825,18.0,Task C,LightGBM,Permutation fallback (ExplainerError)
away_possession_share_l3,0.007920390822318909,42.0,Task C,LightGBM,Permutation fallback (ExplainerError)
diff_possession_share_l3,0.00790107624282824,16.0,Task C,LightGBM,Permutation fallback (ExplainerError)
away_passes_for_l5,0.0075379526266388715,23.0,Task C,LightGBM,Permutation fallback (ExplainerError)
away_shots_on_target_against_l3,0.007473351003877042,49.0,Task C,LightGBM,Permutation fallback (ExplainerError)
diff_pass_completion_for_l5,0.007280167115036178,23.0,Task C,LightGBM,Permutation fallback (ExplainerError)
home_xg_against_l5,0.007042971285533313,32.0,Task C,LightGBM,Permutation fallback (ExplainerError)
away_xg_for_l3,0.00694729951380714,16.0,Task C,LightGBM,Permutation fallback (ExplainerError)
diff_goal_difference_l10,0.006829420973997192,16.0,Task C,LightGBM,Permutation fallback (ExplainerError)
p1_home_con_away,0.006680342683990412,20.0,Task C,LightGBM,Permutation fallback (ExplainerError)
away_shots_on_target_against_l5,0.006479979476779927,14.0,Task C,LightGBM,Permutation fallback (ExplainerError)
diff_pressures_for_l10,0.006471290924870682,14.0,Task C,LightGBM,Permutation fallback (ExplainerError)
away_possession_share_l5,0.006036330961195714,24.0,Task C,LightGBM,Permutation fallback (ExplainerError)
diff_possession_share_l5,0.006017036642470848,21.0,Task C,LightGBM,Permutation fallback (ExplainerError)
home_pressures_for_l3,0.005776937665258771,11.0,Task C,LightGBM,Permutation fallback (ExplainerError)
away_shots_on_target_against_l10,0.005472057827022138,29.0,Task C,LightGBM,Permutation fallback (ExplainerError)
home_shots_on_target_against_l5,0.005400927359274955,16.0,Task C,LightGBM,Permutation fallback (ExplainerError)
away_shots_against_l10,0.005398381932937177,21.0,Task C,LightGBM,Permutation fallback (ExplainerError)
away_xg_against_l5,0.0053633200754427315,22.0,Task C,LightGBM,Permutation fallback (ExplainerError)
diff_goal_difference_l5,0.004235120742818537,10.0,Task C,LightGBM,Permutation fallback (ExplainerError)
p1_away_scr_away,0.004060000119406377,14.0,Task C,LightGBM,Permutation fallback (ExplainerError)
p1_home_rank_home,0.003987587038411292,12.0,Task C,LightGBM,Permutation fallback (ExplainerError)
p1_home_con_home,0.003934027916942198,6.0,Task C,LightGBM,Permutation fallback (ExplainerError)
home_shots_against_l10,0.003851580652140633,37.0,Task C,LightGBM,Permutation fallback (ExplainerError)
home_possession_share_l5,0.0038346899512309925,6.0,Task C,LightGBM,Permutation fallback (ExplainerError)
away_xg_against_l10,0.0037113975022602533,26.0,Task C,LightGBM,Permutation fallback (ExplainerError)
home_goal_difference_l3,0.0036686452219891106,9.0,Task C,LightGBM,Permutation fallback (ExplainerError)
home_goals_against_l3,0.003573036152184533,30.0,Task C,LightGBM,Permutation fallback (ExplainerError)
away_passes_for_l3,0.0034773179720578615,6.0,Task C,LightGBM,Permutation fallback (ExplainerError)
home_shots_against_l3,0.0034655134278371246,16.0,Task C,LightGBM,Permutation fallback (ExplainerError)
home_shots_on_target_for_l5,0.0034413570212561777,21.0,Task C,LightGBM,Permutation fallback (ExplainerError)
diff_pass_completion_for_l3,0.003105897735343352,10.0,Task C,LightGBM,Permutation fallback (ExplainerError)
away_goal_difference_l5,0.0029395886126982306,6.0,Task C,LightGBM,Permutation fallback (ExplainerError)
away_shots_for_l5,0.0029133082282143284,5.0,Task C,LightGBM,Permutation fallback (ExplainerError)
away_goals_for_l5,0.0027979852773266584,6.0,Task C,LightGBM,Permutation fallback (ExplainerError)
away_shots_against_l3,0.002778531218205311,4.0,Task C,LightGBM,Permutation fallback (ExplainerError)
away_shots_on_target_for_l10,0.002753685611925277,4.0,Task C,LightGBM,Permutation fallback (ExplainerError)
away_rest_days,0.002721068397832513,28.0,Task C,LightGBM,Permutation fallback (ExplainerError)
p1_away_rank_home,0.0026010860875187477,18.0,Task C,LightGBM,Permutation fallback (ExplainerError)
rest_days_difference,0.0024849593291297583,24.0,Task C,LightGBM,Permutation fallback (ExplainerError)
away_pressures_for_l3,0.0024456423217572173,16.0,Task C,LightGBM,Permutation fallback (ExplainerError)
home_xg_against_l10,0.0024382692092753074,5.0,Task C,LightGBM,Permutation fallback (ExplainerError)
home_points_l10,0.0023532134031205377,10.0,Task C,LightGBM,Permutation fallback (ExplainerError)
home_shots_against_l5,0.0023514910696131167,19.0,Task C,LightGBM,Permutation fallback (ExplainerError)
away_goals_against_l10,0.0018733438184872035,9.0,Task C,LightGBM,Permutation fallback (ExplainerError)
home_pressures_for_l5,0.0018646622876718204,11.0,Task C,LightGBM,Permutation fallback (ExplainerError)
home_pressures_for_l10,0.001757971769934899,3.0,Task C,LightGBM,Permutation fallback (ExplainerError)
home_points_l3,0.00169028448930057,7.0,Task C,LightGBM,Permutation fallback (ExplainerError)
away_points_l10,0.001668633337202231,5.0,Task C,LightGBM,Permutation fallback (ExplainerError)
away_final_third_entries_for_l5,0.001596601412242291,4.0,Task C,LightGBM,Permutation fallback (ExplainerError)
home_goals_for_l10,0.0015390426823561865,4.0,Task C,LightGBM,Permutation fallback (ExplainerError)
home_xg_for_l5,0.001527693266482795,5.0,Task C,LightGBM,Permutation fallback (ExplainerError)
p1_home_rank_total,0.0015169967739458092,6.0,Task C,LightGBM,Permutation fallback (ExplainerError)
away_passes_for_l10,0.0014145191239315184,3.0,Task C,LightGBM,Permutation fallback (ExplainerError)
away_pressures_for_l10,0.0014002354415682432,9.0,Task C,LightGBM,Permutation fallback (ExplainerError)
away_possession_share_l10,0.001380143351258888,3.0,Task C,LightGBM,Permutation fallback (ExplainerError)
away_red_cards_for_l10,0.0012147658559923025,2.0,Task C,LightGBM,Permutation fallback (ExplainerError)
home_shots_on_target_for_l10,0.001154513059791839,2.0,Task C,LightGBM,Permutation fallback (ExplainerError)
diff_points_l10,0.0011490586137024963,2.0,Task C,LightGBM,Permutation fallback (ExplainerError)
away_goals_for_l10,0.001027729365140756,4.0,Task C,LightGBM,Permutation fallback (ExplainerError)
diff_points_l5,0.0009804663496817837,6.0,Task C,LightGBM,Permutation fallback (ExplainerError)
away_shots_for_l10,0.0009302293319917351,5.0,Task C,LightGBM,Permutation fallback (ExplainerError)
home_possession_share_l3,0.000920873975778005,3.0,Task C,LightGBM,Permutation fallback (ExplainerError)
home_possession_share_l10,0.0008248067281126865,2.0,Task C,LightGBM,Permutation fallback (ExplainerError)
away_final_third_entries_for_l3,0.000817893840183039,2.0,Task C,LightGBM,Permutation fallback (ExplainerError)
away_goal_difference_l3,0.0008138116229901075,3.0,Task C,LightGBM,Permutation fallback (ExplainerError)
diff_xg_for_l10,0.0007718709158844109,4.0,Task C,LightGBM,Permutation fallback (ExplainerError)
home_points_l5,0.0007584083722813379,3.0,Task C,LightGBM,Permutation fallback (ExplainerError)
away_xg_for_l10,0.0007171472525788364,5.0,Task C,LightGBM,Permutation fallback (ExplainerError)
away_shots_against_l5,0.0006367864713428502,1.0,Task C,LightGBM,Permutation fallback (ExplainerError)
p1_away_scr_total,0.0006121176990678235,3.0,Task C,LightGBM,Permutation fallback (ExplainerError)
home_passes_for_l10,0.0005423607535478954,3.0,Task C,LightGBM,Permutation fallback (ExplainerError)
home_shots_for_l5,0.0005364988997591224,1.0,Task C,LightGBM,Permutation fallback (ExplainerError)
diff_pass_completion_for_l10,0.00048250688511266573,5.0,Task C,LightGBM,Permutation fallback (ExplainerError)
away_pass_completion_for_l5,0.00044565707260285544,1.0,Task C,LightGBM,Permutation fallback (ExplainerError)
home_shots_for_l10,0.00044267875191107096,1.0,Task C,LightGBM,Permutation fallback (ExplainerError)
home_red_cards_for_l3,0.0003208509156732033,1.0,Task C,LightGBM,Permutation fallback (ExplainerError)
home_red_cards_for_l5,0.0003181138004397316,1.0,Task C,LightGBM,Permutation fallback (ExplainerError)
p1_home_scr_total,0.0002926219762273271,1.0,Task C,LightGBM,Permutation fallback (ExplainerError)
p1_home_scr_away,0.00025083048671953464,1.0,Task C,LightGBM,Permutation fallback (ExplainerError)
diff_shots_for_l3,0.00020257347846204068,1.0,Task C,LightGBM,Permutation fallback (ExplainerError)
away_pressures_for_l5,0.0001901299480406284,2.0,Task C,LightGBM,Permutation fallback (ExplainerError)
missingindicator_away_pressures_for_l10,0.0,0.0,Task C,LightGBM,Permutation fallback (ExplainerError)
missingindicator_away_final_third_entries_for_l10,0.0,0.0,Task C,LightGBM,Permutation fallback (ExplainerError)
missingindicator_away_xg_for_l10,0.0,0.0,Task C,LightGBM,Permutation fallback (ExplainerError)
missingindicator_away_shots_on_target_against_l10,0.0,0.0,Task C,LightGBM,Permutation fallback (ExplainerError)
missingindicator_away_shots_on_target_for_l10,0.0,0.0,Task C,LightGBM,Permutation fallback (ExplainerError)
missingindicator_away_shots_against_l10,0.0,0.0,Task C,LightGBM,Permutation fallback (ExplainerError)
missingindicator_away_shots_for_l10,0.0,0.0,Task C,LightGBM,Permutation fallback (ExplainerError)
missingindicator_away_pass_completion_for_l10,0.0,0.0,Task C,LightGBM,Permutation fallback (ExplainerError)
missingindicator_away_passes_for_l10,0.0,0.0,Task C,LightGBM,Permutation fallback (ExplainerError)
missingindicator_away_xg_against_l10,0.0,0.0,Task C,LightGBM,Permutation fallback (ExplainerError)
missingindicator_diff_points_l3,0.0,0.0,Task C,LightGBM,Permutation fallback (ExplainerError)
missingindicator_away_possession_share_l10,0.0,0.0,Task C,LightGBM,Permutation fallback (ExplainerError)
missingindicator_away_red_cards_for_l10,0.0,0.0,Task C,LightGBM,Permutation fallback (ExplainerError)
home_history_matches_before,0.0,0.0,Task C,LightGBM,Permutation fallback (ExplainerError)
home_goals_for_l3,0.0,0.0,Task C,LightGBM,Permutation fallback (ExplainerError)
missingindicator_away_goals_against_l10,0.0,0.0,Task C,LightGBM,Permutation fallback (ExplainerError)
missingindicator_away_goals_for_l10,0.0,0.0,Task C,LightGBM,Permutation fallback (ExplainerError)
home_passes_for_l3,0.0,0.0,Task C,LightGBM,Permutation fallback (ExplainerError)
home_goals_against_l5,0.0,0.0,Task C,LightGBM,Permutation fallback (ExplainerError)
home_missing_history_l3,0.0,0.0,Task C,LightGBM,Permutation fallback (ExplainerError)
home_passes_for_l5,0.0,0.0,Task C,LightGBM,Permutation fallback (ExplainerError)
missingindicator_away_pressures_for_l5,0.0,0.0,Task C,LightGBM,Permutation fallback (ExplainerError)
missingindicator_away_final_third_entries_for_l5,0.0,0.0,Task C,LightGBM,Permutation fallback (ExplainerError)
missingindicator_away_red_cards_for_l5,0.0,0.0,Task C,LightGBM,Permutation fallback (ExplainerError)
missingindicator_away_possession_share_l5,0.0,0.0,Task C,LightGBM,Permutation fallback (ExplainerError)
missingindicator_away_points_l10,0.0,0.0,Task C,LightGBM,Permutation fallback (ExplainerError)
away_missing_history_l10,0.0,0.0,Task C,LightGBM,Permutation fallback (ExplainerError)
away_xg_for_l5,0.0,0.0,Task C,LightGBM,Permutation fallback (ExplainerError)
away_missing_history_l5,0.0,0.0,Task C,LightGBM,Permutation fallback (ExplainerError)
away_red_cards_for_l5,0.0,0.0,Task C,LightGBM,Permutation fallback (ExplainerError)
missingindicator_diff_pressures_for_l3,0.0,0.0,Task C,LightGBM,Permutation fallback (ExplainerError)
missingindicator_diff_possession_share_l3,0.0,0.0,Task C,LightGBM,Permutation fallback (ExplainerError)
missingindicator_diff_xg_for_l3,0.0,0.0,Task C,LightGBM,Permutation fallback (ExplainerError)
missingindicator_diff_pass_completion_for_l3,0.0,0.0,Task C,LightGBM,Permutation fallback (ExplainerError)
missingindicator_diff_goal_difference_l5,0.0,0.0,Task C,LightGBM,Permutation fallback (ExplainerError)
missingindicator_diff_points_l5,0.0,0.0,Task C,LightGBM,Permutation fallback (ExplainerError)
missingindicator_diff_xg_for_l5,0.0,0.0,Task C,LightGBM,Permutation fallback (ExplainerError)
missingindicator_diff_shots_for_l5,0.0,0.0,Task C,LightGBM,Permutation fallback (ExplainerError)
missingindicator_diff_pass_completion_for_l5,0.0,0.0,Task C,LightGBM,Permutation fallback (ExplainerError)
away_red_cards_for_l3,0.0,0.0,Task C,LightGBM,Permutation fallback (ExplainerError)
away_missing_history_l3,0.0,0.0,Task C,LightGBM,Permutation fallback (ExplainerError)
away_points_l5,0.0,0.0,Task C,LightGBM,Permutation fallback (ExplainerError)
missingindicator_diff_shots_for_l3,0.0,0.0,Task C,LightGBM,Permutation fallback (ExplainerError)
missingindicator_diff_goal_difference_l3,0.0,0.0,Task C,LightGBM,Permutation fallback (ExplainerError)
missingindicator_away_goal_difference_l10,0.0,0.0,Task C,LightGBM,Permutation fallback (ExplainerError)
diff_goal_difference_l3,0.0,0.0,Task C,LightGBM,Permutation fallback (ExplainerError)
home_goal_difference_l10,0.0,0.0,Task C,LightGBM,Permutation fallback (ExplainerError)
home_goals_against_l10,0.0,0.0,Task C,LightGBM,Permutation fallback (ExplainerError)
home_missing_history_l5,0.0,0.0,Task C,LightGBM,Permutation fallback (ExplainerError)
home_shots_on_target_against_l10,0.0,0.0,Task C,LightGBM,Permutation fallback (ExplainerError)
home_final_third_entries_for_l10,0.0,0.0,Task C,LightGBM,Permutation fallback (ExplainerError)
home_xg_for_l10,0.0,0.0,Task C,LightGBM,Permutation fallback (ExplainerError)
home_missing_history_l10,0.0,0.0,Task C,LightGBM,Permutation fallback (ExplainerError)
home_red_cards_for_l10,0.0,0.0,Task C,LightGBM,Permutation fallback (ExplainerError)
diff_points_l3,0.0,0.0,Task C,LightGBM,Permutation fallback (ExplainerError)
diff_shots_for_l5,0.0,0.0,Task C,LightGBM,Permutation fallback (ExplainerError)
diff_xg_for_l5,0.0,0.0,Task C,LightGBM,Permutation fallback (ExplainerError)
diff_pressures_for_l5,0.0,0.0,Task C,LightGBM,Permutation fallback (ExplainerError)
away_shots_for_l3,0.0,0.0,Task C,LightGBM,Permutation fallback (ExplainerError)
away_goals_against_l3,0.0,0.0,Task C,LightGBM,Permutation fallback (ExplainerError)
away_points_l3,0.0,0.0,Task C,LightGBM,Permutation fallback (ExplainerError)
away_history_matches_before,0.0,0.0,Task C,LightGBM,Permutation fallback (ExplainerError)
away_shots_on_target_for_l3,0.0,0.0,Task C,LightGBM,Permutation fallback (ExplainerError)
p1_away_con_home,0.0,0.0,Task C,LightGBM,Permutation fallback (ExplainerError)
p1_home_rank_away,0.0,0.0,Task C,LightGBM,Permutation fallback (ExplainerError)
p1_away_rank_away,0.0,0.0,Task C,LightGBM,Permutation fallback (ExplainerError)
missingindicator_home_rest_days,0.0,0.0,Task C,LightGBM,Permutation fallback (ExplainerError)
missingindicator_home_points_l3,0.0,0.0,Task C,LightGBM,Permutation fallback (ExplainerError)
missingindicator_home_goals_for_l3,0.0,0.0,Task C,LightGBM,Permutation fallback (ExplainerError)
missingindicator_home_goals_against_l3,0.0,0.0,Task C,LightGBM,Permutation fallback (ExplainerError)
missingindicator_home_goal_difference_l3,0.0,0.0,Task C,LightGBM,Permutation fallback (ExplainerError)
missingindicator_home_shots_for_l3,0.0,0.0,Task C,LightGBM,Permutation fallback (ExplainerError)
missingindicator_home_shots_against_l3,0.0,0.0,Task C,LightGBM,Permutation fallback (ExplainerError)
missingindicator_home_shots_on_target_for_l3,0.0,0.0,Task C,LightGBM,Permutation fallback (ExplainerError)
missingindicator_home_shots_on_target_against_l3,0.0,0.0,Task C,LightGBM,Permutation fallback (ExplainerError)
missingindicator_home_xg_for_l3,0.0,0.0,Task C,LightGBM,Permutation fallback (ExplainerError)
missingindicator_home_xg_against_l3,0.0,0.0,Task C,LightGBM,Permutation fallback (ExplainerError)
missingindicator_home_passes_for_l3,0.0,0.0,Task C,LightGBM,Permutation fallback (ExplainerError)
missingindicator_home_pass_completion_for_l3,0.0,0.0,Task C,LightGBM,Permutation fallback (ExplainerError)
missingindicator_home_pressures_for_l3,0.0,0.0,Task C,LightGBM,Permutation fallback (ExplainerError)
missingindicator_home_final_third_entries_for_l3,0.0,0.0,Task C,LightGBM,Permutation fallback (ExplainerError)
missingindicator_home_red_cards_for_l3,0.0,0.0,Task C,LightGBM,Permutation fallback (ExplainerError)
missingindicator_home_possession_share_l3,0.0,0.0,Task C,LightGBM,Permutation fallback (ExplainerError)
missingindicator_home_points_l5,0.0,0.0,Task C,LightGBM,Permutation fallback (ExplainerError)
missingindicator_home_goals_for_l5,0.0,0.0,Task C,LightGBM,Permutation fallback (ExplainerError)
missingindicator_home_goals_against_l5,0.0,0.0,Task C,LightGBM,Permutation fallback (ExplainerError)
missingindicator_home_goal_difference_l5,0.0,0.0,Task C,LightGBM,Permutation fallback (ExplainerError)
missingindicator_home_shots_for_l5,0.0,0.0,Task C,LightGBM,Permutation fallback (ExplainerError)
missingindicator_home_shots_against_l5,0.0,0.0,Task C,LightGBM,Permutation fallback (ExplainerError)
missingindicator_home_shots_on_target_for_l5,0.0,0.0,Task C,LightGBM,Permutation fallback (ExplainerError)
missingindicator_home_shots_on_target_against_l5,0.0,0.0,Task C,LightGBM,Permutation fallback (ExplainerError)
missingindicator_home_xg_for_l5,0.0,0.0,Task C,LightGBM,Permutation fallback (ExplainerError)
missingindicator_home_xg_against_l5,0.0,0.0,Task C,LightGBM,Permutation fallback (ExplainerError)
missingindicator_home_passes_for_l5,0.0,0.0,Task C,LightGBM,Permutation fallback (ExplainerError)
missingindicator_home_pass_completion_for_l5,0.0,0.0,Task C,LightGBM,Permutation fallback (ExplainerError)
missingindicator_home_pressures_for_l5,0.0,0.0,Task C,LightGBM,Permutation fallback (ExplainerError)
missingindicator_home_final_third_entries_for_l5,0.0,0.0,Task C,LightGBM,Permutation fallback (ExplainerError)
missingindicator_home_red_cards_for_l5,0.0,0.0,Task C,LightGBM,Permutation fallback (ExplainerError)
missingindicator_home_possession_share_l5,0.0,0.0,Task C,LightGBM,Permutation fallback (ExplainerError)
missingindicator_home_points_l10,0.0,0.0,Task C,LightGBM,Permutation fallback (ExplainerError)
missingindicator_home_goals_for_l10,0.0,0.0,Task C,LightGBM,Permutation fallback (ExplainerError)
missingindicator_home_goals_against_l10,0.0,0.0,Task C,LightGBM,Permutation fallback (ExplainerError)
missingindicator_home_goal_difference_l10,0.0,0.0,Task C,LightGBM,Permutation fallback (ExplainerError)
missingindicator_home_shots_for_l10,0.0,0.0,Task C,LightGBM,Permutation fallback (ExplainerError)
missingindicator_home_shots_against_l10,0.0,0.0,Task C,LightGBM,Permutation fallback (ExplainerError)
missingindicator_home_shots_on_target_for_l10,0.0,0.0,Task C,LightGBM,Permutation fallback (ExplainerError)
missingindicator_home_shots_on_target_against_l10,0.0,0.0,Task C,LightGBM,Permutation fallback (ExplainerError)
missingindicator_home_xg_for_l10,0.0,0.0,Task C,LightGBM,Permutation fallback (ExplainerError)
missingindicator_home_xg_against_l10,0.0,0.0,Task C,LightGBM,Permutation fallback (ExplainerError)
missingindicator_home_passes_for_l10,0.0,0.0,Task C,LightGBM,Permutation fallback (ExplainerError)
missingindicator_home_pass_completion_for_l10,0.0,0.0,Task C,LightGBM,Permutation fallback (ExplainerError)
missingindicator_home_pressures_for_l10,0.0,0.0,Task C,LightGBM,Permutation fallback (ExplainerError)
missingindicator_home_final_third_entries_for_l10,0.0,0.0,Task C,LightGBM,Permutation fallback (ExplainerError)
missingindicator_home_red_cards_for_l10,0.0,0.0,Task C,LightGBM,Permutation fallback (ExplainerError)
missingindicator_home_possession_share_l10,0.0,0.0,Task C,LightGBM,Permutation fallback (ExplainerError)
missingindicator_away_rest_days,0.0,0.0,Task C,LightGBM,Permutation fallback (ExplainerError)
missingindicator_away_points_l3,0.0,0.0,Task C,LightGBM,Permutation fallback (ExplainerError)
missingindicator_away_goals_for_l3,0.0,0.0,Task C,LightGBM,Permutation fallback (ExplainerError)
missingindicator_away_goals_against_l3,0.0,0.0,Task C,LightGBM,Permutation fallback (ExplainerError)
missingindicator_away_goal_difference_l3,0.0,0.0,Task C,LightGBM,Permutation fallback (ExplainerError)
missingindicator_away_shots_for_l3,0.0,0.0,Task C,LightGBM,Permutation fallback (ExplainerError)
missingindicator_away_shots_against_l3,0.0,0.0,Task C,LightGBM,Permutation fallback (ExplainerError)
missingindicator_away_shots_on_target_for_l3,0.0,0.0,Task C,LightGBM,Permutation fallback (ExplainerError)
missingindicator_away_shots_on_target_against_l3,0.0,0.0,Task C,LightGBM,Permutation fallback (ExplainerError)
missingindicator_away_xg_for_l3,0.0,0.0,Task C,LightGBM,Permutation fallback (ExplainerError)
missingindicator_away_xg_against_l3,0.0,0.0,Task C,LightGBM,Permutation fallback (ExplainerError)
missingindicator_away_passes_for_l3,0.0,0.0,Task C,LightGBM,Permutation fallback (ExplainerError)
missingindicator_away_pass_completion_for_l3,0.0,0.0,Task C,LightGBM,Permutation fallback (ExplainerError)
missingindicator_away_pressures_for_l3,0.0,0.0,Task C,LightGBM,Permutation fallback (ExplainerError)
missingindicator_away_final_third_entries_for_l3,0.0,0.0,Task C,LightGBM,Permutation fallback (ExplainerError)
missingindicator_away_red_cards_for_l3,0.0,0.0,Task C,LightGBM,Permutation fallback (ExplainerError)
missingindicator_away_possession_share_l3,0.0,0.0,Task C,LightGBM,Permutation fallback (ExplainerError)
missingindicator_away_points_l5,0.0,0.0,Task C,LightGBM,Permutation fallback (ExplainerError)
missingindicator_away_goals_for_l5,0.0,0.0,Task C,LightGBM,Permutation fallback (ExplainerError)
missingindicator_away_goals_against_l5,0.0,0.0,Task C,LightGBM,Permutation fallback (ExplainerError)
missingindicator_away_goal_difference_l5,0.0,0.0,Task C,LightGBM,Permutation fallback (ExplainerError)
missingindicator_away_shots_for_l5,0.0,0.0,Task C,LightGBM,Permutation fallback (ExplainerError)
missingindicator_away_shots_against_l5,0.0,0.0,Task C,LightGBM,Permutation fallback (ExplainerError)
missingindicator_away_shots_on_target_for_l5,0.0,0.0,Task C,LightGBM,Permutation fallback (ExplainerError)
missingindicator_away_shots_on_target_against_l5,0.0,0.0,Task C,LightGBM,Permutation fallback (ExplainerError)
missingindicator_away_xg_for_l5,0.0,0.0,Task C,LightGBM,Permutation fallback (ExplainerError)
missingindicator_away_xg_against_l5,0.0,0.0,Task C,LightGBM,Permutation fallback (ExplainerError)
missingindicator_away_passes_for_l5,0.0,0.0,Task C,LightGBM,Permutation fallback (ExplainerError)
missingindicator_away_pass_completion_for_l5,0.0,0.0,Task C,LightGBM,Permutation fallback (ExplainerError)
missingindicator_diff_pressures_for_l5,0.0,0.0,Task C,LightGBM,Permutation fallback (ExplainerError)
missingindicator_diff_possession_share_l5,0.0,0.0,Task C,LightGBM,Permutation fallback (ExplainerError)
missingindicator_diff_points_l10,0.0,0.0,Task C,LightGBM,Permutation fallback (ExplainerError)
missingindicator_diff_goal_difference_l10,0.0,0.0,Task C,LightGBM,Permutation fallback (ExplainerError)
missingindicator_diff_shots_for_l10,0.0,0.0,Task C,LightGBM,Permutation fallback (ExplainerError)
missingindicator_diff_xg_for_l10,0.0,0.0,Task C,LightGBM,Permutation fallback (ExplainerError)
missingindicator_diff_pass_completion_for_l10,0.0,0.0,Task C,LightGBM,Permutation fallback (ExplainerError)
missingindicator_diff_pressures_for_l10,0.0,0.0,Task C,LightGBM,Permutation fallback (ExplainerError)
missingindicator_diff_possession_share_l10,0.0,0.0,Task C,LightGBM,Permutation fallback (ExplainerError)
missingindicator_rest_days_difference,0.0,0.0,Task C,LightGBM,Permutation fallback (ExplainerError)
diff_xg_for_l3,0.04087165930517967,0.01752380232792076,Task R,Random Forest,TreeExplainer
p1_away_scr_total,0.04082760317650983,0.014663778533025997,Task R,Random Forest,TreeExplainer
p1_away_con_total,0.039214721355566265,0.022225304406331334,Task R,Random Forest,TreeExplainer
p1_away_rank_total,0.03617209828889333,0.018236575158345033,Task R,Random Forest,TreeExplainer
p1_away_con_away,0.027798213627415955,0.018952088616554508,Task R,Random Forest,TreeExplainer
p1_away_scr_home,0.02718428353979647,0.01290750244340743,Task R,Random Forest,TreeExplainer
home_xg_for_l3,0.02541672741714942,0.013185671953579704,Task R,Random Forest,TreeExplainer
p1_away_rank_away,0.025362814707090283,0.015443742545764293,Task R,Random Forest,TreeExplainer
diff_shots_for_l10,0.02535873485261803,0.013619299048882873,Task R,Random Forest,TreeExplainer
away_final_third_entries_for_l10,0.024351584111201995,0.01543708811709309,Task R,Random Forest,TreeExplainer
home_xg_for_l5,0.023243842583945913,0.009021378562490688,Task R,Random Forest,TreeExplainer
home_xg_for_l10,0.022871037859627186,0.008825377499263137,Task R,Random Forest,TreeExplainer
away_goals_against_l5,0.02004510533790802,0.009067975706401183,Task R,Random Forest,TreeExplainer
home_shots_for_l10,0.019854463866563254,0.01140686636441977,Task R,Random Forest,TreeExplainer
home_shots_for_l5,0.01984416312290402,0.01009489939495473,Task R,Random Forest,TreeExplainer
away_goal_difference_l5,0.01835499054162999,0.007087872690981783,Task R,Random Forest,TreeExplainer
p1_away_rank_home,0.018032005156845225,0.009524194973271432,Task R,Random Forest,TreeExplainer
p1_home_scr_home,0.017676991084478177,0.00977496880928741,Task R,Random Forest,TreeExplainer
diff_xg_for_l5,0.017354303552160406,0.008588465778794737,Task R,Random Forest,TreeExplainer
away_shots_on_target_for_l10,0.016477802205000395,0.010141841850938825,Task R,Random Forest,TreeExplainer
diff_xg_for_l10,0.015928639206939793,0.011073363075646074,Task R,Random Forest,TreeExplainer
home_shots_for_l3,0.01538631952221426,0.011017951053457207,Task R,Random Forest,TreeExplainer
away_final_third_entries_for_l5,0.015094208793304977,0.01167810591097652,Task R,Random Forest,TreeExplainer
p1_home_scr_total,0.015063059952133681,0.007029185269688633,Task R,Random Forest,TreeExplainer
home_pass_completion_for_l3,0.014658661993048487,0.013258162792432988,Task R,Random Forest,TreeExplainer
away_xg_for_l3,0.014651223216250946,0.010274495248966033,Task R,Random Forest,TreeExplainer
away_goal_difference_l10,0.013723031517125766,0.0075345848245490935,Task R,Random Forest,TreeExplainer
away_shots_on_target_for_l5,0.01347113767537651,0.007735133396008148,Task R,Random Forest,TreeExplainer
away_shots_on_target_for_l3,0.013332285072246505,0.0066268609024725915,Task R,Random Forest,TreeExplainer
p1_home_rank_home,0.013136448936495607,0.007726792724627641,Task R,Random Forest,TreeExplainer
home_pass_completion_for_l5,0.013117118283295325,0.008102283973110087,Task R,Random Forest,TreeExplainer
home_shots_on_target_against_l5,0.012987939439432487,0.00624563487750092,Task R,Random Forest,TreeExplainer
diff_pressures_for_l10,0.012899124771678152,0.008006440677137891,Task R,Random Forest,TreeExplainer
home_passes_for_l5,0.012830988804941885,0.010381512006530352,Task R,Random Forest,TreeExplainer
home_shots_on_target_for_l3,0.012608725630153072,0.008090036984595457,Task R,Random Forest,TreeExplainer
diff_goal_difference_l10,0.012606179942511755,0.009429212679194257,Task R,Random Forest,TreeExplainer
diff_possession_share_l5,0.01253816593517592,0.012027612629012788,Task R,Random Forest,TreeExplainer
away_goals_for_l3,0.012519935581592465,0.005390887947616302,Task R,Random Forest,TreeExplainer
away_shots_against_l10,0.01247482169145921,0.01011399832801731,Task R,Random Forest,TreeExplainer
away_shots_for_l10,0.012360151536355602,0.00924450781759245,Task R,Random Forest,TreeExplainer
diff_possession_share_l10,0.012273881201449318,0.009789095858169753,Task R,Random Forest,TreeExplainer
away_pass_completion_for_l10,0.01202552896443919,0.010153986892537355,Task R,Random Forest,TreeExplainer
away_shots_for_l5,0.011807321280346257,0.007422306562513144,Task R,Random Forest,TreeExplainer
diff_shots_for_l5,0.011594311469775347,0.013059195286351471,Task R,Random Forest,TreeExplainer
home_shots_on_target_for_l5,0.011084643608755442,0.0071924069709516335,Task R,Random Forest,TreeExplainer
home_pressures_for_l5,0.01086806924793966,0.007818630668593056,Task R,Random Forest,TreeExplainer
home_final_third_entries_for_l5,0.010781916984553948,0.008829939155370574,Task R,Random Forest,TreeExplainer
away_possession_share_l3,0.00953417138421997,0.006736947779837994,Task R,Random Forest,TreeExplainer
home_final_third_entries_for_l10,0.009372480798072872,0.0077810745614284105,Task R,Random Forest,TreeExplainer
away_passes_for_l5,0.008788071306860837,0.00760675733631389,Task R,Random Forest,TreeExplainer
p1_away_scr_away,0.008671167454215463,0.006702626724972168,Task R,Random Forest,TreeExplainer
away_xg_against_l10,0.008555478344085606,0.011607079227194292,Task R,Random Forest,TreeExplainer
p1_away_con_home,0.008322020968873495,0.006764196272766604,Task R,Random Forest,TreeExplainer
home_possession_share_l10,0.008230279010308882,0.006564073974443104,Task R,Random Forest,TreeExplainer
diff_pass_completion_for_l10,0.007769934652879862,0.007831333433625118,Task R,Random Forest,TreeExplainer
away_shots_on_target_against_l10,0.007436558468746136,0.0057118633254804934,Task R,Random Forest,TreeExplainer
away_xg_against_l5,0.007423952110100116,0.007944835290305626,Task R,Random Forest,TreeExplainer
home_pass_completion_for_l10,0.007326981699729153,0.008238470185935615,Task R,Random Forest,TreeExplainer
home_passes_for_l3,0.0073249210332650755,0.008336637022134073,Task R,Random Forest,TreeExplainer
diff_shots_for_l3,0.007142719398394295,0.009424287430113212,Task R,Random Forest,TreeExplainer
away_goals_against_l10,0.0071139098794835735,0.007208678109600392,Task R,Random Forest,TreeExplainer
away_shots_on_target_against_l3,0.007079235950700292,0.004836275746237802,Task R,Random Forest,TreeExplainer
away_goals_for_l10,0.007023784938587762,0.00541492039725651,Task R,Random Forest,TreeExplainer
home_goals_for_l5,0.0070174247862770005,0.0038888787966648336,Task R,Random Forest,TreeExplainer
away_pass_completion_for_l3,0.007015379497542909,0.005746846780124565,Task R,Random Forest,TreeExplainer
home_passes_for_l10,0.0068923349223278686,0.009179186910353701,Task R,Random Forest,TreeExplainer
home_points_l5,0.006828434642782509,0.0036698367336722585,Task R,Random Forest,TreeExplainer
home_rest_days,0.006785629239450073,0.00756979126143894,Task R,Random Forest,TreeExplainer
home_xg_against_l10,0.00641368124338837,0.0046655215954361055,Task R,Random Forest,TreeExplainer
diff_pass_completion_for_l3,0.006226167827517728,0.0062265889603692086,Task R,Random Forest,TreeExplainer
away_pressures_for_l5,0.006210747393701559,0.006749266048296595,Task R,Random Forest,TreeExplainer
away_shots_on_target_against_l5,0.006150561100306127,0.006233068496037641,Task R,Random Forest,TreeExplainer
diff_points_l10,0.006112408571106494,0.007200692115979828,Task R,Random Forest,TreeExplainer
home_final_third_entries_for_l3,0.006085282477140052,0.008862077620504246,Task R,Random Forest,TreeExplainer
p1_home_con_total,0.006083092190511086,0.0068361318141093004,Task R,Random Forest,TreeExplainer
diff_pass_completion_for_l5,0.005944376359072845,0.0049826252635276295,Task R,Random Forest,TreeExplainer
away_possession_share_l5,0.005921972125574743,0.008437581853624164,Task R,Random Forest,TreeExplainer
p1_home_rank_total,0.005799503681207115,0.00535721895976514,Task R,Random Forest,TreeExplainer
home_goals_against_l10,0.005783456490336039,0.006254509710526437,Task R,Random Forest,TreeExplainer
diff_pressures_for_l3,0.005767600637519879,0.005826855148627715,Task R,Random Forest,TreeExplainer
away_points_l5,0.0056586872877453735,0.004038528114978071,Task R,Random Forest,TreeExplainer
away_pressures_for_l3,0.005653976797225038,0.007512920862359306,Task R,Random Forest,TreeExplainer
home_xg_against_l5,0.005581735078358113,0.00455159209009478,Task R,Random Forest,TreeExplainer
away_possession_share_l10,0.0055208078520219885,0.005888847500590617,Task R,Random Forest,TreeExplainer
home_shots_on_target_against_l10,0.005514015197059217,0.005060237518773124,Task R,Random Forest,TreeExplainer
away_xg_against_l3,0.005466187117770048,0.00810931551190266,Task R,Random Forest,TreeExplainer
diff_pressures_for_l5,0.0054329823321925515,0.005582467068107244,Task R,Random Forest,TreeExplainer
away_xg_for_l5,0.005234653227537726,0.007773746538374453,Task R,Random Forest,TreeExplainer
p1_home_rank_away,0.005142824956005758,0.005695698860069906,Task R,Random Forest,TreeExplainer
home_shots_against_l10,0.005070621439494642,0.004426437810006227,Task R,Random Forest,TreeExplainer
home_xg_against_l3,0.004971916582224571,0.0062334256699152725,Task R,Random Forest,TreeExplainer
away_passes_for_l3,0.0048363280241514785,0.005973561268920677,Task R,Random Forest,TreeExplainer
home_points_l10,0.004791653452533259,0.0038495861467104904,Task R,Random Forest,TreeExplainer
away_goals_for_l5,0.0047848390187835025,0.004651287638005709,Task R,Random Forest,TreeExplainer
away_final_third_entries_for_l3,0.00471129647328721,0.00772007093413343,Task R,Random Forest,TreeExplainer
away_shots_against_l3,0.004633232286131176,0.004175412040234206,Task R,Random Forest,TreeExplainer
away_passes_for_l10,0.004556338378208659,0.006671133923072494,Task R,Random Forest,TreeExplainer
diff_points_l5,0.004535737974954389,0.0035973750276361363,Task R,Random Forest,TreeExplainer
away_pass_completion_for_l5,0.004524415813229051,0.005329957407602517,Task R,Random Forest,TreeExplainer
diff_goal_difference_l3,0.004457521291200188,0.004800961549958673,Task R,Random Forest,TreeExplainer
away_shots_for_l3,0.004444568972834583,0.004432094683411939,Task R,Random Forest,TreeExplainer
home_shots_against_l5,0.0043522441400158565,0.005240764002599269,Task R,Random Forest,TreeExplainer
diff_possession_share_l3,0.0041897626515520455,0.006046491927032733,Task R,Random Forest,TreeExplainer
away_xg_for_l10,0.004185451088432293,0.006391511779656603,Task R,Random Forest,TreeExplainer
home_points_l3,0.004133413291870254,0.002923468645830374,Task R,Random Forest,TreeExplainer
home_shots_on_target_for_l10,0.004126660705628308,0.004971066977801609,Task R,Random Forest,TreeExplainer
rest_days_difference,0.00407146107218859,0.004712036601963074,Task R,Random Forest,TreeExplainer
home_goals_for_l10,0.004048105611922358,0.0026185104191978974,Task R,Random Forest,TreeExplainer
home_goals_against_l5,0.003992336205545842,0.0030022674226719203,Task R,Random Forest,TreeExplainer
away_goals_against_l3,0.003926421915532764,0.0036708156484889618,Task R,Random Forest,TreeExplainer
away_goal_difference_l3,0.003916186359311802,0.002405080925907685,Task R,Random Forest,TreeExplainer
home_pressures_for_l3,0.003915896803758095,0.003393331860874428,Task R,Random Forest,TreeExplainer
home_shots_against_l3,0.003894266935884699,0.005602181301978552,Task R,Random Forest,TreeExplainer
p1_home_con_away,0.0038490726114383243,0.004310145215302044,Task R,Random Forest,TreeExplainer
away_shots_against_l5,0.00381498900327728,0.007458985151440319,Task R,Random Forest,TreeExplainer
diff_points_l3,0.0035948542891087593,0.003444389084498979,Task R,Random Forest,TreeExplainer
diff_goal_difference_l5,0.0035491559104977987,0.0037367199676196687,Task R,Random Forest,TreeExplainer
home_red_cards_for_l10,0.0035141001024283176,0.0019426185575009472,Task R,Random Forest,TreeExplainer
home_possession_share_l3,0.0035132005896556344,0.004789743878651587,Task R,Random Forest,TreeExplainer
home_goal_difference_l3,0.0034464130991953275,0.002925518925490251,Task R,Random Forest,TreeExplainer
p1_home_con_home,0.00343320313079205,0.0050217639786843005,Task R,Random Forest,TreeExplainer
away_points_l10,0.0034311881210689296,0.005757125081485218,Task R,Random Forest,TreeExplainer
home_shots_on_target_against_l3,0.003284168612047494,0.0035622173359777997,Task R,Random Forest,TreeExplainer
home_possession_share_l5,0.0032778014630874142,0.00487328590156832,Task R,Random Forest,TreeExplainer
home_goals_against_l3,0.0032506583210428347,0.0035230672235333155,Task R,Random Forest,TreeExplainer
home_goals_for_l3,0.0029472292815652494,0.0033057678496573226,Task R,Random Forest,TreeExplainer
away_rest_days,0.0027309767767022012,0.006362817098611629,Task R,Random Forest,TreeExplainer
home_pressures_for_l10,0.0026974934816066244,0.0047301581814697255,Task R,Random Forest,TreeExplainer
p1_home_scr_away,0.0026759431792837854,0.0040714189823443155,Task R,Random Forest,TreeExplainer
home_goal_difference_l10,0.002355016537643533,0.0030292818546640596,Task R,Random Forest,TreeExplainer
home_goal_difference_l5,0.0023228969357152922,0.0034572789844580644,Task R,Random Forest,TreeExplainer
away_red_cards_for_l10,0.001891178585173544,0.002445169797583212,Task R,Random Forest,TreeExplainer
away_points_l3,0.0018118133101881833,0.0024429667464499856,Task R,Random Forest,TreeExplainer
away_red_cards_for_l5,0.0016954106988492461,0.0015457605161666632,Task R,Random Forest,TreeExplainer
away_pressures_for_l10,0.001475037820685337,0.005034161347417649,Task R,Random Forest,TreeExplainer
home_red_cards_for_l5,0.0013884909731435374,0.0008149975067577311,Task R,Random Forest,TreeExplainer
away_red_cards_for_l3,0.0009536707865320923,0.000364788155155228,Task R,Random Forest,TreeExplainer
home_red_cards_for_l3,0.0006111499565834136,0.0007639599540909387,Task R,Random Forest,TreeExplainer
missingindicator_away_goal_difference_l10,0.0,0.0,Task R,Random Forest,TreeExplainer
missingindicator_away_goals_against_l10,0.0,0.0,Task R,Random Forest,TreeExplainer
missingindicator_away_goals_for_l10,0.0,0.0,Task R,Random Forest,TreeExplainer
missingindicator_away_points_l10,0.0,0.0,Task R,Random Forest,TreeExplainer
missingindicator_away_possession_share_l5,0.0,0.0,Task R,Random Forest,TreeExplainer
missingindicator_away_red_cards_for_l5,0.0,0.0,Task R,Random Forest,TreeExplainer
missingindicator_away_final_third_entries_for_l5,0.0,6.996213519681474e-05,Task R,Random Forest,TreeExplainer
missingindicator_away_pressures_for_l5,0.0,0.0,Task R,Random Forest,TreeExplainer
home_missing_history_l3,0.0,0.0008131692437004735,Task R,Random Forest,TreeExplainer
home_history_matches_before,0.0,0.005093257385239341,Task R,Random Forest,TreeExplainer
missingindicator_away_red_cards_for_l10,0.0,0.0,Task R,Random Forest,TreeExplainer
missingindicator_away_final_third_entries_for_l10,0.0,0.0,Task R,Random Forest,TreeExplainer
missingindicator_away_pressures_for_l10,0.0,0.0,Task R,Random Forest,TreeExplainer
missingindicator_away_shots_for_l10,0.0,0.0,Task R,Random Forest,TreeExplainer
missingindicator_away_shots_on_target_for_l10,0.0,2.839471319177767e-05,Task R,Random Forest,TreeExplainer
missingindicator_away_shots_against_l10,0.0,0.0,Task R,Random Forest,TreeExplainer
missingindicator_diff_xg_for_l3,0.0,0.0,Task R,Random Forest,TreeExplainer
missingindicator_diff_shots_for_l3,0.0,0.0,Task R,Random Forest,TreeExplainer
missingindicator_diff_goal_difference_l3,0.0,1.3154226891546218e-06,Task R,Random Forest,TreeExplainer
missingindicator_diff_points_l3,0.0,0.0,Task R,Random Forest,TreeExplainer
missingindicator_away_possession_share_l10,0.0,0.0,Task R,Random Forest,TreeExplainer
missingindicator_diff_pass_completion_for_l3,0.0,0.0,Task R,Random Forest,TreeExplainer
missingindicator_diff_possession_share_l3,0.0,0.0,Task R,Random Forest,TreeExplainer
missingindicator_diff_pressures_for_l3,0.0,0.0,Task R,Random Forest,TreeExplainer
missingindicator_diff_pass_completion_for_l5,0.0,0.0,Task R,Random Forest,TreeExplainer
missingindicator_diff_xg_for_l5,0.0,3.7579848687519426e-08,Task R,Random Forest,TreeExplainer
missingindicator_diff_shots_for_l5,0.0,0.0,Task R,Random Forest,TreeExplainer
missingindicator_away_shots_on_target_against_l10,0.0,0.0,Task R,Random Forest,TreeExplainer
missingindicator_away_xg_for_l10,0.0,0.0,Task R,Random Forest,TreeExplainer
missingindicator_away_xg_against_l10,0.0,0.0,Task R,Random Forest,TreeExplainer
missingindicator_away_passes_for_l10,0.0,1.042339383851886e-05,Task R,Random Forest,TreeExplainer
missingindicator_away_pass_completion_for_l10,0.0,0.0,Task R,Random Forest,TreeExplainer
away_missing_history_l5,0.0,0.0002031838167609499,Task R,Random Forest,TreeExplainer
away_missing_history_l3,0.0,0.00040028602530129954,Task R,Random Forest,TreeExplainer
away_missing_history_l10,0.0,0.001759948952681703,Task R,Random Forest,TreeExplainer
missingindicator_diff_points_l5,0.0,0.0,Task R,Random Forest,TreeExplainer
missingindicator_diff_goal_difference_l5,0.0,0.0,Task R,Random Forest,TreeExplainer
home_missing_history_l5,0.0,0.00012570745538083232,Task R,Random Forest,TreeExplainer
home_missing_history_l10,0.0,0.0009826257014906884,Task R,Random Forest,TreeExplainer
away_history_matches_before,0.0,0.005242058542294217,Task R,Random Forest,TreeExplainer
missingindicator_home_rest_days,0.0,0.0,Task R,Random Forest,TreeExplainer
missingindicator_home_points_l3,0.0,0.0,Task R,Random Forest,TreeExplainer
missingindicator_home_goals_for_l3,0.0,0.0,Task R,Random Forest,TreeExplainer
missingindicator_home_goals_against_l3,0.0,0.0,Task R,Random Forest,TreeExplainer
missingindicator_home_goal_difference_l3,0.0,0.00012996636095270503,Task R,Random Forest,TreeExplainer
missingindicator_home_shots_for_l3,0.0,0.0,Task R,Random Forest,TreeExplainer
missingindicator_home_shots_against_l3,0.0,0.0,Task R,Random Forest,TreeExplainer
missingindicator_home_shots_on_target_for_l3,0.0,0.0,Task R,Random Forest,TreeExplainer
missingindicator_home_shots_on_target_against_l3,0.0,0.0002999851418990519,Task R,Random Forest,TreeExplainer
missingindicator_home_xg_for_l3,0.0,0.0,Task R,Random Forest,TreeExplainer
missingindicator_home_xg_against_l3,0.0,0.0,Task R,Random Forest,TreeExplainer
missingindicator_home_passes_for_l3,0.0,0.0,Task R,Random Forest,TreeExplainer
missingindicator_home_pass_completion_for_l3,0.0,0.0,Task R,Random Forest,TreeExplainer
missingindicator_home_pressures_for_l3,0.0,0.0,Task R,Random Forest,TreeExplainer
missingindicator_home_final_third_entries_for_l3,0.0,0.0,Task R,Random Forest,TreeExplainer
missingindicator_home_red_cards_for_l3,0.0,0.0,Task R,Random Forest,TreeExplainer
missingindicator_home_possession_share_l3,0.0,0.0,Task R,Random Forest,TreeExplainer
missingindicator_home_points_l5,0.0,0.0,Task R,Random Forest,TreeExplainer
missingindicator_home_goals_for_l5,0.0,0.0,Task R,Random Forest,TreeExplainer
missingindicator_home_goals_against_l5,0.0,0.0,Task R,Random Forest,TreeExplainer
missingindicator_home_goal_difference_l5,0.0,0.0,Task R,Random Forest,TreeExplainer
missingindicator_home_shots_for_l5,0.0,0.0,Task R,Random Forest,TreeExplainer
missingindicator_home_shots_against_l5,0.0,0.0,Task R,Random Forest,TreeExplainer
missingindicator_home_shots_on_target_for_l5,0.0,0.0,Task R,Random Forest,TreeExplainer
missingindicator_home_shots_on_target_against_l5,0.0,0.0,Task R,Random Forest,TreeExplainer
missingindicator_home_xg_for_l5,0.0,0.0,Task R,Random Forest,TreeExplainer
missingindicator_home_xg_against_l5,0.0,0.0,Task R,Random Forest,TreeExplainer
missingindicator_home_passes_for_l5,0.0,0.0,Task R,Random Forest,TreeExplainer
missingindicator_home_pass_completion_for_l5,0.0,0.0,Task R,Random Forest,TreeExplainer
missingindicator_home_pressures_for_l5,0.0,1.6097479196546547e-05,Task R,Random Forest,TreeExplainer
missingindicator_home_final_third_entries_for_l5,0.0,0.0,Task R,Random Forest,TreeExplainer
missingindicator_home_red_cards_for_l5,0.0,0.0,Task R,Random Forest,TreeExplainer
missingindicator_home_possession_share_l5,0.0,0.0,Task R,Random Forest,TreeExplainer
missingindicator_home_points_l10,0.0,1.3331004585852184e-05,Task R,Random Forest,TreeExplainer
missingindicator_home_goals_for_l10,0.0,0.0,Task R,Random Forest,TreeExplainer
missingindicator_home_goals_against_l10,0.0,0.0,Task R,Random Forest,TreeExplainer
missingindicator_home_goal_difference_l10,0.0,0.0,Task R,Random Forest,TreeExplainer
missingindicator_home_shots_for_l10,0.0,1.89871180000432e-05,Task R,Random Forest,TreeExplainer
missingindicator_home_shots_against_l10,0.0,0.0,Task R,Random Forest,TreeExplainer
missingindicator_home_shots_on_target_for_l10,0.0,0.0,Task R,Random Forest,TreeExplainer
missingindicator_home_shots_on_target_against_l10,0.0,0.0,Task R,Random Forest,TreeExplainer
missingindicator_home_xg_for_l10,0.0,0.00014506967125225617,Task R,Random Forest,TreeExplainer
missingindicator_home_xg_against_l10,0.0,0.0,Task R,Random Forest,TreeExplainer
missingindicator_home_passes_for_l10,0.0,0.0,Task R,Random Forest,TreeExplainer
missingindicator_home_pass_completion_for_l10,0.0,0.0,Task R,Random Forest,TreeExplainer
missingindicator_home_pressures_for_l10,0.0,0.0,Task R,Random Forest,TreeExplainer
missingindicator_home_final_third_entries_for_l10,0.0,7.009710664448945e-05,Task R,Random Forest,TreeExplainer
missingindicator_home_red_cards_for_l10,0.0,0.0,Task R,Random Forest,TreeExplainer
missingindicator_home_possession_share_l10,0.0,0.0,Task R,Random Forest,TreeExplainer
missingindicator_away_rest_days,0.0,0.0,Task R,Random Forest,TreeExplainer
missingindicator_away_points_l3,0.0,1.7943494896972148e-06,Task R,Random Forest,TreeExplainer
missingindicator_away_goals_for_l3,0.0,0.0,Task R,Random Forest,TreeExplainer
missingindicator_away_goals_against_l3,0.0,0.0,Task R,Random Forest,TreeExplainer
missingindicator_away_goal_difference_l3,0.0,0.0,Task R,Random Forest,TreeExplainer
missingindicator_away_shots_for_l3,0.0,0.0,Task R,Random Forest,TreeExplainer
missingindicator_away_shots_against_l3,0.0,0.00010817266020033957,Task R,Random Forest,TreeExplainer
missingindicator_away_shots_on_target_for_l3,0.0,0.0,Task R,Random Forest,TreeExplainer
missingindicator_away_shots_on_target_against_l3,0.0,0.0,Task R,Random Forest,TreeExplainer
missingindicator_away_xg_for_l3,0.0,0.0,Task R,Random Forest,TreeExplainer
missingindicator_away_xg_against_l3,0.0,0.0,Task R,Random Forest,TreeExplainer
missingindicator_away_passes_for_l3,0.0,0.0,Task R,Random Forest,TreeExplainer
missingindicator_away_pass_completion_for_l3,0.0,0.0,Task R,Random Forest,TreeExplainer
missingindicator_away_pressures_for_l3,0.0,0.0,Task R,Random Forest,TreeExplainer
missingindicator_away_final_third_entries_for_l3,0.0,0.0,Task R,Random Forest,TreeExplainer
missingindicator_away_red_cards_for_l3,0.0,0.0,Task R,Random Forest,TreeExplainer
missingindicator_away_possession_share_l3,0.0,0.0,Task R,Random Forest,TreeExplainer
missingindicator_away_points_l5,0.0,0.0,Task R,Random Forest,TreeExplainer
missingindicator_away_goals_for_l5,0.0,0.0,Task R,Random Forest,TreeExplainer
missingindicator_away_goals_against_l5,0.0,0.00017438295447934823,Task R,Random Forest,TreeExplainer
missingindicator_away_goal_difference_l5,0.0,0.0,Task R,Random Forest,TreeExplainer
missingindicator_away_shots_for_l5,0.0,0.0,Task R,Random Forest,TreeExplainer
missingindicator_away_shots_against_l5,0.0,0.0,Task R,Random Forest,TreeExplainer
missingindicator_away_shots_on_target_for_l5,0.0,0.0,Task R,Random Forest,TreeExplainer
missingindicator_away_shots_on_target_against_l5,0.0,0.0,Task R,Random Forest,TreeExplainer
missingindicator_away_xg_for_l5,0.0,0.0,Task R,Random Forest,TreeExplainer
missingindicator_away_xg_against_l5,0.0,0.0,Task R,Random Forest,TreeExplainer
missingindicator_away_passes_for_l5,0.0,0.0,Task R,Random Forest,TreeExplainer
missingindicator_away_pass_completion_for_l5,0.0,0.0,Task R,Random Forest,TreeExplainer
missingindicator_diff_pressures_for_l5,0.0,0.00011484677659769421,Task R,Random Forest,TreeExplainer
missingindicator_diff_possession_share_l5,0.0,0.0,Task R,Random Forest,TreeExplainer
missingindicator_diff_points_l10,0.0,0.0,Task R,Random Forest,TreeExplainer
missingindicator_diff_goal_difference_l10,0.0,0.0,Task R,Random Forest,TreeExplainer
missingindicator_diff_shots_for_l10,0.0,0.0,Task R,Random Forest,TreeExplainer
missingindicator_diff_xg_for_l10,0.0,0.0,Task R,Random Forest,TreeExplainer
missingindicator_diff_pass_completion_for_l10,0.0,3.2851871615121056e-05,Task R,Random Forest,TreeExplainer
missingindicator_diff_pressures_for_l10,0.0,0.0,Task R,Random Forest,TreeExplainer
missingindicator_diff_possession_share_l10,0.0,0.0,Task R,Random Forest,TreeExplainer
missingindicator_rest_days_difference,0.0,0.0,Task R,Random Forest,TreeExplainer
p1_away_scr_home,0.16671468238886175,0.06120540868110477,Task R,GBM,TreeExplainer
p1_away_rank_total,0.15977141884935053,0.11530153880890752,Task R,GBM,TreeExplainer
home_pass_completion_for_l3,0.13859473203774542,0.050762959160118,Task R,GBM,TreeExplainer
home_shots_on_target_for_l3,0.13399066387429376,0.022533021713622682,Task R,GBM,TreeExplainer
home_xg_for_l3,0.09621070189185545,0.03960630067908399,Task R,GBM,TreeExplainer
away_shots_on_target_against_l3,0.09005848102109587,0.014454769650335124,Task R,GBM,TreeExplainer
away_shots_on_target_for_l5,0.07460813757329098,0.02517630086363526,Task R,GBM,TreeExplainer
home_passes_for_l10,0.0745356384583789,0.06976593744042446,Task R,GBM,TreeExplainer
diff_xg_for_l3,0.07353478559846248,0.018661272085251687,Task R,GBM,TreeExplainer
p1_away_con_away,0.07256356386326092,0.03227233606833004,Task R,GBM,TreeExplainer
diff_shots_for_l5,0.0671056117673499,0.029062768450808834,Task R,GBM,TreeExplainer
away_goals_for_l3,0.06065917577243586,0.006634923782665907,Task R,GBM,TreeExplainer
away_goals_against_l5,0.05978828359233296,0.009602269977023856,Task R,GBM,TreeExplainer
away_goals_for_l5,0.057526415424502396,0.010105998784058006,Task R,GBM,TreeExplainer
home_goals_against_l10,0.05486728414872904,0.007198525206836448,Task R,GBM,TreeExplainer
home_pressures_for_l3,0.05445693336170761,0.006126565419944639,Task R,GBM,TreeExplainer
home_goals_for_l5,0.051013625265719995,0.016087649240711127,Task R,GBM,TreeExplainer
diff_pressures_for_l5,0.050390660757387906,0.015124217408134133,Task R,GBM,TreeExplainer
diff_shots_for_l10,0.04804974182954299,0.04687964108409551,Task R,GBM,TreeExplainer
p1_away_rank_away,0.046422423995977305,0.006751442721123288,Task R,GBM,TreeExplainer
home_goals_for_l10,0.04194123086222596,0.008031319297570512,Task R,GBM,TreeExplainer
home_xg_for_l5,0.038456717179413305,0.016026744461142745,Task R,GBM,TreeExplainer
away_pressures_for_l5,0.03728114691279504,0.0053587029179208955,Task R,GBM,TreeExplainer
diff_pressures_for_l10,0.036304673008566726,0.012816249268402639,Task R,GBM,TreeExplainer
diff_goal_difference_l10,0.035129105199735354,0.005714914717472466,Task R,GBM,TreeExplainer
home_shots_for_l3,0.0338268064867631,0.019834709712032196,Task R,GBM,TreeExplainer
away_shots_against_l10,0.03368801404924497,0.011793744052538033,Task R,GBM,TreeExplainer
away_final_third_entries_for_l10,0.031327733232140324,0.006091523489546465,Task R,GBM,TreeExplainer
p1_home_con_total,0.030499662037776862,0.009121546746520161,Task R,GBM,TreeExplainer
away_possession_share_l3,0.02967985808930317,0.014421318536641891,Task R,GBM,TreeExplainer
home_rest_days,0.028459874917820524,0.008893838574700016,Task R,GBM,TreeExplainer
home_final_third_entries_for_l5,0.02731387404002843,0.007099130135641596,Task R,GBM,TreeExplainer
away_pressures_for_l3,0.02715191507637771,0.01302389417578994,Task R,GBM,TreeExplainer
diff_possession_share_l10,0.024827605341493662,0.014773806745117048,Task R,GBM,TreeExplainer
away_final_third_entries_for_l5,0.02433378752321004,0.005447441931245325,Task R,GBM,TreeExplainer
away_xg_for_l10,0.02392883607552495,0.009182335392486172,Task R,GBM,TreeExplainer
away_goals_for_l10,0.023863121968410585,0.01610048363753034,Task R,GBM,TreeExplainer
away_shots_on_target_against_l5,0.02364299275331955,0.006130027817760899,Task R,GBM,TreeExplainer
away_final_third_entries_for_l3,0.02174698602867083,0.012275654681536716,Task R,GBM,TreeExplainer
away_goal_difference_l10,0.02159996287276349,0.03432051952980274,Task R,GBM,TreeExplainer
home_xg_against_l3,0.01849075978405882,0.010978820270386908,Task R,GBM,TreeExplainer
away_xg_for_l3,0.016926560741241856,0.003463673124893573,Task R,GBM,TreeExplainer
home_xg_against_l5,0.016217155335471026,0.004558290742909056,Task R,GBM,TreeExplainer
away_xg_against_l10,0.016164784778611385,0.006082054855621737,Task R,GBM,TreeExplainer
home_possession_share_l5,0.016155487164666048,0.0030937036329314427,Task R,GBM,TreeExplainer
away_xg_for_l5,0.01506816390901804,0.011185832480606964,Task R,GBM,TreeExplainer
away_xg_against_l3,0.013627124094721466,0.0016074595380711353,Task R,GBM,TreeExplainer
away_possession_share_l5,0.013180162030798588,0.003616843046285567,Task R,GBM,TreeExplainer
diff_possession_share_l5,0.013107797071553658,0.004692496024073138,Task R,GBM,TreeExplainer
p1_away_con_home,0.01258711155935906,0.003486261426979053,Task R,GBM,TreeExplainer
p1_home_scr_total,0.012321575887609225,0.002197821945811161,Task R,GBM,TreeExplainer
home_goals_against_l5,0.01184614696067529,0.0008224518073741956,Task R,GBM,TreeExplainer
p1_home_rank_away,0.01176283901044424,0.0014867482176789248,Task R,GBM,TreeExplainer
p1_home_rank_home,0.011170226700968395,0.0016740735707251274,Task R,GBM,TreeExplainer
home_pass_completion_for_l5,0.010673687709461682,0.004626760349940774,Task R,GBM,TreeExplainer
p1_away_con_total,0.010322336722975192,0.0034090812296901974,Task R,GBM,TreeExplainer
away_points_l10,0.009915925106168656,0.0033027431843888886,Task R,GBM,TreeExplainer
home_shots_for_l10,0.008931967484481312,0.0008005164147332318,Task R,GBM,TreeExplainer
away_pass_completion_for_l10,0.008770199385944052,0.003273674904639919,Task R,GBM,TreeExplainer
rest_days_difference,0.008420736035602032,0.0026445832828591513,Task R,GBM,TreeExplainer
diff_points_l5,0.008328247631130657,0.0014920312069403494,Task R,GBM,TreeExplainer
away_rest_days,0.008007417477505363,0.010033260007541522,Task R,GBM,TreeExplainer
p1_home_scr_home,0.007842901088567318,0.0016202758016130722,Task R,GBM,TreeExplainer
away_goals_against_l10,0.007806362592331743,0.004361372388540247,Task R,GBM,TreeExplainer
p1_away_rank_home,0.007082482058878831,0.0018783521886027545,Task R,GBM,TreeExplainer
away_pass_completion_for_l3,0.006868716593885768,0.001625597532218653,Task R,GBM,TreeExplainer
away_xg_against_l5,0.0067777093013991485,0.004138096162569432,Task R,GBM,TreeExplainer
diff_points_l10,0.0063260852156773895,0.0030425390127929346,Task R,GBM,TreeExplainer
diff_possession_share_l3,0.006291461184931302,0.0013022269808572583,Task R,GBM,TreeExplainer
away_shots_on_target_for_l3,0.0060540580568646165,0.0015675395088015204,Task R,GBM,TreeExplainer
diff_pass_completion_for_l5,0.005797530645909516,0.0019205384427966568,Task R,GBM,TreeExplainer
home_shots_on_target_against_l3,0.005734077095985411,0.0028803286305383352,Task R,GBM,TreeExplainer
diff_goal_difference_l5,0.005681957070972178,0.0008173111352592357,Task R,GBM,TreeExplainer
home_shots_for_l5,0.005541076046833095,0.0013038794033355917,Task R,GBM,TreeExplainer
away_red_cards_for_l10,0.00485531418867733,0.0017823371843951061,Task R,GBM,TreeExplainer
home_points_l5,0.004485225176735631,0.0034130447086320277,Task R,GBM,TreeExplainer
away_shots_against_l5,0.004118469363564382,0.013734053274199654,Task R,GBM,TreeExplainer
diff_pressures_for_l3,0.003841388422617877,0.0008159756477820948,Task R,GBM,TreeExplainer
away_shots_for_l5,0.0034162937690490392,0.0024213699870141337,Task R,GBM,TreeExplainer
away_pressures_for_l10,0.0029801037621454917,0.003683689628278063,Task R,GBM,TreeExplainer
home_shots_on_target_for_l10,0.0027830503179111336,0.0003719055666775863,Task R,GBM,TreeExplainer
diff_pass_completion_for_l10,0.0023255584680515807,0.0006737812923061825,Task R,GBM,TreeExplainer
home_shots_on_target_for_l5,0.0022961082355375728,0.000672737331070106,Task R,GBM,TreeExplainer
home_shots_against_l5,0.0016680842508440433,0.001427127659806917,Task R,GBM,TreeExplainer
home_pressures_for_l5,0.001650594736354939,0.0007872945385487287,Task R,GBM,TreeExplainer
away_shots_against_l3,0.0015662582253740316,0.0034085284080767908,Task R,GBM,TreeExplainer
home_goal_difference_l5,0.0,0.0,Task R,GBM,TreeExplainer
home_missing_history_l3,0.0,0.0,Task R,GBM,TreeExplainer
home_red_cards_for_l3,0.0,0.0,Task R,GBM,TreeExplainer
missingindicator_away_red_cards_for_l5,0.0,0.0,Task R,GBM,TreeExplainer
missingindicator_away_shots_on_target_against_l10,0.0,0.0,Task R,GBM,TreeExplainer
missingindicator_away_xg_for_l10,0.0,0.0,Task R,GBM,TreeExplainer
missingindicator_away_xg_against_l10,0.0,0.0,Task R,GBM,TreeExplainer
home_possession_share_l3,0.0,0.0,Task R,GBM,TreeExplainer
home_final_third_entries_for_l3,0.0,0.0,Task R,GBM,TreeExplainer
home_passes_for_l3,0.0,0.0,Task R,GBM,TreeExplainer
home_goal_difference_l3,0.0,0.0,Task R,GBM,TreeExplainer
home_shots_against_l3,0.0,0.0,Task R,GBM,TreeExplainer
home_history_matches_before,0.0,0.0011370434657826105,Task R,GBM,TreeExplainer
home_points_l3,0.0,0.0,Task R,GBM,TreeExplainer
home_goals_against_l3,0.0,0.0,Task R,GBM,TreeExplainer
home_shots_on_target_against_l5,0.0,0.0,Task R,GBM,TreeExplainer
home_passes_for_l5,0.0,0.0,Task R,GBM,TreeExplainer
missingindicator_away_pressures_for_l5,0.0,0.0,Task R,GBM,TreeExplainer
missingindicator_away_final_third_entries_for_l5,0.0,0.0,Task R,GBM,TreeExplainer
missingindicator_away_shots_on_target_for_l10,0.0,0.0,Task R,GBM,TreeExplainer
missingindicator_diff_possession_share_l3,0.0,0.0,Task R,GBM,TreeExplainer
missingindicator_diff_pressures_for_l3,0.0,0.0,Task R,GBM,TreeExplainer
missingindicator_diff_pass_completion_for_l3,0.0,0.0,Task R,GBM,TreeExplainer
missingindicator_diff_xg_for_l3,0.0,0.0,Task R,GBM,TreeExplainer
missingindicator_diff_shots_for_l3,0.0,0.0,Task R,GBM,TreeExplainer
missingindicator_diff_goal_difference_l3,0.0,0.0,Task R,GBM,TreeExplainer
missingindicator_diff_points_l3,0.0,0.0,Task R,GBM,TreeExplainer
missingindicator_away_possession_share_l10,0.0,0.0,Task R,GBM,TreeExplainer
away_red_cards_for_l3,0.0,0.002041115117833352,Task R,GBM,TreeExplainer
away_passes_for_l3,0.0,0.0,Task R,GBM,TreeExplainer
missingindicator_diff_pass_completion_for_l5,0.0,0.0,Task R,GBM,TreeExplainer
away_missing_history_l3,0.0,0.0,Task R,GBM,TreeExplainer
missingindicator_diff_xg_for_l5,0.0,0.0,Task R,GBM,TreeExplainer
missingindicator_diff_points_l5,0.0,0.0,Task R,GBM,TreeExplainer
missingindicator_diff_shots_for_l5,0.0,0.0,Task R,GBM,TreeExplainer
missingindicator_diff_goal_difference_l5,0.0,0.0,Task R,GBM,TreeExplainer
away_pass_completion_for_l5,0.0,0.0,Task R,GBM,TreeExplainer
away_passes_for_l5,0.0,0.0,Task R,GBM,TreeExplainer
away_points_l5,0.0,0.0,Task R,GBM,TreeExplainer
missingindicator_away_passes_for_l10,0.0,0.0,Task R,GBM,TreeExplainer
missingindicator_away_pass_completion_for_l10,0.0,0.0,Task R,GBM,TreeExplainer
missingindicator_away_pressures_for_l10,0.0,0.0,Task R,GBM,TreeExplainer
missingindicator_away_final_third_entries_for_l10,0.0,0.0,Task R,GBM,TreeExplainer
missingindicator_away_red_cards_for_l10,0.0,0.0,Task R,GBM,TreeExplainer
missingindicator_away_possession_share_l5,0.0,0.0,Task R,GBM,TreeExplainer
missingindicator_away_points_l10,0.0,0.0,Task R,GBM,TreeExplainer
missingindicator_away_goals_for_l10,0.0,0.0,Task R,GBM,TreeExplainer
missingindicator_away_goals_against_l10,0.0,0.0,Task R,GBM,TreeExplainer
missingindicator_away_goal_difference_l10,0.0,0.0,Task R,GBM,TreeExplainer
missingindicator_away_shots_for_l10,0.0,0.0,Task R,GBM,TreeExplainer
missingindicator_away_shots_against_l10,0.0,0.0,Task R,GBM,TreeExplainer
home_goals_for_l3,0.0,0.0,Task R,GBM,TreeExplainer
diff_pass_completion_for_l3,0.0,0.0,Task R,GBM,TreeExplainer
diff_shots_for_l3,0.0,0.0,Task R,GBM,TreeExplainer
diff_goal_difference_l3,0.0,0.0,Task R,GBM,TreeExplainer
diff_points_l3,0.0,0.0,Task R,GBM,TreeExplainer
away_possession_share_l10,0.0,0.0,Task R,GBM,TreeExplainer
away_missing_history_l10,0.0,0.0,Task R,GBM,TreeExplainer
away_shots_on_target_against_l10,0.0,0.0,Task R,GBM,TreeExplainer
away_passes_for_l10,0.0,0.0,Task R,GBM,TreeExplainer
away_red_cards_for_l5,0.0,0.0,Task R,GBM,TreeExplainer
away_missing_history_l5,0.0,0.0,Task R,GBM,TreeExplainer
away_shots_on_target_for_l10,0.0,0.0,Task R,GBM,TreeExplainer
away_shots_for_l10,0.0,0.0015688266213308,Task R,GBM,TreeExplainer
away_goal_difference_l5,0.0,0.0,Task R,GBM,TreeExplainer
diff_xg_for_l5,0.0,0.0,Task R,GBM,TreeExplainer
home_points_l10,0.0,0.0,Task R,GBM,TreeExplainer
diff_xg_for_l10,0.0,0.0,Task R,GBM,TreeExplainer
home_shots_on_target_against_l10,0.0,0.0,Task R,GBM,TreeExplainer
home_shots_against_l10,0.0,0.0,Task R,GBM,TreeExplainer
home_goal_difference_l10,0.0,0.0,Task R,GBM,TreeExplainer
home_xg_for_l10,0.0,0.0,Task R,GBM,TreeExplainer
home_final_third_entries_for_l10,0.0,0.0,Task R,GBM,TreeExplainer
home_xg_against_l10,0.0,0.0,Task R,GBM,TreeExplainer
home_pass_completion_for_l10,0.0,0.0,Task R,GBM,TreeExplainer
home_pressures_for_l10,0.0,0.000616229917164892,Task R,GBM,TreeExplainer
home_missing_history_l10,0.0,0.0,Task R,GBM,TreeExplainer
home_possession_share_l10,0.0,0.0,Task R,GBM,TreeExplainer
home_red_cards_for_l10,0.0,0.0,Task R,GBM,TreeExplainer
away_history_matches_before,0.0,0.0007369721241046661,Task R,GBM,TreeExplainer
away_goals_against_l3,0.0,0.0,Task R,GBM,TreeExplainer
away_points_l3,0.0,0.0,Task R,GBM,TreeExplainer
home_missing_history_l5,0.0,0.0,Task R,GBM,TreeExplainer
home_red_cards_for_l5,0.0,0.0,Task R,GBM,TreeExplainer
away_goal_difference_l3,0.0,0.0,Task R,GBM,TreeExplainer
away_shots_for_l3,0.0,0.0,Task R,GBM,TreeExplainer
p1_away_scr_total,0.0,0.0,Task R,GBM,TreeExplainer
p1_home_rank_total,0.0,0.0,Task R,GBM,TreeExplainer
p1_home_con_home,0.0,0.005948976026374521,Task R,GBM,TreeExplainer
p1_home_scr_away,0.0,0.0,Task R,GBM,TreeExplainer
p1_home_con_away,0.0,0.0,Task R,GBM,TreeExplainer
p1_away_scr_away,0.0,0.0,Task R,GBM,TreeExplainer
missingindicator_home_rest_days,0.0,0.0,Task R,GBM,TreeExplainer
missingindicator_home_points_l3,0.0,0.0,Task R,GBM,TreeExplainer
missingindicator_home_goals_for_l3,0.0,0.0,Task R,GBM,TreeExplainer
missingindicator_home_goals_against_l3,0.0,0.0,Task R,GBM,TreeExplainer
missingindicator_home_goal_difference_l3,0.0,0.0,Task R,GBM,TreeExplainer
missingindicator_home_shots_for_l3,0.0,0.0,Task R,GBM,TreeExplainer
missingindicator_home_shots_against_l3,0.0,0.0,Task R,GBM,TreeExplainer
missingindicator_home_shots_on_target_for_l3,0.0,0.0,Task R,GBM,TreeExplainer
missingindicator_home_shots_on_target_against_l3,0.0,0.0,Task R,GBM,TreeExplainer
missingindicator_home_xg_for_l3,0.0,0.0,Task R,GBM,TreeExplainer
missingindicator_home_xg_against_l3,0.0,0.0,Task R,GBM,TreeExplainer
missingindicator_home_passes_for_l3,0.0,0.0,Task R,GBM,TreeExplainer
missingindicator_home_pass_completion_for_l3,0.0,0.0,Task R,GBM,TreeExplainer
missingindicator_home_pressures_for_l3,0.0,0.0,Task R,GBM,TreeExplainer
missingindicator_home_final_third_entries_for_l3,0.0,0.0,Task R,GBM,TreeExplainer
missingindicator_home_red_cards_for_l3,0.0,0.0,Task R,GBM,TreeExplainer
missingindicator_home_possession_share_l3,0.0,0.0,Task R,GBM,TreeExplainer
missingindicator_home_points_l5,0.0,0.0,Task R,GBM,TreeExplainer
missingindicator_home_goals_for_l5,0.0,0.0,Task R,GBM,TreeExplainer
missingindicator_home_goals_against_l5,0.0,0.0,Task R,GBM,TreeExplainer
missingindicator_home_goal_difference_l5,0.0,0.0,Task R,GBM,TreeExplainer
missingindicator_home_shots_for_l5,0.0,0.0,Task R,GBM,TreeExplainer
missingindicator_home_shots_against_l5,0.0,0.0,Task R,GBM,TreeExplainer
missingindicator_home_shots_on_target_for_l5,0.0,0.0,Task R,GBM,TreeExplainer
missingindicator_home_shots_on_target_against_l5,0.0,0.0,Task R,GBM,TreeExplainer
missingindicator_home_xg_for_l5,0.0,0.0,Task R,GBM,TreeExplainer
missingindicator_home_xg_against_l5,0.0,0.0,Task R,GBM,TreeExplainer
missingindicator_home_passes_for_l5,0.0,0.0,Task R,GBM,TreeExplainer
missingindicator_home_pass_completion_for_l5,0.0,0.0,Task R,GBM,TreeExplainer
missingindicator_home_pressures_for_l5,0.0,0.0,Task R,GBM,TreeExplainer
missingindicator_home_final_third_entries_for_l5,0.0,0.0,Task R,GBM,TreeExplainer
missingindicator_home_red_cards_for_l5,0.0,0.0,Task R,GBM,TreeExplainer
missingindicator_home_possession_share_l5,0.0,0.0,Task R,GBM,TreeExplainer
missingindicator_home_points_l10,0.0,0.0,Task R,GBM,TreeExplainer
missingindicator_home_goals_for_l10,0.0,0.0,Task R,GBM,TreeExplainer
missingindicator_home_goals_against_l10,0.0,0.0,Task R,GBM,TreeExplainer
missingindicator_home_goal_difference_l10,0.0,0.0,Task R,GBM,TreeExplainer
missingindicator_home_shots_for_l10,0.0,0.0,Task R,GBM,TreeExplainer
missingindicator_home_shots_against_l10,0.0,0.0,Task R,GBM,TreeExplainer
missingindicator_home_shots_on_target_for_l10,0.0,0.0,Task R,GBM,TreeExplainer
missingindicator_home_shots_on_target_against_l10,0.0,0.0,Task R,GBM,TreeExplainer
missingindicator_home_xg_for_l10,0.0,0.0,Task R,GBM,TreeExplainer
missingindicator_home_xg_against_l10,0.0,0.0,Task R,GBM,TreeExplainer
missingindicator_home_passes_for_l10,0.0,0.0,Task R,GBM,TreeExplainer
missingindicator_home_pass_completion_for_l10,0.0,0.0,Task R,GBM,TreeExplainer
missingindicator_home_pressures_for_l10,0.0,0.0,Task R,GBM,TreeExplainer
missingindicator_home_final_third_entries_for_l10,0.0,0.0,Task R,GBM,TreeExplainer
missingindicator_home_red_cards_for_l10,0.0,0.0,Task R,GBM,TreeExplainer
missingindicator_home_possession_share_l10,0.0,0.0,Task R,GBM,TreeExplainer
missingindicator_away_rest_days,0.0,0.0,Task R,GBM,TreeExplainer
missingindicator_away_points_l3,0.0,0.0,Task R,GBM,TreeExplainer
missingindicator_away_goals_for_l3,0.0,0.0,Task R,GBM,TreeExplainer
missingindicator_away_goals_against_l3,0.0,0.0,Task R,GBM,TreeExplainer
missingindicator_away_goal_difference_l3,0.0,0.0,Task R,GBM,TreeExplainer
missingindicator_away_shots_for_l3,0.0,0.0,Task R,GBM,TreeExplainer
missingindicator_away_shots_against_l3,0.0,0.0,Task R,GBM,TreeExplainer
missingindicator_away_shots_on_target_for_l3,0.0,0.0,Task R,GBM,TreeExplainer
missingindicator_away_shots_on_target_against_l3,0.0,0.0,Task R,GBM,TreeExplainer
missingindicator_away_xg_for_l3,0.0,0.0,Task R,GBM,TreeExplainer
missingindicator_away_xg_against_l3,0.0,0.0,Task R,GBM,TreeExplainer
missingindicator_away_passes_for_l3,0.0,0.0,Task R,GBM,TreeExplainer
missingindicator_away_pass_completion_for_l3,0.0,0.0,Task R,GBM,TreeExplainer
missingindicator_away_pressures_for_l3,0.0,0.0,Task R,GBM,TreeExplainer
missingindicator_away_final_third_entries_for_l3,0.0,0.0,Task R,GBM,TreeExplainer
missingindicator_away_red_cards_for_l3,0.0,0.0,Task R,GBM,TreeExplainer
missingindicator_away_possession_share_l3,0.0,0.0,Task R,GBM,TreeExplainer
missingindicator_away_points_l5,0.0,0.0,Task R,GBM,TreeExplainer
missingindicator_away_goals_for_l5,0.0,0.0,Task R,GBM,TreeExplainer
missingindicator_away_goals_against_l5,0.0,0.0,Task R,GBM,TreeExplainer
missingindicator_away_goal_difference_l5,0.0,0.0,Task R,GBM,TreeExplainer
missingindicator_away_shots_for_l5,0.0,0.0,Task R,GBM,TreeExplainer
missingindicator_away_shots_against_l5,0.0,0.0,Task R,GBM,TreeExplainer
missingindicator_away_shots_on_target_for_l5,0.0,0.0,Task R,GBM,TreeExplainer
missingindicator_away_shots_on_target_against_l5,0.0,0.0,Task R,GBM,TreeExplainer
missingindicator_away_xg_for_l5,0.0,0.0,Task R,GBM,TreeExplainer
missingindicator_away_xg_against_l5,0.0,0.0,Task R,GBM,TreeExplainer
missingindicator_away_passes_for_l5,0.0,0.0,Task R,GBM,TreeExplainer
missingindicator_away_pass_completion_for_l5,0.0,0.0,Task R,GBM,TreeExplainer
missingindicator_diff_pressures_for_l5,0.0,0.0,Task R,GBM,TreeExplainer
missingindicator_diff_possession_share_l5,0.0,0.0,Task R,GBM,TreeExplainer
missingindicator_diff_points_l10,0.0,0.0,Task R,GBM,TreeExplainer
missingindicator_diff_goal_difference_l10,0.0,0.0,Task R,GBM,TreeExplainer
missingindicator_diff_shots_for_l10,0.0,0.0,Task R,GBM,TreeExplainer
missingindicator_diff_xg_for_l10,0.0,0.0,Task R,GBM,TreeExplainer
missingindicator_diff_pass_completion_for_l10,0.0,0.0,Task R,GBM,TreeExplainer
missingindicator_diff_pressures_for_l10,0.0,0.0,Task R,GBM,TreeExplainer
missingindicator_diff_possession_share_l10,0.0,0.0,Task R,GBM,TreeExplainer
missingindicator_rest_days_difference,0.0,0.0,Task R,GBM,TreeExplainer
p1_away_rank_total,0.13554805105474468,0.030350076034665108,Task R,XGBoost,Permutation fallback (ValueError)
home_pass_completion_for_l3,0.11149828053752169,0.0101063447073102,Task R,XGBoost,Permutation fallback (ValueError)
p1_away_scr_home,0.09889507528420335,0.012636125087738037,Task R,XGBoost,Permutation fallback (ValueError)
diff_xg_for_l3,0.09533384677527161,0.01178508996963501,Task R,XGBoost,Permutation fallback (ValueError)
home_shots_on_target_for_l3,0.09148995429526417,0.008459486067295074,Task R,XGBoost,Permutation fallback (ValueError)
p1_away_con_total,0.09141954363905827,0.018229462206363678,Task R,XGBoost,Permutation fallback (ValueError)
home_xg_for_l3,0.08520573487453574,0.017114898189902306,Task R,XGBoost,Permutation fallback (ValueError)
away_shots_on_target_against_l3,0.08089581648599252,0.00768284359946847,Task R,XGBoost,Permutation fallback (ValueError)
diff_shots_for_l10,0.0784223449805803,0.01660444773733616,Task R,XGBoost,Permutation fallback (ValueError)
home_shots_for_l3,0.07704722914314414,0.013815745711326599,Task R,XGBoost,Permutation fallback (ValueError)
away_goals_for_l3,0.06895329711518976,0.009880922734737396,Task R,XGBoost,Permutation fallback (ValueError)
away_pressures_for_l5,0.0686259197377755,0.0061697205528616905,Task R,XGBoost,Permutation fallback (ValueError)
away_goals_against_l5,0.06471634936396083,0.008339181542396545,Task R,XGBoost,Permutation fallback (ValueError)
diff_pressures_for_l10,0.05942302434355951,0.007584649603813887,Task R,XGBoost,Permutation fallback (ValueError)
p1_away_con_away,0.05594379886299269,0.012955930083990097,Task R,XGBoost,Permutation fallback (ValueError)
away_shots_on_target_for_l5,0.055197340585938136,0.011497730389237404,Task R,XGBoost,Permutation fallback (ValueError)
diff_possession_share_l3,0.050581022900555085,0.006260603666305542,Task R,XGBoost,Permutation fallback (ValueError)
home_goals_against_l10,0.047913090096036386,0.005743366200476885,Task R,XGBoost,Permutation fallback (ValueError)
diff_possession_share_l5,0.04551705799427711,0.005643706303089857,Task R,XGBoost,Permutation fallback (ValueError)
p1_home_con_total,0.04511933827203595,0.007211062591522932,Task R,XGBoost,Permutation fallback (ValueError)
home_passes_for_l10,0.044125073085661916,0.015360940247774124,Task R,XGBoost,Permutation fallback (ValueError)
home_goals_for_l5,0.043778343692311955,0.0073338719084858894,Task R,XGBoost,Permutation fallback (ValueError)
away_final_third_entries_for_l10,0.04137613021290033,0.01123740989714861,Task R,XGBoost,Permutation fallback (ValueError)
home_xg_against_l3,0.04070610711842568,0.006889896932989359,Task R,XGBoost,Permutation fallback (ValueError)
away_possession_share_l3,0.040101457315548844,0.0060968417674303055,Task R,XGBoost,Permutation fallback (ValueError)
diff_shots_for_l5,0.03795680687478226,0.012114322744309902,Task R,XGBoost,Permutation fallback (ValueError)
p1_away_scr_total,0.03791414061755253,0.009999623522162437,Task R,XGBoost,Permutation fallback (ValueError)
home_final_third_entries_for_l5,0.03781581058943025,0.007641894277185202,Task R,XGBoost,Permutation fallback (ValueError)
away_shots_against_l10,0.0370180481698157,0.006209269631654024,Task R,XGBoost,Permutation fallback (ValueError)
away_xg_against_l3,0.03512301606915167,0.006002794019877911,Task R,XGBoost,Permutation fallback (ValueError)
away_pressures_for_l3,0.03387057695802973,0.005721327383071184,Task R,XGBoost,Permutation fallback (ValueError)
home_goals_for_l10,0.030342287225131357,0.006047945469617844,Task R,XGBoost,Permutation fallback (ValueError)
away_xg_against_l10,0.030223112207733927,0.007545449770987034,Task R,XGBoost,Permutation fallback (ValueError)
diff_goal_difference_l10,0.027942559724130355,0.00507174851372838,Task R,XGBoost,Permutation fallback (ValueError)
away_shots_on_target_against_l5,0.027423171398954258,0.0073704905807971954,Task R,XGBoost,Permutation fallback (ValueError)
home_goals_against_l5,0.026147628509465396,0.004136204719543457,Task R,XGBoost,Permutation fallback (ValueError)
home_shots_for_l10,0.024039378273785893,0.010621441528201103,Task R,XGBoost,Permutation fallback (ValueError)
p1_home_rank_home,0.023030834823018972,0.0067803761921823025,Task R,XGBoost,Permutation fallback (ValueError)
home_xg_for_l5,0.022725709339008755,0.008470049127936363,Task R,XGBoost,Permutation fallback (ValueError)
away_goals_for_l5,0.02269191490253433,0.004964322783052921,Task R,XGBoost,Permutation fallback (ValueError)
away_rest_days,0.022640138230506448,0.0046656630001962185,Task R,XGBoost,Permutation fallback (ValueError)
p1_away_rank_home,0.021730942654184127,0.01181019376963377,Task R,XGBoost,Permutation fallback (ValueError)
home_pass_completion_for_l10,0.021456944766557885,0.0077265789732337,Task R,XGBoost,Permutation fallback (ValueError)
home_pressures_for_l5,0.021097077266054438,0.009054044261574745,Task R,XGBoost,Permutation fallback (ValueError)
diff_pressures_for_l5,0.020097357014375213,0.005631181877106428,Task R,XGBoost,Permutation fallback (ValueError)
home_passes_for_l3,0.01934905205675427,0.007444585673511028,Task R,XGBoost,Permutation fallback (ValueError)
home_pressures_for_l3,0.01909021356479368,0.007977902889251709,Task R,XGBoost,Permutation fallback (ValueError)
home_pass_completion_for_l5,0.017879097476414044,0.0068349470384418964,Task R,XGBoost,Permutation fallback (ValueError)
diff_possession_share_l10,0.017826064334173372,0.00886456947773695,Task R,XGBoost,Permutation fallback (ValueError)
home_red_cards_for_l10,0.015968463120257688,0.005658871028572321,Task R,XGBoost,Permutation fallback (ValueError)
home_shots_against_l10,0.015415023216272758,0.006077967584133148,Task R,XGBoost,Permutation fallback (ValueError)
away_shots_on_target_against_l10,0.01484516322884399,0.008537658490240574,Task R,XGBoost,Permutation fallback (ValueError)
p1_home_scr_home,0.014343350258293667,0.008717749267816544,Task R,XGBoost,Permutation fallback (ValueError)
away_xg_for_l3,0.014162659204513242,0.005312839988619089,Task R,XGBoost,Permutation fallback (ValueError)
away_xg_for_l10,0.01398234043412635,0.006685558240860701,Task R,XGBoost,Permutation fallback (ValueError)
diff_xg_for_l10,0.01309231471218582,0.005870410241186619,Task R,XGBoost,Permutation fallback (ValueError)
p1_home_scr_total,0.012889296553330503,0.009350968524813652,Task R,XGBoost,Permutation fallback (ValueError)
away_goal_difference_l10,0.012866073279745047,0.009152429178357124,Task R,XGBoost,Permutation fallback (ValueError)
away_goals_against_l3,0.012472080511506651,0.010302581824362278,Task R,XGBoost,Permutation fallback (ValueError)
away_shots_against_l5,0.01231857433928073,0.005665701348334551,Task R,XGBoost,Permutation fallback (ValueError)
home_points_l5,0.01168318416263598,0.0047968425787985325,Task R,XGBoost,Permutation fallback (ValueError)
rest_days_difference,0.011284747960097674,0.00726704578846693,Task R,XGBoost,Permutation fallback (ValueError)
away_pass_completion_for_l5,0.011063352735525573,0.01900576986372471,Task R,XGBoost,Permutation fallback (ValueError)
home_points_l10,0.010766698406854024,0.00518322829157114,Task R,XGBoost,Permutation fallback (ValueError)
home_shots_on_target_for_l5,0.010739371017488234,0.006604940630495548,Task R,XGBoost,Permutation fallback (ValueError)
home_xg_for_l10,0.010292188837839712,0.010499326512217522,Task R,XGBoost,Permutation fallback (ValueError)
away_shots_on_target_for_l10,0.01005632517503626,0.006657933350652456,Task R,XGBoost,Permutation fallback (ValueError)
away_xg_against_l5,0.010032545296578772,0.005717447493225336,Task R,XGBoost,Permutation fallback (ValueError)
diff_pass_completion_for_l5,0.009716250645190787,0.007149449083954096,Task R,XGBoost,Permutation fallback (ValueError)
home_points_l3,0.00911369630575386,0.007258348632603884,Task R,XGBoost,Permutation fallback (ValueError)
home_possession_share_l5,0.008965324827262925,0.008554738946259022,Task R,XGBoost,Permutation fallback (ValueError)
home_rest_days,0.00875908530782908,0.005632081069052219,Task R,XGBoost,Permutation fallback (ValueError)
away_final_third_entries_for_l5,0.008749630742337706,0.008333488367497921,Task R,XGBoost,Permutation fallback (ValueError)
diff_goal_difference_l3,0.008595329441337122,0.016681546345353127,Task R,XGBoost,Permutation fallback (ValueError)
away_possession_share_l10,0.00853597751805663,0.006823816802352667,Task R,XGBoost,Permutation fallback (ValueError)
diff_points_l10,0.008531987372682329,0.004179314244538546,Task R,XGBoost,Permutation fallback (ValueError)
away_red_cards_for_l10,0.008364493757253516,0.0051450966857373714,Task R,XGBoost,Permutation fallback (ValueError)
diff_pass_completion_for_l3,0.008346738500921564,0.003790399758145213,Task R,XGBoost,Permutation fallback (ValueError)
away_possession_share_l5,0.008258496409851232,0.00548779359087348,Task R,XGBoost,Permutation fallback (ValueError)
home_xg_against_l5,0.007748145020579824,0.0071798693388700485,Task R,XGBoost,Permutation fallback (ValueError)
home_passes_for_l5,0.007745762995166132,0.01944097876548767,Task R,XGBoost,Permutation fallback (ValueError)
home_shots_on_target_against_l10,0.0075513425590987854,0.009358160197734833,Task R,XGBoost,Permutation fallback (ValueError)
diff_goal_difference_l5,0.007256271697309179,0.007383854128420353,Task R,XGBoost,Permutation fallback (ValueError)
away_xg_for_l5,0.007122894856212146,0.005763821769505739,Task R,XGBoost,Permutation fallback (ValueError)
home_shots_against_l3,0.007061468027920142,0.006667996756732464,Task R,XGBoost,Permutation fallback (ValueError)
away_shots_on_target_for_l3,0.006971499161251505,0.0077855270355939865,Task R,XGBoost,Permutation fallback (ValueError)
away_goal_difference_l5,0.006559007285783691,0.00703194597736001,Task R,XGBoost,Permutation fallback (ValueError)
home_xg_against_l10,0.006524082347362616,0.004724269267171621,Task R,XGBoost,Permutation fallback (ValueError)
away_passes_for_l3,0.006340192469069737,0.008313906379044056,Task R,XGBoost,Permutation fallback (ValueError)
diff_pressures_for_l3,0.006323573923824973,0.0055183484219014645,Task R,XGBoost,Permutation fallback (ValueError)
away_final_third_entries_for_l3,0.00631488318674706,0.005191252566874027,Task R,XGBoost,Permutation fallback (ValueError)
away_shots_for_l5,0.006152085843884072,0.01410512626171112,Task R,XGBoost,Permutation fallback (ValueError)
away_goals_against_l10,0.006143280679825696,0.010975373908877373,Task R,XGBoost,Permutation fallback (ValueError)
away_pass_completion_for_l10,0.006117248421974686,0.006359113845974207,Task R,XGBoost,Permutation fallback (ValueError)
away_passes_for_l5,0.00602663355957096,0.005082959309220314,Task R,XGBoost,Permutation fallback (ValueError)
away_shots_for_l10,0.005917281720062916,0.007496806792914867,Task R,XGBoost,Permutation fallback (ValueError)
home_shots_on_target_against_l3,0.005870721706499656,0.008476930670440197,Task R,XGBoost,Permutation fallback (ValueError)
away_shots_for_l3,0.005862732194622773,0.0066328528337180614,Task R,XGBoost,Permutation fallback (ValueError)
diff_points_l5,0.00581231506981163,0.004576250910758972,Task R,XGBoost,Permutation fallback (ValueError)
away_shots_against_l3,0.0056754394561155845,0.01400379091501236,Task R,XGBoost,Permutation fallback (ValueError)
p1_home_rank_total,0.005672784266450137,0.0027881816495209932,Task R,XGBoost,Permutation fallback (ValueError)
home_goal_difference_l5,0.005334242750735327,0.00962482113391161,Task R,XGBoost,Permutation fallback (ValueError)
home_shots_for_l5,0.005310962948974017,0.0032922516111284494,Task R,XGBoost,Permutation fallback (ValueError)
home_red_cards_for_l3,0.005298688936228344,0.0052452003583312035,Task R,XGBoost,Permutation fallback (ValueError)
diff_xg_for_l5,0.005259996198454049,0.00519373407587409,Task R,XGBoost,Permutation fallback (ValueError)
home_possession_share_l10,0.005117285381743889,0.003444366157054901,Task R,XGBoost,Permutation fallback (ValueError)
p1_away_scr_away,0.005035326939671207,0.004212738014757633,Task R,XGBoost,Permutation fallback (ValueError)
away_pass_completion_for_l3,0.004950608672936349,0.0034434690605849028,Task R,XGBoost,Permutation fallback (ValueError)
home_final_third_entries_for_l10,0.004908686040434992,0.005119692534208298,Task R,XGBoost,Permutation fallback (ValueError)
p1_away_con_home,0.004625839668895221,0.008875437080860138,Task R,XGBoost,Permutation fallback (ValueError)
p1_home_rank_away,0.0044505109117987255,0.007710158359259367,Task R,XGBoost,Permutation fallback (ValueError)
diff_shots_for_l3,0.004387646601017979,0.009701427072286606,Task R,XGBoost,Permutation fallback (ValueError)
home_shots_on_target_against_l5,0.003930593670423451,0.0046981568448245525,Task R,XGBoost,Permutation fallback (ValueError)
away_points_l10,0.0035027145316255176,0.004842121619731188,Task R,XGBoost,Permutation fallback (ValueError)
home_shots_on_target_for_l10,0.0034107958883719714,0.008232902735471725,Task R,XGBoost,Permutation fallback (ValueError)
home_goal_difference_l10,0.003179196210500474,0.004475894384086132,Task R,XGBoost,Permutation fallback (ValueError)
p1_home_scr_away,0.002420477796889217,0.005569146480411291,Task R,XGBoost,Permutation fallback (ValueError)
p1_home_con_away,0.0020013646447720637,0.00407389784231782,Task R,XGBoost,Permutation fallback (ValueError)
away_pressures_for_l10,0.0019483079430129779,0.009414403699338436,Task R,XGBoost,Permutation fallback (ValueError)
home_shots_against_l5,0.0018734736657804937,0.0032495777122676373,Task R,XGBoost,Permutation fallback (ValueError)
home_possession_share_l3,0.0018494632569814292,0.0031519464682787657,Task R,XGBoost,Permutation fallback (ValueError)
diff_pass_completion_for_l10,0.0018411758529125822,0.00310950237326324,Task R,XGBoost,Permutation fallback (ValueError)
p1_away_rank_away,0.0017879858695798404,0.0031147135887295008,Task R,XGBoost,Permutation fallback (ValueError)
away_goals_for_l10,0.0015053484092156116,0.0024782309774309397,Task R,XGBoost,Permutation fallback (ValueError)
away_passes_for_l10,0.0011897425032738164,0.003741227090358734,Task R,XGBoost,Permutation fallback (ValueError)
away_points_l5,0.0007823317241855019,0.0070389858447015285,Task R,XGBoost,Permutation fallback (ValueError)
home_pressures_for_l10,0.0006664653471671044,0.004143337719142437,Task R,XGBoost,Permutation fallback (ValueError)
missingindicator_away_points_l10,0.0,0.0,Task R,XGBoost,Permutation fallback (ValueError)
missingindicator_away_possession_share_l5,0.0,0.0,Task R,XGBoost,Permutation fallback (ValueError)
missingindicator_away_red_cards_for_l5,0.0,0.0,Task R,XGBoost,Permutation fallback (ValueError)
home_missing_history_l3,0.0,0.0,Task R,XGBoost,Permutation fallback (ValueError)
missingindicator_away_pressures_for_l5,0.0,0.0,Task R,XGBoost,Permutation fallback (ValueError)
missingindicator_away_final_third_entries_for_l5,0.0,0.0,Task R,XGBoost,Permutation fallback (ValueError)
home_goals_for_l3,0.0,0.0,Task R,XGBoost,Permutation fallback (ValueError)
home_goal_difference_l3,0.0,0.0,Task R,XGBoost,Permutation fallback (ValueError)
home_goals_against_l3,0.0,0.0,Task R,XGBoost,Permutation fallback (ValueError)
home_final_third_entries_for_l3,0.0,0.0,Task R,XGBoost,Permutation fallback (ValueError)
home_history_matches_before,0.0,0.008146720938384533,Task R,XGBoost,Permutation fallback (ValueError)
missingindicator_diff_xg_for_l5,0.0,0.0,Task R,XGBoost,Permutation fallback (ValueError)
missingindicator_diff_shots_for_l5,0.0,0.0,Task R,XGBoost,Permutation fallback (ValueError)
missingindicator_diff_goal_difference_l5,0.0,0.0,Task R,XGBoost,Permutation fallback (ValueError)
missingindicator_diff_points_l5,0.0,0.0,Task R,XGBoost,Permutation fallback (ValueError)
missingindicator_diff_possession_share_l3,0.0,0.0,Task R,XGBoost,Permutation fallback (ValueError)
missingindicator_diff_pressures_for_l3,0.0,0.0,Task R,XGBoost,Permutation fallback (ValueError)
missingindicator_diff_pass_completion_for_l3,0.0,0.0,Task R,XGBoost,Permutation fallback (ValueError)
missingindicator_diff_xg_for_l3,0.0,0.0,Task R,XGBoost,Permutation fallback (ValueError)
missingindicator_diff_shots_for_l3,0.0,0.0,Task R,XGBoost,Permutation fallback (ValueError)
missingindicator_diff_goal_difference_l3,0.0,0.0,Task R,XGBoost,Permutation fallback (ValueError)
missingindicator_diff_points_l3,0.0,0.0,Task R,XGBoost,Permutation fallback (ValueError)
missingindicator_away_possession_share_l10,0.0,0.0,Task R,XGBoost,Permutation fallback (ValueError)
missingindicator_away_red_cards_for_l10,0.0,0.0,Task R,XGBoost,Permutation fallback (ValueError)
missingindicator_away_final_third_entries_for_l10,0.0,0.0,Task R,XGBoost,Permutation fallback (ValueError)
missingindicator_away_pressures_for_l10,0.0,0.0,Task R,XGBoost,Permutation fallback (ValueError)
missingindicator_away_pass_completion_for_l10,0.0,0.0,Task R,XGBoost,Permutation fallback (ValueError)
missingindicator_away_passes_for_l10,0.0,0.0,Task R,XGBoost,Permutation fallback (ValueError)
missingindicator_away_xg_against_l10,0.0,0.0,Task R,XGBoost,Permutation fallback (ValueError)
missingindicator_away_xg_for_l10,0.0,0.0,Task R,XGBoost,Permutation fallback (ValueError)
missingindicator_away_shots_on_target_against_l10,0.0,0.0,Task R,XGBoost,Permutation fallback (ValueError)
missingindicator_away_shots_on_target_for_l10,0.0,0.0,Task R,XGBoost,Permutation fallback (ValueError)
missingindicator_away_shots_against_l10,0.0,0.0,Task R,XGBoost,Permutation fallback (ValueError)
missingindicator_away_shots_for_l10,0.0,0.0,Task R,XGBoost,Permutation fallback (ValueError)
missingindicator_away_goal_difference_l10,0.0,0.0,Task R,XGBoost,Permutation fallback (ValueError)
missingindicator_away_goals_against_l10,0.0,0.0,Task R,XGBoost,Permutation fallback (ValueError)
missingindicator_away_goals_for_l10,0.0,0.0,Task R,XGBoost,Permutation fallback (ValueError)
diff_points_l3,0.0,0.0,Task R,XGBoost,Permutation fallback (ValueError)
away_red_cards_for_l5,0.0,0.0,Task R,XGBoost,Permutation fallback (ValueError)
away_missing_history_l3,0.0,0.0,Task R,XGBoost,Permutation fallback (ValueError)
away_red_cards_for_l3,0.0,0.0,Task R,XGBoost,Permutation fallback (ValueError)
away_missing_history_l5,0.0,0.0,Task R,XGBoost,Permutation fallback (ValueError)
missingindicator_diff_pass_completion_for_l5,0.0,0.0,Task R,XGBoost,Permutation fallback (ValueError)
away_points_l3,0.0,0.0,Task R,XGBoost,Permutation fallback (ValueError)
away_goal_difference_l3,0.0,0.0,Task R,XGBoost,Permutation fallback (ValueError)
home_missing_history_l10,0.0,0.0,Task R,XGBoost,Permutation fallback (ValueError)
away_history_matches_before,0.0,0.0,Task R,XGBoost,Permutation fallback (ValueError)
home_red_cards_for_l5,0.0,0.0,Task R,XGBoost,Permutation fallback (ValueError)
home_missing_history_l5,0.0,0.0,Task R,XGBoost,Permutation fallback (ValueError)
away_missing_history_l10,0.0,0.0,Task R,XGBoost,Permutation fallback (ValueError)
p1_home_con_home,0.0,0.0,Task R,XGBoost,Permutation fallback (ValueError)
missingindicator_home_rest_days,0.0,0.0,Task R,XGBoost,Permutation fallback (ValueError)
missingindicator_home_points_l3,0.0,0.0,Task R,XGBoost,Permutation fallback (ValueError)
missingindicator_home_goals_for_l3,0.0,0.0,Task R,XGBoost,Permutation fallback (ValueError)
missingindicator_home_goals_against_l3,0.0,0.0,Task R,XGBoost,Permutation fallback (ValueError)
missingindicator_home_goal_difference_l3,0.0,0.0,Task R,XGBoost,Permutation fallback (ValueError)
missingindicator_home_shots_for_l3,0.0,0.0,Task R,XGBoost,Permutation fallback (ValueError)
missingindicator_home_shots_against_l3,0.0,0.0,Task R,XGBoost,Permutation fallback (ValueError)
missingindicator_home_shots_on_target_for_l3,0.0,0.0,Task R,XGBoost,Permutation fallback (ValueError)
missingindicator_home_shots_on_target_against_l3,0.0,0.0,Task R,XGBoost,Permutation fallback (ValueError)
missingindicator_home_xg_for_l3,0.0,0.0,Task R,XGBoost,Permutation fallback (ValueError)
missingindicator_home_xg_against_l3,0.0,0.0,Task R,XGBoost,Permutation fallback (ValueError)
missingindicator_home_passes_for_l3,0.0,0.0,Task R,XGBoost,Permutation fallback (ValueError)
missingindicator_home_pass_completion_for_l3,0.0,0.0,Task R,XGBoost,Permutation fallback (ValueError)
missingindicator_home_pressures_for_l3,0.0,0.0,Task R,XGBoost,Permutation fallback (ValueError)
missingindicator_home_final_third_entries_for_l3,0.0,0.0,Task R,XGBoost,Permutation fallback (ValueError)
missingindicator_home_red_cards_for_l3,0.0,0.0,Task R,XGBoost,Permutation fallback (ValueError)
missingindicator_home_possession_share_l3,0.0,0.0,Task R,XGBoost,Permutation fallback (ValueError)
missingindicator_home_points_l5,0.0,0.0,Task R,XGBoost,Permutation fallback (ValueError)
missingindicator_home_goals_for_l5,0.0,0.0,Task R,XGBoost,Permutation fallback (ValueError)
missingindicator_home_goals_against_l5,0.0,0.0,Task R,XGBoost,Permutation fallback (ValueError)
missingindicator_home_goal_difference_l5,0.0,0.0,Task R,XGBoost,Permutation fallback (ValueError)
missingindicator_home_shots_for_l5,0.0,0.0,Task R,XGBoost,Permutation fallback (ValueError)
missingindicator_home_shots_against_l5,0.0,0.0,Task R,XGBoost,Permutation fallback (ValueError)
missingindicator_home_shots_on_target_for_l5,0.0,0.0,Task R,XGBoost,Permutation fallback (ValueError)
missingindicator_home_shots_on_target_against_l5,0.0,0.0,Task R,XGBoost,Permutation fallback (ValueError)
missingindicator_home_xg_for_l5,0.0,0.0,Task R,XGBoost,Permutation fallback (ValueError)
missingindicator_home_xg_against_l5,0.0,0.0,Task R,XGBoost,Permutation fallback (ValueError)
missingindicator_home_passes_for_l5,0.0,0.0,Task R,XGBoost,Permutation fallback (ValueError)
missingindicator_home_pass_completion_for_l5,0.0,0.0,Task R,XGBoost,Permutation fallback (ValueError)
missingindicator_home_pressures_for_l5,0.0,0.0,Task R,XGBoost,Permutation fallback (ValueError)
missingindicator_home_final_third_entries_for_l5,0.0,0.0,Task R,XGBoost,Permutation fallback (ValueError)
missingindicator_home_red_cards_for_l5,0.0,0.0,Task R,XGBoost,Permutation fallback (ValueError)
missingindicator_home_possession_share_l5,0.0,0.0,Task R,XGBoost,Permutation fallback (ValueError)
missingindicator_home_points_l10,0.0,0.0,Task R,XGBoost,Permutation fallback (ValueError)
missingindicator_home_goals_for_l10,0.0,0.0,Task R,XGBoost,Permutation fallback (ValueError)
missingindicator_home_goals_against_l10,0.0,0.0,Task R,XGBoost,Permutation fallback (ValueError)
missingindicator_home_goal_difference_l10,0.0,0.0,Task R,XGBoost,Permutation fallback (ValueError)
missingindicator_home_shots_for_l10,0.0,0.0,Task R,XGBoost,Permutation fallback (ValueError)
missingindicator_home_shots_against_l10,0.0,0.0,Task R,XGBoost,Permutation fallback (ValueError)
missingindicator_home_shots_on_target_for_l10,0.0,0.0,Task R,XGBoost,Permutation fallback (ValueError)
missingindicator_home_shots_on_target_against_l10,0.0,0.0,Task R,XGBoost,Permutation fallback (ValueError)
missingindicator_home_xg_for_l10,0.0,0.0,Task R,XGBoost,Permutation fallback (ValueError)
missingindicator_home_xg_against_l10,0.0,0.0,Task R,XGBoost,Permutation fallback (ValueError)
missingindicator_home_passes_for_l10,0.0,0.0,Task R,XGBoost,Permutation fallback (ValueError)
missingindicator_home_pass_completion_for_l10,0.0,0.0,Task R,XGBoost,Permutation fallback (ValueError)
missingindicator_home_pressures_for_l10,0.0,0.0,Task R,XGBoost,Permutation fallback (ValueError)
missingindicator_home_final_third_entries_for_l10,0.0,0.0,Task R,XGBoost,Permutation fallback (ValueError)
missingindicator_home_red_cards_for_l10,0.0,0.0,Task R,XGBoost,Permutation fallback (ValueError)
missingindicator_home_possession_share_l10,0.0,0.0,Task R,XGBoost,Permutation fallback (ValueError)
missingindicator_away_rest_days,0.0,0.0,Task R,XGBoost,Permutation fallback (ValueError)
missingindicator_away_points_l3,0.0,0.0,Task R,XGBoost,Permutation fallback (ValueError)
missingindicator_away_goals_for_l3,0.0,0.0,Task R,XGBoost,Permutation fallback (ValueError)
missingindicator_away_goals_against_l3,0.0,0.0,Task R,XGBoost,Permutation fallback (ValueError)
missingindicator_away_goal_difference_l3,0.0,0.0,Task R,XGBoost,Permutation fallback (ValueError)
missingindicator_away_shots_for_l3,0.0,0.0,Task R,XGBoost,Permutation fallback (ValueError)
missingindicator_away_shots_against_l3,0.0,0.0,Task R,XGBoost,Permutation fallback (ValueError)
missingindicator_away_shots_on_target_for_l3,0.0,0.0,Task R,XGBoost,Permutation fallback (ValueError)
missingindicator_away_shots_on_target_against_l3,0.0,0.0,Task R,XGBoost,Permutation fallback (ValueError)
missingindicator_away_xg_for_l3,0.0,0.0,Task R,XGBoost,Permutation fallback (ValueError)
missingindicator_away_xg_against_l3,0.0,0.0,Task R,XGBoost,Permutation fallback (ValueError)
missingindicator_away_passes_for_l3,0.0,0.0,Task R,XGBoost,Permutation fallback (ValueError)
missingindicator_away_pass_completion_for_l3,0.0,0.0,Task R,XGBoost,Permutation fallback (ValueError)
missingindicator_away_pressures_for_l3,0.0,0.0,Task R,XGBoost,Permutation fallback (ValueError)
missingindicator_away_final_third_entries_for_l3,0.0,0.0,Task R,XGBoost,Permutation fallback (ValueError)
missingindicator_away_red_cards_for_l3,0.0,0.0,Task R,XGBoost,Permutation fallback (ValueError)
missingindicator_away_possession_share_l3,0.0,0.0,Task R,XGBoost,Permutation fallback (ValueError)
missingindicator_away_points_l5,0.0,0.0,Task R,XGBoost,Permutation fallback (ValueError)
missingindicator_away_goals_for_l5,0.0,0.0,Task R,XGBoost,Permutation fallback (ValueError)
missingindicator_away_goals_against_l5,0.0,0.0,Task R,XGBoost,Permutation fallback (ValueError)
missingindicator_away_goal_difference_l5,0.0,0.0,Task R,XGBoost,Permutation fallback (ValueError)
missingindicator_away_shots_for_l5,0.0,0.0,Task R,XGBoost,Permutation fallback (ValueError)
missingindicator_away_shots_against_l5,0.0,0.0,Task R,XGBoost,Permutation fallback (ValueError)
missingindicator_away_shots_on_target_for_l5,0.0,0.0,Task R,XGBoost,Permutation fallback (ValueError)
missingindicator_away_shots_on_target_against_l5,0.0,0.0,Task R,XGBoost,Permutation fallback (ValueError)
missingindicator_away_xg_for_l5,0.0,0.0,Task R,XGBoost,Permutation fallback (ValueError)
missingindicator_away_xg_against_l5,0.0,0.0,Task R,XGBoost,Permutation fallback (ValueError)
missingindicator_away_passes_for_l5,0.0,0.0,Task R,XGBoost,Permutation fallback (ValueError)
missingindicator_away_pass_completion_for_l5,0.0,0.0,Task R,XGBoost,Permutation fallback (ValueError)
missingindicator_diff_pressures_for_l5,0.0,0.0,Task R,XGBoost,Permutation fallback (ValueError)
missingindicator_diff_possession_share_l5,0.0,0.0,Task R,XGBoost,Permutation fallback (ValueError)
missingindicator_diff_points_l10,0.0,0.0,Task R,XGBoost,Permutation fallback (ValueError)
missingindicator_diff_goal_difference_l10,0.0,0.0,Task R,XGBoost,Permutation fallback (ValueError)
missingindicator_diff_shots_for_l10,0.0,0.0,Task R,XGBoost,Permutation fallback (ValueError)
missingindicator_diff_xg_for_l10,0.0,0.0,Task R,XGBoost,Permutation fallback (ValueError)
missingindicator_diff_pass_completion_for_l10,0.0,0.0,Task R,XGBoost,Permutation fallback (ValueError)
missingindicator_diff_pressures_for_l10,0.0,0.0,Task R,XGBoost,Permutation fallback (ValueError)
missingindicator_diff_possession_share_l10,0.0,0.0,Task R,XGBoost,Permutation fallback (ValueError)
missingindicator_rest_days_difference,0.0,0.0,Task R,XGBoost,Permutation fallback (ValueError)
p1_away_rank_total,0.18123941021056958,22.0,Task R,LightGBM,TreeExplainer
home_pass_completion_for_l3,0.15647430270505344,54.0,Task R,LightGBM,TreeExplainer
p1_away_scr_home,0.1562162546815512,28.0,Task R,LightGBM,TreeExplainer
home_shots_on_target_for_l3,0.15230667480635388,22.0,Task R,LightGBM,TreeExplainer
diff_xg_for_l3,0.12279699147759895,19.0,Task R,LightGBM,TreeExplainer
home_goals_against_l10,0.10126986356884027,19.0,Task R,LightGBM,TreeExplainer
away_goals_against_l5,0.09471475292879586,20.0,Task R,LightGBM,TreeExplainer
away_pressures_for_l5,0.09065769352659958,12.0,Task R,LightGBM,TreeExplainer
home_xg_for_l3,0.08519982573022877,9.0,Task R,LightGBM,TreeExplainer
home_goals_for_l5,0.08035916077020323,19.0,Task R,LightGBM,TreeExplainer
away_shots_on_target_for_l5,0.07952830527936093,16.0,Task R,LightGBM,TreeExplainer
away_shots_on_target_against_l3,0.06055566969882711,15.0,Task R,LightGBM,TreeExplainer
diff_pressures_for_l10,0.05934101354104695,17.0,Task R,LightGBM,TreeExplainer
diff_shots_for_l10,0.05876328817069318,15.0,Task R,LightGBM,TreeExplainer
home_xg_for_l5,0.05549944397871909,7.0,Task R,LightGBM,TreeExplainer
away_pressures_for_l3,0.054970655317647756,31.0,Task R,LightGBM,TreeExplainer
diff_pressures_for_l5,0.05429013572511791,9.0,Task R,LightGBM,TreeExplainer
home_shots_for_l3,0.054075414872309865,14.0,Task R,LightGBM,TreeExplainer
rest_days_difference,0.04906060474020415,13.0,Task R,LightGBM,TreeExplainer
p1_away_con_away,0.04858525644408274,11.0,Task R,LightGBM,TreeExplainer
diff_goal_difference_l10,0.04746424220569863,10.0,Task R,LightGBM,TreeExplainer
p1_home_rank_home,0.04569084128228682,9.0,Task R,LightGBM,TreeExplainer
away_shots_for_l5,0.03961517366789875,7.0,Task R,LightGBM,TreeExplainer
away_final_third_entries_for_l10,0.037572868038778726,14.0,Task R,LightGBM,TreeExplainer
diff_possession_share_l3,0.03750959036912282,6.0,Task R,LightGBM,TreeExplainer
away_shots_against_l10,0.03600453576646691,9.0,Task R,LightGBM,TreeExplainer
home_final_third_entries_for_l5,0.0355356008057361,6.0,Task R,LightGBM,TreeExplainer
away_possession_share_l3,0.03499349242656666,8.0,Task R,LightGBM,TreeExplainer
home_xg_against_l3,0.031225386927363232,12.0,Task R,LightGBM,TreeExplainer
away_goals_for_l3,0.02844706650492669,8.0,Task R,LightGBM,TreeExplainer
home_pass_completion_for_l5,0.027305039666269133,6.0,Task R,LightGBM,TreeExplainer
away_xg_against_l3,0.026696901854492076,9.0,Task R,LightGBM,TreeExplainer
away_shots_on_target_for_l3,0.025913547141396487,5.0,Task R,LightGBM,TreeExplainer
p1_home_con_total,0.02327043576624946,4.0,Task R,LightGBM,TreeExplainer
home_shots_for_l10,0.02318570801745291,5.0,Task R,LightGBM,TreeExplainer
away_red_cards_for_l10,0.022842405744544835,7.0,Task R,LightGBM,TreeExplainer
p1_away_rank_home,0.022063780950544322,6.0,Task R,LightGBM,TreeExplainer
home_possession_share_l5,0.02162236665793951,4.0,Task R,LightGBM,TreeExplainer
home_goals_for_l10,0.020678770314206958,7.0,Task R,LightGBM,TreeExplainer
home_pass_completion_for_l10,0.01939462416845819,3.0,Task R,LightGBM,TreeExplainer
diff_possession_share_l5,0.019350940726049568,6.0,Task R,LightGBM,TreeExplainer
home_rest_days,0.018864915895181293,6.0,Task R,LightGBM,TreeExplainer
diff_shots_for_l5,0.01876577505760867,7.0,Task R,LightGBM,TreeExplainer
away_shots_against_l5,0.018125559733775644,13.0,Task R,LightGBM,TreeExplainer
away_shots_on_target_against_l5,0.01691162567923142,4.0,Task R,LightGBM,TreeExplainer
home_xg_against_l5,0.015624650937599554,2.0,Task R,LightGBM,TreeExplainer
home_points_l5,0.015601155014735635,10.0,Task R,LightGBM,TreeExplainer
p1_home_scr_total,0.015552504940390375,3.0,Task R,LightGBM,TreeExplainer
p1_away_con_total,0.015550073371201319,1.0,Task R,LightGBM,TreeExplainer
away_points_l10,0.01420747416795812,3.0,Task R,LightGBM,TreeExplainer
away_goal_difference_l10,0.014024550700560212,8.0,Task R,LightGBM,TreeExplainer
away_shots_on_target_against_l10,0.013910538765291369,2.0,Task R,LightGBM,TreeExplainer
away_goals_against_l3,0.013903550469599988,3.0,Task R,LightGBM,TreeExplainer
away_pass_completion_for_l10,0.012627565081946655,5.0,Task R,LightGBM,TreeExplainer
away_final_third_entries_for_l5,0.01201056092977523,3.0,Task R,LightGBM,TreeExplainer
home_shots_against_l10,0.01195470708813788,4.0,Task R,LightGBM,TreeExplainer
diff_possession_share_l10,0.010646972832256473,3.0,Task R,LightGBM,TreeExplainer
home_final_third_entries_for_l10,0.009710384970125949,5.0,Task R,LightGBM,TreeExplainer
away_possession_share_l5,0.009407885473869417,2.0,Task R,LightGBM,TreeExplainer
away_xg_against_l10,0.00914521601213061,5.0,Task R,LightGBM,TreeExplainer
p1_away_scr_away,0.008075845588430547,3.0,Task R,LightGBM,TreeExplainer
home_pressures_for_l5,0.007781081712818232,3.0,Task R,LightGBM,TreeExplainer
home_pressures_for_l3,0.007198135169776347,1.0,Task R,LightGBM,TreeExplainer
away_possession_share_l10,0.007101041677515904,2.0,Task R,LightGBM,TreeExplainer
home_xg_against_l10,0.006738296912416168,2.0,Task R,LightGBM,TreeExplainer
away_shots_for_l10,0.0067329229456305085,5.0,Task R,LightGBM,TreeExplainer
away_goals_against_l10,0.006680919153048943,4.0,Task R,LightGBM,TreeExplainer
p1_home_scr_home,0.006406527304131055,1.0,Task R,LightGBM,TreeExplainer
home_passes_for_l5,0.005853952834571615,1.0,Task R,LightGBM,TreeExplainer
away_xg_for_l10,0.005851489810637482,2.0,Task R,LightGBM,TreeExplainer
away_pass_completion_for_l3,0.005787112712320213,1.0,Task R,LightGBM,TreeExplainer
away_goals_for_l5,0.0053992343661577805,1.0,Task R,LightGBM,TreeExplainer
diff_pass_completion_for_l10,0.0044334251001693185,2.0,Task R,LightGBM,TreeExplainer
p1_away_scr_total,0.004406696890035401,1.0,Task R,LightGBM,TreeExplainer
home_shots_on_target_against_l5,0.003655030994095663,2.0,Task R,LightGBM,TreeExplainer
home_xg_for_l10,0.0035562995811114495,1.0,Task R,LightGBM,TreeExplainer
p1_away_con_home,0.0027394166918120514,1.0,Task R,LightGBM,TreeExplainer
away_final_third_entries_for_l3,0.0017538580341615534,1.0,Task R,LightGBM,TreeExplainer
home_shots_for_l5,0.0015186965060622786,1.0,Task R,LightGBM,TreeExplainer
home_possession_share_l3,0.0014082479128695049,1.0,Task R,LightGBM,TreeExplainer
home_pressures_for_l10,0.0012831861335460258,3.0,Task R,LightGBM,TreeExplainer
diff_pass_completion_for_l5,0.0008898524446008003,1.0,Task R,LightGBM,TreeExplainer
home_shots_against_l5,0.0,0.0,Task R,LightGBM,TreeExplainer
home_shots_on_target_for_l5,0.0,0.0,Task R,LightGBM,TreeExplainer
home_goals_against_l5,0.0,0.0,Task R,LightGBM,TreeExplainer
home_goal_difference_l5,0.0,0.0,Task R,LightGBM,TreeExplainer
missingindicator_away_possession_share_l5,0.0,0.0,Task R,LightGBM,TreeExplainer
missingindicator_away_points_l10,0.0,0.0,Task R,LightGBM,TreeExplainer
missingindicator_away_final_third_entries_for_l5,0.0,0.0,Task R,LightGBM,TreeExplainer
missingindicator_away_red_cards_for_l5,0.0,0.0,Task R,LightGBM,TreeExplainer
missingindicator_away_pass_completion_for_l10,0.0,0.0,Task R,LightGBM,TreeExplainer
missingindicator_away_pressures_for_l10,0.0,0.0,Task R,LightGBM,TreeExplainer
missingindicator_away_final_third_entries_for_l10,0.0,0.0,Task R,LightGBM,TreeExplainer
missingindicator_away_red_cards_for_l10,0.0,0.0,Task R,LightGBM,TreeExplainer
home_missing_history_l3,0.0,0.0,Task R,LightGBM,TreeExplainer
home_shots_on_target_against_l3,0.0,0.0,Task R,LightGBM,TreeExplainer
home_final_third_entries_for_l3,0.0,0.0,Task R,LightGBM,TreeExplainer
home_red_cards_for_l3,0.0,0.0,Task R,LightGBM,TreeExplainer
home_shots_against_l3,0.0,0.0,Task R,LightGBM,TreeExplainer
home_goal_difference_l3,0.0,0.0,Task R,LightGBM,TreeExplainer
home_passes_for_l3,0.0,0.0,Task R,LightGBM,TreeExplainer
missingindicator_away_pressures_for_l5,0.0,0.0,Task R,LightGBM,TreeExplainer
missingindicator_away_shots_on_target_against_l10,0.0,0.0,Task R,LightGBM,TreeExplainer
missingindicator_away_xg_for_l10,0.0,0.0,Task R,LightGBM,TreeExplainer
missingindicator_away_xg_against_l10,0.0,0.0,Task R,LightGBM,TreeExplainer
missingindicator_away_passes_for_l10,0.0,0.0,Task R,LightGBM,TreeExplainer
missingindicator_diff_xg_for_l5,0.0,0.0,Task R,LightGBM,TreeExplainer
missingindicator_diff_shots_for_l5,0.0,0.0,Task R,LightGBM,TreeExplainer
missingindicator_diff_goal_difference_l5,0.0,0.0,Task R,LightGBM,TreeExplainer
missingindicator_diff_points_l5,0.0,0.0,Task R,LightGBM,TreeExplainer
missingindicator_diff_possession_share_l3,0.0,0.0,Task R,LightGBM,TreeExplainer
missingindicator_diff_pressures_for_l3,0.0,0.0,Task R,LightGBM,TreeExplainer
missingindicator_diff_pass_completion_for_l3,0.0,0.0,Task R,LightGBM,TreeExplainer
missingindicator_diff_xg_for_l3,0.0,0.0,Task R,LightGBM,TreeExplainer
missingindicator_diff_shots_for_l3,0.0,0.0,Task R,LightGBM,TreeExplainer
missingindicator_diff_goal_difference_l3,0.0,0.0,Task R,LightGBM,TreeExplainer
away_goal_difference_l5,0.0,0.0,Task R,LightGBM,TreeExplainer
away_missing_history_l3,0.0,0.0,Task R,LightGBM,TreeExplainer
away_points_l5,0.0,0.0,Task R,LightGBM,TreeExplainer
away_red_cards_for_l3,0.0,0.0,Task R,LightGBM,TreeExplainer
missingindicator_diff_pass_completion_for_l5,0.0,0.0,Task R,LightGBM,TreeExplainer
away_passes_for_l3,0.0,0.0,Task R,LightGBM,TreeExplainer
away_red_cards_for_l5,0.0,0.0,Task R,LightGBM,TreeExplainer
away_pass_completion_for_l5,0.0,0.0,Task R,LightGBM,TreeExplainer
away_xg_against_l5,0.0,0.0,Task R,LightGBM,TreeExplainer
away_passes_for_l5,0.0,0.0,Task R,LightGBM,TreeExplainer
missingindicator_away_possession_share_l10,0.0,0.0,Task R,LightGBM,TreeExplainer
missingindicator_diff_points_l3,0.0,0.0,Task R,LightGBM,TreeExplainer
missingindicator_away_goals_for_l10,0.0,0.0,Task R,LightGBM,TreeExplainer
missingindicator_away_goals_against_l10,0.0,0.0,Task R,LightGBM,TreeExplainer
missingindicator_away_goal_difference_l10,0.0,0.0,Task R,LightGBM,TreeExplainer
missingindicator_away_shots_for_l10,0.0,0.0,Task R,LightGBM,TreeExplainer
missingindicator_away_shots_against_l10,0.0,0.0,Task R,LightGBM,TreeExplainer
missingindicator_away_shots_on_target_for_l10,0.0,0.0,Task R,LightGBM,TreeExplainer
home_goals_against_l3,0.0,0.0,Task R,LightGBM,TreeExplainer
home_goals_for_l3,0.0,0.0,Task R,LightGBM,TreeExplainer
home_points_l3,0.0,0.0,Task R,LightGBM,TreeExplainer
home_history_matches_before,0.0,2.0,Task R,LightGBM,TreeExplainer
diff_pressures_for_l3,0.0,0.0,Task R,LightGBM,TreeExplainer
diff_pass_completion_for_l3,0.0,0.0,Task R,LightGBM,TreeExplainer
diff_shots_for_l3,0.0,0.0,Task R,LightGBM,TreeExplainer
diff_goal_difference_l3,0.0,0.0,Task R,LightGBM,TreeExplainer
diff_points_l3,0.0,0.0,Task R,LightGBM,TreeExplainer
away_missing_history_l10,0.0,0.0,Task R,LightGBM,TreeExplainer
away_pressures_for_l10,0.0,0.0,Task R,LightGBM,TreeExplainer
away_passes_for_l10,0.0,0.0,Task R,LightGBM,TreeExplainer
away_goals_for_l10,0.0,0.0,Task R,LightGBM,TreeExplainer
away_shots_on_target_for_l10,0.0,0.0,Task R,LightGBM,TreeExplainer
away_missing_history_l5,0.0,0.0,Task R,LightGBM,TreeExplainer
away_xg_for_l5,0.0,0.0,Task R,LightGBM,TreeExplainer
diff_points_l10,0.0,0.0,Task R,LightGBM,TreeExplainer
diff_xg_for_l10,0.0,0.0,Task R,LightGBM,TreeExplainer
home_red_cards_for_l5,0.0,0.0,Task R,LightGBM,TreeExplainer
home_missing_history_l5,0.0,0.0,Task R,LightGBM,TreeExplainer
home_shots_on_target_against_l10,0.0,0.0,Task R,LightGBM,TreeExplainer
home_shots_on_target_for_l10,0.0,0.0,Task R,LightGBM,TreeExplainer
home_points_l10,0.0,0.0,Task R,LightGBM,TreeExplainer
home_goal_difference_l10,0.0,0.0,Task R,LightGBM,TreeExplainer
home_red_cards_for_l10,0.0,0.0,Task R,LightGBM,TreeExplainer
home_possession_share_l10,0.0,0.0,Task R,LightGBM,TreeExplainer
home_missing_history_l10,0.0,0.0,Task R,LightGBM,TreeExplainer
home_passes_for_l10,0.0,0.0,Task R,LightGBM,TreeExplainer
away_rest_days,0.0,0.0,Task R,LightGBM,TreeExplainer
away_history_matches_before,0.0,0.0,Task R,LightGBM,TreeExplainer
away_goal_difference_l3,0.0,0.0,Task R,LightGBM,TreeExplainer
away_points_l3,0.0,0.0,Task R,LightGBM,TreeExplainer
away_shots_for_l3,0.0,0.0,Task R,LightGBM,TreeExplainer
diff_goal_difference_l5,0.0,0.0,Task R,LightGBM,TreeExplainer
diff_xg_for_l5,0.0,0.0,Task R,LightGBM,TreeExplainer
diff_points_l5,0.0,0.0,Task R,LightGBM,TreeExplainer
p1_home_rank_total,0.0,0.0,Task R,LightGBM,TreeExplainer
away_xg_for_l3,0.0,0.0,Task R,LightGBM,TreeExplainer
away_shots_against_l3,0.0,0.0,Task R,LightGBM,TreeExplainer
p1_home_con_home,0.0,0.0,Task R,LightGBM,TreeExplainer
p1_home_scr_away,0.0,0.0,Task R,LightGBM,TreeExplainer
p1_home_con_away,0.0,0.0,Task R,LightGBM,TreeExplainer
p1_home_rank_away,0.0,0.0,Task R,LightGBM,TreeExplainer
p1_away_rank_away,0.0,0.0,Task R,LightGBM,TreeExplainer
missingindicator_home_rest_days,0.0,0.0,Task R,LightGBM,TreeExplainer
missingindicator_home_points_l3,0.0,0.0,Task R,LightGBM,TreeExplainer
missingindicator_home_goals_for_l3,0.0,0.0,Task R,LightGBM,TreeExplainer
missingindicator_home_goals_against_l3,0.0,0.0,Task R,LightGBM,TreeExplainer
missingindicator_home_goal_difference_l3,0.0,0.0,Task R,LightGBM,TreeExplainer
missingindicator_home_shots_for_l3,0.0,0.0,Task R,LightGBM,TreeExplainer
missingindicator_home_shots_against_l3,0.0,0.0,Task R,LightGBM,TreeExplainer
missingindicator_home_shots_on_target_for_l3,0.0,0.0,Task R,LightGBM,TreeExplainer
missingindicator_home_shots_on_target_against_l3,0.0,0.0,Task R,LightGBM,TreeExplainer
missingindicator_home_xg_for_l3,0.0,0.0,Task R,LightGBM,TreeExplainer
missingindicator_home_xg_against_l3,0.0,0.0,Task R,LightGBM,TreeExplainer
missingindicator_home_passes_for_l3,0.0,0.0,Task R,LightGBM,TreeExplainer
missingindicator_home_pass_completion_for_l3,0.0,0.0,Task R,LightGBM,TreeExplainer
missingindicator_home_pressures_for_l3,0.0,0.0,Task R,LightGBM,TreeExplainer
missingindicator_home_final_third_entries_for_l3,0.0,0.0,Task R,LightGBM,TreeExplainer
missingindicator_home_red_cards_for_l3,0.0,0.0,Task R,LightGBM,TreeExplainer
missingindicator_home_possession_share_l3,0.0,0.0,Task R,LightGBM,TreeExplainer
missingindicator_home_points_l5,0.0,0.0,Task R,LightGBM,TreeExplainer
missingindicator_home_goals_for_l5,0.0,0.0,Task R,LightGBM,TreeExplainer
missingindicator_home_goals_against_l5,0.0,0.0,Task R,LightGBM,TreeExplainer
missingindicator_home_goal_difference_l5,0.0,0.0,Task R,LightGBM,TreeExplainer
missingindicator_home_shots_for_l5,0.0,0.0,Task R,LightGBM,TreeExplainer
missingindicator_home_shots_against_l5,0.0,0.0,Task R,LightGBM,TreeExplainer
missingindicator_home_shots_on_target_for_l5,0.0,0.0,Task R,LightGBM,TreeExplainer
missingindicator_home_shots_on_target_against_l5,0.0,0.0,Task R,LightGBM,TreeExplainer
missingindicator_home_xg_for_l5,0.0,0.0,Task R,LightGBM,TreeExplainer
missingindicator_home_xg_against_l5,0.0,0.0,Task R,LightGBM,TreeExplainer
missingindicator_home_passes_for_l5,0.0,0.0,Task R,LightGBM,TreeExplainer
missingindicator_home_pass_completion_for_l5,0.0,0.0,Task R,LightGBM,TreeExplainer
missingindicator_home_pressures_for_l5,0.0,0.0,Task R,LightGBM,TreeExplainer
missingindicator_home_final_third_entries_for_l5,0.0,0.0,Task R,LightGBM,TreeExplainer
missingindicator_home_red_cards_for_l5,0.0,0.0,Task R,LightGBM,TreeExplainer
missingindicator_home_possession_share_l5,0.0,0.0,Task R,LightGBM,TreeExplainer
missingindicator_home_points_l10,0.0,0.0,Task R,LightGBM,TreeExplainer
missingindicator_home_goals_for_l10,0.0,0.0,Task R,LightGBM,TreeExplainer
missingindicator_home_goals_against_l10,0.0,0.0,Task R,LightGBM,TreeExplainer
missingindicator_home_goal_difference_l10,0.0,0.0,Task R,LightGBM,TreeExplainer
missingindicator_home_shots_for_l10,0.0,0.0,Task R,LightGBM,TreeExplainer
missingindicator_home_shots_against_l10,0.0,0.0,Task R,LightGBM,TreeExplainer
missingindicator_home_shots_on_target_for_l10,0.0,0.0,Task R,LightGBM,TreeExplainer
missingindicator_home_shots_on_target_against_l10,0.0,0.0,Task R,LightGBM,TreeExplainer
missingindicator_home_xg_for_l10,0.0,0.0,Task R,LightGBM,TreeExplainer
missingindicator_home_xg_against_l10,0.0,0.0,Task R,LightGBM,TreeExplainer
missingindicator_home_passes_for_l10,0.0,0.0,Task R,LightGBM,TreeExplainer
missingindicator_home_pass_completion_for_l10,0.0,0.0,Task R,LightGBM,TreeExplainer
missingindicator_home_pressures_for_l10,0.0,0.0,Task R,LightGBM,TreeExplainer
missingindicator_home_final_third_entries_for_l10,0.0,0.0,Task R,LightGBM,TreeExplainer
missingindicator_home_red_cards_for_l10,0.0,0.0,Task R,LightGBM,TreeExplainer
missingindicator_home_possession_share_l10,0.0,0.0,Task R,LightGBM,TreeExplainer
missingindicator_away_rest_days,0.0,0.0,Task R,LightGBM,TreeExplainer
missingindicator_away_points_l3,0.0,0.0,Task R,LightGBM,TreeExplainer
missingindicator_away_goals_for_l3,0.0,0.0,Task R,LightGBM,TreeExplainer
missingindicator_away_goals_against_l3,0.0,0.0,Task R,LightGBM,TreeExplainer
missingindicator_away_goal_difference_l3,0.0,0.0,Task R,LightGBM,TreeExplainer
missingindicator_away_shots_for_l3,0.0,0.0,Task R,LightGBM,TreeExplainer
missingindicator_away_shots_against_l3,0.0,0.0,Task R,LightGBM,TreeExplainer
missingindicator_away_shots_on_target_for_l3,0.0,0.0,Task R,LightGBM,TreeExplainer
missingindicator_away_shots_on_target_against_l3,0.0,0.0,Task R,LightGBM,TreeExplainer
missingindicator_away_xg_for_l3,0.0,0.0,Task R,LightGBM,TreeExplainer
missingindicator_away_xg_against_l3,0.0,0.0,Task R,LightGBM,TreeExplainer
missingindicator_away_passes_for_l3,0.0,0.0,Task R,LightGBM,TreeExplainer
missingindicator_away_pass_completion_for_l3,0.0,0.0,Task R,LightGBM,TreeExplainer
missingindicator_away_pressures_for_l3,0.0,0.0,Task R,LightGBM,TreeExplainer
missingindicator_away_final_third_entries_for_l3,0.0,0.0,Task R,LightGBM,TreeExplainer
missingindicator_away_red_cards_for_l3,0.0,0.0,Task R,LightGBM,TreeExplainer
missingindicator_away_possession_share_l3,0.0,0.0,Task R,LightGBM,TreeExplainer
missingindicator_away_points_l5,0.0,0.0,Task R,LightGBM,TreeExplainer
missingindicator_away_goals_for_l5,0.0,0.0,Task R,LightGBM,TreeExplainer
missingindicator_away_goals_against_l5,0.0,0.0,Task R,LightGBM,TreeExplainer
missingindicator_away_goal_difference_l5,0.0,0.0,Task R,LightGBM,TreeExplainer
missingindicator_away_shots_for_l5,0.0,0.0,Task R,LightGBM,TreeExplainer
missingindicator_away_shots_against_l5,0.0,0.0,Task R,LightGBM,TreeExplainer
missingindicator_away_shots_on_target_for_l5,0.0,0.0,Task R,LightGBM,TreeExplainer
missingindicator_away_shots_on_target_against_l5,0.0,0.0,Task R,LightGBM,TreeExplainer
missingindicator_away_xg_for_l5,0.0,0.0,Task R,LightGBM,TreeExplainer
missingindicator_away_xg_against_l5,0.0,0.0,Task R,LightGBM,TreeExplainer
missingindicator_away_passes_for_l5,0.0,0.0,Task R,LightGBM,TreeExplainer
missingindicator_away_pass_completion_for_l5,0.0,0.0,Task R,LightGBM,TreeExplainer
missingindicator_diff_pressures_for_l5,0.0,0.0,Task R,LightGBM,TreeExplainer
missingindicator_diff_possession_share_l5,0.0,0.0,Task R,LightGBM,TreeExplainer
missingindicator_diff_points_l10,0.0,0.0,Task R,LightGBM,TreeExplainer
missingindicator_diff_goal_difference_l10,0.0,0.0,Task R,LightGBM,TreeExplainer
missingindicator_diff_shots_for_l10,0.0,0.0,Task R,LightGBM,TreeExplainer
missingindicator_diff_xg_for_l10,0.0,0.0,Task R,LightGBM,TreeExplainer
missingindicator_diff_pass_completion_for_l10,0.0,0.0,Task R,LightGBM,TreeExplainer
missingindicator_diff_pressures_for_l10,0.0,0.0,Task R,LightGBM,TreeExplainer
missingindicator_diff_possession_share_l10,0.0,0.0,Task R,LightGBM,TreeExplainer
missingindicator_rest_days_difference,0.0,0.0,Task R,LightGBM,TreeExplainer
current_goal_difference,0.04166284691294757,0.07265582931815417,Task L outcome,Random Forest,TreeExplainer
current_away_score,0.02077312743584396,0.023155318865263865,Task L outcome,Random Forest,TreeExplainer
current_home_score,0.016845839368567084,0.017273444776719712,Task L outcome,Random Forest,TreeExplainer
diff_xg_for_l3,0.016570647982995804,0.016752680674060334,Task L outcome,Random Forest,TreeExplainer
live_diff_xg,0.012990940540787827,0.021185508212853272,Task L outcome,Random Forest,TreeExplainer
p1_away_scr_home,0.009381564873269684,0.00922480987347194,Task L outcome,Random Forest,TreeExplainer
away_pass_completion_for_l3,0.00894678963374403,0.010333076073920448,Task L outcome,Random Forest,TreeExplainer
p1_away_con_total,0.00639595922947013,0.011434633763560131,Task L outcome,Random Forest,TreeExplainer
p1_away_con_away,0.006051531887080114,0.011378350664360245,Task L outcome,Random Forest,TreeExplainer
away_shots_on_target_for_l10,0.005945861062565189,0.008777209750495084,Task L outcome,Random Forest,TreeExplainer
p1_away_rank_total,0.00569055981916494,0.011023088254662338,Task L outcome,Random Forest,TreeExplainer
home_final_third_entries_for_l5,0.005580758555633286,0.008026482010972407,Task L outcome,Random Forest,TreeExplainer
diff_xg_for_l5,0.005534739604869542,0.009068480702315574,Task L outcome,Random Forest,TreeExplainer
live_diff_shots_on_target,0.005321312335215587,0.008621759988747268,Task L outcome,Random Forest,TreeExplainer
home_pressures_for_l5,0.0052853140018826825,0.007640890496842124,Task L outcome,Random Forest,TreeExplainer
away_shots_on_target_for_l5,0.004993191331111977,0.007779346947303217,Task L outcome,Random Forest,TreeExplainer
home_xg_for_l3,0.004327312818745176,0.008700857434804097,Task L outcome,Random Forest,TreeExplainer
away_final_third_entries_for_l10,0.004237966668718087,0.009325490479196286,Task L outcome,Random Forest,TreeExplainer
home_shots_on_target_against_l3,0.004051313054090972,0.01197654888110629,Task L outcome,Random Forest,TreeExplainer
diff_pressures_for_l10,0.0040015878951250045,0.0059836016769053355,Task L outcome,Random Forest,TreeExplainer
p1_away_scr_total,0.003990647884053338,0.006247735566499049,Task L outcome,Random Forest,TreeExplainer
diff_xg_for_l10,0.003909724146011985,0.009694524013992593,Task L outcome,Random Forest,TreeExplainer
home_shots_on_target_for_l3,0.0038584045075750113,0.008965852633411318,Task L outcome,Random Forest,TreeExplainer
home_goals_for_l5,0.0038021053105158353,0.005460202768773376,Task L outcome,Random Forest,TreeExplainer
diff_pressures_for_l3,0.003759719948051248,0.007805663584126294,Task L outcome,Random Forest,TreeExplainer
home_passes_for_l3,0.00367454413232475,0.008029737480037295,Task L outcome,Random Forest,TreeExplainer
away_pass_completion_for_l10,0.0036309741972284475,0.00859295137472937,Task L outcome,Random Forest,TreeExplainer
home_xg_for_l5,0.0036219686064175955,0.008438910207150428,Task L outcome,Random Forest,TreeExplainer
home_pressures_for_l10,0.0036139734825577823,0.008525378468167106,Task L outcome,Random Forest,TreeExplainer
away_goal_difference_l10,0.0034993527857813027,0.007221669613687774,Task L outcome,Random Forest,TreeExplainer
p1_home_rank_away,0.0032862676085191104,0.00528202824072118,Task L outcome,Random Forest,TreeExplainer
diff_shots_for_l10,0.0031502983830401093,0.007581857292012409,Task L outcome,Random Forest,TreeExplainer
home_live_shots_on_target,0.003077902203087414,0.002552362807886669,Task L outcome,Random Forest,TreeExplainer
p1_home_con_total,0.0030705013724743927,0.006346597455746554,Task L outcome,Random Forest,TreeExplainer
home_pass_completion_for_l5,0.0030670292645441797,0.007401795453530254,Task L outcome,Random Forest,TreeExplainer
diff_shots_for_l5,0.0030155980534705877,0.008905246443712852,Task L outcome,Random Forest,TreeExplainer
p1_away_rank_home,0.0029107930385652153,0.005436939572197644,Task L outcome,Random Forest,TreeExplainer
home_shots_on_target_for_l5,0.0028736645113997387,0.008216060970701456,Task L outcome,Random Forest,TreeExplainer
away_live_xg,0.0028509854155566216,0.003395435246484746,Task L outcome,Random Forest,TreeExplainer
home_shots_for_l10,0.0027734033494640903,0.007420698147070328,Task L outcome,Random Forest,TreeExplainer
home_rest_days,0.0027654875100813106,0.006739430278686097,Task L outcome,Random Forest,TreeExplainer
away_pressures_for_l5,0.002761626797672439,0.005286005609956291,Task L outcome,Random Forest,TreeExplainer
home_shots_for_l5,0.0027500728765048645,0.005667420070402461,Task L outcome,Random Forest,TreeExplainer
p1_away_rank_away,0.0026819179212094002,0.007260401312243081,Task L outcome,Random Forest,TreeExplainer
home_pressures_for_l3,0.0025535752913475322,0.006022067139671129,Task L outcome,Random Forest,TreeExplainer
home_shots_for_l3,0.0023610837771429046,0.006058198140191356,Task L outcome,Random Forest,TreeExplainer
away_goal_difference_l5,0.002349154041346395,0.005831269039353942,Task L outcome,Random Forest,TreeExplainer
away_pass_completion_for_l5,0.0022514796136651216,0.006646727124781112,Task L outcome,Random Forest,TreeExplainer
p1_home_scr_total,0.002228035334242104,0.005474947272319446,Task L outcome,Random Forest,TreeExplainer
home_pass_completion_for_l10,0.0021614813153015442,0.005706979903507167,Task L outcome,Random Forest,TreeExplainer
home_xg_for_l10,0.0021368636132615146,0.006852818275925504,Task L outcome,Random Forest,TreeExplainer
home_passes_for_l10,0.0021065655969276526,0.0056155567023912865,Task L outcome,Random Forest,TreeExplainer
diff_possession_share_l5,0.0020481234404158503,0.009510934074298701,Task L outcome,Random Forest,TreeExplainer
p1_home_con_away,0.002001450287572861,0.006624666648479905,Task L outcome,Random Forest,TreeExplainer
diff_shots_for_l3,0.001979686598539274,0.007289737493905258,Task L outcome,Random Forest,TreeExplainer
away_pressures_for_l3,0.00196379725875057,0.00591977827860543,Task L outcome,Random Forest,TreeExplainer
home_final_third_entries_for_l3,0.0019432969614102073,0.005241879184093342,Task L outcome,Random Forest,TreeExplainer
home_pass_completion_for_l3,0.0019431915125261653,0.008685440168295106,Task L outcome,Random Forest,TreeExplainer
away_points_l10,0.0019205555796440877,0.004047501376482811,Task L outcome,Random Forest,TreeExplainer
diff_points_l10,0.0019029907627171397,0.007474200976634279,Task L outcome,Random Forest,TreeExplainer
away_goals_against_l10,0.0018146749525350951,0.005600433072979928,Task L outcome,Random Forest,TreeExplainer
away_goals_for_l3,0.0018055586096415634,0.004341909834179751,Task L outcome,Random Forest,TreeExplainer
diff_pass_completion_for_l3,0.0018032212122341326,0.005943952408216095,Task L outcome,Random Forest,TreeExplainer
diff_pass_completion_for_l5,0.001726563506829344,0.0060756081784308445,Task L outcome,Random Forest,TreeExplainer
away_xg_for_l3,0.001694843703096609,0.005742442721027275,Task L outcome,Random Forest,TreeExplainer
away_pressures_for_l10,0.0016850340521952494,0.004795590521989781,Task L outcome,Random Forest,TreeExplainer
home_shots_on_target_against_l5,0.001670026204735772,0.006493207810461111,Task L outcome,Random Forest,TreeExplainer
diff_possession_share_l10,0.0016597874253145763,0.007538264360834862,Task L outcome,Random Forest,TreeExplainer
home_shots_on_target_for_l10,0.0016481653015703534,0.005261003629226193,Task L outcome,Random Forest,TreeExplainer
away_final_third_entries_for_l5,0.001642820393892848,0.005411883356104471,Task L outcome,Random Forest,TreeExplainer
diff_possession_share_l3,0.0016300270030378996,0.004764963341724014,Task L outcome,Random Forest,TreeExplainer
diff_goal_difference_l5,0.0016137631442588985,0.0062578162575594055,Task L outcome,Random Forest,TreeExplainer
home_goals_for_l10,0.0015357490445126493,0.0044130551783808205,Task L outcome,Random Forest,TreeExplainer
p1_home_rank_home,0.0015155891789695153,0.004019430855092317,Task L outcome,Random Forest,TreeExplainer
p1_home_scr_home,0.0014961675619746288,0.00552641732111328,Task L outcome,Random Forest,TreeExplainer
away_shots_on_target_against_l3,0.0014932631397553801,0.005477348061968672,Task L outcome,Random Forest,TreeExplainer
away_shots_against_l3,0.0014851260010077993,0.004334218856124104,Task L outcome,Random Forest,TreeExplainer
rest_days_difference,0.0014766089955931482,0.004182418921152738,Task L outcome,Random Forest,TreeExplainer
p1_home_con_home,0.0014390525052240363,0.004952681708648141,Task L outcome,Random Forest,TreeExplainer
home_passes_for_l5,0.0014347327742092139,0.005229069969679424,Task L outcome,Random Forest,TreeExplainer
away_goals_for_l5,0.001426294637192337,0.003909669925054593,Task L outcome,Random Forest,TreeExplainer
away_xg_against_l10,0.0013991110071583121,0.007454568195386464,Task L outcome,Random Forest,TreeExplainer
home_live_xg,0.0013947864509896964,0.0023016446272439454,Task L outcome,Random Forest,TreeExplainer
diff_pass_completion_for_l10,0.0013733167057991594,0.0051770374461650925,Task L outcome,Random Forest,TreeExplainer
home_xg_against_l3,0.0013481386888474253,0.007261551691350613,Task L outcome,Random Forest,TreeExplainer
away_shots_for_l10,0.00134072802174965,0.005303071417511299,Task L outcome,Random Forest,TreeExplainer
diff_goal_difference_l10,0.0013223580846436832,0.006163043656749272,Task L outcome,Random Forest,TreeExplainer
away_goals_against_l5,0.0012934175872272632,0.005032833858760882,Task L outcome,Random Forest,TreeExplainer
away_xg_against_l3,0.0012675002043966302,0.006766924527116408,Task L outcome,Random Forest,TreeExplainer
home_final_third_entries_for_l10,0.0012638190641246893,0.005087677338844649,Task L outcome,Random Forest,TreeExplainer
away_passes_for_l3,0.0012576249111687925,0.007337104890595711,Task L outcome,Random Forest,TreeExplainer
away_shots_on_target_for_l3,0.001239785063898312,0.0050981788418495546,Task L outcome,Random Forest,TreeExplainer
home_goals_for_l3,0.0011998612517250256,0.0037091786626270843,Task L outcome,Random Forest,TreeExplainer
away_possession_share_l3,0.001172523512069077,0.005793220804192966,Task L outcome,Random Forest,TreeExplainer
diff_goal_difference_l3,0.001151202185890844,0.004552754077475882,Task L outcome,Random Forest,TreeExplainer
p1_home_scr_away,0.0011253789301638281,0.004661984714312314,Task L outcome,Random Forest,TreeExplainer
away_goal_difference_l3,0.001114830209719386,0.0033582339298702164,Task L outcome,Random Forest,TreeExplainer
home_points_l10,0.0010893418858544616,0.005033989265786465,Task L outcome,Random Forest,TreeExplainer
away_shots_for_l3,0.0010693019717841188,0.005699762486063444,Task L outcome,Random Forest,TreeExplainer
away_passes_for_l5,0.001055404732155177,0.008335989552551697,Task L outcome,Random Forest,TreeExplainer
away_goals_against_l3,0.001044767027157481,0.003350717341899254,Task L outcome,Random Forest,TreeExplainer
home_xg_against_l5,0.0010438366608837655,0.006196670539578176,Task L outcome,Random Forest,TreeExplainer
home_goals_against_l3,0.0010117498144498781,0.004957525151254498,Task L outcome,Random Forest,TreeExplainer
home_goal_difference_l10,0.0009790197333285748,0.004070940861168581,Task L outcome,Random Forest,TreeExplainer
away_shots_for_l5,0.0009576911346020605,0.005759344720696137,Task L outcome,Random Forest,TreeExplainer
home_points_l3,0.0009539191555685989,0.003265835154530103,Task L outcome,Random Forest,TreeExplainer
home_possession_share_l3,0.0009495102023588111,0.005592400077442232,Task L outcome,Random Forest,TreeExplainer
away_rest_days,0.0009448906664741115,0.00492835080861838,Task L outcome,Random Forest,TreeExplainer
away_passes_for_l10,0.0009419148152537698,0.0055368525977055934,Task L outcome,Random Forest,TreeExplainer
home_goal_difference_l5,0.0009315281924505805,0.004693069066151994,Task L outcome,Random Forest,TreeExplainer
away_goals_for_l10,0.0008913458963618597,0.003779688320593222,Task L outcome,Random Forest,TreeExplainer
home_shots_on_target_against_l10,0.0008809099805481328,0.005431766210857846,Task L outcome,Random Forest,TreeExplainer
away_points_l5,0.0008774799021415739,0.004300377010732314,Task L outcome,Random Forest,TreeExplainer
away_final_third_entries_for_l3,0.000860264811169896,0.0050892296076376865,Task L outcome,Random Forest,TreeExplainer
away_possession_share_l5,0.0008586029898481938,0.007070372848354775,Task L outcome,Random Forest,TreeExplainer
away_live_shots_on_target,0.0008542699605352292,0.0010495417262800755,Task L outcome,Random Forest,TreeExplainer
home_shots_against_l3,0.0008354080873236097,0.005102226333619242,Task L outcome,Random Forest,TreeExplainer
diff_points_l5,0.000833373029955666,0.005176813551972473,Task L outcome,Random Forest,TreeExplainer
away_possession_share_l10,0.0008088914736614744,0.005286386916729733,Task L outcome,Random Forest,TreeExplainer
p1_home_rank_total,0.0008055310134203655,0.004767200063104074,Task L outcome,Random Forest,TreeExplainer
p1_away_scr_away,0.0008000590910477477,0.005586882834357434,Task L outcome,Random Forest,TreeExplainer
away_xg_for_l5,0.0007988402074885402,0.004734231389715688,Task L outcome,Random Forest,TreeExplainer
home_shots_against_l5,0.0007797707783718503,0.0067410121028808005,Task L outcome,Random Forest,TreeExplainer
away_shots_on_target_against_l5,0.0007771267325576287,0.004407456903957943,Task L outcome,Random Forest,TreeExplainer
home_goals_against_l5,0.0007728694510713296,0.004247395827891049,Task L outcome,Random Forest,TreeExplainer
home_xg_against_l10,0.0007590013482539602,0.0051083499581186876,Task L outcome,Random Forest,TreeExplainer
away_xg_for_l10,0.0007573908607464297,0.004909754555730181,Task L outcome,Random Forest,TreeExplainer
away_xg_against_l5,0.0007569880723820729,0.005103362512086619,Task L outcome,Random Forest,TreeExplainer
home_points_l5,0.0007171420982733186,0.0033848045384227378,Task L outcome,Random Forest,TreeExplainer
home_possession_share_l5,0.00070538897949587,0.005633497874423664,Task L outcome,Random Forest,TreeExplainer
away_shots_on_target_against_l10,0.0006645162258133297,0.004575235161621128,Task L outcome,Random Forest,TreeExplainer
home_possession_share_l10,0.0006517669155480139,0.004524574057166575,Task L outcome,Random Forest,TreeExplainer
home_goals_against_l10,0.0006510363581616827,0.0032604744341411906,Task L outcome,Random Forest,TreeExplainer
away_shots_against_l10,0.0006363569211572439,0.005112459052662424,Task L outcome,Random Forest,TreeExplainer
home_goal_difference_l3,0.0006142060543602429,0.0034024097029333065,Task L outcome,Random Forest,TreeExplainer
diff_pressures_for_l5,0.0005933978866350622,0.005084431383982061,Task L outcome,Random Forest,TreeExplainer
home_shots_against_l10,0.0005730172543522965,0.005866732986369974,Task L outcome,Random Forest,TreeExplainer
home_red_cards_for_l10,0.0005450872220897904,0.0016488808426491028,Task L outcome,Random Forest,TreeExplainer
p1_away_con_home,0.0005267764957684779,0.002767804315508427,Task L outcome,Random Forest,TreeExplainer
away_red_cards_for_l10,0.0005217775543793836,0.0017186923814533888,Task L outcome,Random Forest,TreeExplainer
away_live_pass_completion,0.0005099371261990626,0.0010660084496186821,Task L outcome,Random Forest,TreeExplainer
diff_points_l3,0.000505394185629863,0.004530457076247028,Task L outcome,Random Forest,TreeExplainer
away_live_possession_share,0.0004915621733883904,0.000784745196430056,Task L outcome,Random Forest,TreeExplainer
live_diff_shots,0.00043009066140868406,0.000863370241756567,Task L outcome,Random Forest,TreeExplainer
away_shots_against_l5,0.0004233827264360221,0.003313713566420716,Task L outcome,Random Forest,TreeExplainer
away_points_l3,0.00040860797313731223,0.002198293412549209,Task L outcome,Random Forest,TreeExplainer
home_live_possession_share,0.00037402737398930223,0.0011124663417197678,Task L outcome,Random Forest,TreeExplainer
live_diff_possession_share,0.0003733406825617178,0.000883417295965122,Task L outcome,Random Forest,TreeExplainer
away_live_final_third_entries,0.00033944961552004804,0.0005112836861879431,Task L outcome,Random Forest,TreeExplainer
away_red_cards_for_l3,0.00030053291649380766,0.0009729649507118386,Task L outcome,Random Forest,TreeExplainer
away_live_shots,0.00029449866659473874,0.0005520047408899056,Task L outcome,Random Forest,TreeExplainer
home_live_completed_passes,0.0002788449329803437,0.0003950596952826774,Task L outcome,Random Forest,TreeExplainer
home_live_shots,0.0002694748075762732,0.0002567285975295615,Task L outcome,Random Forest,TreeExplainer
snapshot_minute,0.00025802368331354113,0.0005400737064839182,Task L outcome,Random Forest,TreeExplainer
away_live_completed_passes,0.0002450111333306874,0.0003244164596738798,Task L outcome,Random Forest,TreeExplainer
home_red_cards_for_l5,0.00022781929467001312,0.0008910195724959319,Task L outcome,Random Forest,TreeExplainer
home_live_final_third_entries,0.000226424619946594,0.0002509938651658638,Task L outcome,Random Forest,TreeExplainer
snapshot_rank,0.0002221116988976134,0.0004266424446722858,Task L outcome,Random Forest,TreeExplainer
live_diff_pressures,0.0002200419197293849,0.0006654597075218369,Task L outcome,Random Forest,TreeExplainer
time_remaining_minutes,0.00020808345700099084,0.00038291633251230915,Task L outcome,Random Forest,TreeExplainer
reference_second,0.00018784726172090893,0.00018644964424298368,Task L outcome,Random Forest,TreeExplainer
home_live_pass_completion,0.0001784641284203837,0.0009303200093896472,Task L outcome,Random Forest,TreeExplainer
away_live_passes,0.00016681524203436977,0.0004526507995928979,Task L outcome,Random Forest,TreeExplainer
away_live_carries,0.00015918353600246368,0.00025041038464494335,Task L outcome,Random Forest,TreeExplainer
live_diff_final_third_entries,0.00015603343790057043,0.0006184602102838778,Task L outcome,Random Forest,TreeExplainer
home_live_carries,0.0001523540697797187,0.00028760479620845535,Task L outcome,Random Forest,TreeExplainer
away_live_pressures,0.00014594412712625628,0.00026180824018998957,Task L outcome,Random Forest,TreeExplainer
away_red_cards_for_l5,0.00013632334826714523,0.0008850089361730508,Task L outcome,Random Forest,TreeExplainer
home_live_passes,0.0001359431087708648,0.0004012968209726932,Task L outcome,Random Forest,TreeExplainer
home_live_corners,0.00012763346383981876,0.0005306361881945728,Task L outcome,Random Forest,TreeExplainer
home_live_fouls,0.00012522463632637463,0.0002007477461695259,Task L outcome,Random Forest,TreeExplainer
n_events_so_far,0.00011190132971198826,0.0003954189398860817,Task L outcome,Random Forest,TreeExplainer
home_live_pressures,0.00010755566644689907,0.00033158582181094153,Task L outcome,Random Forest,TreeExplainer
away_live_fouls,0.00010376207539077122,0.0002521597865942453,Task L outcome,Random Forest,TreeExplainer
snapshot_period,0.00010314306418213926,6.96206395444532e-05,Task L outcome,Random Forest,TreeExplainer
away_live_corners,9.950342756667396e-05,0.0004208361297147144,Task L outcome,Random Forest,TreeExplainer
home_red_cards_for_l3,8.371915284888823e-05,0.0007922203218159977,Task L outcome,Random Forest,TreeExplainer
home_live_xg_last10,6.598607325781106e-05,6.868396911469909e-05,Task L outcome,Random Forest,TreeExplainer
away_live_red_cards,3.46607540329084e-05,0.00010033279902119056,Task L outcome,Random Forest,TreeExplainer
away_live_final_third_entries_last5,3.462089117723129e-05,2.0295604630834788e-05,Task L outcome,Random Forest,TreeExplainer
home_live_final_third_entries_last10,3.3749541243442614e-05,8.394211605905138e-05,Task L outcome,Random Forest,TreeExplainer
away_live_pressures_last10,3.342542112667009e-05,5.877703308895414e-05,Task L outcome,Random Forest,TreeExplainer
away_live_xg_last5,2.973018415853327e-05,1.7318194972443056e-05,Task L outcome,Random Forest,TreeExplainer
home_live_shots_last5,2.9501941238739474e-05,5.754351171863369e-06,Task L outcome,Random Forest,TreeExplainer
live_diff_pressures_last5,2.1971485266855477e-05,1.396750893948614e-05,Task L outcome,Random Forest,TreeExplainer
home_live_pressures_last5,2.0272402082260517e-05,2.0185622126772798e-05,Task L outcome,Random Forest,TreeExplainer
home_live_xg_last5,1.7151806382003084e-05,1.664692090665233e-05,Task L outcome,Random Forest,TreeExplainer
live_diff_shots_last5,1.672019694903308e-05,4.619693199227681e-06,Task L outcome,Random Forest,TreeExplainer
away_live_pressures_last5,1.4500645020992434e-05,1.7582439333580056e-05,Task L outcome,Random Forest,TreeExplainer
man_advantage_home,1.3173297769147509e-05,0.00012801375469976133,Task L outcome,Random Forest,TreeExplainer
away_live_final_third_entries_last10,1.1525055540838973e-05,3.6303098983381714e-05,Task L outcome,Random Forest,TreeExplainer
away_live_xg_last10,1.115525684822908e-05,3.9577742069258395e-05,Task L outcome,Random Forest,TreeExplainer
home_live_pressures_last10,8.160201854821025e-06,4.742153799498506e-05,Task L outcome,Random Forest,TreeExplainer
away_live_shots_last5,6.832837586898676e-06,4.5461264746058976e-06,Task L outcome,Random Forest,TreeExplainer
live_diff_xg_last5,6.615021922584674e-06,2.8087488051783006e-05,Task L outcome,Random Forest,TreeExplainer
away_live_shots_last10,6.31696422412157e-06,7.896292730176157e-06,Task L outcome,Random Forest,TreeExplainer
home_live_final_third_entries_last5,5.451448130505317e-06,7.564594515960618e-06,Task L outcome,Random Forest,TreeExplainer
missingindicator_away_live_pass_completion,9.157987066525191e-07,2.079806268055332e-06,Task L outcome,Random Forest,TreeExplainer
missingindicator_away_final_third_entries_for_l5,0.0,0.0,Task L outcome,Random Forest,TreeExplainer
home_live_shots_last10,0.0,3.6873936748202267e-06,Task L outcome,Random Forest,TreeExplainer
home_live_red_cards,0.0,7.257766530585417e-05,Task L outcome,Random Forest,TreeExplainer
away_missing_history_l3,0.0,0.0005658768745559995,Task L outcome,Random Forest,TreeExplainer
missingindicator_diff_pressures_for_l5,0.0,1.2964316420426753e-05,Task L outcome,Random Forest,TreeExplainer
missingindicator_diff_xg_for_l5,0.0,2.992976762783561e-05,Task L outcome,Random Forest,TreeExplainer
missingindicator_diff_pass_completion_for_l5,0.0,2.0628841679239742e-05,Task L outcome,Random Forest,TreeExplainer
missingindicator_diff_shots_for_l5,0.0,0.0,Task L outcome,Random Forest,TreeExplainer
missingindicator_diff_goal_difference_l5,0.0,8.11919997181664e-06,Task L outcome,Random Forest,TreeExplainer
missingindicator_diff_possession_share_l3,0.0,2.3789081689329694e-05,Task L outcome,Random Forest,TreeExplainer
missingindicator_diff_points_l5,0.0,0.0,Task L outcome,Random Forest,TreeExplainer
missingindicator_diff_xg_for_l3,0.0,0.0,Task L outcome,Random Forest,TreeExplainer
missingindicator_diff_shots_for_l3,0.0,3.380340894791874e-05,Task L outcome,Random Forest,TreeExplainer
missingindicator_diff_pressures_for_l3,0.0,3.5633529626149777e-05,Task L outcome,Random Forest,TreeExplainer
missingindicator_diff_pass_completion_for_l3,0.0,2.1069457295548665e-05,Task L outcome,Random Forest,TreeExplainer
missingindicator_diff_goal_difference_l3,0.0,2.1862688136361124e-05,Task L outcome,Random Forest,TreeExplainer
missingindicator_diff_points_l3,0.0,0.0,Task L outcome,Random Forest,TreeExplainer
missingindicator_away_red_cards_for_l10,0.0,3.07550602722667e-06,Task L outcome,Random Forest,TreeExplainer
missingindicator_away_possession_share_l10,0.0,5.430274055458978e-05,Task L outcome,Random Forest,TreeExplainer
missingindicator_away_shots_on_target_against_l10,0.0,2.382564559921243e-05,Task L outcome,Random Forest,TreeExplainer
missingindicator_away_shots_on_target_for_l10,0.0,5.10787809285511e-06,Task L outcome,Random Forest,TreeExplainer
missingindicator_away_final_third_entries_for_l10,0.0,2.36986801923741e-05,Task L outcome,Random Forest,TreeExplainer
missingindicator_away_pressures_for_l10,0.0,9.29883599196156e-05,Task L outcome,Random Forest,TreeExplainer
missingindicator_away_pass_completion_for_l10,0.0,1.354328649547168e-05,Task L outcome,Random Forest,TreeExplainer
missingindicator_away_passes_for_l10,0.0,0.0,Task L outcome,Random Forest,TreeExplainer
missingindicator_away_xg_against_l10,0.0,0.0,Task L outcome,Random Forest,TreeExplainer
missingindicator_away_xg_for_l10,0.0,6.6177246226712464e-06,Task L outcome,Random Forest,TreeExplainer
missingindicator_away_goal_difference_l10,0.0,0.0,Task L outcome,Random Forest,TreeExplainer
missingindicator_away_goals_against_l10,0.0,2.374435744034917e-05,Task L outcome,Random Forest,TreeExplainer
missingindicator_away_shots_against_l10,0.0,0.0,Task L outcome,Random Forest,TreeExplainer
missingindicator_away_shots_for_l10,0.0,4.728681636441617e-07,Task L outcome,Random Forest,TreeExplainer
missingindicator_away_goals_for_l10,0.0,9.313252431804358e-08,Task L outcome,Random Forest,TreeExplainer
missingindicator_away_points_l10,0.0,1.3149942871450784e-05,Task L outcome,Random Forest,TreeExplainer
missingindicator_away_red_cards_for_l5,0.0,1.9348448155244955e-05,Task L outcome,Random Forest,TreeExplainer
missingindicator_away_possession_share_l5,0.0,6.248466577130945e-05,Task L outcome,Random Forest,TreeExplainer
away_missing_history_l5,0.0,0.0003568769558825817,Task L outcome,Random Forest,TreeExplainer
away_history_matches_before,0.0,0.004341952359399331,Task L outcome,Random Forest,TreeExplainer
home_missing_history_l3,0.0,0.0006046442106074846,Task L outcome,Random Forest,TreeExplainer
home_missing_history_l10,0.0,0.0002729447781889562,Task L outcome,Random Forest,TreeExplainer
home_missing_history_l5,0.0,0.0004267844676879881,Task L outcome,Random Forest,TreeExplainer
away_missing_history_l10,0.0,0.0006707584923725665,Task L outcome,Random Forest,TreeExplainer
home_history_matches_before,0.0,0.0037471192887290573,Task L outcome,Random Forest,TreeExplainer
missingindicator_home_live_pass_completion,0.0,2.0936200817563946e-06,Task L outcome,Random Forest,TreeExplainer
missingindicator_home_rest_days,0.0,2.227443528768174e-07,Task L outcome,Random Forest,TreeExplainer
missingindicator_home_points_l3,0.0,8.214172071850148e-05,Task L outcome,Random Forest,TreeExplainer
missingindicator_home_goals_for_l3,0.0,1.5307824290846582e-05,Task L outcome,Random Forest,TreeExplainer
missingindicator_home_goals_against_l3,0.0,3.1699397625289475e-05,Task L outcome,Random Forest,TreeExplainer
missingindicator_home_goal_difference_l3,0.0,3.351459387524459e-05,Task L outcome,Random Forest,TreeExplainer
missingindicator_home_shots_for_l3,0.0,0.0,Task L outcome,Random Forest,TreeExplainer
missingindicator_home_shots_against_l3,0.0,0.00013833728795004476,Task L outcome,Random Forest,TreeExplainer
missingindicator_home_shots_on_target_for_l3,0.0,5.581585139996986e-05,Task L outcome,Random Forest,TreeExplainer
missingindicator_home_shots_on_target_against_l3,0.0,6.21092765985426e-05,Task L outcome,Random Forest,TreeExplainer
missingindicator_home_xg_for_l3,0.0,5.108241793857488e-05,Task L outcome,Random Forest,TreeExplainer
missingindicator_home_xg_against_l3,0.0,1.5057357821255985e-05,Task L outcome,Random Forest,TreeExplainer
missingindicator_home_passes_for_l3,0.0,1.56101569245978e-05,Task L outcome,Random Forest,TreeExplainer
missingindicator_home_pass_completion_for_l3,0.0,0.0,Task L outcome,Random Forest,TreeExplainer
missingindicator_home_pressures_for_l3,0.0,8.101098714375582e-06,Task L outcome,Random Forest,TreeExplainer
missingindicator_home_final_third_entries_for_l3,0.0,7.8803319840349e-06,Task L outcome,Random Forest,TreeExplainer
missingindicator_home_red_cards_for_l3,0.0,4.489849127634741e-05,Task L outcome,Random Forest,TreeExplainer
missingindicator_home_possession_share_l3,0.0,4.060548542917554e-05,Task L outcome,Random Forest,TreeExplainer
missingindicator_home_points_l5,0.0,7.280919334670249e-05,Task L outcome,Random Forest,TreeExplainer
missingindicator_home_goals_for_l5,0.0,0.0,Task L outcome,Random Forest,TreeExplainer
missingindicator_home_goals_against_l5,0.0,0.0,Task L outcome,Random Forest,TreeExplainer
missingindicator_home_goal_difference_l5,0.0,2.835131808599885e-05,Task L outcome,Random Forest,TreeExplainer
missingindicator_home_shots_for_l5,0.0,0.0,Task L outcome,Random Forest,TreeExplainer
missingindicator_home_shots_against_l5,0.0,0.0,Task L outcome,Random Forest,TreeExplainer
missingindicator_home_shots_on_target_for_l5,0.0,1.5129068408053938e-05,Task L outcome,Random Forest,TreeExplainer
missingindicator_home_shots_on_target_against_l5,0.0,0.0,Task L outcome,Random Forest,TreeExplainer
missingindicator_home_xg_for_l5,0.0,0.0,Task L outcome,Random Forest,TreeExplainer
missingindicator_home_xg_against_l5,0.0,2.0418690775686546e-05,Task L outcome,Random Forest,TreeExplainer
missingindicator_home_passes_for_l5,0.0,4.8121646335050926e-05,Task L outcome,Random Forest,TreeExplainer
missingindicator_home_pass_completion_for_l5,0.0,2.030017891008574e-05,Task L outcome,Random Forest,TreeExplainer
missingindicator_home_pressures_for_l5,0.0,5.7431861253441976e-05,Task L outcome,Random Forest,TreeExplainer
missingindicator_home_final_third_entries_for_l5,0.0,4.517409539870913e-06,Task L outcome,Random Forest,TreeExplainer
missingindicator_home_red_cards_for_l5,0.0,2.997550199499449e-05,Task L outcome,Random Forest,TreeExplainer
missingindicator_home_possession_share_l5,0.0,1.0744283960068691e-05,Task L outcome,Random Forest,TreeExplainer
missingindicator_home_points_l10,0.0,1.412997038497644e-05,Task L outcome,Random Forest,TreeExplainer
missingindicator_home_goals_for_l10,0.0,2.1751052345028806e-05,Task L outcome,Random Forest,TreeExplainer
missingindicator_home_goals_against_l10,0.0,2.909369225177503e-05,Task L outcome,Random Forest,TreeExplainer
missingindicator_home_goal_difference_l10,0.0,4.671117341279462e-05,Task L outcome,Random Forest,TreeExplainer
missingindicator_home_shots_for_l10,0.0,2.812594796987488e-05,Task L outcome,Random Forest,TreeExplainer
missingindicator_home_shots_against_l10,0.0,1.2517643625197501e-05,Task L outcome,Random Forest,TreeExplainer
missingindicator_home_shots_on_target_for_l10,0.0,7.689219106459708e-06,Task L outcome,Random Forest,TreeExplainer
missingindicator_home_shots_on_target_against_l10,0.0,0.0,Task L outcome,Random Forest,TreeExplainer
missingindicator_home_xg_for_l10,0.0,0.0,Task L outcome,Random Forest,TreeExplainer
missingindicator_home_xg_against_l10,0.0,0.0,Task L outcome,Random Forest,TreeExplainer
missingindicator_home_passes_for_l10,0.0,5.592314756074771e-05,Task L outcome,Random Forest,TreeExplainer
missingindicator_home_pass_completion_for_l10,0.0,3.180173683178374e-05,Task L outcome,Random Forest,TreeExplainer
missingindicator_home_pressures_for_l10,0.0,1.1150204196578202e-05,Task L outcome,Random Forest,TreeExplainer
missingindicator_home_final_third_entries_for_l10,0.0,0.0,Task L outcome,Random Forest,TreeExplainer
missingindicator_home_red_cards_for_l10,0.0,0.0,Task L outcome,Random Forest,TreeExplainer
missingindicator_home_possession_share_l10,0.0,1.5544893056544425e-05,Task L outcome,Random Forest,TreeExplainer
missingindicator_away_rest_days,0.0,2.0637390426442663e-05,Task L outcome,Random Forest,TreeExplainer
missingindicator_away_points_l3,0.0,3.894442525407996e-05,Task L outcome,Random Forest,TreeExplainer
missingindicator_away_goals_for_l3,0.0,2.5951342051008353e-05,Task L outcome,Random Forest,TreeExplainer
missingindicator_away_goals_against_l3,0.0,1.7351101342767024e-05,Task L outcome,Random Forest,TreeExplainer
missingindicator_away_goal_difference_l3,0.0,0.0,Task L outcome,Random Forest,TreeExplainer
missingindicator_away_shots_for_l3,0.0,0.0,Task L outcome,Random Forest,TreeExplainer
missingindicator_away_shots_against_l3,0.0,2.814132930031004e-05,Task L outcome,Random Forest,TreeExplainer
missingindicator_away_shots_on_target_for_l3,0.0,1.175721264441046e-06,Task L outcome,Random Forest,TreeExplainer
missingindicator_away_shots_on_target_against_l3,0.0,4.7868939287214315e-05,Task L outcome,Random Forest,TreeExplainer
missingindicator_away_xg_for_l3,0.0,6.445655748391504e-05,Task L outcome,Random Forest,TreeExplainer
missingindicator_away_xg_against_l3,0.0,2.4351670710601337e-05,Task L outcome,Random Forest,TreeExplainer
missingindicator_away_passes_for_l3,0.0,5.837693265902926e-07,Task L outcome,Random Forest,TreeExplainer
missingindicator_away_pass_completion_for_l3,0.0,5.764564026210371e-05,Task L outcome,Random Forest,TreeExplainer
missingindicator_away_pressures_for_l3,0.0,0.0,Task L outcome,Random Forest,TreeExplainer
missingindicator_away_final_third_entries_for_l3,0.0,0.0,Task L outcome,Random Forest,TreeExplainer
missingindicator_away_red_cards_for_l3,0.0,3.507180094255396e-05,Task L outcome,Random Forest,TreeExplainer
missingindicator_away_possession_share_l3,0.0,4.18528602817015e-05,Task L outcome,Random Forest,TreeExplainer
missingindicator_away_points_l5,0.0,0.0,Task L outcome,Random Forest,TreeExplainer
missingindicator_away_goals_for_l5,0.0,0.0,Task L outcome,Random Forest,TreeExplainer
missingindicator_away_goals_against_l5,0.0,1.8976507620803538e-05,Task L outcome,Random Forest,TreeExplainer
missingindicator_away_goal_difference_l5,0.0,4.486890876708113e-05,Task L outcome,Random Forest,TreeExplainer
missingindicator_away_shots_for_l5,0.0,3.6691693294175436e-06,Task L outcome,Random Forest,TreeExplainer
missingindicator_away_shots_against_l5,0.0,2.8956483766999948e-05,Task L outcome,Random Forest,TreeExplainer
missingindicator_away_shots_on_target_for_l5,0.0,4.184172971854303e-05,Task L outcome,Random Forest,TreeExplainer
missingindicator_away_shots_on_target_against_l5,0.0,5.3393742350650734e-05,Task L outcome,Random Forest,TreeExplainer
missingindicator_away_xg_for_l5,0.0,0.0,Task L outcome,Random Forest,TreeExplainer
missingindicator_away_xg_against_l5,0.0,9.22178055012827e-06,Task L outcome,Random Forest,TreeExplainer
missingindicator_away_passes_for_l5,0.0,1.643187036773386e-05,Task L outcome,Random Forest,TreeExplainer
missingindicator_away_pass_completion_for_l5,0.0,8.375910536013989e-06,Task L outcome,Random Forest,TreeExplainer
missingindicator_away_pressures_for_l5,0.0,1.6830727413684476e-05,Task L outcome,Random Forest,TreeExplainer
missingindicator_diff_possession_share_l5,0.0,1.1004517956885896e-05,Task L outcome,Random Forest,TreeExplainer
missingindicator_diff_points_l10,0.0,1.7456291218262494e-05,Task L outcome,Random Forest,TreeExplainer
missingindicator_diff_goal_difference_l10,0.0,0.0,Task L outcome,Random Forest,TreeExplainer
missingindicator_diff_shots_for_l10,0.0,1.4729793709723785e-05,Task L outcome,Random Forest,TreeExplainer
missingindicator_diff_xg_for_l10,0.0,5.089616107621697e-05,Task L outcome,Random Forest,TreeExplainer
missingindicator_diff_pass_completion_for_l10,0.0,8.308551258543781e-06,Task L outcome,Random Forest,TreeExplainer
missingindicator_diff_pressures_for_l10,0.0,0.0,Task L outcome,Random Forest,TreeExplainer
missingindicator_diff_possession_share_l10,0.0,8.365232916726639e-05,Task L outcome,Random Forest,TreeExplainer
missingindicator_rest_days_difference,0.0,2.9390767101592166e-05,Task L outcome,Random Forest,TreeExplainer
current_goal_difference,0.16506514382024978,0.3076427304985222,Task L outcome,GBM,Permutation fallback (InvalidModelError)
diff_xg_for_l3,0.03803002274345668,0.01771388001720806,Task L outcome,GBM,Permutation fallback (InvalidModelError)
diff_pressures_for_l3,0.03530626697148817,0.01662608547025984,Task L outcome,GBM,Permutation fallback (InvalidModelError)
away_pass_completion_for_l3,0.03465611510728399,0.013227430151060822,Task L outcome,GBM,Permutation fallback (InvalidModelError)
home_pressures_for_l5,0.025267968259828775,0.002137592156861771,Task L outcome,GBM,Permutation fallback (InvalidModelError)
home_shots_on_target_for_l3,0.02470724707826711,0.0075773773996134575,Task L outcome,GBM,Permutation fallback (InvalidModelError)
home_goals_for_l5,0.021942302856833375,0.007170494078429691,Task L outcome,GBM,Permutation fallback (InvalidModelError)
home_final_third_entries_for_l5,0.021875951592739702,0.006743307974864294,Task L outcome,GBM,Permutation fallback (InvalidModelError)
p1_away_con_total,0.020796835401122184,0.010015636732116985,Task L outcome,GBM,Permutation fallback (InvalidModelError)
p1_away_con_away,0.019736721257014683,0.005365875315099987,Task L outcome,GBM,Permutation fallback (InvalidModelError)
home_shots_on_target_against_l3,0.01862159815203109,0.027364091312488428,Task L outcome,GBM,Permutation fallback (InvalidModelError)
home_pass_completion_for_l5,0.017179798492617446,0.008028181224265627,Task L outcome,GBM,Permutation fallback (InvalidModelError)
p1_home_con_total,0.016835976267258863,0.012545698849029705,Task L outcome,GBM,Permutation fallback (InvalidModelError)
current_away_score,0.015815651313607477,0.008732984213052334,Task L outcome,GBM,Permutation fallback (InvalidModelError)
away_pressures_for_l5,0.015038684869643291,0.006621298032634498,Task L outcome,GBM,Permutation fallback (InvalidModelError)
away_goals_against_l5,0.014648864425246048,0.004999931536975463,Task L outcome,GBM,Permutation fallback (InvalidModelError)
p1_away_scr_home,0.014644836604237193,0.005979422246838545,Task L outcome,GBM,Permutation fallback (InvalidModelError)
away_pass_completion_for_l10,0.014635928918816545,0.01293857349573521,Task L outcome,GBM,Permutation fallback (InvalidModelError)
away_shots_on_target_for_l10,0.01451956302584775,0.011358593648470928,Task L outcome,GBM,Permutation fallback (InvalidModelError)
home_passes_for_l3,0.014236453638236096,0.006433812131711353,Task L outcome,GBM,Permutation fallback (InvalidModelError)
away_final_third_entries_for_l10,0.013566612254960777,0.006565824612881243,Task L outcome,GBM,Permutation fallback (InvalidModelError)
away_goal_difference_l10,0.013557059290251423,0.00895989894205318,Task L outcome,GBM,Permutation fallback (InvalidModelError)
home_live_xg,0.013345675690528904,0.013521194273157431,Task L outcome,GBM,Permutation fallback (InvalidModelError)
away_xg_against_l3,0.013092023912979154,0.008393845582299692,Task L outcome,GBM,Permutation fallback (InvalidModelError)
p1_home_con_away,0.012431506524521328,0.005948211958218168,Task L outcome,GBM,Permutation fallback (InvalidModelError)
away_shots_on_target_for_l5,0.012252261622349278,0.007197760579745991,Task L outcome,GBM,Permutation fallback (InvalidModelError)
home_shots_for_l3,0.010977199073973846,0.004683871824128329,Task L outcome,GBM,Permutation fallback (InvalidModelError)
home_pass_completion_for_l10,0.010530381790930996,0.0026458480557617755,Task L outcome,GBM,Permutation fallback (InvalidModelError)
home_final_third_entries_for_l3,0.010300502399628163,0.004662305414587298,Task L outcome,GBM,Permutation fallback (InvalidModelError)
home_rest_days,0.00984760841879213,0.007972438401805924,Task L outcome,GBM,Permutation fallback (InvalidModelError)
diff_shots_for_l3,0.009636080384310504,0.006821931559261833,Task L outcome,GBM,Permutation fallback (InvalidModelError)
away_goals_for_l10,0.009075293757196696,0.008498892905633123,Task L outcome,GBM,Permutation fallback (InvalidModelError)
away_goal_difference_l5,0.008709353754757825,0.006185015311484017,Task L outcome,GBM,Permutation fallback (InvalidModelError)
diff_possession_share_l5,0.008647671576906527,0.008232089527230046,Task L outcome,GBM,Permutation fallback (InvalidModelError)
p1_home_scr_away,0.007938578479327406,0.0069599492970012136,Task L outcome,GBM,Permutation fallback (InvalidModelError)
away_possession_share_l5,0.00766046490310831,0.01067783278442578,Task L outcome,GBM,Permutation fallback (InvalidModelError)
p1_home_scr_home,0.007466741629345488,0.008053688763526249,Task L outcome,GBM,Permutation fallback (InvalidModelError)
away_live_xg,0.007439987038457469,0.007503894422753918,Task L outcome,GBM,Permutation fallback (InvalidModelError)
away_pressures_for_l3,0.007297411434181318,0.0044128911383069834,Task L outcome,GBM,Permutation fallback (InvalidModelError)
away_goals_against_l10,0.0070731192647471635,0.010383316384847447,Task L outcome,GBM,Permutation fallback (InvalidModelError)
home_xg_against_l3,0.006753498681112486,0.01121464427890628,Task L outcome,GBM,Permutation fallback (InvalidModelError)
away_xg_against_l10,0.006514300921447289,0.00742384932149478,Task L outcome,GBM,Permutation fallback (InvalidModelError)
diff_xg_for_l10,0.006240873111352953,0.010355724693086887,Task L outcome,GBM,Permutation fallback (InvalidModelError)
away_passes_for_l5,0.0060584086595280645,0.004236353313422217,Task L outcome,GBM,Permutation fallback (InvalidModelError)
home_shots_on_target_against_l10,0.005461987279178458,0.00476605383693354,Task L outcome,GBM,Permutation fallback (InvalidModelError)
diff_goal_difference_l10,0.005385782745301206,0.010749948856718372,Task L outcome,GBM,Permutation fallback (InvalidModelError)
home_shots_against_l5,0.005354015361197409,0.011737008251187236,Task L outcome,GBM,Permutation fallback (InvalidModelError)
diff_xg_for_l5,0.005257248201054747,0.002221339651095021,Task L outcome,GBM,Permutation fallback (InvalidModelError)
home_possession_share_l5,0.005235293381440568,0.009825932967598353,Task L outcome,GBM,Permutation fallback (InvalidModelError)
away_xg_for_l3,0.00511351361672426,0.008607275038262202,Task L outcome,GBM,Permutation fallback (InvalidModelError)
home_points_l5,0.005101124684739422,0.0040510689676478955,Task L outcome,GBM,Permutation fallback (InvalidModelError)
away_goals_for_l3,0.005088898588782636,0.0009041462488913999,Task L outcome,GBM,Permutation fallback (InvalidModelError)
home_shots_on_target_for_l5,0.005026231637117987,0.003764716689487531,Task L outcome,GBM,Permutation fallback (InvalidModelError)
home_shots_against_l3,0.004926638778486941,0.0055847801523183265,Task L outcome,GBM,Permutation fallback (InvalidModelError)
home_pass_completion_for_l3,0.004861278129675139,0.0033718697316911426,Task L outcome,GBM,Permutation fallback (InvalidModelError)
away_shots_on_target_against_l3,0.004750632578588903,0.010527944235285405,Task L outcome,GBM,Permutation fallback (InvalidModelError)
home_passes_for_l10,0.004643638024615207,0.0038966230093420637,Task L outcome,GBM,Permutation fallback (InvalidModelError)
away_shots_for_l5,0.004619142356052352,0.006293036242625265,Task L outcome,GBM,Permutation fallback (InvalidModelError)
home_xg_for_l3,0.004458266650444342,0.003193172710272995,Task L outcome,GBM,Permutation fallback (InvalidModelError)
p1_home_rank_away,0.0044122041723187325,0.004094633597117868,Task L outcome,GBM,Permutation fallback (InvalidModelError)
diff_possession_share_l3,0.004398633315241445,0.0034448189416529124,Task L outcome,GBM,Permutation fallback (InvalidModelError)
home_possession_share_l10,0.004347710500229944,0.0018302797534678888,Task L outcome,GBM,Permutation fallback (InvalidModelError)
diff_possession_share_l10,0.004324849385239058,0.0050035541536423336,Task L outcome,GBM,Permutation fallback (InvalidModelError)
away_shots_on_target_against_l5,0.00430170598457833,0.001560579961882173,Task L outcome,GBM,Permutation fallback (InvalidModelError)
away_shots_against_l3,0.004290214463857672,0.0016508969739021796,Task L outcome,GBM,Permutation fallback (InvalidModelError)
home_pressures_for_l3,0.004224522590041633,0.0034210448956468716,Task L outcome,GBM,Permutation fallback (InvalidModelError)
rest_days_difference,0.004063934363840953,0.0034964009662175922,Task L outcome,GBM,Permutation fallback (InvalidModelError)
diff_pass_completion_for_l5,0.004033242136501579,0.0013622111879965481,Task L outcome,GBM,Permutation fallback (InvalidModelError)
diff_goal_difference_l5,0.003877518276560555,0.005134599868832711,Task L outcome,GBM,Permutation fallback (InvalidModelError)
away_possession_share_l10,0.0038518254946872505,0.009145982272421813,Task L outcome,GBM,Permutation fallback (InvalidModelError)
diff_points_l10,0.0038190096823580077,0.009924329510541027,Task L outcome,GBM,Permutation fallback (InvalidModelError)
p1_home_scr_total,0.003750891281025712,0.0019777438475991056,Task L outcome,GBM,Permutation fallback (InvalidModelError)
away_shots_for_l10,0.003745901453397594,0.006268817710535117,Task L outcome,GBM,Permutation fallback (InvalidModelError)
home_points_l3,0.003726593058092631,0.0011863278145958802,Task L outcome,GBM,Permutation fallback (InvalidModelError)
diff_pass_completion_for_l3,0.003663432951291178,0.006514531555055287,Task L outcome,GBM,Permutation fallback (InvalidModelError)
home_goals_against_l3,0.003618531054890713,0.00319926285791501,Task L outcome,GBM,Permutation fallback (InvalidModelError)
away_possession_share_l3,0.0035705518875165784,0.0060201598338615065,Task L outcome,GBM,Permutation fallback (InvalidModelError)
home_xg_for_l5,0.003479675182299935,0.0085170525484105,Task L outcome,GBM,Permutation fallback (InvalidModelError)
home_goals_for_l3,0.003470043662292541,0.004150845930212539,Task L outcome,GBM,Permutation fallback (InvalidModelError)
away_goals_for_l5,0.0033943101568504955,0.0008564090349818921,Task L outcome,GBM,Permutation fallback (InvalidModelError)
diff_pressures_for_l10,0.0033145055324586958,0.004013107430942733,Task L outcome,GBM,Permutation fallback (InvalidModelError)
home_xg_against_l5,0.0033071250006625453,0.006640250098324307,Task L outcome,GBM,Permutation fallback (InvalidModelError)
home_goal_difference_l5,0.0031795637782649554,0.003238626502591103,Task L outcome,GBM,Permutation fallback (InvalidModelError)
away_pressures_for_l10,0.0029707450472831187,0.0012009031810176222,Task L outcome,GBM,Permutation fallback (InvalidModelError)
p1_home_con_home,0.0029520281470620706,0.0016750027148004505,Task L outcome,GBM,Permutation fallback (InvalidModelError)
home_shots_on_target_for_l10,0.002852860111444607,0.004877988287554127,Task L outcome,GBM,Permutation fallback (InvalidModelError)
away_shots_against_l10,0.002846338053240524,0.005144324266736353,Task L outcome,GBM,Permutation fallback (InvalidModelError)
home_possession_share_l3,0.002670926069843768,0.0037046488828351475,Task L outcome,GBM,Permutation fallback (InvalidModelError)
p1_away_rank_total,0.002670213741656061,0.0011433219071200907,Task L outcome,GBM,Permutation fallback (InvalidModelError)
away_points_l10,0.002643633642972635,0.0018741203123919655,Task L outcome,GBM,Permutation fallback (InvalidModelError)
away_shots_on_target_against_l10,0.0025888177187137307,0.0019301309622909402,Task L outcome,GBM,Permutation fallback (InvalidModelError)
diff_pass_completion_for_l10,0.002572914621874579,0.0020317544409368385,Task L outcome,GBM,Permutation fallback (InvalidModelError)
home_points_l10,0.002464344012912073,0.002839893510641236,Task L outcome,GBM,Permutation fallback (InvalidModelError)
away_goal_difference_l3,0.0024383360416680246,0.0004188091165742737,Task L outcome,GBM,Permutation fallback (InvalidModelError)
home_shots_for_l10,0.0022651046388982624,0.003497162599347121,Task L outcome,GBM,Permutation fallback (InvalidModelError)
home_shots_on_target_against_l5,0.002249191519225623,0.0006627043066057971,Task L outcome,GBM,Permutation fallback (InvalidModelError)
away_xg_against_l5,0.0021795866514503557,0.001626669534847128,Task L outcome,GBM,Permutation fallback (InvalidModelError)
n_events_so_far,0.0020801613119886893,0.009549667597368978,Task L outcome,GBM,Permutation fallback (InvalidModelError)
diff_points_l5,0.002061549332037446,0.001505403505409511,Task L outcome,GBM,Permutation fallback (InvalidModelError)
home_xg_against_l10,0.0019927973369261694,0.003295946833595284,Task L outcome,GBM,Permutation fallback (InvalidModelError)
away_xg_for_l5,0.0019052375948787276,0.0031460000443792203,Task L outcome,GBM,Permutation fallback (InvalidModelError)
home_xg_for_l10,0.0018110593058712863,0.0024350599509861126,Task L outcome,GBM,Permutation fallback (InvalidModelError)
home_shots_for_l5,0.0017714177416527043,0.002159538466843749,Task L outcome,GBM,Permutation fallback (InvalidModelError)
home_live_corners,0.0017653216146377973,0.00031760086602304556,Task L outcome,GBM,Permutation fallback (InvalidModelError)
away_shots_for_l3,0.0015647227451849248,0.0054003964266306674,Task L outcome,GBM,Permutation fallback (InvalidModelError)
away_final_third_entries_for_l5,0.0015495573919038369,0.004407648291830563,Task L outcome,GBM,Permutation fallback (InvalidModelError)
live_diff_xg,0.0015047485186731437,0.0018812277719945883,Task L outcome,GBM,Permutation fallback (InvalidModelError)
away_pass_completion_for_l5,0.001468417069816695,0.0013739041897952425,Task L outcome,GBM,Permutation fallback (InvalidModelError)
diff_shots_for_l5,0.001404750649548902,0.002843560985007175,Task L outcome,GBM,Permutation fallback (InvalidModelError)
p1_away_scr_total,0.0013986171481483413,0.000700512165970236,Task L outcome,GBM,Permutation fallback (InvalidModelError)
away_points_l5,0.0013960705322865865,0.001608795773096606,Task L outcome,GBM,Permutation fallback (InvalidModelError)
home_goal_difference_l10,0.0013719212241074,0.00044342471583180837,Task L outcome,GBM,Permutation fallback (InvalidModelError)
home_pressures_for_l10,0.0012530538511047805,0.003226850236671979,Task L outcome,GBM,Permutation fallback (InvalidModelError)
away_final_third_entries_for_l3,0.0012528307283193674,0.00316778653687326,Task L outcome,GBM,Permutation fallback (InvalidModelError)
p1_away_rank_home,0.001234233799509682,0.0032049639257900864,Task L outcome,GBM,Permutation fallback (InvalidModelError)
away_passes_for_l3,0.0012084253600566435,0.001502516306070508,Task L outcome,GBM,Permutation fallback (InvalidModelError)
home_goals_for_l10,0.0012033593579051775,0.0030091173341232846,Task L outcome,GBM,Permutation fallback (InvalidModelError)
home_goals_against_l5,0.0011946011988535452,0.0037347489612269066,Task L outcome,GBM,Permutation fallback (InvalidModelError)
p1_away_scr_away,0.0011470163144045582,0.0025337801940984654,Task L outcome,GBM,Permutation fallback (InvalidModelError)
home_goal_difference_l3,0.0011234370444937816,0.007425602035784658,Task L outcome,GBM,Permutation fallback (InvalidModelError)
home_shots_against_l10,0.0010140922701082225,0.00585963515015997,Task L outcome,GBM,Permutation fallback (InvalidModelError)
away_live_shots_on_target,0.0010087535413660787,0.0003814819718255608,Task L outcome,GBM,Permutation fallback (InvalidModelError)
p1_home_rank_home,0.0009557824998823868,0.0011541996751380352,Task L outcome,GBM,Permutation fallback (InvalidModelError)
p1_away_rank_away,0.0009411091273253305,0.00035554258918517486,Task L outcome,GBM,Permutation fallback (InvalidModelError)
away_shots_against_l5,0.000935970746568635,0.0005267544978538589,Task L outcome,GBM,Permutation fallback (InvalidModelError)
away_live_pass_completion,0.0008854683346978498,0.00012397043652179809,Task L outcome,GBM,Permutation fallback (InvalidModelError)
away_xg_for_l10,0.0008677498898067228,0.0013721944128875048,Task L outcome,GBM,Permutation fallback (InvalidModelError)
away_live_pressures,0.000845862909710022,0.0002617752794310915,Task L outcome,GBM,Permutation fallback (InvalidModelError)
home_passes_for_l5,0.0008163055927266467,0.0010748434148428112,Task L outcome,GBM,Permutation fallback (InvalidModelError)
away_shots_on_target_for_l3,0.0007117841801407033,0.0008705765433210514,Task L outcome,GBM,Permutation fallback (InvalidModelError)
diff_pressures_for_l5,0.0007093567320122983,0.0004311772873741715,Task L outcome,GBM,Permutation fallback (InvalidModelError)
away_passes_for_l10,0.0006962706740133107,0.0015283855354982837,Task L outcome,GBM,Permutation fallback (InvalidModelError)
away_rest_days,0.0006142086368945292,0.0016291694951892203,Task L outcome,GBM,Permutation fallback (InvalidModelError)
diff_shots_for_l10,0.0006047607346392887,1.198578259054203e-05,Task L outcome,GBM,Permutation fallback (InvalidModelError)
live_diff_pressures,0.0005616843959564977,8.486458967337742e-05,Task L outcome,GBM,Permutation fallback (InvalidModelError)
home_live_completed_passes,0.0005538780305226309,0.00018784287850161447,Task L outcome,GBM,Permutation fallback (InvalidModelError)
p1_home_rank_total,0.0005299079629401229,0.0011414685221925913,Task L outcome,GBM,Permutation fallback (InvalidModelError)
home_red_cards_for_l10,0.0005137180887632086,0.0005655978407056548,Task L outcome,GBM,Permutation fallback (InvalidModelError)
diff_goal_difference_l3,0.0005129524375463675,0.0006560700795812194,Task L outcome,GBM,Permutation fallback (InvalidModelError)
home_live_passes,0.0004546583432442024,0.0001392006168143716,Task L outcome,GBM,Permutation fallback (InvalidModelError)
away_red_cards_for_l10,0.0004491266877180998,0.00021780100977578573,Task L outcome,GBM,Permutation fallback (InvalidModelError)
home_goals_against_l10,0.00042950840221486243,0.0005794075304999295,Task L outcome,GBM,Permutation fallback (InvalidModelError)
current_home_score,0.0003684963074888067,7.397798120968674e-05,Task L outcome,GBM,Permutation fallback (InvalidModelError)
home_live_final_third_entries,0.00034659883905457055,0.00024804793884071274,Task L outcome,GBM,Permutation fallback (InvalidModelError)
p1_away_con_home,0.00032325880955695065,0.000176269973922741,Task L outcome,GBM,Permutation fallback (InvalidModelError)
diff_points_l3,0.0002569532312971264,0.0003747551942709744,Task L outcome,GBM,Permutation fallback (InvalidModelError)
away_goals_against_l3,0.00024245166209955435,0.0003330544231989154,Task L outcome,GBM,Permutation fallback (InvalidModelError)
home_live_shots_on_target,0.00022847444638942246,7.51578957336048e-05,Task L outcome,GBM,Permutation fallback (InvalidModelError)
home_final_third_entries_for_l10,0.0002250366187527497,0.0005844423870970178,Task L outcome,GBM,Permutation fallback (InvalidModelError)
live_diff_final_third_entries,0.0001298024469148923,0.0002932993474331871,Task L outcome,GBM,Permutation fallback (InvalidModelError)
away_live_corners,0.00012731501154226467,6.404411413629995e-05,Task L outcome,GBM,Permutation fallback (InvalidModelError)
home_live_pass_completion,0.0001236385923752116,0.00011612216179556472,Task L outcome,GBM,Permutation fallback (InvalidModelError)
live_diff_shots,9.441521214743342e-05,0.0007690783622780582,Task L outcome,GBM,Permutation fallback (InvalidModelError)
live_diff_shots_on_target,5.257834697146533e-05,0.00019481827492622404,Task L outcome,GBM,Permutation fallback (InvalidModelError)
home_live_possession_share,5.098660122154717e-05,2.542808181025392e-05,Task L outcome,GBM,Permutation fallback (InvalidModelError)
away_red_cards_for_l5,4.8847360789205005e-05,8.154228041797012e-05,Task L outcome,GBM,Permutation fallback (InvalidModelError)
away_live_fouls,4.2924667715515025e-05,0.00014692544708065432,Task L outcome,GBM,Permutation fallback (InvalidModelError)
away_points_l3,4.29027108779891e-05,0.0001440008086617226,Task L outcome,GBM,Permutation fallback (InvalidModelError)
away_live_final_third_entries_last5,4.110306092810212e-05,1.3760947467425192e-05,Task L outcome,GBM,Permutation fallback (InvalidModelError)
home_live_carries,3.902503847747693e-05,0.00020048604913424584,Task L outcome,GBM,Permutation fallback (InvalidModelError)
home_live_shots,3.328407861961323e-05,6.620890723444019e-05,Task L outcome,GBM,Permutation fallback (InvalidModelError)
away_live_completed_passes,3.222999010117749e-05,1.0647414500998386e-05,Task L outcome,GBM,Permutation fallback (InvalidModelError)
home_red_cards_for_l5,3.0003556648168044e-05,7.15623576084239e-05,Task L outcome,GBM,Permutation fallback (InvalidModelError)
live_diff_possession_share,2.6093893847063212e-05,2.057884957498973e-05,Task L outcome,GBM,Permutation fallback (InvalidModelError)
away_live_passes,2.4659985972121103e-05,1.6793302941973346e-05,Task L outcome,GBM,Permutation fallback (InvalidModelError)
home_live_pressures,1.587426078213383e-05,3.4891436470622145e-05,Task L outcome,GBM,Permutation fallback (InvalidModelError)
away_live_carries,1.5819886164761267e-05,4.456543530871299e-05,Task L outcome,GBM,Permutation fallback (InvalidModelError)
away_live_possession_share,1.4574051189780723e-05,3.0372064743331776e-05,Task L outcome,GBM,Permutation fallback (InvalidModelError)
away_live_shots,1.1062665831639007e-05,2.115161200654987e-05,Task L outcome,GBM,Permutation fallback (InvalidModelError)
time_remaining_minutes,6.660745633552817e-06,7.093885428416585e-05,Task L outcome,GBM,Permutation fallback (InvalidModelError)
home_live_fouls,3.6367787085822554e-06,1.0284159767694187e-05,Task L outcome,GBM,Permutation fallback (InvalidModelError)
home_live_xg_last5,3.363558452221249e-07,3.350867653896257e-06,Task L outcome,GBM,Permutation fallback (InvalidModelError)
home_live_xg_last10,2.9169037998923637e-07,8.115237975247153e-07,Task L outcome,GBM,Permutation fallback (InvalidModelError)
snapshot_rank,1.9687924978084582e-07,1.5809444620543174e-06,Task L outcome,GBM,Permutation fallback (InvalidModelError)
missingindicator_away_shots_on_target_for_l10,0.0,0.0,Task L outcome,GBM,Permutation fallback (InvalidModelError)
missingindicator_away_shots_against_l10,0.0,0.0,Task L outcome,GBM,Permutation fallback (InvalidModelError)
missingindicator_away_goals_against_l10,0.0,0.0,Task L outcome,GBM,Permutation fallback (InvalidModelError)
missingindicator_away_xg_against_l10,0.0,0.0,Task L outcome,GBM,Permutation fallback (InvalidModelError)
missingindicator_away_passes_for_l10,0.0,0.0,Task L outcome,GBM,Permutation fallback (InvalidModelError)
missingindicator_away_pass_completion_for_l10,0.0,0.0,Task L outcome,GBM,Permutation fallback (InvalidModelError)
missingindicator_away_pressures_for_l10,0.0,0.0,Task L outcome,GBM,Permutation fallback (InvalidModelError)
missingindicator_away_final_third_entries_for_l10,0.0,0.0,Task L outcome,GBM,Permutation fallback (InvalidModelError)
missingindicator_away_red_cards_for_l10,0.0,3.6049298228350984e-05,Task L outcome,GBM,Permutation fallback (InvalidModelError)
missingindicator_away_shots_on_target_against_l10,0.0,0.0,Task L outcome,GBM,Permutation fallback (InvalidModelError)
missingindicator_away_shots_for_l10,0.0,0.0,Task L outcome,GBM,Permutation fallback (InvalidModelError)
missingindicator_away_points_l10,0.0,0.0,Task L outcome,GBM,Permutation fallback (InvalidModelError)
missingindicator_away_goals_for_l10,0.0,7.171265661788786e-05,Task L outcome,GBM,Permutation fallback (InvalidModelError)
missingindicator_away_goal_difference_l10,0.0,0.0,Task L outcome,GBM,Permutation fallback (InvalidModelError)
reference_second,0.0,2.0190256249034136e-05,Task L outcome,GBM,Permutation fallback (InvalidModelError)
snapshot_period,0.0,3.481268399765945e-05,Task L outcome,GBM,Permutation fallback (InvalidModelError)
home_live_pressures_last5,0.0,2.353704942424886e-06,Task L outcome,GBM,Permutation fallback (InvalidModelError)
home_live_shots_last5,0.0,0.0,Task L outcome,GBM,Permutation fallback (InvalidModelError)
snapshot_minute,0.0,3.0617390905372947e-05,Task L outcome,GBM,Permutation fallback (InvalidModelError)
home_live_shots_last10,0.0,0.0,Task L outcome,GBM,Permutation fallback (InvalidModelError)
home_live_final_third_entries_last5,0.0,0.0,Task L outcome,GBM,Permutation fallback (InvalidModelError)
home_live_pressures_last10,0.0,0.0,Task L outcome,GBM,Permutation fallback (InvalidModelError)
home_live_final_third_entries_last10,0.0,2.787650584399462e-06,Task L outcome,GBM,Permutation fallback (InvalidModelError)
missingindicator_away_final_third_entries_for_l5,0.0,0.0,Task L outcome,GBM,Permutation fallback (InvalidModelError)
missingindicator_away_red_cards_for_l5,0.0,0.00010446289626029286,Task L outcome,GBM,Permutation fallback (InvalidModelError)
missingindicator_away_possession_share_l5,0.0,0.0,Task L outcome,GBM,Permutation fallback (InvalidModelError)
home_live_red_cards,0.0,0.00016497116921908065,Task L outcome,GBM,Permutation fallback (InvalidModelError)
away_missing_history_l5,0.0,4.00744974832444e-06,Task L outcome,GBM,Permutation fallback (InvalidModelError)
away_missing_history_l3,0.0,0.0,Task L outcome,GBM,Permutation fallback (InvalidModelError)
away_red_cards_for_l3,0.0,2.1562268296280742e-05,Task L outcome,GBM,Permutation fallback (InvalidModelError)
missingindicator_diff_pressures_for_l5,0.0,0.0,Task L outcome,GBM,Permutation fallback (InvalidModelError)
missingindicator_diff_xg_for_l5,0.0,0.0,Task L outcome,GBM,Permutation fallback (InvalidModelError)
missingindicator_diff_pass_completion_for_l5,0.0,5.09948939249103e-05,Task L outcome,GBM,Permutation fallback (InvalidModelError)
missingindicator_diff_shots_for_l5,0.0,0.0,Task L outcome,GBM,Permutation fallback (InvalidModelError)
missingindicator_diff_goal_difference_l5,0.0,0.0,Task L outcome,GBM,Permutation fallback (InvalidModelError)
missingindicator_diff_pass_completion_for_l3,0.0,8.973590677789815e-05,Task L outcome,GBM,Permutation fallback (InvalidModelError)
missingindicator_diff_points_l5,0.0,0.0,Task L outcome,GBM,Permutation fallback (InvalidModelError)
missingindicator_diff_possession_share_l3,0.0,0.0,Task L outcome,GBM,Permutation fallback (InvalidModelError)
missingindicator_diff_pressures_for_l3,0.0,0.0,Task L outcome,GBM,Permutation fallback (InvalidModelError)
missingindicator_diff_shots_for_l3,0.0,0.0,Task L outcome,GBM,Permutation fallback (InvalidModelError)
missingindicator_diff_xg_for_l3,0.0,0.0,Task L outcome,GBM,Permutation fallback (InvalidModelError)
missingindicator_diff_goal_difference_l3,0.0,0.0,Task L outcome,GBM,Permutation fallback (InvalidModelError)
missingindicator_diff_points_l3,0.0,0.0,Task L outcome,GBM,Permutation fallback (InvalidModelError)
missingindicator_away_xg_for_l10,0.0,0.0,Task L outcome,GBM,Permutation fallback (InvalidModelError)
missingindicator_away_possession_share_l10,0.0,0.0,Task L outcome,GBM,Permutation fallback (InvalidModelError)
home_missing_history_l3,0.0,0.0,Task L outcome,GBM,Permutation fallback (InvalidModelError)
away_missing_history_l10,0.0,0.0,Task L outcome,GBM,Permutation fallback (InvalidModelError)
home_missing_history_l10,0.0,0.0,Task L outcome,GBM,Permutation fallback (InvalidModelError)
home_missing_history_l5,0.0,0.0,Task L outcome,GBM,Permutation fallback (InvalidModelError)
away_history_matches_before,0.0,7.84733869796411e-05,Task L outcome,GBM,Permutation fallback (InvalidModelError)
home_red_cards_for_l3,0.0,0.0,Task L outcome,GBM,Permutation fallback (InvalidModelError)
away_live_pressures_last5,0.0,0.0,Task L outcome,GBM,Permutation fallback (InvalidModelError)
away_live_xg_last5,0.0,0.0,Task L outcome,GBM,Permutation fallback (InvalidModelError)
away_live_shots_last5,0.0,0.0,Task L outcome,GBM,Permutation fallback (InvalidModelError)
away_live_shots_last10,0.0,2.421574398908583e-06,Task L outcome,GBM,Permutation fallback (InvalidModelError)
away_live_final_third_entries_last10,0.0,0.0,Task L outcome,GBM,Permutation fallback (InvalidModelError)
away_live_pressures_last10,0.0,0.0,Task L outcome,GBM,Permutation fallback (InvalidModelError)
away_live_red_cards,0.0,0.0,Task L outcome,GBM,Permutation fallback (InvalidModelError)
away_live_final_third_entries,0.0,8.22509360992516e-06,Task L outcome,GBM,Permutation fallback (InvalidModelError)
man_advantage_home,0.0,0.0,Task L outcome,GBM,Permutation fallback (InvalidModelError)
away_live_xg_last10,0.0,0.0,Task L outcome,GBM,Permutation fallback (InvalidModelError)
live_diff_xg_last5,0.0,0.0,Task L outcome,GBM,Permutation fallback (InvalidModelError)
live_diff_shots_last5,0.0,1.3469755426876364e-06,Task L outcome,GBM,Permutation fallback (InvalidModelError)
live_diff_pressures_last5,0.0,2.6562336504801406e-06,Task L outcome,GBM,Permutation fallback (InvalidModelError)
home_history_matches_before,0.0,0.00011718345259868523,Task L outcome,GBM,Permutation fallback (InvalidModelError)
missingindicator_home_live_pass_completion,0.0,0.0,Task L outcome,GBM,Permutation fallback (InvalidModelError)
missingindicator_away_live_pass_completion,0.0,0.0,Task L outcome,GBM,Permutation fallback (InvalidModelError)
missingindicator_home_rest_days,0.0,0.0,Task L outcome,GBM,Permutation fallback (InvalidModelError)
missingindicator_home_points_l3,0.0,5.7634388498803654e-05,Task L outcome,GBM,Permutation fallback (InvalidModelError)
missingindicator_home_goals_for_l3,0.0,3.839164173630173e-06,Task L outcome,GBM,Permutation fallback (InvalidModelError)
missingindicator_home_goals_against_l3,0.0,0.0,Task L outcome,GBM,Permutation fallback (InvalidModelError)
missingindicator_home_goal_difference_l3,0.0,0.0,Task L outcome,GBM,Permutation fallback (InvalidModelError)
missingindicator_home_shots_for_l3,0.0,7.536237568201662e-05,Task L outcome,GBM,Permutation fallback (InvalidModelError)
missingindicator_home_shots_against_l3,0.0,0.0,Task L outcome,GBM,Permutation fallback (InvalidModelError)
missingindicator_home_shots_on_target_for_l3,0.0,0.0,Task L outcome,GBM,Permutation fallback (InvalidModelError)
missingindicator_home_shots_on_target_against_l3,0.0,0.0,Task L outcome,GBM,Permutation fallback (InvalidModelError)
missingindicator_home_xg_for_l3,0.0,0.0,Task L outcome,GBM,Permutation fallback (InvalidModelError)
missingindicator_home_xg_against_l3,0.0,0.00010669785041805626,Task L outcome,GBM,Permutation fallback (InvalidModelError)
missingindicator_home_passes_for_l3,0.0,0.0,Task L outcome,GBM,Permutation fallback (InvalidModelError)
missingindicator_home_pass_completion_for_l3,0.0,1.1886955545336593e-05,Task L outcome,GBM,Permutation fallback (InvalidModelError)
missingindicator_home_pressures_for_l3,0.0,9.126586570556771e-05,Task L outcome,GBM,Permutation fallback (InvalidModelError)
missingindicator_home_final_third_entries_for_l3,0.0,0.0,Task L outcome,GBM,Permutation fallback (InvalidModelError)
missingindicator_home_red_cards_for_l3,0.0,0.0,Task L outcome,GBM,Permutation fallback (InvalidModelError)
missingindicator_home_possession_share_l3,0.0,0.0,Task L outcome,GBM,Permutation fallback (InvalidModelError)
missingindicator_home_points_l5,0.0,0.0,Task L outcome,GBM,Permutation fallback (InvalidModelError)
missingindicator_home_goals_for_l5,0.0,0.0,Task L outcome,GBM,Permutation fallback (InvalidModelError)
missingindicator_home_goals_against_l5,0.0,0.0,Task L outcome,GBM,Permutation fallback (InvalidModelError)
missingindicator_home_goal_difference_l5,0.0,5.252787685990817e-06,Task L outcome,GBM,Permutation fallback (InvalidModelError)
missingindicator_home_shots_for_l5,0.0,4.2818904440153395e-05,Task L outcome,GBM,Permutation fallback (InvalidModelError)
missingindicator_home_shots_against_l5,0.0,6.79681739458131e-05,Task L outcome,GBM,Permutation fallback (InvalidModelError)
missingindicator_home_shots_on_target_for_l5,0.0,0.0,Task L outcome,GBM,Permutation fallback (InvalidModelError)
missingindicator_home_shots_on_target_against_l5,0.0,0.0,Task L outcome,GBM,Permutation fallback (InvalidModelError)
missingindicator_home_xg_for_l5,0.0,4.445255446826014e-05,Task L outcome,GBM,Permutation fallback (InvalidModelError)
missingindicator_home_xg_against_l5,0.0,9.751937498233472e-05,Task L outcome,GBM,Permutation fallback (InvalidModelError)
missingindicator_home_passes_for_l5,0.0,5.889688345065602e-05,Task L outcome,GBM,Permutation fallback (InvalidModelError)
missingindicator_home_pass_completion_for_l5,0.0,0.0,Task L outcome,GBM,Permutation fallback (InvalidModelError)
missingindicator_home_pressures_for_l5,0.0,0.0,Task L outcome,GBM,Permutation fallback (InvalidModelError)
missingindicator_home_final_third_entries_for_l5,0.0,0.0,Task L outcome,GBM,Permutation fallback (InvalidModelError)
missingindicator_home_red_cards_for_l5,0.0,0.0,Task L outcome,GBM,Permutation fallback (InvalidModelError)
missingindicator_home_possession_share_l5,0.0,0.0,Task L outcome,GBM,Permutation fallback (InvalidModelError)
missingindicator_home_points_l10,0.0,0.0,Task L outcome,GBM,Permutation fallback (InvalidModelError)
missingindicator_home_goals_for_l10,0.0,0.0,Task L outcome,GBM,Permutation fallback (InvalidModelError)
missingindicator_home_goals_against_l10,0.0,0.0,Task L outcome,GBM,Permutation fallback (InvalidModelError)
missingindicator_home_goal_difference_l10,0.0,0.0,Task L outcome,GBM,Permutation fallback (InvalidModelError)
missingindicator_home_shots_for_l10,0.0,0.0,Task L outcome,GBM,Permutation fallback (InvalidModelError)
missingindicator_home_shots_against_l10,0.0,0.0,Task L outcome,GBM,Permutation fallback (InvalidModelError)
missingindicator_home_shots_on_target_for_l10,0.0,0.0,Task L outcome,GBM,Permutation fallback (InvalidModelError)
missingindicator_home_shots_on_target_against_l10,0.0,0.0,Task L outcome,GBM,Permutation fallback (InvalidModelError)
missingindicator_home_xg_for_l10,0.0,0.0,Task L outcome,GBM,Permutation fallback (InvalidModelError)
missingindicator_home_xg_against_l10,0.0,0.0,Task L outcome,GBM,Permutation fallback (InvalidModelError)
missingindicator_home_passes_for_l10,0.0,0.0,Task L outcome,GBM,Permutation fallback (InvalidModelError)
missingindicator_home_pass_completion_for_l10,0.0,0.0,Task L outcome,GBM,Permutation fallback (InvalidModelError)
missingindicator_home_pressures_for_l10,0.0,7.705370102950301e-05,Task L outcome,GBM,Permutation fallback (InvalidModelError)
missingindicator_home_final_third_entries_for_l10,0.0,0.0,Task L outcome,GBM,Permutation fallback (InvalidModelError)
missingindicator_home_red_cards_for_l10,0.0,0.0,Task L outcome,GBM,Permutation fallback (InvalidModelError)
missingindicator_home_possession_share_l10,0.0,0.0,Task L outcome,GBM,Permutation fallback (InvalidModelError)
missingindicator_away_rest_days,0.0,6.347655360367965e-05,Task L outcome,GBM,Permutation fallback (InvalidModelError)
missingindicator_away_points_l3,0.0,5.564863799431953e-05,Task L outcome,GBM,Permutation fallback (InvalidModelError)
missingindicator_away_goals_for_l3,0.0,3.989955678148429e-05,Task L outcome,GBM,Permutation fallback (InvalidModelError)
missingindicator_away_goals_against_l3,0.0,0.0,Task L outcome,GBM,Permutation fallback (InvalidModelError)
missingindicator_away_goal_difference_l3,0.0,0.0,Task L outcome,GBM,Permutation fallback (InvalidModelError)
missingindicator_away_shots_for_l3,0.0,0.0,Task L outcome,GBM,Permutation fallback (InvalidModelError)
missingindicator_away_shots_against_l3,0.0,0.0,Task L outcome,GBM,Permutation fallback (InvalidModelError)
missingindicator_away_shots_on_target_for_l3,0.0,0.0,Task L outcome,GBM,Permutation fallback (InvalidModelError)
missingindicator_away_shots_on_target_against_l3,0.0,0.0,Task L outcome,GBM,Permutation fallback (InvalidModelError)
missingindicator_away_xg_for_l3,0.0,0.0,Task L outcome,GBM,Permutation fallback (InvalidModelError)
missingindicator_away_xg_against_l3,0.0,5.2592136204158175e-05,Task L outcome,GBM,Permutation fallback (InvalidModelError)
missingindicator_away_passes_for_l3,0.0,8.216177524790714e-06,Task L outcome,GBM,Permutation fallback (InvalidModelError)
missingindicator_away_pass_completion_for_l3,0.0,0.0,Task L outcome,GBM,Permutation fallback (InvalidModelError)
missingindicator_away_pressures_for_l3,0.0,5.0598860602768606e-05,Task L outcome,GBM,Permutation fallback (InvalidModelError)
missingindicator_away_final_third_entries_for_l3,0.0,6.932905867064403e-05,Task L outcome,GBM,Permutation fallback (InvalidModelError)
missingindicator_away_red_cards_for_l3,0.0,0.0,Task L outcome,GBM,Permutation fallback (InvalidModelError)
missingindicator_away_possession_share_l3,0.0,0.0,Task L outcome,GBM,Permutation fallback (InvalidModelError)
missingindicator_away_points_l5,0.0,0.0,Task L outcome,GBM,Permutation fallback (InvalidModelError)
missingindicator_away_goals_for_l5,0.0,0.0,Task L outcome,GBM,Permutation fallback (InvalidModelError)
missingindicator_away_goals_against_l5,0.0,0.0,Task L outcome,GBM,Permutation fallback (InvalidModelError)
missingindicator_away_goal_difference_l5,0.0,0.0,Task L outcome,GBM,Permutation fallback (InvalidModelError)
missingindicator_away_shots_for_l5,0.0,0.0,Task L outcome,GBM,Permutation fallback (InvalidModelError)
missingindicator_away_shots_against_l5,0.0,6.821786501695975e-05,Task L outcome,GBM,Permutation fallback (InvalidModelError)
missingindicator_away_shots_on_target_for_l5,0.0,3.512208196289236e-05,Task L outcome,GBM,Permutation fallback (InvalidModelError)
missingindicator_away_shots_on_target_against_l5,0.0,0.0,Task L outcome,GBM,Permutation fallback (InvalidModelError)
missingindicator_away_xg_for_l5,0.0,0.0,Task L outcome,GBM,Permutation fallback (InvalidModelError)
missingindicator_away_xg_against_l5,0.0,0.0,Task L outcome,GBM,Permutation fallback (InvalidModelError)
missingindicator_away_passes_for_l5,0.0,0.0,Task L outcome,GBM,Permutation fallback (InvalidModelError)
missingindicator_away_pass_completion_for_l5,0.0,0.0,Task L outcome,GBM,Permutation fallback (InvalidModelError)
missingindicator_away_pressures_for_l5,0.0,0.0,Task L outcome,GBM,Permutation fallback (InvalidModelError)
missingindicator_diff_possession_share_l5,0.0,0.0,Task L outcome,GBM,Permutation fallback (InvalidModelError)
missingindicator_diff_points_l10,0.0,0.0,Task L outcome,GBM,Permutation fallback (InvalidModelError)
missingindicator_diff_goal_difference_l10,0.0,0.0,Task L outcome,GBM,Permutation fallback (InvalidModelError)
missingindicator_diff_shots_for_l10,0.0,8.329893619852682e-05,Task L outcome,GBM,Permutation fallback (InvalidModelError)
missingindicator_diff_xg_for_l10,0.0,0.0,Task L outcome,GBM,Permutation fallback (InvalidModelError)
missingindicator_diff_pass_completion_for_l10,0.0,0.0,Task L outcome,GBM,Permutation fallback (InvalidModelError)
missingindicator_diff_pressures_for_l10,0.0,0.0,Task L outcome,GBM,Permutation fallback (InvalidModelError)
missingindicator_diff_possession_share_l10,0.0,3.23508654835823e-05,Task L outcome,GBM,Permutation fallback (InvalidModelError)
missingindicator_rest_days_difference,0.0,0.0,Task L outcome,GBM,Permutation fallback (InvalidModelError)
current_goal_difference,0.18289466833799248,0.031230725347995758,Task L outcome,XGBoost,Permutation fallback (ValueError)
diff_xg_for_l3,0.03459888854581449,0.009871125221252441,Task L outcome,XGBoost,Permutation fallback (ValueError)
diff_pressures_for_l3,0.027739647865916286,0.008098393678665161,Task L outcome,XGBoost,Permutation fallback (ValueError)
current_away_score,0.024959511631685815,0.014253790490329266,Task L outcome,XGBoost,Permutation fallback (ValueError)
p1_away_con_total,0.020808665611677716,0.006991155445575714,Task L outcome,XGBoost,Permutation fallback (ValueError)
away_pass_completion_for_l3,0.019140882053309015,0.005591410677880049,Task L outcome,XGBoost,Permutation fallback (ValueError)
home_shots_on_target_for_l3,0.018191954555610807,0.00549719762057066,Task L outcome,XGBoost,Permutation fallback (ValueError)
home_goals_for_l5,0.016844391705882217,0.006138633005321026,Task L outcome,XGBoost,Permutation fallback (ValueError)
away_shots_on_target_for_l10,0.01625481804729336,0.010427448898553848,Task L outcome,XGBoost,Permutation fallback (ValueError)
p1_away_con_away,0.016141518903896212,0.00537461880594492,Task L outcome,XGBoost,Permutation fallback (ValueError)
home_final_third_entries_for_l3,0.015863254726346993,0.005651719868183136,Task L outcome,XGBoost,Permutation fallback (ValueError)
p1_away_scr_home,0.015027467280419338,0.005755630787461996,Task L outcome,XGBoost,Permutation fallback (ValueError)
home_shots_on_target_against_l3,0.013899337126769957,0.006393318995833397,Task L outcome,XGBoost,Permutation fallback (ValueError)
away_goal_difference_l10,0.012640597259418832,0.006719412747770548,Task L outcome,XGBoost,Permutation fallback (ValueError)
home_pass_completion_for_l5,0.012463266745002735,0.006414651405066252,Task L outcome,XGBoost,Permutation fallback (ValueError)
p1_home_con_total,0.011849976466554748,0.007288768887519836,Task L outcome,XGBoost,Permutation fallback (ValueError)
home_passes_for_l3,0.0118008836855491,0.003973250277340412,Task L outcome,XGBoost,Permutation fallback (ValueError)
home_live_xg,0.010225487074090376,0.01106309425085783,Task L outcome,XGBoost,Permutation fallback (ValueError)
away_xg_against_l3,0.010011541062138146,0.0061486391350626945,Task L outcome,XGBoost,Permutation fallback (ValueError)
away_shots_on_target_for_l5,0.009970653829061317,0.004386185202747583,Task L outcome,XGBoost,Permutation fallback (ValueError)
away_pass_completion_for_l10,0.00990727229354282,0.012047633528709412,Task L outcome,XGBoost,Permutation fallback (ValueError)
live_diff_xg,0.008661848386335705,0.017156250774860382,Task L outcome,XGBoost,Permutation fallback (ValueError)
home_pass_completion_for_l3,0.008496641142604252,0.004118703305721283,Task L outcome,XGBoost,Permutation fallback (ValueError)
diff_shots_for_l3,0.008424067376181484,0.005728039890527725,Task L outcome,XGBoost,Permutation fallback (ValueError)
away_final_third_entries_for_l10,0.008381129244549408,0.007372601423412561,Task L outcome,XGBoost,Permutation fallback (ValueError)
away_goals_against_l5,0.008254126937439038,0.005725768394768238,Task L outcome,XGBoost,Permutation fallback (ValueError)
away_pressures_for_l5,0.00823012007814314,0.006835086736828089,Task L outcome,XGBoost,Permutation fallback (ValueError)
p1_home_con_away,0.008070655473404457,0.004155452828854322,Task L outcome,XGBoost,Permutation fallback (ValueError)
home_final_third_entries_for_l5,0.007856203271076086,0.004839517176151276,Task L outcome,XGBoost,Permutation fallback (ValueError)
diff_possession_share_l5,0.007774652563966822,0.006632126867771149,Task L outcome,XGBoost,Permutation fallback (ValueError)
home_rest_days,0.00774719207754566,0.004961252212524414,Task L outcome,XGBoost,Permutation fallback (ValueError)
diff_possession_share_l3,0.006989736089275942,0.0056304121389985085,Task L outcome,XGBoost,Permutation fallback (ValueError)
home_xg_against_l3,0.006922844728041026,0.005092543084174395,Task L outcome,XGBoost,Permutation fallback (ValueError)
home_shots_on_target_against_l10,0.0067430082874165706,0.006663469132035971,Task L outcome,XGBoost,Permutation fallback (ValueError)
home_xg_for_l5,0.0066345808489455165,0.005580032244324684,Task L outcome,XGBoost,Permutation fallback (ValueError)
home_pressures_for_l5,0.006535610843242874,0.004039736930280924,Task L outcome,XGBoost,Permutation fallback (ValueError)
away_xg_against_l10,0.006383782974961729,0.0064806388691067696,Task L outcome,XGBoost,Permutation fallback (ValueError)
home_xg_for_l3,0.006280780422190823,0.004675798583775759,Task L outcome,XGBoost,Permutation fallback (ValueError)
home_shots_for_l3,0.006078914290087086,0.004212040454149246,Task L outcome,XGBoost,Permutation fallback (ValueError)
diff_goal_difference_l5,0.006008159119842779,0.005361745599657297,Task L outcome,XGBoost,Permutation fallback (ValueError)
diff_possession_share_l10,0.005983731107165411,0.00685885502025485,Task L outcome,XGBoost,Permutation fallback (ValueError)
home_possession_share_l5,0.005822122936240507,0.009109043516218662,Task L outcome,XGBoost,Permutation fallback (ValueError)
current_home_score,0.005749006556967893,0.011919370852410793,Task L outcome,XGBoost,Permutation fallback (ValueError)
diff_goal_difference_l10,0.005591980259244638,0.008022858761250973,Task L outcome,XGBoost,Permutation fallback (ValueError)
away_shots_on_target_against_l3,0.005566147885595752,0.006012496538460255,Task L outcome,XGBoost,Permutation fallback (ValueError)
away_possession_share_l3,0.005271044154134054,0.006930488161742687,Task L outcome,XGBoost,Permutation fallback (ValueError)
home_shots_against_l5,0.005226967103986276,0.006428977474570274,Task L outcome,XGBoost,Permutation fallback (ValueError)
diff_pressures_for_l10,0.00511654684837494,0.005554184317588806,Task L outcome,XGBoost,Permutation fallback (ValueError)
home_pass_completion_for_l10,0.004997586260239288,0.0042920769192278385,Task L outcome,XGBoost,Permutation fallback (ValueError)
away_live_xg,0.004878886232359534,0.012288152240216732,Task L outcome,XGBoost,Permutation fallback (ValueError)
home_shots_on_target_for_l5,0.004790975182420675,0.00592535175383091,Task L outcome,XGBoost,Permutation fallback (ValueError)
away_goals_for_l10,0.004788129598730139,0.006550147198140621,Task L outcome,XGBoost,Permutation fallback (ValueError)
home_goal_difference_l5,0.004707064601696194,0.0047844029031693935,Task L outcome,XGBoost,Permutation fallback (ValueError)
away_shots_against_l3,0.004529677697767809,0.003122055670246482,Task L outcome,XGBoost,Permutation fallback (ValueError)
diff_pass_completion_for_l3,0.0044509679141143945,0.006672793533653021,Task L outcome,XGBoost,Permutation fallback (ValueError)
home_xg_against_l5,0.004317222005791133,0.005505612585693598,Task L outcome,XGBoost,Permutation fallback (ValueError)
home_goals_for_l10,0.003972127355842127,0.005207477603107691,Task L outcome,XGBoost,Permutation fallback (ValueError)
diff_points_l5,0.003688618511789374,0.005993088241666555,Task L outcome,XGBoost,Permutation fallback (ValueError)
away_possession_share_l5,0.0036637221307804176,0.007085745222866535,Task L outcome,XGBoost,Permutation fallback (ValueError)
diff_pass_completion_for_l5,0.0036043164444466455,0.004774143453687429,Task L outcome,XGBoost,Permutation fallback (ValueError)
diff_points_l10,0.003454725928604611,0.007074341643601656,Task L outcome,XGBoost,Permutation fallback (ValueError)
diff_xg_for_l10,0.0033515856032156222,0.010177086107432842,Task L outcome,XGBoost,Permutation fallback (ValueError)
away_xg_for_l3,0.003318307937847239,0.006075789220631123,Task L outcome,XGBoost,Permutation fallback (ValueError)
away_shots_for_l10,0.0032634414753152283,0.004082781262695789,Task L outcome,XGBoost,Permutation fallback (ValueError)
home_goals_for_l3,0.0032310588533679707,0.004872793797403574,Task L outcome,XGBoost,Permutation fallback (ValueError)
diff_shots_for_l5,0.0032016038739432853,0.006877076346427202,Task L outcome,XGBoost,Permutation fallback (ValueError)
diff_pass_completion_for_l10,0.003177825858195624,0.005591234657913446,Task L outcome,XGBoost,Permutation fallback (ValueError)
away_final_third_entries_for_l3,0.0031103268793473754,0.0031612084712833166,Task L outcome,XGBoost,Permutation fallback (ValueError)
p1_home_rank_away,0.003063145242631433,0.006267425138503313,Task L outcome,XGBoost,Permutation fallback (ValueError)
p1_away_rank_total,0.002937995306112697,0.004969063214957714,Task L outcome,XGBoost,Permutation fallback (ValueError)
away_live_pressures,0.002933194707665177,0.011209987103939056,Task L outcome,XGBoost,Permutation fallback (ValueError)
p1_home_scr_home,0.002725733254725737,0.006355836521834135,Task L outcome,XGBoost,Permutation fallback (ValueError)
home_possession_share_l3,0.0026648724151568316,0.0050511350855231285,Task L outcome,XGBoost,Permutation fallback (ValueError)
away_pressures_for_l3,0.002487351611877488,0.0035922741517424583,Task L outcome,XGBoost,Permutation fallback (ValueError)
diff_shots_for_l10,0.002434941622325114,0.006072493735700846,Task L outcome,XGBoost,Permutation fallback (ValueError)
home_shots_on_target_against_l5,0.0023444932233542253,0.00358949089422822,Task L outcome,XGBoost,Permutation fallback (ValueError)
home_shots_against_l3,0.0022255375546713706,0.007627748418599367,Task L outcome,XGBoost,Permutation fallback (ValueError)
away_passes_for_l3,0.0022220059515287486,0.003181871259585023,Task L outcome,XGBoost,Permutation fallback (ValueError)
away_shots_for_l3,0.002176625434723169,0.006420370191335678,Task L outcome,XGBoost,Permutation fallback (ValueError)
rest_days_difference,0.002151526038845387,0.004331196658313274,Task L outcome,XGBoost,Permutation fallback (ValueError)
p1_home_con_home,0.0020719831105735524,0.00488800136372447,Task L outcome,XGBoost,Permutation fallback (ValueError)
diff_pressures_for_l5,0.0020583744036654595,0.004015270154923201,Task L outcome,XGBoost,Permutation fallback (ValueError)
away_goal_difference_l5,0.0020291347118715484,0.0059460923075675964,Task L outcome,XGBoost,Permutation fallback (ValueError)
away_pressures_for_l10,0.0019608152192085917,0.006365611217916012,Task L outcome,XGBoost,Permutation fallback (ValueError)
home_pressures_for_l3,0.0019487225595447707,0.003701970912516117,Task L outcome,XGBoost,Permutation fallback (ValueError)
p1_home_scr_total,0.001942689709572328,0.007611977867782116,Task L outcome,XGBoost,Permutation fallback (ValueError)
away_shots_against_l10,0.0019391967645949752,0.004436153452843428,Task L outcome,XGBoost,Permutation fallback (ValueError)
home_live_final_third_entries,0.001912897258169123,0.0034253455232828856,Task L outcome,XGBoost,Permutation fallback (ValueError)
n_events_so_far,0.0019053936294383402,0.014781852252781391,Task L outcome,XGBoost,Permutation fallback (ValueError)
away_possession_share_l10,0.0018852868272612464,0.009777209721505642,Task L outcome,XGBoost,Permutation fallback (ValueError)
away_goals_against_l10,0.001827133571108186,0.008331901393830776,Task L outcome,XGBoost,Permutation fallback (ValueError)
away_shots_for_l5,0.0017697569572677188,0.008385160006582737,Task L outcome,XGBoost,Permutation fallback (ValueError)
away_rest_days,0.0015741104446351573,0.0034115128219127655,Task L outcome,XGBoost,Permutation fallback (ValueError)
p1_away_scr_total,0.001551996235632233,0.005411164835095406,Task L outcome,XGBoost,Permutation fallback (ValueError)
away_goals_for_l3,0.0015217037866305922,0.00367416488006711,Task L outcome,XGBoost,Permutation fallback (ValueError)
home_shots_on_target_for_l10,0.0014654245605278393,0.0028828263748437166,Task L outcome,XGBoost,Permutation fallback (ValueError)
away_pass_completion_for_l5,0.0014540060081829618,0.004717372357845306,Task L outcome,XGBoost,Permutation fallback (ValueError)
p1_away_rank_home,0.0014491002303030679,0.004094208125025034,Task L outcome,XGBoost,Permutation fallback (ValueError)
away_passes_for_l5,0.0014473661438872377,0.003961917478591204,Task L outcome,XGBoost,Permutation fallback (ValueError)
away_passes_for_l10,0.0013848166954186216,0.004594659432768822,Task L outcome,XGBoost,Permutation fallback (ValueError)
home_goals_against_l3,0.001353620241085684,0.005222582723945379,Task L outcome,XGBoost,Permutation fallback (ValueError)
away_final_third_entries_for_l5,0.0013417911105271824,0.0064400299452245235,Task L outcome,XGBoost,Permutation fallback (ValueError)
home_possession_share_l10,0.001330712952961522,0.005319227464497089,Task L outcome,XGBoost,Permutation fallback (ValueError)
home_goal_difference_l10,0.0013219622522592585,0.001023117802105844,Task L outcome,XGBoost,Permutation fallback (ValueError)
away_xg_against_l5,0.00131678345302741,0.0048829494044184685,Task L outcome,XGBoost,Permutation fallback (ValueError)
away_points_l10,0.001291407922075851,0.0038806824013590813,Task L outcome,XGBoost,Permutation fallback (ValueError)
home_points_l10,0.0012822775108118807,0.0050950120203197,Task L outcome,XGBoost,Permutation fallback (ValueError)
home_goal_difference_l3,0.0012556206207308472,0.006663521286100149,Task L outcome,XGBoost,Permutation fallback (ValueError)
diff_xg_for_l5,0.001220974486528165,0.002346860943362117,Task L outcome,XGBoost,Permutation fallback (ValueError)
away_xg_for_l10,0.001178789526845019,0.0042976937256753445,Task L outcome,XGBoost,Permutation fallback (ValueError)
home_xg_for_l10,0.0011780418124463755,0.005757647100836039,Task L outcome,XGBoost,Permutation fallback (ValueError)
home_pressures_for_l10,0.0011772077540970526,0.004156830254942179,Task L outcome,XGBoost,Permutation fallback (ValueError)
away_live_shots,0.0011440578072021436,0.01371488906443119,Task L outcome,XGBoost,Permutation fallback (ValueError)
away_xg_for_l5,0.0011014374345541043,0.0037631988525390625,Task L outcome,XGBoost,Permutation fallback (ValueError)
away_shots_on_target_against_l5,0.0010981490152577645,0.00294868228957057,Task L outcome,XGBoost,Permutation fallback (ValueError)
away_live_final_third_entries,0.0010974175027675102,0.009969767183065414,Task L outcome,XGBoost,Permutation fallback (ValueError)
away_shots_on_target_against_l10,0.0010956559982150764,0.00486568920314312,Task L outcome,XGBoost,Permutation fallback (ValueError)
snapshot_minute,0.0010611868473804711,0.014595577493309975,Task L outcome,XGBoost,Permutation fallback (ValueError)
home_points_l5,0.0010460718803935608,0.003968730568885803,Task L outcome,XGBoost,Permutation fallback (ValueError)
home_passes_for_l5,0.0010422633609010116,0.007093679625540972,Task L outcome,XGBoost,Permutation fallback (ValueError)
p1_home_scr_away,0.0010292105925165907,0.008036128245294094,Task L outcome,XGBoost,Permutation fallback (ValueError)
away_goals_for_l5,0.0009975380616055517,0.003933850210160017,Task L outcome,XGBoost,Permutation fallback (ValueError)
home_goals_against_l5,0.0009853793225354636,0.006632811389863491,Task L outcome,XGBoost,Permutation fallback (ValueError)
home_live_pressures,0.0009152230351335486,0.0338984951376915,Task L outcome,XGBoost,Permutation fallback (ValueError)
home_shots_for_l5,0.0008552914692295961,0.0051584201864898205,Task L outcome,XGBoost,Permutation fallback (ValueError)
away_goal_difference_l3,0.0008411509471221143,0.005024898797273636,Task L outcome,XGBoost,Permutation fallback (ValueError)
away_live_pass_completion,0.0008394387550652046,0.0009472675155848265,Task L outcome,XGBoost,Permutation fallback (ValueError)
home_shots_against_l10,0.000836773111174494,0.0045732157304883,Task L outcome,XGBoost,Permutation fallback (ValueError)
home_points_l3,0.0008294345531612621,0.0029065124690532684,Task L outcome,XGBoost,Permutation fallback (ValueError)
live_diff_pressures,0.0007798075965709079,0.0024591232649981976,Task L outcome,XGBoost,Permutation fallback (ValueError)
away_red_cards_for_l10,0.0007755578806002956,0.0034816008992493153,Task L outcome,XGBoost,Permutation fallback (ValueError)
p1_away_con_home,0.0007657632148928135,0.0038190213963389397,Task L outcome,XGBoost,Permutation fallback (ValueError)
live_diff_final_third_entries,0.0007549022717608341,0.0021067438647150993,Task L outcome,XGBoost,Permutation fallback (ValueError)
away_shots_on_target_for_l3,0.0006681191703925511,0.004378688987344503,Task L outcome,XGBoost,Permutation fallback (ValueError)
diff_points_l3,0.0006650735624134568,0.0031932182610034943,Task L outcome,XGBoost,Permutation fallback (ValueError)
home_passes_for_l10,0.0006281955271131477,0.005888084415346384,Task L outcome,XGBoost,Permutation fallback (ValueError)
away_points_l5,0.0005946212603400137,0.005318355746567249,Task L outcome,XGBoost,Permutation fallback (ValueError)
p1_away_scr_away,0.0005456670135673494,0.0031051149126142263,Task L outcome,XGBoost,Permutation fallback (ValueError)
away_shots_against_l5,0.0005379862990230325,0.005013238172978163,Task L outcome,XGBoost,Permutation fallback (ValueError)
home_xg_against_l10,0.0004993988635639425,0.0077116647735238075,Task L outcome,XGBoost,Permutation fallback (ValueError)
home_shots_for_l10,0.0004668358661648293,0.0025151087902486324,Task L outcome,XGBoost,Permutation fallback (ValueError)
away_goals_against_l3,0.00046243897742695255,0.003775488818064332,Task L outcome,XGBoost,Permutation fallback (ValueError)
home_live_shots_on_target,0.0004476187098771375,0.009638714604079723,Task L outcome,XGBoost,Permutation fallback (ValueError)
home_goals_against_l10,0.00042465100478794734,0.0052625746466219425,Task L outcome,XGBoost,Permutation fallback (ValueError)
away_points_l3,0.0004173225443810165,0.0039397976361215115,Task L outcome,XGBoost,Permutation fallback (ValueError)
home_live_pass_completion,0.00040748491262395867,0.0020855029579252005,Task L outcome,XGBoost,Permutation fallback (ValueError)
diff_goal_difference_l3,0.0003911977820098441,0.002239109482616186,Task L outcome,XGBoost,Permutation fallback (ValueError)
p1_home_rank_total,0.00038725354398290435,0.005409393925219774,Task L outcome,XGBoost,Permutation fallback (ValueError)
home_live_carries,0.00035943404047025643,0.007610850501805544,Task L outcome,XGBoost,Permutation fallback (ValueError)
p1_away_rank_away,0.0002865326073434674,0.008365154266357422,Task L outcome,XGBoost,Permutation fallback (ValueError)
away_live_passes,0.00021465823054313363,0.0014347496908158064,Task L outcome,XGBoost,Permutation fallback (ValueError)
live_diff_shots_on_target,0.0001521489282863035,0.015344175510108471,Task L outcome,XGBoost,Permutation fallback (ValueError)
home_red_cards_for_l3,0.00015038629683355038,0.004019842483103275,Task L outcome,XGBoost,Permutation fallback (ValueError)
away_live_fouls,0.00012410204857587679,0.007452038582414389,Task L outcome,XGBoost,Permutation fallback (ValueError)
home_live_possession_share,0.00012167815119027564,0.0006751441396772861,Task L outcome,XGBoost,Permutation fallback (ValueError)
away_live_corners,8.812841441896332e-05,0.0009544763597659767,Task L outcome,XGBoost,Permutation fallback (ValueError)
away_red_cards_for_l3,7.49445375469009e-05,0.0038174379151314497,Task L outcome,XGBoost,Permutation fallback (ValueError)
home_red_cards_for_l10,5.0382685537140225e-05,0.004132841248065233,Task L outcome,XGBoost,Permutation fallback (ValueError)
home_live_shots,4.275826944245183e-05,0.002794812433421612,Task L outcome,XGBoost,Permutation fallback (ValueError)
away_live_completed_passes,4.152395659022812e-05,0.00034028879599645734,Task L outcome,XGBoost,Permutation fallback (ValueError)
live_diff_shots,3.815629416041808e-05,0.004257803782820702,Task L outcome,XGBoost,Permutation fallback (ValueError)
away_live_carries,3.7727358026636014e-05,0.0018798658857122064,Task L outcome,XGBoost,Permutation fallback (ValueError)
snapshot_period,0.0,0.0,Task L outcome,XGBoost,Permutation fallback (ValueError)
home_live_fouls,0.0,0.0,Task L outcome,XGBoost,Permutation fallback (ValueError)
home_live_passes,0.0,0.0,Task L outcome,XGBoost,Permutation fallback (ValueError)
home_live_completed_passes,0.0,0.0,Task L outcome,XGBoost,Permutation fallback (ValueError)
home_live_corners,0.0,0.0,Task L outcome,XGBoost,Permutation fallback (ValueError)
home_live_red_cards,0.0,0.0,Task L outcome,XGBoost,Permutation fallback (ValueError)
reference_second,0.0,0.0,Task L outcome,XGBoost,Permutation fallback (ValueError)
missingindicator_diff_shots_for_l3,0.0,0.0,Task L outcome,XGBoost,Permutation fallback (ValueError)
missingindicator_diff_goal_difference_l3,0.0,0.0,Task L outcome,XGBoost,Permutation fallback (ValueError)
missingindicator_diff_points_l3,0.0,0.0,Task L outcome,XGBoost,Permutation fallback (ValueError)
missingindicator_away_possession_share_l10,0.0,0.0,Task L outcome,XGBoost,Permutation fallback (ValueError)
missingindicator_away_red_cards_for_l10,0.0,0.0,Task L outcome,XGBoost,Permutation fallback (ValueError)
missingindicator_away_final_third_entries_for_l10,0.0,0.0,Task L outcome,XGBoost,Permutation fallback (ValueError)
missingindicator_away_pressures_for_l10,0.0,0.0,Task L outcome,XGBoost,Permutation fallback (ValueError)
missingindicator_away_pass_completion_for_l10,0.0,0.0,Task L outcome,XGBoost,Permutation fallback (ValueError)
missingindicator_away_passes_for_l10,0.0,0.0,Task L outcome,XGBoost,Permutation fallback (ValueError)
missingindicator_away_xg_against_l10,0.0,0.0,Task L outcome,XGBoost,Permutation fallback (ValueError)
missingindicator_away_xg_for_l10,0.0,0.0,Task L outcome,XGBoost,Permutation fallback (ValueError)
missingindicator_away_shots_on_target_against_l10,0.0,0.0,Task L outcome,XGBoost,Permutation fallback (ValueError)
missingindicator_away_shots_on_target_for_l10,0.0,0.0,Task L outcome,XGBoost,Permutation fallback (ValueError)
snapshot_rank,0.0,0.0,Task L outcome,XGBoost,Permutation fallback (ValueError)
time_remaining_minutes,0.0,0.0,Task L outcome,XGBoost,Permutation fallback (ValueError)
home_live_shots_last5,0.0,0.0,Task L outcome,XGBoost,Permutation fallback (ValueError)
missingindicator_away_goal_difference_l10,0.0,0.0,Task L outcome,XGBoost,Permutation fallback (ValueError)
missingindicator_away_shots_for_l10,0.0,0.0,Task L outcome,XGBoost,Permutation fallback (ValueError)
home_live_xg_last5,0.0,0.0,Task L outcome,XGBoost,Permutation fallback (ValueError)
home_live_pressures_last5,0.0,0.0,Task L outcome,XGBoost,Permutation fallback (ValueError)
home_live_final_third_entries_last5,0.0,0.0,Task L outcome,XGBoost,Permutation fallback (ValueError)
home_live_shots_last10,0.0,0.0,Task L outcome,XGBoost,Permutation fallback (ValueError)
home_live_xg_last10,0.0,0.0,Task L outcome,XGBoost,Permutation fallback (ValueError)
home_live_pressures_last10,0.0,0.0,Task L outcome,XGBoost,Permutation fallback (ValueError)
home_live_final_third_entries_last10,0.0,0.0,Task L outcome,XGBoost,Permutation fallback (ValueError)
away_live_shots_on_target,0.0,0.0,Task L outcome,XGBoost,Permutation fallback (ValueError)
missingindicator_away_final_third_entries_for_l5,0.0,0.0,Task L outcome,XGBoost,Permutation fallback (ValueError)
missingindicator_away_red_cards_for_l5,0.0,0.0,Task L outcome,XGBoost,Permutation fallback (ValueError)
missingindicator_away_possession_share_l5,0.0,0.0,Task L outcome,XGBoost,Permutation fallback (ValueError)
missingindicator_away_points_l10,0.0,0.0,Task L outcome,XGBoost,Permutation fallback (ValueError)
missingindicator_away_goals_for_l10,0.0,0.0,Task L outcome,XGBoost,Permutation fallback (ValueError)
missingindicator_away_goals_against_l10,0.0,0.0,Task L outcome,XGBoost,Permutation fallback (ValueError)
home_missing_history_l3,0.0,0.003922248724848032,Task L outcome,XGBoost,Permutation fallback (ValueError)
home_missing_history_l10,0.0,0.00029620618443004787,Task L outcome,XGBoost,Permutation fallback (ValueError)
away_history_matches_before,0.0,0.0,Task L outcome,XGBoost,Permutation fallback (ValueError)
home_final_third_entries_for_l10,0.0,0.002285174559801817,Task L outcome,XGBoost,Permutation fallback (ValueError)
home_missing_history_l5,0.0,0.0,Task L outcome,XGBoost,Permutation fallback (ValueError)
missingindicator_diff_pass_completion_for_l3,0.0,0.0,Task L outcome,XGBoost,Permutation fallback (ValueError)
missingindicator_diff_pressures_for_l3,0.0,0.0,Task L outcome,XGBoost,Permutation fallback (ValueError)
missingindicator_diff_possession_share_l3,0.0,0.0,Task L outcome,XGBoost,Permutation fallback (ValueError)
missingindicator_diff_xg_for_l5,0.0,0.0,Task L outcome,XGBoost,Permutation fallback (ValueError)
missingindicator_diff_shots_for_l5,0.0,0.0,Task L outcome,XGBoost,Permutation fallback (ValueError)
missingindicator_diff_goal_difference_l5,0.0,0.0,Task L outcome,XGBoost,Permutation fallback (ValueError)
missingindicator_diff_pass_completion_for_l5,0.0,0.0,Task L outcome,XGBoost,Permutation fallback (ValueError)
away_missing_history_l3,0.0,0.0,Task L outcome,XGBoost,Permutation fallback (ValueError)
missingindicator_diff_pressures_for_l5,0.0,0.0,Task L outcome,XGBoost,Permutation fallback (ValueError)
away_red_cards_for_l5,0.0,0.0,Task L outcome,XGBoost,Permutation fallback (ValueError)
away_missing_history_l5,0.0,0.0,Task L outcome,XGBoost,Permutation fallback (ValueError)
missingindicator_diff_xg_for_l3,0.0,0.0,Task L outcome,XGBoost,Permutation fallback (ValueError)
missingindicator_diff_points_l5,0.0,0.0,Task L outcome,XGBoost,Permutation fallback (ValueError)
missingindicator_away_shots_against_l10,0.0,0.0,Task L outcome,XGBoost,Permutation fallback (ValueError)
home_red_cards_for_l5,0.0,0.0,Task L outcome,XGBoost,Permutation fallback (ValueError)
away_live_shots_last5,0.0,0.0,Task L outcome,XGBoost,Permutation fallback (ValueError)
away_live_possession_share,0.0,0.0,Task L outcome,XGBoost,Permutation fallback (ValueError)
away_live_red_cards,0.0,0.0,Task L outcome,XGBoost,Permutation fallback (ValueError)
away_live_shots_last10,0.0,0.0,Task L outcome,XGBoost,Permutation fallback (ValueError)
man_advantage_home,0.0,0.0,Task L outcome,XGBoost,Permutation fallback (ValueError)
away_live_final_third_entries_last10,0.0,0.0,Task L outcome,XGBoost,Permutation fallback (ValueError)
away_live_pressures_last10,0.0,0.0,Task L outcome,XGBoost,Permutation fallback (ValueError)
away_live_xg_last10,0.0,0.0,Task L outcome,XGBoost,Permutation fallback (ValueError)
away_live_xg_last5,0.0,0.0,Task L outcome,XGBoost,Permutation fallback (ValueError)
away_live_pressures_last5,0.0,0.0,Task L outcome,XGBoost,Permutation fallback (ValueError)
away_live_final_third_entries_last5,0.0,0.0,Task L outcome,XGBoost,Permutation fallback (ValueError)
away_missing_history_l10,0.0,0.0,Task L outcome,XGBoost,Permutation fallback (ValueError)
live_diff_pressures_last5,0.0,0.0,Task L outcome,XGBoost,Permutation fallback (ValueError)
live_diff_xg_last5,0.0,0.0,Task L outcome,XGBoost,Permutation fallback (ValueError)
live_diff_shots_last5,0.0,0.0,Task L outcome,XGBoost,Permutation fallback (ValueError)
live_diff_possession_share,0.0,0.0,Task L outcome,XGBoost,Permutation fallback (ValueError)
p1_home_rank_home,0.0,0.0,Task L outcome,XGBoost,Permutation fallback (ValueError)
home_history_matches_before,0.0,0.0033474634401500225,Task L outcome,XGBoost,Permutation fallback (ValueError)
missingindicator_home_live_pass_completion,0.0,0.0,Task L outcome,XGBoost,Permutation fallback (ValueError)
missingindicator_away_live_pass_completion,0.0,0.0,Task L outcome,XGBoost,Permutation fallback (ValueError)
missingindicator_home_rest_days,0.0,0.0,Task L outcome,XGBoost,Permutation fallback (ValueError)
missingindicator_home_points_l3,0.0,0.0,Task L outcome,XGBoost,Permutation fallback (ValueError)
missingindicator_home_goals_for_l3,0.0,0.0,Task L outcome,XGBoost,Permutation fallback (ValueError)
missingindicator_home_goals_against_l3,0.0,0.0,Task L outcome,XGBoost,Permutation fallback (ValueError)
missingindicator_home_goal_difference_l3,0.0,0.0,Task L outcome,XGBoost,Permutation fallback (ValueError)
missingindicator_home_shots_for_l3,0.0,0.0,Task L outcome,XGBoost,Permutation fallback (ValueError)
missingindicator_home_shots_against_l3,0.0,0.0,Task L outcome,XGBoost,Permutation fallback (ValueError)
missingindicator_home_shots_on_target_for_l3,0.0,0.0,Task L outcome,XGBoost,Permutation fallback (ValueError)
missingindicator_home_shots_on_target_against_l3,0.0,0.0,Task L outcome,XGBoost,Permutation fallback (ValueError)
missingindicator_home_xg_for_l3,0.0,0.0,Task L outcome,XGBoost,Permutation fallback (ValueError)
missingindicator_home_xg_against_l3,0.0,0.0,Task L outcome,XGBoost,Permutation fallback (ValueError)
missingindicator_home_passes_for_l3,0.0,0.0,Task L outcome,XGBoost,Permutation fallback (ValueError)
missingindicator_home_pass_completion_for_l3,0.0,0.0,Task L outcome,XGBoost,Permutation fallback (ValueError)
missingindicator_home_pressures_for_l3,0.0,0.0,Task L outcome,XGBoost,Permutation fallback (ValueError)
missingindicator_home_final_third_entries_for_l3,0.0,0.0,Task L outcome,XGBoost,Permutation fallback (ValueError)
missingindicator_home_red_cards_for_l3,0.0,0.0,Task L outcome,XGBoost,Permutation fallback (ValueError)
missingindicator_home_possession_share_l3,0.0,0.0,Task L outcome,XGBoost,Permutation fallback (ValueError)
missingindicator_home_points_l5,0.0,0.0,Task L outcome,XGBoost,Permutation fallback (ValueError)
missingindicator_home_goals_for_l5,0.0,0.0,Task L outcome,XGBoost,Permutation fallback (ValueError)
missingindicator_home_goals_against_l5,0.0,0.0,Task L outcome,XGBoost,Permutation fallback (ValueError)
missingindicator_home_goal_difference_l5,0.0,0.0,Task L outcome,XGBoost,Permutation fallback (ValueError)
missingindicator_home_shots_for_l5,0.0,0.0,Task L outcome,XGBoost,Permutation fallback (ValueError)
missingindicator_home_shots_against_l5,0.0,0.0,Task L outcome,XGBoost,Permutation fallback (ValueError)
missingindicator_home_shots_on_target_for_l5,0.0,0.0,Task L outcome,XGBoost,Permutation fallback (ValueError)
missingindicator_home_shots_on_target_against_l5,0.0,0.0,Task L outcome,XGBoost,Permutation fallback (ValueError)
missingindicator_home_xg_for_l5,0.0,0.0,Task L outcome,XGBoost,Permutation fallback (ValueError)
missingindicator_home_xg_against_l5,0.0,0.0,Task L outcome,XGBoost,Permutation fallback (ValueError)
missingindicator_home_passes_for_l5,0.0,0.0,Task L outcome,XGBoost,Permutation fallback (ValueError)
missingindicator_home_pass_completion_for_l5,0.0,0.0,Task L outcome,XGBoost,Permutation fallback (ValueError)
missingindicator_home_pressures_for_l5,0.0,0.0,Task L outcome,XGBoost,Permutation fallback (ValueError)
missingindicator_home_final_third_entries_for_l5,0.0,0.0,Task L outcome,XGBoost,Permutation fallback (ValueError)
missingindicator_home_red_cards_for_l5,0.0,0.0,Task L outcome,XGBoost,Permutation fallback (ValueError)
missingindicator_home_possession_share_l5,0.0,0.0,Task L outcome,XGBoost,Permutation fallback (ValueError)
missingindicator_home_points_l10,0.0,0.0,Task L outcome,XGBoost,Permutation fallback (ValueError)
missingindicator_home_goals_for_l10,0.0,0.0,Task L outcome,XGBoost,Permutation fallback (ValueError)
missingindicator_home_goals_against_l10,0.0,0.0,Task L outcome,XGBoost,Permutation fallback (ValueError)
missingindicator_home_goal_difference_l10,0.0,0.0,Task L outcome,XGBoost,Permutation fallback (ValueError)
missingindicator_home_shots_for_l10,0.0,0.0,Task L outcome,XGBoost,Permutation fallback (ValueError)
missingindicator_home_shots_against_l10,0.0,0.0,Task L outcome,XGBoost,Permutation fallback (ValueError)
missingindicator_home_shots_on_target_for_l10,0.0,0.0,Task L outcome,XGBoost,Permutation fallback (ValueError)
missingindicator_home_shots_on_target_against_l10,0.0,0.0,Task L outcome,XGBoost,Permutation fallback (ValueError)
missingindicator_home_xg_for_l10,0.0,0.0,Task L outcome,XGBoost,Permutation fallback (ValueError)
missingindicator_home_xg_against_l10,0.0,0.0,Task L outcome,XGBoost,Permutation fallback (ValueError)
missingindicator_home_passes_for_l10,0.0,0.0,Task L outcome,XGBoost,Permutation fallback (ValueError)
missingindicator_home_pass_completion_for_l10,0.0,0.0,Task L outcome,XGBoost,Permutation fallback (ValueError)
missingindicator_home_pressures_for_l10,0.0,0.0,Task L outcome,XGBoost,Permutation fallback (ValueError)
missingindicator_home_final_third_entries_for_l10,0.0,0.0,Task L outcome,XGBoost,Permutation fallback (ValueError)
missingindicator_home_red_cards_for_l10,0.0,0.0,Task L outcome,XGBoost,Permutation fallback (ValueError)
missingindicator_home_possession_share_l10,0.0,0.0,Task L outcome,XGBoost,Permutation fallback (ValueError)
missingindicator_away_rest_days,0.0,0.0,Task L outcome,XGBoost,Permutation fallback (ValueError)
missingindicator_away_points_l3,0.0,0.0,Task L outcome,XGBoost,Permutation fallback (ValueError)
missingindicator_away_goals_for_l3,0.0,0.0,Task L outcome,XGBoost,Permutation fallback (ValueError)
missingindicator_away_goals_against_l3,0.0,0.0,Task L outcome,XGBoost,Permutation fallback (ValueError)
missingindicator_away_goal_difference_l3,0.0,0.0,Task L outcome,XGBoost,Permutation fallback (ValueError)
missingindicator_away_shots_for_l3,0.0,0.0,Task L outcome,XGBoost,Permutation fallback (ValueError)
missingindicator_away_shots_against_l3,0.0,0.0,Task L outcome,XGBoost,Permutation fallback (ValueError)
missingindicator_away_shots_on_target_for_l3,0.0,0.0,Task L outcome,XGBoost,Permutation fallback (ValueError)
missingindicator_away_shots_on_target_against_l3,0.0,0.0,Task L outcome,XGBoost,Permutation fallback (ValueError)
missingindicator_away_xg_for_l3,0.0,0.0,Task L outcome,XGBoost,Permutation fallback (ValueError)
missingindicator_away_xg_against_l3,0.0,0.0,Task L outcome,XGBoost,Permutation fallback (ValueError)
missingindicator_away_passes_for_l3,0.0,0.0,Task L outcome,XGBoost,Permutation fallback (ValueError)
missingindicator_away_pass_completion_for_l3,0.0,0.0,Task L outcome,XGBoost,Permutation fallback (ValueError)
missingindicator_away_pressures_for_l3,0.0,0.0,Task L outcome,XGBoost,Permutation fallback (ValueError)
missingindicator_away_final_third_entries_for_l3,0.0,0.0,Task L outcome,XGBoost,Permutation fallback (ValueError)
missingindicator_away_red_cards_for_l3,0.0,0.0,Task L outcome,XGBoost,Permutation fallback (ValueError)
missingindicator_away_possession_share_l3,0.0,0.0,Task L outcome,XGBoost,Permutation fallback (ValueError)
missingindicator_away_points_l5,0.0,0.0,Task L outcome,XGBoost,Permutation fallback (ValueError)
missingindicator_away_goals_for_l5,0.0,0.0,Task L outcome,XGBoost,Permutation fallback (ValueError)
missingindicator_away_goals_against_l5,0.0,0.0,Task L outcome,XGBoost,Permutation fallback (ValueError)
missingindicator_away_goal_difference_l5,0.0,0.0,Task L outcome,XGBoost,Permutation fallback (ValueError)
missingindicator_away_shots_for_l5,0.0,0.0,Task L outcome,XGBoost,Permutation fallback (ValueError)
missingindicator_away_shots_against_l5,0.0,0.0,Task L outcome,XGBoost,Permutation fallback (ValueError)
missingindicator_away_shots_on_target_for_l5,0.0,0.0,Task L outcome,XGBoost,Permutation fallback (ValueError)
missingindicator_away_shots_on_target_against_l5,0.0,0.0,Task L outcome,XGBoost,Permutation fallback (ValueError)
missingindicator_away_xg_for_l5,0.0,0.0,Task L outcome,XGBoost,Permutation fallback (ValueError)
missingindicator_away_xg_against_l5,0.0,0.0,Task L outcome,XGBoost,Permutation fallback (ValueError)
missingindicator_away_passes_for_l5,0.0,0.0,Task L outcome,XGBoost,Permutation fallback (ValueError)
missingindicator_away_pass_completion_for_l5,0.0,0.0,Task L outcome,XGBoost,Permutation fallback (ValueError)
missingindicator_away_pressures_for_l5,0.0,0.0,Task L outcome,XGBoost,Permutation fallback (ValueError)
missingindicator_diff_possession_share_l5,0.0,0.0,Task L outcome,XGBoost,Permutation fallback (ValueError)
missingindicator_diff_points_l10,0.0,0.0,Task L outcome,XGBoost,Permutation fallback (ValueError)
missingindicator_diff_goal_difference_l10,0.0,0.0,Task L outcome,XGBoost,Permutation fallback (ValueError)
missingindicator_diff_shots_for_l10,0.0,0.0,Task L outcome,XGBoost,Permutation fallback (ValueError)
missingindicator_diff_xg_for_l10,0.0,0.0,Task L outcome,XGBoost,Permutation fallback (ValueError)
missingindicator_diff_pass_completion_for_l10,0.0,0.0,Task L outcome,XGBoost,Permutation fallback (ValueError)
missingindicator_diff_pressures_for_l10,0.0,0.0,Task L outcome,XGBoost,Permutation fallback (ValueError)
missingindicator_diff_possession_share_l10,0.0,0.0,Task L outcome,XGBoost,Permutation fallback (ValueError)
missingindicator_rest_days_difference,0.0,0.0,Task L outcome,XGBoost,Permutation fallback (ValueError)
current_goal_difference,0.1803054063163937,202.0,Task L outcome,LightGBM,Permutation fallback (ExplainerError)
diff_xg_for_l3,0.043088065471872466,82.0,Task L outcome,LightGBM,Permutation fallback (ExplainerError)
current_away_score,0.028889910592363295,43.0,Task L outcome,LightGBM,Permutation fallback (ExplainerError)
diff_pressures_for_l3,0.02770482352200925,51.0,Task L outcome,LightGBM,Permutation fallback (ExplainerError)
p1_away_con_total,0.025729663059889493,59.0,Task L outcome,LightGBM,Permutation fallback (ExplainerError)
away_pass_completion_for_l3,0.02535102419961844,80.0,Task L outcome,LightGBM,Permutation fallback (ExplainerError)
home_shots_on_target_for_l3,0.022583218463431098,73.0,Task L outcome,LightGBM,Permutation fallback (ExplainerError)
home_shots_on_target_against_l3,0.020939695929175536,104.0,Task L outcome,LightGBM,Permutation fallback (ExplainerError)
away_goal_difference_l10,0.020264537681553525,58.0,Task L outcome,LightGBM,Permutation fallback (ExplainerError)
home_goals_for_l5,0.01950762129908112,51.0,Task L outcome,LightGBM,Permutation fallback (ExplainerError)
p1_away_con_away,0.018244683355597754,54.0,Task L outcome,LightGBM,Permutation fallback (ExplainerError)
away_pressures_for_l5,0.017687908455437086,35.0,Task L outcome,LightGBM,Permutation fallback (ExplainerError)
p1_away_scr_home,0.016787988696597103,42.0,Task L outcome,LightGBM,Permutation fallback (ExplainerError)
away_pass_completion_for_l10,0.015249054300220976,30.0,Task L outcome,LightGBM,Permutation fallback (ExplainerError)
away_shots_on_target_for_l10,0.014590384764547028,28.0,Task L outcome,LightGBM,Permutation fallback (ExplainerError)
home_pass_completion_for_l5,0.01395268791187073,33.0,Task L outcome,LightGBM,Permutation fallback (ExplainerError)
home_passes_for_l3,0.013817031552040152,45.0,Task L outcome,LightGBM,Permutation fallback (ExplainerError)
home_pass_completion_for_l10,0.013020640104109823,26.0,Task L outcome,LightGBM,Permutation fallback (ExplainerError)
home_pressures_for_l5,0.012669634897439636,21.0,Task L outcome,LightGBM,Permutation fallback (ExplainerError)
away_goals_against_l5,0.012607401122712726,39.0,Task L outcome,LightGBM,Permutation fallback (ExplainerError)
p1_home_con_away,0.011859309000632683,78.0,Task L outcome,LightGBM,Permutation fallback (ExplainerError)
home_final_third_entries_for_l3,0.011454655845285178,38.0,Task L outcome,LightGBM,Permutation fallback (ExplainerError)
home_final_third_entries_for_l5,0.011106935178367649,58.0,Task L outcome,LightGBM,Permutation fallback (ExplainerError)
away_shots_on_target_for_l5,0.01061475015689891,45.0,Task L outcome,LightGBM,Permutation fallback (ExplainerError)
p1_home_con_total,0.010593181222268733,50.0,Task L outcome,LightGBM,Permutation fallback (ExplainerError)
diff_xg_for_l10,0.010589184293390452,38.0,Task L outcome,LightGBM,Permutation fallback (ExplainerError)
home_xg_against_l3,0.010523954555652072,65.0,Task L outcome,LightGBM,Permutation fallback (ExplainerError)
home_live_xg,0.00956875056923302,28.0,Task L outcome,LightGBM,Permutation fallback (ExplainerError)
away_xg_against_l3,0.008815020543579206,39.0,Task L outcome,LightGBM,Permutation fallback (ExplainerError)
home_shots_on_target_for_l5,0.00873725836158246,55.0,Task L outcome,LightGBM,Permutation fallback (ExplainerError)
diff_goal_difference_l5,0.008716442473561655,44.0,Task L outcome,LightGBM,Permutation fallback (ExplainerError)
diff_possession_share_l3,0.008652655839549531,30.0,Task L outcome,LightGBM,Permutation fallback (ExplainerError)
diff_shots_for_l5,0.008632116183344776,20.0,Task L outcome,LightGBM,Permutation fallback (ExplainerError)
home_pass_completion_for_l3,0.00844771411271212,47.0,Task L outcome,LightGBM,Permutation fallback (ExplainerError)
away_shots_against_l3,0.008369400965199019,31.0,Task L outcome,LightGBM,Permutation fallback (ExplainerError)
diff_possession_share_l5,0.008158537874686254,47.0,Task L outcome,LightGBM,Permutation fallback (ExplainerError)
diff_pressures_for_l10,0.008146624404792567,30.0,Task L outcome,LightGBM,Permutation fallback (ExplainerError)
diff_points_l5,0.008051731625679698,24.0,Task L outcome,LightGBM,Permutation fallback (ExplainerError)
away_xg_against_l10,0.007500064199547493,61.0,Task L outcome,LightGBM,Permutation fallback (ExplainerError)
home_shots_for_l3,0.007376316026040382,42.0,Task L outcome,LightGBM,Permutation fallback (ExplainerError)
home_rest_days,0.00713780834345701,76.0,Task L outcome,LightGBM,Permutation fallback (ExplainerError)
home_xg_for_l5,0.0071357498420702836,50.0,Task L outcome,LightGBM,Permutation fallback (ExplainerError)
diff_goal_difference_l10,0.007084277916117818,42.0,Task L outcome,LightGBM,Permutation fallback (ExplainerError)
live_diff_xg,0.00701721480795323,19.0,Task L outcome,LightGBM,Permutation fallback (ExplainerError)
away_shots_for_l10,0.006880029880103515,30.0,Task L outcome,LightGBM,Permutation fallback (ExplainerError)
diff_shots_for_l3,0.006815825018867863,18.0,Task L outcome,LightGBM,Permutation fallback (ExplainerError)
home_xg_for_l3,0.006780364054325758,44.0,Task L outcome,LightGBM,Permutation fallback (ExplainerError)
diff_possession_share_l10,0.006533322973686394,25.0,Task L outcome,LightGBM,Permutation fallback (ExplainerError)
away_goals_for_l10,0.006461291814660135,38.0,Task L outcome,LightGBM,Permutation fallback (ExplainerError)
away_live_pressures,0.006089092013580465,9.0,Task L outcome,LightGBM,Permutation fallback (ExplainerError)
home_possession_share_l5,0.006044967146526184,18.0,Task L outcome,LightGBM,Permutation fallback (ExplainerError)
home_shots_against_l5,0.006023955272084678,55.0,Task L outcome,LightGBM,Permutation fallback (ExplainerError)
p1_home_scr_home,0.005833244292859181,54.0,Task L outcome,LightGBM,Permutation fallback (ExplainerError)
home_shots_on_target_against_l10,0.005770470832346371,13.0,Task L outcome,LightGBM,Permutation fallback (ExplainerError)
away_final_third_entries_for_l10,0.005671899222884553,30.0,Task L outcome,LightGBM,Permutation fallback (ExplainerError)
diff_pass_completion_for_l5,0.005407862142814083,16.0,Task L outcome,LightGBM,Permutation fallback (ExplainerError)
away_goals_for_l3,0.00539563053546976,23.0,Task L outcome,LightGBM,Permutation fallback (ExplainerError)
home_possession_share_l3,0.005307718932222551,38.0,Task L outcome,LightGBM,Permutation fallback (ExplainerError)
away_possession_share_l3,0.005131205815469487,56.0,Task L outcome,LightGBM,Permutation fallback (ExplainerError)
away_xg_for_l5,0.004847445118875787,22.0,Task L outcome,LightGBM,Permutation fallback (ExplainerError)
away_xg_for_l3,0.004801086812247212,49.0,Task L outcome,LightGBM,Permutation fallback (ExplainerError)
p1_home_scr_total,0.00477865632500729,18.0,Task L outcome,LightGBM,Permutation fallback (ExplainerError)
p1_home_con_home,0.004719550728363618,16.0,Task L outcome,LightGBM,Permutation fallback (ExplainerError)
diff_points_l10,0.004471181796306487,38.0,Task L outcome,LightGBM,Permutation fallback (ExplainerError)
rest_days_difference,0.004425348188971407,63.0,Task L outcome,LightGBM,Permutation fallback (ExplainerError)
p1_away_rank_total,0.004392501618961218,30.0,Task L outcome,LightGBM,Permutation fallback (ExplainerError)
away_shots_on_target_against_l5,0.004339441465744281,25.0,Task L outcome,LightGBM,Permutation fallback (ExplainerError)
away_possession_share_l5,0.004278152707613199,26.0,Task L outcome,LightGBM,Permutation fallback (ExplainerError)
away_live_xg,0.004263776411295615,10.0,Task L outcome,LightGBM,Permutation fallback (ExplainerError)
diff_pass_completion_for_l10,0.004239103175796341,24.0,Task L outcome,LightGBM,Permutation fallback (ExplainerError)
away_shots_on_target_against_l3,0.004231078996398987,58.0,Task L outcome,LightGBM,Permutation fallback (ExplainerError)
p1_away_scr_total,0.0041951711456387816,11.0,Task L outcome,LightGBM,Permutation fallback (ExplainerError)
away_final_third_entries_for_l3,0.004162423630410508,25.0,Task L outcome,LightGBM,Permutation fallback (ExplainerError)
home_shots_for_l5,0.004158848191446994,30.0,Task L outcome,LightGBM,Permutation fallback (ExplainerError)
home_shots_on_target_for_l10,0.004138200689955388,31.0,Task L outcome,LightGBM,Permutation fallback (ExplainerError)
p1_home_rank_away,0.0040093413289312655,32.0,Task L outcome,LightGBM,Permutation fallback (ExplainerError)
home_goal_difference_l5,0.0038624264933720905,15.0,Task L outcome,LightGBM,Permutation fallback (ExplainerError)
away_pressures_for_l3,0.0037728868701056976,38.0,Task L outcome,LightGBM,Permutation fallback (ExplainerError)
home_shots_against_l3,0.0036886360676078723,28.0,Task L outcome,LightGBM,Permutation fallback (ExplainerError)
away_goals_for_l5,0.0034835327223377496,20.0,Task L outcome,LightGBM,Permutation fallback (ExplainerError)
away_xg_for_l10,0.0034710314841930193,15.0,Task L outcome,LightGBM,Permutation fallback (ExplainerError)
home_goal_difference_l10,0.003390123259263311,23.0,Task L outcome,LightGBM,Permutation fallback (ExplainerError)
diff_pass_completion_for_l3,0.0032034166777359235,29.0,Task L outcome,LightGBM,Permutation fallback (ExplainerError)
home_xg_against_l5,0.003194813725395637,72.0,Task L outcome,LightGBM,Permutation fallback (ExplainerError)
away_xg_against_l5,0.003129356174271555,19.0,Task L outcome,LightGBM,Permutation fallback (ExplainerError)
home_shots_on_target_against_l5,0.003103766467658121,22.0,Task L outcome,LightGBM,Permutation fallback (ExplainerError)
away_shots_for_l5,0.0030484415716189816,22.0,Task L outcome,LightGBM,Permutation fallback (ExplainerError)
home_goals_against_l3,0.0030397235741705646,18.0,Task L outcome,LightGBM,Permutation fallback (ExplainerError)
current_home_score,0.0029767895007674723,5.0,Task L outcome,LightGBM,Permutation fallback (ExplainerError)
home_pressures_for_l3,0.0029343093732937847,30.0,Task L outcome,LightGBM,Permutation fallback (ExplainerError)
n_events_so_far,0.0028243248911668994,17.0,Task L outcome,LightGBM,Permutation fallback (ExplainerError)
home_goals_for_l3,0.0027175602636808644,17.0,Task L outcome,LightGBM,Permutation fallback (ExplainerError)
away_goals_against_l10,0.0026156097114462848,23.0,Task L outcome,LightGBM,Permutation fallback (ExplainerError)
away_passes_for_l3,0.002481195261411802,14.0,Task L outcome,LightGBM,Permutation fallback (ExplainerError)
diff_pressures_for_l5,0.002443152340800356,6.0,Task L outcome,LightGBM,Permutation fallback (ExplainerError)
away_shots_against_l10,0.0024122593023024946,22.0,Task L outcome,LightGBM,Permutation fallback (ExplainerError)
diff_shots_for_l10,0.0023480310504851005,8.0,Task L outcome,LightGBM,Permutation fallback (ExplainerError)
p1_away_rank_home,0.002305758193965316,34.0,Task L outcome,LightGBM,Permutation fallback (ExplainerError)
home_live_final_third_entries,0.0022112885520441422,9.0,Task L outcome,LightGBM,Permutation fallback (ExplainerError)
home_points_l5,0.0022010535994494928,26.0,Task L outcome,LightGBM,Permutation fallback (ExplainerError)
away_possession_share_l10,0.0020915202068994406,13.0,Task L outcome,LightGBM,Permutation fallback (ExplainerError)
p1_home_scr_away,0.002024712327117814,13.0,Task L outcome,LightGBM,Permutation fallback (ExplainerError)
home_xg_for_l10,0.0018626541933360297,13.0,Task L outcome,LightGBM,Permutation fallback (ExplainerError)
away_pressures_for_l10,0.001806904647103065,25.0,Task L outcome,LightGBM,Permutation fallback (ExplainerError)
away_passes_for_l5,0.0017179976158321563,27.0,Task L outcome,LightGBM,Permutation fallback (ExplainerError)
live_diff_pressures,0.0016561430231531145,15.0,Task L outcome,LightGBM,Permutation fallback (ExplainerError)
home_points_l3,0.0016162728776017387,16.0,Task L outcome,LightGBM,Permutation fallback (ExplainerError)
away_live_final_third_entries,0.001602528618065008,4.0,Task L outcome,LightGBM,Permutation fallback (ExplainerError)
home_goal_difference_l3,0.001593564442570531,20.0,Task L outcome,LightGBM,Permutation fallback (ExplainerError)
home_passes_for_l10,0.0014330937053602536,5.0,Task L outcome,LightGBM,Permutation fallback (ExplainerError)
home_goals_for_l10,0.0013291496376688688,11.0,Task L outcome,LightGBM,Permutation fallback (ExplainerError)
home_points_l10,0.0013248421378505844,10.0,Task L outcome,LightGBM,Permutation fallback (ExplainerError)
away_goal_difference_l5,0.0012757688491514955,3.0,Task L outcome,LightGBM,Permutation fallback (ExplainerError)
away_pass_completion_for_l5,0.0012297482645017422,4.0,Task L outcome,LightGBM,Permutation fallback (ExplainerError)
home_goals_against_l5,0.0011954258262008876,14.0,Task L outcome,LightGBM,Permutation fallback (ExplainerError)
home_pressures_for_l10,0.0010875903915914457,26.0,Task L outcome,LightGBM,Permutation fallback (ExplainerError)
away_shots_for_l3,0.001076263497257172,7.0,Task L outcome,LightGBM,Permutation fallback (ExplainerError)
diff_xg_for_l5,0.001053882846861007,5.0,Task L outcome,LightGBM,Permutation fallback (ExplainerError)
away_points_l5,0.0009461806004540791,10.0,Task L outcome,LightGBM,Permutation fallback (ExplainerError)
away_goal_difference_l3,0.0009150950172006886,6.0,Task L outcome,LightGBM,Permutation fallback (ExplainerError)
away_final_third_entries_for_l5,0.0009094470201747618,18.0,Task L outcome,LightGBM,Permutation fallback (ExplainerError)
home_live_pass_completion,0.0009022125113213923,9.0,Task L outcome,LightGBM,Permutation fallback (ExplainerError)
away_rest_days,0.0008909586760835732,9.0,Task L outcome,LightGBM,Permutation fallback (ExplainerError)
away_red_cards_for_l10,0.0008509518055312304,2.0,Task L outcome,LightGBM,Permutation fallback (ExplainerError)
p1_away_con_home,0.0008440261746714466,5.0,Task L outcome,LightGBM,Permutation fallback (ExplainerError)
diff_points_l3,0.0008270844592034322,29.0,Task L outcome,LightGBM,Permutation fallback (ExplainerError)
away_points_l10,0.0007670669557587718,6.0,Task L outcome,LightGBM,Permutation fallback (ExplainerError)
home_passes_for_l5,0.000737457694052815,3.0,Task L outcome,LightGBM,Permutation fallback (ExplainerError)
home_goals_against_l10,0.0007373063098367067,10.0,Task L outcome,LightGBM,Permutation fallback (ExplainerError)
home_shots_for_l10,0.0007344583208501943,9.0,Task L outcome,LightGBM,Permutation fallback (ExplainerError)
p1_home_rank_home,0.0006809140324073618,3.0,Task L outcome,LightGBM,Permutation fallback (ExplainerError)
p1_away_scr_away,0.0005189819178952022,12.0,Task L outcome,LightGBM,Permutation fallback (ExplainerError)
home_possession_share_l10,0.0005076227036483204,5.0,Task L outcome,LightGBM,Permutation fallback (ExplainerError)
diff_goal_difference_l3,0.0004966122427123316,5.0,Task L outcome,LightGBM,Permutation fallback (ExplainerError)
home_live_shots_on_target,0.00048746758847737664,1.0,Task L outcome,LightGBM,Permutation fallback (ExplainerError)
away_shots_on_target_for_l3,0.0004680909056233433,5.0,Task L outcome,LightGBM,Permutation fallback (ExplainerError)
away_shots_against_l5,0.00046622953874111923,3.0,Task L outcome,LightGBM,Permutation fallback (ExplainerError)
live_diff_shots_on_target,0.0004363941125768319,2.0,Task L outcome,LightGBM,Permutation fallback (ExplainerError)
p1_home_rank_total,0.0004324763042166642,4.0,Task L outcome,LightGBM,Permutation fallback (ExplainerError)
p1_away_rank_away,0.0003819469077562814,2.0,Task L outcome,LightGBM,Permutation fallback (ExplainerError)
away_shots_on_target_against_l10,0.000375272672191086,5.0,Task L outcome,LightGBM,Permutation fallback (ExplainerError)
home_red_cards_for_l10,0.0003094735991076308,3.0,Task L outcome,LightGBM,Permutation fallback (ExplainerError)
away_points_l3,0.0003031781185939372,4.0,Task L outcome,LightGBM,Permutation fallback (ExplainerError)
home_shots_against_l10,0.00026437972045213406,12.0,Task L outcome,LightGBM,Permutation fallback (ExplainerError)
away_passes_for_l10,0.000243411348949439,6.0,Task L outcome,LightGBM,Permutation fallback (ExplainerError)
away_live_possession_share,0.0002384337811546395,2.0,Task L outcome,LightGBM,Permutation fallback (ExplainerError)
home_live_possession_share,0.0002297800279195327,3.0,Task L outcome,LightGBM,Permutation fallback (ExplainerError)
away_goals_against_l3,0.00019883135973254676,3.0,Task L outcome,LightGBM,Permutation fallback (ExplainerError)
away_live_corners,0.00019440878410423578,5.0,Task L outcome,LightGBM,Permutation fallback (ExplainerError)
home_xg_against_l10,0.0001760617868367872,3.0,Task L outcome,LightGBM,Permutation fallback (ExplainerError)
home_final_third_entries_for_l10,0.00015138005480448542,2.0,Task L outcome,LightGBM,Permutation fallback (ExplainerError)
home_red_cards_for_l3,7.908133253365045e-05,1.0,Task L outcome,LightGBM,Permutation fallback (ExplainerError)
live_diff_final_third_entries,6.076498681755841e-05,1.0,Task L outcome,LightGBM,Permutation fallback (ExplainerError)
away_live_carries,5.908798843625163e-05,1.0,Task L outcome,LightGBM,Permutation fallback (ExplainerError)
home_live_fouls,1.4549171457124236e-05,4.0,Task L outcome,LightGBM,Permutation fallback (ExplainerError)
snapshot_period,1.6251162473594298e-06,0.0,Task L outcome,LightGBM,Permutation fallback (ExplainerError)
missingindicator_away_goals_for_l10,0.0,0.0,Task L outcome,LightGBM,Permutation fallback (ExplainerError)
home_live_corners,0.0,0.0,Task L outcome,LightGBM,Permutation fallback (ExplainerError)
home_live_carries,0.0,0.0,Task L outcome,LightGBM,Permutation fallback (ExplainerError)
reference_second,0.0,0.0,Task L outcome,LightGBM,Permutation fallback (ExplainerError)
time_remaining_minutes,0.0,0.0,Task L outcome,LightGBM,Permutation fallback (ExplainerError)
snapshot_rank,0.0,0.0,Task L outcome,LightGBM,Permutation fallback (ExplainerError)
snapshot_minute,0.0,0.0,Task L outcome,LightGBM,Permutation fallback (ExplainerError)
home_live_pressures,0.0,0.0,Task L outcome,LightGBM,Permutation fallback (ExplainerError)
home_live_completed_passes,0.0,0.0,Task L outcome,LightGBM,Permutation fallback (ExplainerError)
home_live_shots,0.0,0.0,Task L outcome,LightGBM,Permutation fallback (ExplainerError)
home_live_passes,0.0,0.0,Task L outcome,LightGBM,Permutation fallback (ExplainerError)
home_live_shots_last5,0.0,0.0,Task L outcome,LightGBM,Permutation fallback (ExplainerError)
home_live_red_cards,0.0,0.0,Task L outcome,LightGBM,Permutation fallback (ExplainerError)
missingindicator_diff_points_l3,0.0,0.0,Task L outcome,LightGBM,Permutation fallback (ExplainerError)
missingindicator_away_possession_share_l10,0.0,0.0,Task L outcome,LightGBM,Permutation fallback (ExplainerError)
missingindicator_away_red_cards_for_l10,0.0,0.0,Task L outcome,LightGBM,Permutation fallback (ExplainerError)
missingindicator_away_final_third_entries_for_l10,0.0,0.0,Task L outcome,LightGBM,Permutation fallback (ExplainerError)
missingindicator_away_pressures_for_l10,0.0,0.0,Task L outcome,LightGBM,Permutation fallback (ExplainerError)
missingindicator_away_pass_completion_for_l10,0.0,0.0,Task L outcome,LightGBM,Permutation fallback (ExplainerError)
missingindicator_away_passes_for_l10,0.0,0.0,Task L outcome,LightGBM,Permutation fallback (ExplainerError)
missingindicator_away_xg_against_l10,0.0,0.0,Task L outcome,LightGBM,Permutation fallback (ExplainerError)
missingindicator_away_xg_for_l10,0.0,0.0,Task L outcome,LightGBM,Permutation fallback (ExplainerError)
missingindicator_away_shots_on_target_against_l10,0.0,0.0,Task L outcome,LightGBM,Permutation fallback (ExplainerError)
missingindicator_away_shots_on_target_for_l10,0.0,0.0,Task L outcome,LightGBM,Permutation fallback (ExplainerError)
missingindicator_away_shots_against_l10,0.0,0.0,Task L outcome,LightGBM,Permutation fallback (ExplainerError)
missingindicator_away_shots_for_l10,0.0,0.0,Task L outcome,LightGBM,Permutation fallback (ExplainerError)
missingindicator_diff_goal_difference_l3,0.0,0.0,Task L outcome,LightGBM,Permutation fallback (ExplainerError)
missingindicator_diff_xg_for_l3,0.0,0.0,Task L outcome,LightGBM,Permutation fallback (ExplainerError)
missingindicator_diff_shots_for_l3,0.0,0.0,Task L outcome,LightGBM,Permutation fallback (ExplainerError)
away_red_cards_for_l5,0.0,0.0,Task L outcome,LightGBM,Permutation fallback (ExplainerError)
missingindicator_away_goals_against_l10,0.0,0.0,Task L outcome,LightGBM,Permutation fallback (ExplainerError)
missingindicator_away_goal_difference_l10,0.0,0.0,Task L outcome,LightGBM,Permutation fallback (ExplainerError)
home_live_xg_last5,0.0,0.0,Task L outcome,LightGBM,Permutation fallback (ExplainerError)
home_live_pressures_last5,0.0,0.0,Task L outcome,LightGBM,Permutation fallback (ExplainerError)
home_live_final_third_entries_last5,0.0,0.0,Task L outcome,LightGBM,Permutation fallback (ExplainerError)
home_live_shots_last10,0.0,0.0,Task L outcome,LightGBM,Permutation fallback (ExplainerError)
home_live_xg_last10,0.0,0.0,Task L outcome,LightGBM,Permutation fallback (ExplainerError)
home_live_pressures_last10,0.0,0.0,Task L outcome,LightGBM,Permutation fallback (ExplainerError)
home_live_final_third_entries_last10,0.0,0.0,Task L outcome,LightGBM,Permutation fallback (ExplainerError)
away_live_shots,0.0,0.0,Task L outcome,LightGBM,Permutation fallback (ExplainerError)
away_live_shots_on_target,0.0,0.0,Task L outcome,LightGBM,Permutation fallback (ExplainerError)
missingindicator_away_final_third_entries_for_l5,0.0,0.0,Task L outcome,LightGBM,Permutation fallback (ExplainerError)
missingindicator_away_red_cards_for_l5,0.0,0.0,Task L outcome,LightGBM,Permutation fallback (ExplainerError)
missingindicator_away_possession_share_l5,0.0,0.0,Task L outcome,LightGBM,Permutation fallback (ExplainerError)
missingindicator_away_points_l10,0.0,0.0,Task L outcome,LightGBM,Permutation fallback (ExplainerError)
away_history_matches_before,0.0,0.0,Task L outcome,LightGBM,Permutation fallback (ExplainerError)
home_missing_history_l10,0.0,0.0,Task L outcome,LightGBM,Permutation fallback (ExplainerError)
home_missing_history_l5,0.0,0.0,Task L outcome,LightGBM,Permutation fallback (ExplainerError)
away_missing_history_l5,0.0,0.0,Task L outcome,LightGBM,Permutation fallback (ExplainerError)
missingindicator_diff_pressures_for_l3,0.0,0.0,Task L outcome,LightGBM,Permutation fallback (ExplainerError)
missingindicator_diff_possession_share_l3,0.0,0.0,Task L outcome,LightGBM,Permutation fallback (ExplainerError)
missingindicator_diff_points_l5,0.0,0.0,Task L outcome,LightGBM,Permutation fallback (ExplainerError)
missingindicator_diff_pass_completion_for_l3,0.0,0.0,Task L outcome,LightGBM,Permutation fallback (ExplainerError)
missingindicator_diff_goal_difference_l5,0.0,0.0,Task L outcome,LightGBM,Permutation fallback (ExplainerError)
missingindicator_diff_shots_for_l5,0.0,0.0,Task L outcome,LightGBM,Permutation fallback (ExplainerError)
missingindicator_diff_pass_completion_for_l5,0.0,0.0,Task L outcome,LightGBM,Permutation fallback (ExplainerError)
missingindicator_diff_xg_for_l5,0.0,0.0,Task L outcome,LightGBM,Permutation fallback (ExplainerError)
missingindicator_diff_pressures_for_l5,0.0,0.0,Task L outcome,LightGBM,Permutation fallback (ExplainerError)
away_red_cards_for_l3,0.0,0.0,Task L outcome,LightGBM,Permutation fallback (ExplainerError)
away_missing_history_l3,0.0,0.0,Task L outcome,LightGBM,Permutation fallback (ExplainerError)
away_missing_history_l10,0.0,0.0,Task L outcome,LightGBM,Permutation fallback (ExplainerError)
away_live_red_cards,0.0,0.0,Task L outcome,LightGBM,Permutation fallback (ExplainerError)
away_live_fouls,0.0,0.0,Task L outcome,LightGBM,Permutation fallback (ExplainerError)
away_live_completed_passes,0.0,0.0,Task L outcome,LightGBM,Permutation fallback (ExplainerError)
away_live_shots_last5,0.0,0.0,Task L outcome,LightGBM,Permutation fallback (ExplainerError)
away_live_final_third_entries_last5,0.0,0.0,Task L outcome,LightGBM,Permutation fallback (ExplainerError)
away_live_shots_last10,0.0,0.0,Task L outcome,LightGBM,Permutation fallback (ExplainerError)
away_live_xg_last5,0.0,0.0,Task L outcome,LightGBM,Permutation fallback (ExplainerError)
away_live_pressures_last5,0.0,0.0,Task L outcome,LightGBM,Permutation fallback (ExplainerError)
away_live_pressures_last10,0.0,0.0,Task L outcome,LightGBM,Permutation fallback (ExplainerError)
away_live_xg_last10,0.0,0.0,Task L outcome,LightGBM,Permutation fallback (ExplainerError)
man_advantage_home,0.0,0.0,Task L outcome,LightGBM,Permutation fallback (ExplainerError)
away_live_final_third_entries_last10,0.0,0.0,Task L outcome,LightGBM,Permutation fallback (ExplainerError)
away_live_pass_completion,0.0,0.0,Task L outcome,LightGBM,Permutation fallback (ExplainerError)
home_red_cards_for_l5,0.0,0.0,Task L outcome,LightGBM,Permutation fallback (ExplainerError)
home_missing_history_l3,0.0,0.0,Task L outcome,LightGBM,Permutation fallback (ExplainerError)
away_live_passes,0.0,0.0,Task L outcome,LightGBM,Permutation fallback (ExplainerError)
live_diff_xg_last5,0.0,0.0,Task L outcome,LightGBM,Permutation fallback (ExplainerError)
live_diff_shots_last5,0.0,0.0,Task L outcome,LightGBM,Permutation fallback (ExplainerError)
live_diff_possession_share,0.0,0.0,Task L outcome,LightGBM,Permutation fallback (ExplainerError)
live_diff_shots,0.0,0.0,Task L outcome,LightGBM,Permutation fallback (ExplainerError)
live_diff_pressures_last5,0.0,0.0,Task L outcome,LightGBM,Permutation fallback (ExplainerError)
home_history_matches_before,0.0,8.0,Task L outcome,LightGBM,Permutation fallback (ExplainerError)
missingindicator_home_live_pass_completion,0.0,0.0,Task L outcome,LightGBM,Permutation fallback (ExplainerError)
missingindicator_away_live_pass_completion,0.0,0.0,Task L outcome,LightGBM,Permutation fallback (ExplainerError)
missingindicator_home_rest_days,0.0,0.0,Task L outcome,LightGBM,Permutation fallback (ExplainerError)
missingindicator_home_points_l3,0.0,0.0,Task L outcome,LightGBM,Permutation fallback (ExplainerError)
missingindicator_home_goals_for_l3,0.0,0.0,Task L outcome,LightGBM,Permutation fallback (ExplainerError)
missingindicator_home_goals_against_l3,0.0,0.0,Task L outcome,LightGBM,Permutation fallback (ExplainerError)
missingindicator_home_goal_difference_l3,0.0,0.0,Task L outcome,LightGBM,Permutation fallback (ExplainerError)
missingindicator_home_shots_for_l3,0.0,0.0,Task L outcome,LightGBM,Permutation fallback (ExplainerError)
missingindicator_home_shots_against_l3,0.0,0.0,Task L outcome,LightGBM,Permutation fallback (ExplainerError)
missingindicator_home_shots_on_target_for_l3,0.0,0.0,Task L outcome,LightGBM,Permutation fallback (ExplainerError)
missingindicator_home_shots_on_target_against_l3,0.0,0.0,Task L outcome,LightGBM,Permutation fallback (ExplainerError)
missingindicator_home_xg_for_l3,0.0,0.0,Task L outcome,LightGBM,Permutation fallback (ExplainerError)
missingindicator_home_xg_against_l3,0.0,0.0,Task L outcome,LightGBM,Permutation fallback (ExplainerError)
missingindicator_home_passes_for_l3,0.0,0.0,Task L outcome,LightGBM,Permutation fallback (ExplainerError)
missingindicator_home_pass_completion_for_l3,0.0,0.0,Task L outcome,LightGBM,Permutation fallback (ExplainerError)
missingindicator_home_pressures_for_l3,0.0,0.0,Task L outcome,LightGBM,Permutation fallback (ExplainerError)
missingindicator_home_final_third_entries_for_l3,0.0,0.0,Task L outcome,LightGBM,Permutation fallback (ExplainerError)
missingindicator_home_red_cards_for_l3,0.0,0.0,Task L outcome,LightGBM,Permutation fallback (ExplainerError)
missingindicator_home_possession_share_l3,0.0,0.0,Task L outcome,LightGBM,Permutation fallback (ExplainerError)
missingindicator_home_points_l5,0.0,0.0,Task L outcome,LightGBM,Permutation fallback (ExplainerError)
missingindicator_home_goals_for_l5,0.0,0.0,Task L outcome,LightGBM,Permutation fallback (ExplainerError)
missingindicator_home_goals_against_l5,0.0,0.0,Task L outcome,LightGBM,Permutation fallback (ExplainerError)
missingindicator_home_goal_difference_l5,0.0,0.0,Task L outcome,LightGBM,Permutation fallback (ExplainerError)
missingindicator_home_shots_for_l5,0.0,0.0,Task L outcome,LightGBM,Permutation fallback (ExplainerError)
missingindicator_home_shots_against_l5,0.0,0.0,Task L outcome,LightGBM,Permutation fallback (ExplainerError)
missingindicator_home_shots_on_target_for_l5,0.0,0.0,Task L outcome,LightGBM,Permutation fallback (ExplainerError)
missingindicator_home_shots_on_target_against_l5,0.0,0.0,Task L outcome,LightGBM,Permutation fallback (ExplainerError)
missingindicator_home_xg_for_l5,0.0,0.0,Task L outcome,LightGBM,Permutation fallback (ExplainerError)
missingindicator_home_xg_against_l5,0.0,0.0,Task L outcome,LightGBM,Permutation fallback (ExplainerError)
missingindicator_home_passes_for_l5,0.0,0.0,Task L outcome,LightGBM,Permutation fallback (ExplainerError)
missingindicator_home_pass_completion_for_l5,0.0,0.0,Task L outcome,LightGBM,Permutation fallback (ExplainerError)
missingindicator_home_pressures_for_l5,0.0,0.0,Task L outcome,LightGBM,Permutation fallback (ExplainerError)
missingindicator_home_final_third_entries_for_l5,0.0,0.0,Task L outcome,LightGBM,Permutation fallback (ExplainerError)
missingindicator_home_red_cards_for_l5,0.0,0.0,Task L outcome,LightGBM,Permutation fallback (ExplainerError)
missingindicator_home_possession_share_l5,0.0,0.0,Task L outcome,LightGBM,Permutation fallback (ExplainerError)
missingindicator_home_points_l10,0.0,0.0,Task L outcome,LightGBM,Permutation fallback (ExplainerError)
missingindicator_home_goals_for_l10,0.0,0.0,Task L outcome,LightGBM,Permutation fallback (ExplainerError)
missingindicator_home_goals_against_l10,0.0,0.0,Task L outcome,LightGBM,Permutation fallback (ExplainerError)
missingindicator_home_goal_difference_l10,0.0,0.0,Task L outcome,LightGBM,Permutation fallback (ExplainerError)
missingindicator_home_shots_for_l10,0.0,0.0,Task L outcome,LightGBM,Permutation fallback (ExplainerError)
missingindicator_home_shots_against_l10,0.0,0.0,Task L outcome,LightGBM,Permutation fallback (ExplainerError)
missingindicator_home_shots_on_target_for_l10,0.0,0.0,Task L outcome,LightGBM,Permutation fallback (ExplainerError)
missingindicator_home_shots_on_target_against_l10,0.0,0.0,Task L outcome,LightGBM,Permutation fallback (ExplainerError)
missingindicator_home_xg_for_l10,0.0,0.0,Task L outcome,LightGBM,Permutation fallback (ExplainerError)
missingindicator_home_xg_against_l10,0.0,0.0,Task L outcome,LightGBM,Permutation fallback (ExplainerError)
missingindicator_home_passes_for_l10,0.0,0.0,Task L outcome,LightGBM,Permutation fallback (ExplainerError)
missingindicator_home_pass_completion_for_l10,0.0,0.0,Task L outcome,LightGBM,Permutation fallback (ExplainerError)
missingindicator_home_pressures_for_l10,0.0,0.0,Task L outcome,LightGBM,Permutation fallback (ExplainerError)
missingindicator_home_final_third_entries_for_l10,0.0,0.0,Task L outcome,LightGBM,Permutation fallback (ExplainerError)
missingindicator_home_red_cards_for_l10,0.0,0.0,Task L outcome,LightGBM,Permutation fallback (ExplainerError)
missingindicator_home_possession_share_l10,0.0,0.0,Task L outcome,LightGBM,Permutation fallback (ExplainerError)
missingindicator_away_rest_days,0.0,0.0,Task L outcome,LightGBM,Permutation fallback (ExplainerError)
missingindicator_away_points_l3,0.0,0.0,Task L outcome,LightGBM,Permutation fallback (ExplainerError)
missingindicator_away_goals_for_l3,0.0,0.0,Task L outcome,LightGBM,Permutation fallback (ExplainerError)
missingindicator_away_goals_against_l3,0.0,0.0,Task L outcome,LightGBM,Permutation fallback (ExplainerError)
missingindicator_away_goal_difference_l3,0.0,0.0,Task L outcome,LightGBM,Permutation fallback (ExplainerError)
missingindicator_away_shots_for_l3,0.0,0.0,Task L outcome,LightGBM,Permutation fallback (ExplainerError)
missingindicator_away_shots_against_l3,0.0,0.0,Task L outcome,LightGBM,Permutation fallback (ExplainerError)
missingindicator_away_shots_on_target_for_l3,0.0,0.0,Task L outcome,LightGBM,Permutation fallback (ExplainerError)
missingindicator_away_shots_on_target_against_l3,0.0,0.0,Task L outcome,LightGBM,Permutation fallback (ExplainerError)
missingindicator_away_xg_for_l3,0.0,0.0,Task L outcome,LightGBM,Permutation fallback (ExplainerError)
missingindicator_away_xg_against_l3,0.0,0.0,Task L outcome,LightGBM,Permutation fallback (ExplainerError)
missingindicator_away_passes_for_l3,0.0,0.0,Task L outcome,LightGBM,Permutation fallback (ExplainerError)
missingindicator_away_pass_completion_for_l3,0.0,0.0,Task L outcome,LightGBM,Permutation fallback (ExplainerError)
missingindicator_away_pressures_for_l3,0.0,0.0,Task L outcome,LightGBM,Permutation fallback (ExplainerError)
missingindicator_away_final_third_entries_for_l3,0.0,0.0,Task L outcome,LightGBM,Permutation fallback (ExplainerError)
missingindicator_away_red_cards_for_l3,0.0,0.0,Task L outcome,LightGBM,Permutation fallback (ExplainerError)
missingindicator_away_possession_share_l3,0.0,0.0,Task L outcome,LightGBM,Permutation fallback (ExplainerError)
missingindicator_away_points_l5,0.0,0.0,Task L outcome,LightGBM,Permutation fallback (ExplainerError)
missingindicator_away_goals_for_l5,0.0,0.0,Task L outcome,LightGBM,Permutation fallback (ExplainerError)
missingindicator_away_goals_against_l5,0.0,0.0,Task L outcome,LightGBM,Permutation fallback (ExplainerError)
missingindicator_away_goal_difference_l5,0.0,0.0,Task L outcome,LightGBM,Permutation fallback (ExplainerError)
missingindicator_away_shots_for_l5,0.0,0.0,Task L outcome,LightGBM,Permutation fallback (ExplainerError)
missingindicator_away_shots_against_l5,0.0,0.0,Task L outcome,LightGBM,Permutation fallback (ExplainerError)
missingindicator_away_shots_on_target_for_l5,0.0,0.0,Task L outcome,LightGBM,Permutation fallback (ExplainerError)
missingindicator_away_shots_on_target_against_l5,0.0,0.0,Task L outcome,LightGBM,Permutation fallback (ExplainerError)
missingindicator_away_xg_for_l5,0.0,0.0,Task L outcome,LightGBM,Permutation fallback (ExplainerError)
missingindicator_away_xg_against_l5,0.0,0.0,Task L outcome,LightGBM,Permutation fallback (ExplainerError)
missingindicator_away_passes_for_l5,0.0,0.0,Task L outcome,LightGBM,Permutation fallback (ExplainerError)
missingindicator_away_pass_completion_for_l5,0.0,0.0,Task L outcome,LightGBM,Permutation fallback (ExplainerError)
missingindicator_away_pressures_for_l5,0.0,0.0,Task L outcome,LightGBM,Permutation fallback (ExplainerError)
missingindicator_diff_possession_share_l5,0.0,0.0,Task L outcome,LightGBM,Permutation fallback (ExplainerError)
missingindicator_diff_points_l10,0.0,0.0,Task L outcome,LightGBM,Permutation fallback (ExplainerError)
missingindicator_diff_goal_difference_l10,0.0,0.0,Task L outcome,LightGBM,Permutation fallback (ExplainerError)
missingindicator_diff_shots_for_l10,0.0,0.0,Task L outcome,LightGBM,Permutation fallback (ExplainerError)
missingindicator_diff_xg_for_l10,0.0,0.0,Task L outcome,LightGBM,Permutation fallback (ExplainerError)
missingindicator_diff_pass_completion_for_l10,0.0,0.0,Task L outcome,LightGBM,Permutation fallback (ExplainerError)
missingindicator_diff_pressures_for_l10,0.0,0.0,Task L outcome,LightGBM,Permutation fallback (ExplainerError)
missingindicator_diff_possession_share_l10,0.0,0.0,Task L outcome,LightGBM,Permutation fallback (ExplainerError)
missingindicator_rest_days_difference,0.0,0.0,Task L outcome,LightGBM,Permutation fallback (ExplainerError)
current_goal_difference,0.15986956307641118,0.0908127479848487,Task L margin,Random Forest,TreeExplainer
current_home_score,0.09755497802392293,0.03040073039417354,Task L margin,Random Forest,TreeExplainer
current_away_score,0.06763356550563787,0.03251271714046508,Task L margin,Random Forest,TreeExplainer
live_diff_xg,0.06418971513588907,0.03457906948835206,Task L margin,Random Forest,TreeExplainer
p1_away_con_total,0.06052718834490558,0.021298500839255458,Task L margin,Random Forest,TreeExplainer
p1_away_rank_total,0.05922895335624464,0.020696198575319458,Task L margin,Random Forest,TreeExplainer
p1_away_con_away,0.03396981272698583,0.0197872995353317,Task L margin,Random Forest,TreeExplainer
p1_away_scr_total,0.03255113095658353,0.009950675127243937,Task L margin,Random Forest,TreeExplainer
live_diff_shots_on_target,0.03212861322342027,0.018446368607369822,Task L margin,Random Forest,TreeExplainer
diff_shots_for_l10,0.029825486283679297,0.014626544348023806,Task L margin,Random Forest,TreeExplainer
diff_xg_for_l3,0.02878518401087396,0.01094643153769501,Task L margin,Random Forest,TreeExplainer
p1_away_scr_home,0.026479161134328705,0.01064221278950149,Task L margin,Random Forest,TreeExplainer
home_xg_for_l3,0.02594184503067329,0.00892495086098426,Task L margin,Random Forest,TreeExplainer
home_shots_for_l3,0.020792891495748287,0.010718292868058062,Task L margin,Random Forest,TreeExplainer
home_shots_on_target_for_l3,0.020250712173331166,0.007198939085012659,Task L margin,Random Forest,TreeExplainer
home_passes_for_l10,0.019427050303812234,0.00952292474431447,Task L margin,Random Forest,TreeExplainer
p1_away_rank_home,0.019205811471195773,0.010614023801248413,Task L margin,Random Forest,TreeExplainer
home_live_shots_on_target,0.019139089002653317,0.00524249158519551,Task L margin,Random Forest,TreeExplainer
home_xg_for_l5,0.018630616522167232,0.006085806013570635,Task L margin,Random Forest,TreeExplainer
p1_away_rank_away,0.01831999562875258,0.013406513539515517,Task L margin,Random Forest,TreeExplainer
diff_xg_for_l10,0.01672733683463889,0.007809327576455456,Task L margin,Random Forest,TreeExplainer
away_final_third_entries_for_l10,0.015458076532599887,0.011485657828700866,Task L margin,Random Forest,TreeExplainer
diff_shots_for_l3,0.014931928675854161,0.012896249747299398,Task L margin,Random Forest,TreeExplainer
home_shots_for_l10,0.014160711824565436,0.008775400215174733,Task L margin,Random Forest,TreeExplainer
home_xg_for_l10,0.013888391928973075,0.006138315127127715,Task L margin,Random Forest,TreeExplainer
away_live_xg,0.013732161801720317,0.006180120963247726,Task L margin,Random Forest,TreeExplainer
home_shots_on_target_for_l5,0.01347591785362113,0.005232914206489037,Task L margin,Random Forest,TreeExplainer
home_live_xg,0.012300377110951029,0.006455667853973736,Task L margin,Random Forest,TreeExplainer
away_shots_on_target_for_l10,0.012154489173981535,0.00691968855202542,Task L margin,Random Forest,TreeExplainer
p1_home_scr_total,0.012008849690828927,0.004793535244169917,Task L margin,Random Forest,TreeExplainer
home_pass_completion_for_l5,0.011960227081627488,0.006765133618239063,Task L margin,Random Forest,TreeExplainer
home_passes_for_l3,0.011637764900302347,0.006238042403132241,Task L margin,Random Forest,TreeExplainer
away_xg_against_l5,0.011387214460038987,0.006238067920561888,Task L margin,Random Forest,TreeExplainer
away_shots_on_target_against_l3,0.01135551427235432,0.004045759356102735,Task L margin,Random Forest,TreeExplainer
diff_pressures_for_l10,0.011308012585160756,0.005934711463791398,Task L margin,Random Forest,TreeExplainer
away_shots_on_target_for_l5,0.0112511115136004,0.0066038610666385835,Task L margin,Random Forest,TreeExplainer
away_final_third_entries_for_l5,0.011064778214055758,0.007727742047671655,Task L margin,Random Forest,TreeExplainer
home_final_third_entries_for_l5,0.010925827685990156,0.005794976299411962,Task L margin,Random Forest,TreeExplainer
home_shots_for_l5,0.010894201894281159,0.006240875823570545,Task L margin,Random Forest,TreeExplainer
away_shots_for_l5,0.01085364232029026,0.006695813386727117,Task L margin,Random Forest,TreeExplainer
p1_home_rank_home,0.01051075059622266,0.004885671236306989,Task L margin,Random Forest,TreeExplainer
away_goals_for_l3,0.010304128784129698,0.004773673737499354,Task L margin,Random Forest,TreeExplainer
home_pass_completion_for_l3,0.009926360676481259,0.007097847547420801,Task L margin,Random Forest,TreeExplainer
away_shots_for_l10,0.009873071094903972,0.006817450674712584,Task L margin,Random Forest,TreeExplainer
diff_possession_share_l10,0.009849125649177495,0.008587406140862328,Task L margin,Random Forest,TreeExplainer
away_goals_against_l5,0.009538050992763374,0.004194853969086705,Task L margin,Random Forest,TreeExplainer
home_shots_on_target_for_l10,0.009497262008201609,0.006223629038713032,Task L margin,Random Forest,TreeExplainer
away_goal_difference_l5,0.009369822779758957,0.0033755460004958075,Task L margin,Random Forest,TreeExplainer
home_pressures_for_l5,0.009221682148553133,0.004624236818463597,Task L margin,Random Forest,TreeExplainer
away_xg_against_l10,0.009129725969209707,0.007283791896087493,Task L margin,Random Forest,TreeExplainer
home_goals_for_l5,0.009128682853087565,0.00396896011835013,Task L margin,Random Forest,TreeExplainer
p1_home_con_total,0.008989990209591953,0.0057867887739676774,Task L margin,Random Forest,TreeExplainer
diff_pressures_for_l5,0.008898602405686802,0.0060612810670861526,Task L margin,Random Forest,TreeExplainer
diff_xg_for_l5,0.008714601480767593,0.005496756027840659,Task L margin,Random Forest,TreeExplainer
away_xg_against_l3,0.008566111650430914,0.005660431131509853,Task L margin,Random Forest,TreeExplainer
away_xg_for_l3,0.008522179045030122,0.005507389461529646,Task L margin,Random Forest,TreeExplainer
diff_shots_for_l5,0.00827443758737751,0.011498919860063937,Task L margin,Random Forest,TreeExplainer
away_shots_against_l10,0.008241184016126226,0.00653139141136086,Task L margin,Random Forest,TreeExplainer
home_pass_completion_for_l10,0.008204923678042254,0.006129674330724806,Task L margin,Random Forest,TreeExplainer
away_pass_completion_for_l3,0.008032532995429723,0.004438594362144948,Task L margin,Random Forest,TreeExplainer
home_passes_for_l5,0.00802131924771378,0.006024620832310434,Task L margin,Random Forest,TreeExplainer
p1_home_scr_home,0.007990251049510937,0.005303227016852569,Task L margin,Random Forest,TreeExplainer
diff_pressures_for_l3,0.007706281020676898,0.005363932860654344,Task L margin,Random Forest,TreeExplainer
away_xg_for_l5,0.007520125024253732,0.006295906919492189,Task L margin,Random Forest,TreeExplainer
away_pass_completion_for_l5,0.007242500897075013,0.004095593376881812,Task L margin,Random Forest,TreeExplainer
diff_possession_share_l5,0.0069180787832586535,0.005666235488251483,Task L margin,Random Forest,TreeExplainer
home_possession_share_l5,0.00681036812642617,0.00364471081267908,Task L margin,Random Forest,TreeExplainer
away_goal_difference_l10,0.006735019708421152,0.006181348578026605,Task L margin,Random Forest,TreeExplainer
away_shots_on_target_against_l10,0.00637835892748626,0.004195761868236571,Task L margin,Random Forest,TreeExplainer
away_shots_on_target_for_l3,0.006227404302033885,0.005082966436963736,Task L margin,Random Forest,TreeExplainer
home_possession_share_l10,0.006100374369428512,0.004075389835004938,Task L margin,Random Forest,TreeExplainer
home_goals_against_l10,0.00605043152482343,0.0040907984879904056,Task L margin,Random Forest,TreeExplainer
home_xg_against_l3,0.005586378161697969,0.004762076512327246,Task L margin,Random Forest,TreeExplainer
home_rest_days,0.00550590688484514,0.005582760328102382,Task L margin,Random Forest,TreeExplainer
home_final_third_entries_for_l10,0.005493295548684501,0.00472854803166996,Task L margin,Random Forest,TreeExplainer
away_shots_on_target_against_l5,0.005448385173909664,0.0035958326776957187,Task L margin,Random Forest,TreeExplainer
away_passes_for_l10,0.005434945547645119,0.005420776097173968,Task L margin,Random Forest,TreeExplainer
p1_away_con_home,0.005378076976637659,0.0035610980674016285,Task L margin,Random Forest,TreeExplainer
diff_goal_difference_l5,0.005339698675053366,0.0047573344636995685,Task L margin,Random Forest,TreeExplainer
diff_pass_completion_for_l10,0.005333275801440132,0.004065806532226376,Task L margin,Random Forest,TreeExplainer
away_shots_for_l3,0.005208433319228902,0.003947918586632824,Task L margin,Random Forest,TreeExplainer
diff_goal_difference_l10,0.005193545220582225,0.005307048277966428,Task L margin,Random Forest,TreeExplainer
away_xg_for_l10,0.005158732739424372,0.004703570642850502,Task L margin,Random Forest,TreeExplainer
away_goals_against_l10,0.004891164723208021,0.0054751573722368885,Task L margin,Random Forest,TreeExplainer
diff_pass_completion_for_l5,0.004879319821552883,0.004404063350524096,Task L margin,Random Forest,TreeExplainer
home_shots_on_target_against_l3,0.004866280730529978,0.0037433513358264736,Task L margin,Random Forest,TreeExplainer
diff_points_l10,0.004495622138046067,0.004566665606074242,Task L margin,Random Forest,TreeExplainer
away_passes_for_l3,0.004448992803251029,0.005122879097913044,Task L margin,Random Forest,TreeExplainer
home_goal_difference_l10,0.004421207473613627,0.0029896620910526985,Task L margin,Random Forest,TreeExplainer
away_possession_share_l3,0.004403167869869927,0.0037778688508729686,Task L margin,Random Forest,TreeExplainer
home_xg_against_l5,0.004369221455914953,0.003320759224200777,Task L margin,Random Forest,TreeExplainer
home_xg_against_l10,0.004296916023305737,0.003799536761137887,Task L margin,Random Forest,TreeExplainer
live_diff_shots,0.004159242628126473,0.001825439405432733,Task L margin,Random Forest,TreeExplainer
home_pressures_for_l3,0.004047143513454709,0.0036176655130271533,Task L margin,Random Forest,TreeExplainer
away_pressures_for_l3,0.004031830181297663,0.004392825632065294,Task L margin,Random Forest,TreeExplainer
away_goal_difference_l3,0.003988905645423983,0.002426126195117786,Task L margin,Random Forest,TreeExplainer
rest_days_difference,0.003974913573383294,0.0040631368647483,Task L margin,Random Forest,TreeExplainer
away_live_shots_on_target,0.0038784752016166137,0.0017344206651484925,Task L margin,Random Forest,TreeExplainer
home_possession_share_l3,0.00387304274492275,0.0038580031779390147,Task L margin,Random Forest,TreeExplainer
away_final_third_entries_for_l3,0.003840445571412754,0.006363994529242926,Task L margin,Random Forest,TreeExplainer
p1_home_con_home,0.0037434789624700205,0.003671471030034707,Task L margin,Random Forest,TreeExplainer
diff_goal_difference_l3,0.0036657728020111358,0.0031560424301399666,Task L margin,Random Forest,TreeExplainer
home_goals_for_l10,0.0035961451360626987,0.0033837872635598286,Task L margin,Random Forest,TreeExplainer
away_shots_against_l5,0.003574715077939271,0.004787216454734104,Task L margin,Random Forest,TreeExplainer
home_shots_on_target_against_l5,0.003514480267548569,0.003980789216609353,Task L margin,Random Forest,TreeExplainer
p1_home_rank_total,0.003455358287612095,0.0036324057532624203,Task L margin,Random Forest,TreeExplainer
home_pressures_for_l10,0.00338049798501082,0.003961260206752433,Task L margin,Random Forest,TreeExplainer
away_shots_against_l3,0.0033701519252205504,0.004550639856394761,Task L margin,Random Forest,TreeExplainer
away_red_cards_for_l10,0.003341567721924244,0.002446857044851736,Task L margin,Random Forest,TreeExplainer
away_pressures_for_l5,0.003302856238191605,0.004049064626604579,Task L margin,Random Forest,TreeExplainer
away_pass_completion_for_l10,0.0032727975390002945,0.0043713783075985755,Task L margin,Random Forest,TreeExplainer
away_possession_share_l5,0.003264559407966488,0.004949244285012662,Task L margin,Random Forest,TreeExplainer
p1_away_scr_away,0.0032546398175207977,0.005149896464438955,Task L margin,Random Forest,TreeExplainer
home_goals_against_l5,0.003183620457990627,0.003243215045615475,Task L margin,Random Forest,TreeExplainer
away_goals_for_l5,0.0030842681496951237,0.002898931599021831,Task L margin,Random Forest,TreeExplainer
diff_possession_share_l3,0.0030763471515666647,0.004228169685219037,Task L margin,Random Forest,TreeExplainer
home_goal_difference_l5,0.0028321231006956777,0.0035736557807141108,Task L margin,Random Forest,TreeExplainer
home_shots_against_l3,0.0028297600929244027,0.004911502682820185,Task L margin,Random Forest,TreeExplainer
diff_points_l5,0.0028235328310249022,0.002754369646414605,Task L margin,Random Forest,TreeExplainer
away_goals_against_l3,0.0028004802781056997,0.0021763168698942428,Task L margin,Random Forest,TreeExplainer
p1_home_scr_away,0.002772688337047952,0.003195038720005059,Task L margin,Random Forest,TreeExplainer
diff_pass_completion_for_l3,0.00271661124145415,0.0030480825722143446,Task L margin,Random Forest,TreeExplainer
home_final_third_entries_for_l3,0.002681273577049599,0.0046762171532082905,Task L margin,Random Forest,TreeExplainer
home_goal_difference_l3,0.00265380748701394,0.003189932386097275,Task L margin,Random Forest,TreeExplainer
home_goals_for_l3,0.0025721437426724,0.0022860338641125188,Task L margin,Random Forest,TreeExplainer
p1_home_con_away,0.0025692888089789297,0.003772279434326445,Task L margin,Random Forest,TreeExplainer
p1_home_rank_away,0.002520085724901643,0.003001005464874688,Task L margin,Random Forest,TreeExplainer
home_points_l10,0.002497624758086469,0.0033224417162180902,Task L margin,Random Forest,TreeExplainer
home_shots_against_l10,0.0024904683396037327,0.003959687155280674,Task L margin,Random Forest,TreeExplainer
away_points_l5,0.0024699828596711397,0.0028928908391332416,Task L margin,Random Forest,TreeExplainer
away_points_l10,0.002409290212647572,0.0026318917310038537,Task L margin,Random Forest,TreeExplainer
home_shots_on_target_against_l10,0.002321508680447645,0.0036413699780285563,Task L margin,Random Forest,TreeExplainer
away_goals_for_l10,0.002277954544586389,0.0026943554143283037,Task L margin,Random Forest,TreeExplainer
home_shots_against_l5,0.0022077124009427965,0.0041735036458842465,Task L margin,Random Forest,TreeExplainer
away_possession_share_l10,0.0021681535791530366,0.0036138116106704614,Task L margin,Random Forest,TreeExplainer
home_points_l5,0.002126302856373361,0.002279578832487795,Task L margin,Random Forest,TreeExplainer
diff_points_l3,0.0021093580613641425,0.0025413756154023266,Task L margin,Random Forest,TreeExplainer
home_red_cards_for_l3,0.002030100434864532,0.0007037749268609041,Task L margin,Random Forest,TreeExplainer
home_goals_against_l3,0.001986073583679323,0.003529890734058863,Task L margin,Random Forest,TreeExplainer
live_diff_possession_share,0.001957800255554503,0.0006838065102644851,Task L margin,Random Forest,TreeExplainer
home_points_l3,0.0019378338211743084,0.0015326353369731678,Task L margin,Random Forest,TreeExplainer
away_live_possession_share,0.0019192751833651297,0.0009341064976529467,Task L margin,Random Forest,TreeExplainer
away_passes_for_l5,0.0018487475526279694,0.005793232432116585,Task L margin,Random Forest,TreeExplainer
away_rest_days,0.0017587339970200826,0.003913234382254749,Task L margin,Random Forest,TreeExplainer
home_live_possession_share,0.0017022159615824723,0.0006906576086205378,Task L margin,Random Forest,TreeExplainer
home_live_pass_completion,0.0016308241558380128,0.001293267801354213,Task L margin,Random Forest,TreeExplainer
away_pressures_for_l10,0.0015926494455406255,0.0042378793534019596,Task L margin,Random Forest,TreeExplainer
away_red_cards_for_l5,0.0014966466957586511,0.0019284872077008795,Task L margin,Random Forest,TreeExplainer
home_live_pressures,0.0014639105746586736,0.0004542789096804158,Task L margin,Random Forest,TreeExplainer
away_live_final_third_entries,0.0014273475019378644,0.0006905404590864957,Task L margin,Random Forest,TreeExplainer
away_points_l3,0.001387176341697037,0.0016432366842818477,Task L margin,Random Forest,TreeExplainer
away_live_shots,0.0013796401404292168,0.0005312683546638975,Task L margin,Random Forest,TreeExplainer
home_live_corners,0.001332056664870341,0.0005575458267940286,Task L margin,Random Forest,TreeExplainer
away_live_pass_completion,0.0012258531722894378,0.0006737537805440773,Task L margin,Random Forest,TreeExplainer
home_red_cards_for_l5,0.00121960021852639,0.0005190889318516395,Task L margin,Random Forest,TreeExplainer
home_red_cards_for_l10,0.0011823076855807814,0.000934070465249986,Task L margin,Random Forest,TreeExplainer
home_live_shots,0.001129988311099434,0.00048056061248930027,Task L margin,Random Forest,TreeExplainer
live_diff_pressures,0.0009780892716167958,0.0005587321379469314,Task L margin,Random Forest,TreeExplainer
away_red_cards_for_l3,0.0009113794034268114,0.001109354337379097,Task L margin,Random Forest,TreeExplainer
away_live_fouls,0.0008695203382815941,0.000274722440855793,Task L margin,Random Forest,TreeExplainer
snapshot_minute,0.000764672435457404,0.0002107030294695298,Task L margin,Random Forest,TreeExplainer
away_live_corners,0.0007156118885836805,0.0002003261927915021,Task L margin,Random Forest,TreeExplainer
home_live_passes,0.0007015706827598932,0.00019896101727821396,Task L margin,Random Forest,TreeExplainer
away_live_passes,0.00060207502099009,0.00028279042441518577,Task L margin,Random Forest,TreeExplainer
time_remaining_minutes,0.00047313726620132015,0.00020195114026684975,Task L margin,Random Forest,TreeExplainer
snapshot_rank,0.00046912550815439636,0.00019099216540203166,Task L margin,Random Forest,TreeExplainer
live_diff_final_third_entries,0.0004538112983959762,0.0003783495851887898,Task L margin,Random Forest,TreeExplainer
snapshot_period,0.0004406446166490241,4.260856966461889e-05,Task L margin,Random Forest,TreeExplainer
away_live_completed_passes,0.00044041165422179066,0.00024256795189504002,Task L margin,Random Forest,TreeExplainer
away_live_pressures,0.0004357738427457511,0.00014069663377784682,Task L margin,Random Forest,TreeExplainer
away_live_carries,0.0004101817471200774,0.00020373208432040383,Task L margin,Random Forest,TreeExplainer
home_live_completed_passes,0.00037389361197294116,0.00026958889797140933,Task L margin,Random Forest,TreeExplainer
reference_second,0.0003694070333659738,0.00016413912750238367,Task L margin,Random Forest,TreeExplainer
home_live_final_third_entries,0.0003637518420422716,0.0001444616869600718,Task L margin,Random Forest,TreeExplainer
home_live_carries,0.0003218495387538193,0.00018383242731981046,Task L margin,Random Forest,TreeExplainer
home_live_fouls,0.000321691423489104,0.00010575368688130448,Task L margin,Random Forest,TreeExplainer
away_live_red_cards,0.00029171847249623756,0.0003475615449636288,Task L margin,Random Forest,TreeExplainer
home_live_xg_last10,0.0002881847345800756,8.32939519537944e-05,Task L margin,Random Forest,TreeExplainer
n_events_so_far,0.0002781164967853064,0.00011060823693136335,Task L margin,Random Forest,TreeExplainer
man_advantage_home,0.0002723756192290238,0.00046328716744792125,Task L margin,Random Forest,TreeExplainer
home_live_pressures_last10,0.0002334423074148618,0.00010988778331828621,Task L margin,Random Forest,TreeExplainer
live_diff_xg_last5,0.0001787747530443085,2.1882154048430707e-05,Task L margin,Random Forest,TreeExplainer
away_live_xg_last10,0.00013599761735823304,5.227083307482049e-05,Task L margin,Random Forest,TreeExplainer
live_diff_pressures_last5,0.00011232902471666273,5.964026486322455e-05,Task L margin,Random Forest,TreeExplainer
home_live_shots_last10,9.666696764611517e-05,1.238677651048544e-05,Task L margin,Random Forest,TreeExplainer
home_live_final_third_entries_last5,9.663872670482001e-05,1.1677772450194312e-05,Task L margin,Random Forest,TreeExplainer
away_live_pressures_last10,8.331146908370596e-05,3.651185480729968e-05,Task L margin,Random Forest,TreeExplainer
home_live_pressures_last5,8.273659326960113e-05,4.1331285849535985e-05,Task L margin,Random Forest,TreeExplainer
home_live_final_third_entries_last10,7.764055907462838e-05,3.234604663166958e-05,Task L margin,Random Forest,TreeExplainer
away_live_final_third_entries_last5,6.768852266456333e-05,1.2170281628536549e-05,Task L margin,Random Forest,TreeExplainer
home_live_xg_last5,4.9892912483452766e-05,1.2307108903828778e-05,Task L margin,Random Forest,TreeExplainer
away_live_final_third_entries_last10,4.5950332001893905e-05,1.785295468623397e-05,Task L margin,Random Forest,TreeExplainer
away_live_xg_last5,4.29102978970756e-05,1.0679859462953916e-05,Task L margin,Random Forest,TreeExplainer
away_live_pressures_last5,3.6992744830968144e-05,1.375179215692991e-05,Task L margin,Random Forest,TreeExplainer
away_live_shots_last5,3.0467840563990958e-05,1.4813750716517286e-05,Task L margin,Random Forest,TreeExplainer
live_diff_shots_last5,1.5053465601037403e-05,3.459203426112729e-06,Task L margin,Random Forest,TreeExplainer
away_live_shots_last10,1.3171875303517787e-05,3.7820460197804737e-06,Task L margin,Random Forest,TreeExplainer
home_live_shots_last5,1.1879958242388966e-05,2.9579928414052884e-06,Task L margin,Random Forest,TreeExplainer
missingindicator_home_live_pass_completion,9.52257026559285e-06,3.316621724606184e-07,Task L margin,Random Forest,TreeExplainer
missingindicator_away_goals_against_l10,0.0,1.5928814285709496e-05,Task L margin,Random Forest,TreeExplainer
home_live_red_cards,0.0,7.48107276677252e-05,Task L margin,Random Forest,TreeExplainer
home_missing_history_l3,0.0,0.0003450006428426663,Task L margin,Random Forest,TreeExplainer
away_missing_history_l5,0.0,0.0001922904242404598,Task L margin,Random Forest,TreeExplainer
missingindicator_diff_pressures_for_l5,0.0,3.197098766241871e-05,Task L margin,Random Forest,TreeExplainer
home_missing_history_l5,0.0,0.0002528748923442908,Task L margin,Random Forest,TreeExplainer
missingindicator_diff_xg_for_l5,0.0,1.841561069125872e-05,Task L margin,Random Forest,TreeExplainer
home_missing_history_l10,0.0,0.00027539602288995324,Task L margin,Random Forest,TreeExplainer
away_history_matches_before,0.0,0.004039947359210295,Task L margin,Random Forest,TreeExplainer
away_missing_history_l3,0.0,0.00024261857281738998,Task L margin,Random Forest,TreeExplainer
missingindicator_diff_pass_completion_for_l5,0.0,0.0,Task L margin,Random Forest,TreeExplainer
missingindicator_away_goal_difference_l10,0.0,0.0,Task L margin,Random Forest,TreeExplainer
missingindicator_away_shots_for_l10,0.0,2.750914661703436e-06,Task L margin,Random Forest,TreeExplainer
missingindicator_away_shots_against_l10,0.0,0.0,Task L margin,Random Forest,TreeExplainer
missingindicator_away_shots_on_target_for_l10,0.0,0.0,Task L margin,Random Forest,TreeExplainer
missingindicator_away_shots_on_target_against_l10,0.0,4.292720138045525e-06,Task L margin,Random Forest,TreeExplainer
missingindicator_away_xg_for_l10,0.0,1.2708133963187044e-05,Task L margin,Random Forest,TreeExplainer
missingindicator_away_xg_against_l10,0.0,2.730884759680473e-06,Task L margin,Random Forest,TreeExplainer
missingindicator_away_passes_for_l10,0.0,0.0,Task L margin,Random Forest,TreeExplainer
missingindicator_away_pass_completion_for_l10,0.0,0.0,Task L margin,Random Forest,TreeExplainer
missingindicator_away_pressures_for_l10,0.0,2.8441821879045538e-05,Task L margin,Random Forest,TreeExplainer
missingindicator_away_final_third_entries_for_l10,0.0,7.4381075400238455e-06,Task L margin,Random Forest,TreeExplainer
missingindicator_away_red_cards_for_l10,0.0,0.0,Task L margin,Random Forest,TreeExplainer
missingindicator_away_possession_share_l10,0.0,1.4466234043077e-05,Task L margin,Random Forest,TreeExplainer
missingindicator_diff_points_l3,0.0,0.0,Task L margin,Random Forest,TreeExplainer
missingindicator_diff_goal_difference_l3,0.0,1.6160822097594565e-06,Task L margin,Random Forest,TreeExplainer
missingindicator_diff_shots_for_l3,0.0,2.9998451010508908e-05,Task L margin,Random Forest,TreeExplainer
missingindicator_diff_xg_for_l3,0.0,0.0,Task L margin,Random Forest,TreeExplainer
missingindicator_diff_pass_completion_for_l3,0.0,7.074765261823025e-07,Task L margin,Random Forest,TreeExplainer
missingindicator_diff_pressures_for_l3,0.0,3.4029286579707838e-06,Task L margin,Random Forest,TreeExplainer
missingindicator_diff_possession_share_l3,0.0,0.0,Task L margin,Random Forest,TreeExplainer
missingindicator_diff_points_l5,0.0,2.7053394209029755e-05,Task L margin,Random Forest,TreeExplainer
missingindicator_diff_goal_difference_l5,0.0,7.028558454258054e-06,Task L margin,Random Forest,TreeExplainer
missingindicator_diff_shots_for_l5,0.0,0.0,Task L margin,Random Forest,TreeExplainer
missingindicator_away_goals_for_l10,0.0,1.2636274466499473e-06,Task L margin,Random Forest,TreeExplainer
missingindicator_away_points_l10,0.0,3.963064815814695e-05,Task L margin,Random Forest,TreeExplainer
missingindicator_away_possession_share_l5,0.0,7.03714000829712e-05,Task L margin,Random Forest,TreeExplainer
missingindicator_away_red_cards_for_l5,0.0,0.0,Task L margin,Random Forest,TreeExplainer
missingindicator_away_final_third_entries_for_l5,0.0,4.005735958706021e-05,Task L margin,Random Forest,TreeExplainer
away_missing_history_l10,0.0,0.000528394492915581,Task L margin,Random Forest,TreeExplainer
home_history_matches_before,0.0,0.0032558100190834315,Task L margin,Random Forest,TreeExplainer
missingindicator_away_live_pass_completion,0.0,0.0,Task L margin,Random Forest,TreeExplainer
missingindicator_home_rest_days,0.0,2.6836817255343205e-05,Task L margin,Random Forest,TreeExplainer
missingindicator_home_points_l3,0.0,4.082076993953351e-05,Task L margin,Random Forest,TreeExplainer
missingindicator_home_goals_for_l3,0.0,0.0,Task L margin,Random Forest,TreeExplainer
missingindicator_home_goals_against_l3,0.0,9.417079466221587e-06,Task L margin,Random Forest,TreeExplainer
missingindicator_home_goal_difference_l3,0.0,6.253015675539396e-06,Task L margin,Random Forest,TreeExplainer
missingindicator_home_shots_for_l3,0.0,4.1051723064370135e-05,Task L margin,Random Forest,TreeExplainer
missingindicator_home_shots_against_l3,0.0,1.9498948981366595e-06,Task L margin,Random Forest,TreeExplainer
missingindicator_home_shots_on_target_for_l3,0.0,3.0443237725132998e-05,Task L margin,Random Forest,TreeExplainer
missingindicator_home_shots_on_target_against_l3,0.0,0.0,Task L margin,Random Forest,TreeExplainer
missingindicator_home_xg_for_l3,0.0,5.42232466556531e-06,Task L margin,Random Forest,TreeExplainer
missingindicator_home_xg_against_l3,0.0,2.9259004843820768e-05,Task L margin,Random Forest,TreeExplainer
missingindicator_home_passes_for_l3,0.0,2.1066944138524356e-07,Task L margin,Random Forest,TreeExplainer
missingindicator_home_pass_completion_for_l3,0.0,0.0,Task L margin,Random Forest,TreeExplainer
missingindicator_home_pressures_for_l3,0.0,0.0,Task L margin,Random Forest,TreeExplainer
missingindicator_home_final_third_entries_for_l3,0.0,1.210379290551951e-05,Task L margin,Random Forest,TreeExplainer
missingindicator_home_red_cards_for_l3,0.0,3.523807294760746e-05,Task L margin,Random Forest,TreeExplainer
missingindicator_home_possession_share_l3,0.0,0.0,Task L margin,Random Forest,TreeExplainer
missingindicator_home_points_l5,0.0,1.654868082695796e-05,Task L margin,Random Forest,TreeExplainer
missingindicator_home_goals_for_l5,0.0,0.00010441600762452339,Task L margin,Random Forest,TreeExplainer
missingindicator_home_goals_against_l5,0.0,1.2214376538982776e-06,Task L margin,Random Forest,TreeExplainer
missingindicator_home_goal_difference_l5,0.0,3.7783986035166285e-06,Task L margin,Random Forest,TreeExplainer
missingindicator_home_shots_for_l5,0.0,0.0,Task L margin,Random Forest,TreeExplainer
missingindicator_home_shots_against_l5,0.0,5.132181554665491e-06,Task L margin,Random Forest,TreeExplainer
missingindicator_home_shots_on_target_for_l5,0.0,2.8992378036193583e-05,Task L margin,Random Forest,TreeExplainer
missingindicator_home_shots_on_target_against_l5,0.0,5.456424578382423e-06,Task L margin,Random Forest,TreeExplainer
missingindicator_home_xg_for_l5,0.0,0.0,Task L margin,Random Forest,TreeExplainer
missingindicator_home_xg_against_l5,0.0,7.633542625720648e-07,Task L margin,Random Forest,TreeExplainer
missingindicator_home_passes_for_l5,0.0,2.570012951186436e-05,Task L margin,Random Forest,TreeExplainer
missingindicator_home_pass_completion_for_l5,0.0,0.0,Task L margin,Random Forest,TreeExplainer
missingindicator_home_pressures_for_l5,0.0,7.401681230151466e-06,Task L margin,Random Forest,TreeExplainer
missingindicator_home_final_third_entries_for_l5,0.0,0.0,Task L margin,Random Forest,TreeExplainer
missingindicator_home_red_cards_for_l5,0.0,0.0,Task L margin,Random Forest,TreeExplainer
missingindicator_home_possession_share_l5,0.0,0.0,Task L margin,Random Forest,TreeExplainer
missingindicator_home_points_l10,0.0,1.2201143026076224e-06,Task L margin,Random Forest,TreeExplainer
missingindicator_home_goals_for_l10,0.0,0.0,Task L margin,Random Forest,TreeExplainer
missingindicator_home_goals_against_l10,0.0,9.222691868567609e-06,Task L margin,Random Forest,TreeExplainer
missingindicator_home_goal_difference_l10,0.0,1.8772347293179663e-05,Task L margin,Random Forest,TreeExplainer
missingindicator_home_shots_for_l10,0.0,2.9996773699264514e-06,Task L margin,Random Forest,TreeExplainer
missingindicator_home_shots_against_l10,0.0,3.3371527345415785e-05,Task L margin,Random Forest,TreeExplainer
missingindicator_home_shots_on_target_for_l10,0.0,2.838932877393549e-06,Task L margin,Random Forest,TreeExplainer
missingindicator_home_shots_on_target_against_l10,0.0,3.8704104676927995e-06,Task L margin,Random Forest,TreeExplainer
missingindicator_home_xg_for_l10,0.0,3.824772402121288e-06,Task L margin,Random Forest,TreeExplainer
missingindicator_home_xg_against_l10,0.0,1.63551908351507e-05,Task L margin,Random Forest,TreeExplainer
missingindicator_home_passes_for_l10,0.0,4.098406698252096e-06,Task L margin,Random Forest,TreeExplainer
missingindicator_home_pass_completion_for_l10,0.0,0.0,Task L margin,Random Forest,TreeExplainer
missingindicator_home_pressures_for_l10,0.0,0.0,Task L margin,Random Forest,TreeExplainer
missingindicator_home_final_third_entries_for_l10,0.0,0.0,Task L margin,Random Forest,TreeExplainer
missingindicator_home_red_cards_for_l10,0.0,5.2036871348236865e-05,Task L margin,Random Forest,TreeExplainer
missingindicator_home_possession_share_l10,0.0,1.2086491359789417e-05,Task L margin,Random Forest,TreeExplainer
missingindicator_away_rest_days,0.0,2.9811961213647876e-06,Task L margin,Random Forest,TreeExplainer
missingindicator_away_points_l3,0.0,9.462908717066142e-06,Task L margin,Random Forest,TreeExplainer
missingindicator_away_goals_for_l3,0.0,0.0,Task L margin,Random Forest,TreeExplainer
missingindicator_away_goals_against_l3,0.0,6.36298471443496e-06,Task L margin,Random Forest,TreeExplainer
missingindicator_away_goal_difference_l3,0.0,2.7113232379686605e-05,Task L margin,Random Forest,TreeExplainer
missingindicator_away_shots_for_l3,0.0,0.0,Task L margin,Random Forest,TreeExplainer
missingindicator_away_shots_against_l3,0.0,9.2720642704487e-06,Task L margin,Random Forest,TreeExplainer
missingindicator_away_shots_on_target_for_l3,0.0,3.103530074792425e-05,Task L margin,Random Forest,TreeExplainer
missingindicator_away_shots_on_target_against_l3,0.0,2.6047208978937884e-05,Task L margin,Random Forest,TreeExplainer
missingindicator_away_xg_for_l3,0.0,0.0,Task L margin,Random Forest,TreeExplainer
missingindicator_away_xg_against_l3,0.0,1.627816963414785e-05,Task L margin,Random Forest,TreeExplainer
missingindicator_away_passes_for_l3,0.0,0.0,Task L margin,Random Forest,TreeExplainer
missingindicator_away_pass_completion_for_l3,0.0,0.0,Task L margin,Random Forest,TreeExplainer
missingindicator_away_pressures_for_l3,0.0,1.0666246134886658e-05,Task L margin,Random Forest,TreeExplainer
missingindicator_away_final_third_entries_for_l3,0.0,0.0,Task L margin,Random Forest,TreeExplainer
missingindicator_away_red_cards_for_l3,0.0,2.013114207502372e-05,Task L margin,Random Forest,TreeExplainer
missingindicator_away_possession_share_l3,0.0,2.9307709819956623e-06,Task L margin,Random Forest,TreeExplainer
missingindicator_away_points_l5,0.0,7.220973194819728e-07,Task L margin,Random Forest,TreeExplainer
missingindicator_away_goals_for_l5,0.0,2.3420417396005362e-05,Task L margin,Random Forest,TreeExplainer
missingindicator_away_goals_against_l5,0.0,1.153091733193706e-05,Task L margin,Random Forest,TreeExplainer
missingindicator_away_goal_difference_l5,0.0,2.8747806955489566e-05,Task L margin,Random Forest,TreeExplainer
missingindicator_away_shots_for_l5,0.0,4.533938185855822e-05,Task L margin,Random Forest,TreeExplainer
missingindicator_away_shots_against_l5,0.0,0.0,Task L margin,Random Forest,TreeExplainer
missingindicator_away_shots_on_target_for_l5,0.0,1.948518959818661e-05,Task L margin,Random Forest,TreeExplainer
missingindicator_away_shots_on_target_against_l5,0.0,2.6884753093567937e-05,Task L margin,Random Forest,TreeExplainer
missingindicator_away_xg_for_l5,0.0,0.0,Task L margin,Random Forest,TreeExplainer
missingindicator_away_xg_against_l5,0.0,1.324694827937125e-05,Task L margin,Random Forest,TreeExplainer
missingindicator_away_passes_for_l5,0.0,1.5167089774098797e-06,Task L margin,Random Forest,TreeExplainer
missingindicator_away_pass_completion_for_l5,0.0,1.7705346862100776e-06,Task L margin,Random Forest,TreeExplainer
missingindicator_away_pressures_for_l5,0.0,6.814251928192612e-06,Task L margin,Random Forest,TreeExplainer
missingindicator_diff_possession_share_l5,0.0,1.6937019852645953e-05,Task L margin,Random Forest,TreeExplainer
missingindicator_diff_points_l10,0.0,2.6755859155842692e-05,Task L margin,Random Forest,TreeExplainer
missingindicator_diff_goal_difference_l10,0.0,2.711818998552649e-05,Task L margin,Random Forest,TreeExplainer
missingindicator_diff_shots_for_l10,0.0,1.8418774083344243e-05,Task L margin,Random Forest,TreeExplainer
missingindicator_diff_xg_for_l10,0.0,0.0,Task L margin,Random Forest,TreeExplainer
missingindicator_diff_pass_completion_for_l10,0.0,6.372153017062309e-06,Task L margin,Random Forest,TreeExplainer
missingindicator_diff_pressures_for_l10,0.0,0.0,Task L margin,Random Forest,TreeExplainer
missingindicator_diff_possession_share_l10,0.0,3.161131597494793e-05,Task L margin,Random Forest,TreeExplainer
missingindicator_rest_days_difference,0.0,0.0,Task L margin,Random Forest,TreeExplainer
current_goal_difference,0.6802340986964798,0.5460739490799017,Task L margin,GBM,TreeExplainer
home_passes_for_l10,0.08993049274412143,0.018400365193392578,Task L margin,GBM,TreeExplainer
p1_away_rank_total,0.08113536738407369,0.020913221536968705,Task L margin,GBM,TreeExplainer
home_pass_completion_for_l5,0.07429308930411936,0.006908570193024711,Task L margin,GBM,TreeExplainer
home_pass_completion_for_l3,0.06518226863302215,0.0083304211112511,Task L margin,GBM,TreeExplainer
home_shots_for_l3,0.05451362539887973,0.012658725587813658,Task L margin,GBM,TreeExplainer
home_goals_against_l10,0.049671467522966875,0.0037664474929820506,Task L margin,GBM,TreeExplainer
home_pass_completion_for_l10,0.049349336298279645,0.008520241844244582,Task L margin,GBM,TreeExplainer
p1_away_scr_home,0.049069448536029084,0.01287051801209005,Task L margin,GBM,TreeExplainer
diff_xg_for_l3,0.04660156074261371,0.009911631414827244,Task L margin,GBM,TreeExplainer
away_xg_against_l3,0.04653585703594824,0.0065646758148013885,Task L margin,GBM,TreeExplainer
home_xg_for_l3,0.04445406454450374,0.0072004895158226355,Task L margin,GBM,TreeExplainer
away_shots_on_target_against_l3,0.04433925252592112,0.00359021508224178,Task L margin,GBM,TreeExplainer
away_pass_completion_for_l3,0.04342470529431014,0.007103008788950744,Task L margin,GBM,TreeExplainer
diff_shots_for_l5,0.04239552367633829,0.008632501753033255,Task L margin,GBM,TreeExplainer
diff_pressures_for_l5,0.04115421282476746,0.007348376556695019,Task L margin,GBM,TreeExplainer
diff_pressures_for_l10,0.03958119427217754,0.010982694858524832,Task L margin,GBM,TreeExplainer
away_shots_on_target_for_l5,0.038891425641195396,0.013879059474778837,Task L margin,GBM,TreeExplainer
p1_away_con_total,0.0386285545088079,0.011368353799263563,Task L margin,GBM,TreeExplainer
away_pressures_for_l3,0.03256429376395924,0.007194248724863258,Task L margin,GBM,TreeExplainer
away_shots_on_target_for_l10,0.030069767307965477,0.013592217862790974,Task L margin,GBM,TreeExplainer
away_shots_for_l10,0.027976158374513026,0.004401480904687349,Task L margin,GBM,TreeExplainer
away_shots_for_l5,0.02780933417491422,0.006858083446340074,Task L margin,GBM,TreeExplainer
p1_away_con_away,0.02690971662916125,0.010199954320109988,Task L margin,GBM,TreeExplainer
home_final_third_entries_for_l5,0.026532092786680256,0.004579506597307233,Task L margin,GBM,TreeExplainer
away_shots_against_l10,0.02561577643716495,0.005162280869723927,Task L margin,GBM,TreeExplainer
home_shots_on_target_for_l3,0.02504567535700819,0.0018444360885950745,Task L margin,GBM,TreeExplainer
away_goal_difference_l10,0.023791980345655855,0.013803919486206483,Task L margin,GBM,TreeExplainer
p1_away_rank_away,0.02376430676956564,0.008182120565010614,Task L margin,GBM,TreeExplainer
away_goals_against_l5,0.022070389337701883,0.0017241145619752392,Task L margin,GBM,TreeExplainer
away_shots_on_target_against_l5,0.021795365090741457,0.0021447246608056157,Task L margin,GBM,TreeExplainer
away_xg_against_l10,0.021780903043400027,0.006745523747970169,Task L margin,GBM,TreeExplainer
home_xg_against_l10,0.021016479979734874,0.003327160666488512,Task L margin,GBM,TreeExplainer
away_pressures_for_l5,0.0199464767317113,0.0012203064470063967,Task L margin,GBM,TreeExplainer
live_diff_xg,0.01956470271068004,0.006541100921856262,Task L margin,GBM,TreeExplainer
home_goals_for_l5,0.01909748255876668,0.001563227133322732,Task L margin,GBM,TreeExplainer
away_xg_for_l10,0.019056889209362746,0.005156930658247648,Task L margin,GBM,TreeExplainer
home_points_l3,0.01864921000786125,0.0022922689152661993,Task L margin,GBM,TreeExplainer
away_live_fouls,0.018176177165369158,0.001038116304741935,Task L margin,GBM,TreeExplainer
home_passes_for_l3,0.017321949950031317,0.003424561724460493,Task L margin,GBM,TreeExplainer
diff_pressures_for_l3,0.01710705618451661,0.004058401118186522,Task L margin,GBM,TreeExplainer
diff_shots_for_l3,0.01656509394708943,0.009974272992590943,Task L margin,GBM,TreeExplainer
home_goal_difference_l10,0.015330103106195259,0.0032392863145071513,Task L margin,GBM,TreeExplainer
p1_away_scr_total,0.0149599417479476,0.0023243204715708756,Task L margin,GBM,TreeExplainer
p1_home_con_total,0.014843725063255986,0.002668320215466771,Task L margin,GBM,TreeExplainer
home_goals_for_l3,0.0148255930119194,0.00347884247253963,Task L margin,GBM,TreeExplainer
diff_points_l10,0.012308061731018827,0.0024386642663907178,Task L margin,GBM,TreeExplainer
away_final_third_entries_for_l3,0.011633420266637887,0.0031678306324655243,Task L margin,GBM,TreeExplainer
diff_possession_share_l10,0.011357403793760263,0.007236432887707317,Task L margin,GBM,TreeExplainer
home_goal_difference_l3,0.01131843700995282,0.0019651365978194386,Task L margin,GBM,TreeExplainer
away_shots_on_target_for_l3,0.011306214128077655,0.0024171379315123848,Task L margin,GBM,TreeExplainer
home_xg_against_l3,0.010824182972816445,0.0019954462954637083,Task L margin,GBM,TreeExplainer
home_goals_for_l10,0.010806142449922247,0.0011546104114921313,Task L margin,GBM,TreeExplainer
home_possession_share_l5,0.010328620821407338,0.0011842896854940773,Task L margin,GBM,TreeExplainer
away_goals_for_l5,0.010133957045521428,0.0012636290607014476,Task L margin,GBM,TreeExplainer
away_possession_share_l3,0.010058181213874685,0.00230861677787671,Task L margin,GBM,TreeExplainer
away_red_cards_for_l10,0.010027654182631527,0.0017533523148318643,Task L margin,GBM,TreeExplainer
away_xg_for_l5,0.009781815556665002,0.0019046166776032825,Task L margin,GBM,TreeExplainer
home_pressures_for_l3,0.00974965284660963,0.0010768979394263345,Task L margin,GBM,TreeExplainer
diff_possession_share_l5,0.009743223328647826,0.003344009030171629,Task L margin,GBM,TreeExplainer
home_xg_against_l5,0.00940001762258665,0.0061048287099468,Task L margin,GBM,TreeExplainer
away_shots_for_l3,0.009151682125714907,0.0017454521463773046,Task L margin,GBM,TreeExplainer
away_goals_for_l3,0.008553149113577092,0.0027946048265626465,Task L margin,GBM,TreeExplainer
diff_goal_difference_l5,0.008355082751368183,0.0003221954795182016,Task L margin,GBM,TreeExplainer
home_rest_days,0.008278735392426217,0.0037896891022758112,Task L margin,GBM,TreeExplainer
current_away_score,0.008032962955767288,0.004005716493581703,Task L margin,GBM,TreeExplainer
home_live_xg,0.007933715255057905,0.0012097733680536881,Task L margin,GBM,TreeExplainer
home_pressures_for_l5,0.007678588246635627,0.0013841964752021123,Task L margin,GBM,TreeExplainer
diff_goal_difference_l10,0.007354312533667936,0.00391675713167046,Task L margin,GBM,TreeExplainer
diff_shots_for_l10,0.007104344238177874,0.0027078054750020856,Task L margin,GBM,TreeExplainer
diff_points_l5,0.006458010216010733,0.0022643476435026174,Task L margin,GBM,TreeExplainer
away_passes_for_l10,0.006422047511441632,0.004809346576831013,Task L margin,GBM,TreeExplainer
away_xg_for_l3,0.006358631848900885,0.0011588703841550294,Task L margin,GBM,TreeExplainer
current_home_score,0.006323047979385592,0.001841180502197126,Task L margin,GBM,TreeExplainer
away_possession_share_l5,0.0062725103061044745,0.0020835375255616874,Task L margin,GBM,TreeExplainer
home_shots_against_l3,0.006054559909583376,0.003373128544387441,Task L margin,GBM,TreeExplainer
away_shots_against_l5,0.006006813569692892,0.001400457298417674,Task L margin,GBM,TreeExplainer
away_xg_against_l5,0.005909036775022592,0.002582212998840224,Task L margin,GBM,TreeExplainer
home_final_third_entries_for_l10,0.005481118391471682,0.0009508014877612426,Task L margin,GBM,TreeExplainer
home_passes_for_l5,0.005397105860174632,0.00187887705544055,Task L margin,GBM,TreeExplainer
home_shots_on_target_for_l5,0.005147019393819692,0.0011527336430229513,Task L margin,GBM,TreeExplainer
away_final_third_entries_for_l10,0.005124603631556965,0.0020234316475960744,Task L margin,GBM,TreeExplainer
away_shots_on_target_against_l10,0.004788827540905912,0.0015348305700623461,Task L margin,GBM,TreeExplainer
away_points_l3,0.004623870804983503,0.0014608950528935847,Task L margin,GBM,TreeExplainer
home_shots_against_l10,0.004151008268236183,0.0018053254270957858,Task L margin,GBM,TreeExplainer
home_xg_for_l10,0.0041488557375366,0.001499434162018896,Task L margin,GBM,TreeExplainer
away_goals_for_l10,0.00405883830312329,0.0011109659332233703,Task L margin,GBM,TreeExplainer
away_goals_against_l10,0.0038963159631627323,0.0007392595204330759,Task L margin,GBM,TreeExplainer
home_shots_on_target_against_l3,0.0038498421108427773,0.0021263996598706518,Task L margin,GBM,TreeExplainer
home_final_third_entries_for_l3,0.003770795552991331,0.0004771421870649411,Task L margin,GBM,TreeExplainer
home_live_carries,0.0033303074847208284,0.00022367894716752694,Task L margin,GBM,TreeExplainer
away_final_third_entries_for_l5,0.003265527721766072,0.005010261702370205,Task L margin,GBM,TreeExplainer
p1_away_scr_away,0.003186350129544738,0.0009191372236607373,Task L margin,GBM,TreeExplainer
home_pressures_for_l10,0.0029510738097208848,0.0009046429030840123,Task L margin,GBM,TreeExplainer
diff_pass_completion_for_l5,0.002906961366340207,0.0015486238422455988,Task L margin,GBM,TreeExplainer
home_points_l10,0.0028115920884495904,0.001402631187492849,Task L margin,GBM,TreeExplainer
diff_xg_for_l5,0.002795306593179703,0.0011009405864535016,Task L margin,GBM,TreeExplainer
diff_possession_share_l3,0.0027860256528947484,0.0004305301177509885,Task L margin,GBM,TreeExplainer
away_pass_completion_for_l10,0.002658227352706796,0.00041602678708086127,Task L margin,GBM,TreeExplainer
away_passes_for_l3,0.0024804424641964333,0.0010637553315247445,Task L margin,GBM,TreeExplainer
p1_away_rank_home,0.0024066303352204468,0.0005752824532597429,Task L margin,GBM,TreeExplainer
away_red_cards_for_l5,0.0023193025942115746,0.000779405033435837,Task L margin,GBM,TreeExplainer
rest_days_difference,0.0022514895047061148,0.0001986755563935738,Task L margin,GBM,TreeExplainer
home_live_pressures,0.0022370521820266735,0.00042032764055246536,Task L margin,GBM,TreeExplainer
diff_pass_completion_for_l10,0.002228365881989399,0.0005765285746962334,Task L margin,GBM,TreeExplainer
away_points_l5,0.0022177830378253315,0.0005923972392586936,Task L margin,GBM,TreeExplainer
home_possession_share_l3,0.0021855762715373814,0.0005112995211987417,Task L margin,GBM,TreeExplainer
home_shots_for_l10,0.002120189090492205,0.001564617407657585,Task L margin,GBM,TreeExplainer
away_live_passes,0.0021011353222032394,0.0007047383748662806,Task L margin,GBM,TreeExplainer
home_shots_on_target_against_l5,0.002088697135914118,0.0002460093342293681,Task L margin,GBM,TreeExplainer
home_xg_for_l5,0.001996564500732349,0.0015255236459227306,Task L margin,GBM,TreeExplainer
p1_home_con_away,0.001911196315389435,0.0008503815162246384,Task L margin,GBM,TreeExplainer
home_points_l5,0.0017744423235611377,0.00012431319790787634,Task L margin,GBM,TreeExplainer
away_possession_share_l10,0.0016352217776390413,0.0006281568713114102,Task L margin,GBM,TreeExplainer
home_possession_share_l10,0.00142636032231773,0.0020284151828905187,Task L margin,GBM,TreeExplainer
home_shots_against_l5,0.0012698129704222082,0.000805762110850371,Task L margin,GBM,TreeExplainer
p1_home_rank_away,0.0012551366782281566,0.00011721522030069287,Task L margin,GBM,TreeExplainer
home_live_fouls,0.0011951291702765351,0.0002921212683399165,Task L margin,GBM,TreeExplainer
away_points_l10,0.0011244930986625446,0.00023422226104497857,Task L margin,GBM,TreeExplainer
home_live_shots_on_target,0.0010811936870838204,0.0001714185348562242,Task L margin,GBM,TreeExplainer
p1_home_scr_home,0.0010762625134278412,0.0009813019620331985,Task L margin,GBM,TreeExplainer
home_live_shots,0.0010695991447816288,0.00011878162017977178,Task L margin,GBM,TreeExplainer
home_live_final_third_entries,0.0010145234252559026,9.757417506780822e-05,Task L margin,GBM,TreeExplainer
diff_pass_completion_for_l3,0.0009994363225996495,0.00035369111570779003,Task L margin,GBM,TreeExplainer
away_live_pressures,0.0009164107769417268,0.0002546374183912209,Task L margin,GBM,TreeExplainer
away_live_carries,0.0008963652742871393,0.0007003550656975926,Task L margin,GBM,TreeExplainer
away_live_xg,0.000869246614747681,0.00022264695639865679,Task L margin,GBM,TreeExplainer
away_goals_against_l3,0.0008167208055965601,0.0006755906598906049,Task L margin,GBM,TreeExplainer
p1_home_con_home,0.0007611123664537444,0.00017770950786178018,Task L margin,GBM,TreeExplainer
away_pressures_for_l10,0.0006979065724105268,0.00016491910249806296,Task L margin,GBM,TreeExplainer
live_diff_final_third_entries,0.0006889889008986455,0.00011501809249113956,Task L margin,GBM,TreeExplainer
p1_home_rank_home,0.0006020963244372977,0.00020472322120395573,Task L margin,GBM,TreeExplainer
away_rest_days,0.0005681286655211195,0.0021846758513797034,Task L margin,GBM,TreeExplainer
p1_home_scr_away,0.000517295169023176,0.0009896894254902441,Task L margin,GBM,TreeExplainer
home_shots_for_l5,0.0005082812298011655,0.0010922841158952654,Task L margin,GBM,TreeExplainer
diff_goal_difference_l3,0.0004902275739974966,0.00026510717649160296,Task L margin,GBM,TreeExplainer
p1_home_rank_total,0.00039353391276866507,0.00012279446098519367,Task L margin,GBM,TreeExplainer
home_live_corners,0.0003756975029439976,0.00020328908536379646,Task L margin,GBM,TreeExplainer
away_live_final_third_entries,0.0003600066372503838,6.299382309670803e-05,Task L margin,GBM,TreeExplainer
n_events_so_far,0.0003040228180179835,5.268864355978683e-05,Task L margin,GBM,TreeExplainer
away_live_completed_passes,0.00029822121684749915,8.775670130901862e-05,Task L margin,GBM,TreeExplainer
away_live_pass_completion,0.00028912244946695866,9.755058882940708e-05,Task L margin,GBM,TreeExplainer
p1_away_con_home,0.00028744247024102744,5.735827560126152e-05,Task L margin,GBM,TreeExplainer
away_live_shots,0.0002558814315125345,2.1245818594085763e-05,Task L margin,GBM,TreeExplainer
home_shots_on_target_for_l10,0.00024226488545536995,5.124422936503107e-06,Task L margin,GBM,TreeExplainer
away_shots_against_l3,0.00023496414699669303,0.00026425278540554966,Task L margin,GBM,TreeExplainer
home_goals_against_l5,0.00023277766847362122,1.629913782435647e-05,Task L margin,GBM,TreeExplainer
away_live_possession_share,0.00022862448492863525,0.0001494301092134832,Task L margin,GBM,TreeExplainer
home_live_completed_passes,0.0002255817721985901,4.132611278386924e-05,Task L margin,GBM,TreeExplainer
diff_xg_for_l10,0.00017466354552501191,0.0004553653753448902,Task L margin,GBM,TreeExplainer
home_live_pass_completion,0.0001363440360485888,0.00012893018003771564,Task L margin,GBM,TreeExplainer
home_shots_on_target_against_l10,0.0001300956797786057,1.0042850017173164e-05,Task L margin,GBM,TreeExplainer
live_diff_pressures,7.0644726511091e-05,2.643733796412093e-05,Task L margin,GBM,TreeExplainer
home_goals_against_l3,5.74238020150612e-05,1.240853598389851e-05,Task L margin,GBM,TreeExplainer
away_live_corners,4.441540280822665e-05,2.5172623950974735e-07,Task L margin,GBM,TreeExplainer
away_passes_for_l5,2.463778655510396e-05,0.00012893440606569405,Task L margin,GBM,TreeExplainer
away_live_shots_on_target,2.3180586285889152e-05,3.2212844977570114e-05,Task L margin,GBM,TreeExplainer
diff_points_l3,5.5845477618277075e-06,0.001528643896544008,Task L margin,GBM,TreeExplainer
home_live_passes,4.104917558530967e-06,6.582289161262184e-05,Task L margin,GBM,TreeExplainer
home_red_cards_for_l5,3.641311195679009e-06,8.528895601207315e-08,Task L margin,GBM,TreeExplainer
home_live_pressures_last5,0.0,0.0,Task L margin,GBM,TreeExplainer
time_remaining_minutes,0.0,1.4544113559040589e-05,Task L margin,GBM,TreeExplainer
reference_second,0.0,5.0604221377237134e-06,Task L margin,GBM,TreeExplainer
snapshot_period,0.0,0.0,Task L margin,GBM,TreeExplainer
home_live_red_cards,0.0,0.0,Task L margin,GBM,TreeExplainer
home_live_shots_last5,0.0,0.0,Task L margin,GBM,TreeExplainer
home_live_xg_last5,0.0,0.0,Task L margin,GBM,TreeExplainer
snapshot_rank,0.0,1.908992599040372e-05,Task L margin,GBM,TreeExplainer
snapshot_minute,0.0,0.0,Task L margin,GBM,TreeExplainer
missingindicator_away_points_l10,0.0,0.0,Task L margin,GBM,TreeExplainer
missingindicator_away_goals_for_l10,0.0,0.0,Task L margin,GBM,TreeExplainer
missingindicator_away_goals_against_l10,0.0,0.0,Task L margin,GBM,TreeExplainer
missingindicator_away_goal_difference_l10,0.0,0.0,Task L margin,GBM,TreeExplainer
missingindicator_away_shots_for_l10,0.0,0.0,Task L margin,GBM,TreeExplainer
missingindicator_away_shots_against_l10,0.0,0.0,Task L margin,GBM,TreeExplainer
missingindicator_away_shots_on_target_for_l10,0.0,0.0,Task L margin,GBM,TreeExplainer
missingindicator_away_shots_on_target_against_l10,0.0,0.0,Task L margin,GBM,TreeExplainer
missingindicator_away_xg_for_l10,0.0,0.0,Task L margin,GBM,TreeExplainer
missingindicator_away_xg_against_l10,0.0,0.0,Task L margin,GBM,TreeExplainer
missingindicator_away_passes_for_l10,0.0,0.0,Task L margin,GBM,TreeExplainer
missingindicator_away_pass_completion_for_l10,0.0,0.0,Task L margin,GBM,TreeExplainer
missingindicator_away_pressures_for_l10,0.0,0.0,Task L margin,GBM,TreeExplainer
missingindicator_away_final_third_entries_for_l10,0.0,0.0,Task L margin,GBM,TreeExplainer
missingindicator_away_red_cards_for_l10,0.0,0.0,Task L margin,GBM,TreeExplainer
missingindicator_away_possession_share_l10,0.0,0.0,Task L margin,GBM,TreeExplainer
missingindicator_diff_points_l3,0.0,0.0,Task L margin,GBM,TreeExplainer
missingindicator_diff_goal_difference_l3,0.0,0.0,Task L margin,GBM,TreeExplainer
missingindicator_diff_shots_for_l3,0.0,0.0,Task L margin,GBM,TreeExplainer
missingindicator_diff_xg_for_l3,0.0,0.0,Task L margin,GBM,TreeExplainer
missingindicator_diff_pass_completion_for_l3,0.0,0.0,Task L margin,GBM,TreeExplainer
missingindicator_diff_pressures_for_l3,0.0,0.0,Task L margin,GBM,TreeExplainer
missingindicator_diff_possession_share_l3,0.0,0.0,Task L margin,GBM,TreeExplainer
home_live_possession_share,0.0,4.960936784491291e-06,Task L margin,GBM,TreeExplainer
home_live_final_third_entries_last5,0.0,0.0,Task L margin,GBM,TreeExplainer
home_live_shots_last10,0.0,0.0,Task L margin,GBM,TreeExplainer
home_live_pressures_last10,0.0,0.0,Task L margin,GBM,TreeExplainer
home_live_xg_last10,0.0,0.0,Task L margin,GBM,TreeExplainer
home_live_final_third_entries_last10,0.0,9.181060114301697e-07,Task L margin,GBM,TreeExplainer
missingindicator_away_final_third_entries_for_l5,0.0,0.0,Task L margin,GBM,TreeExplainer
missingindicator_away_red_cards_for_l5,0.0,0.0,Task L margin,GBM,TreeExplainer
missingindicator_away_possession_share_l5,0.0,0.0,Task L margin,GBM,TreeExplainer
away_goal_difference_l5,0.0,0.0,Task L margin,GBM,TreeExplainer
away_missing_history_l3,0.0,0.0,Task L margin,GBM,TreeExplainer
away_red_cards_for_l3,0.0,0.00024990273829443777,Task L margin,GBM,TreeExplainer
missingindicator_diff_pressures_for_l5,0.0,0.0,Task L margin,GBM,TreeExplainer
missingindicator_diff_pass_completion_for_l5,0.0,0.0,Task L margin,GBM,TreeExplainer
missingindicator_diff_xg_for_l5,0.0,0.0,Task L margin,GBM,TreeExplainer
missingindicator_diff_shots_for_l5,0.0,0.0,Task L margin,GBM,TreeExplainer
missingindicator_diff_goal_difference_l5,0.0,0.0,Task L margin,GBM,TreeExplainer
missingindicator_diff_points_l5,0.0,0.0,Task L margin,GBM,TreeExplainer
away_history_matches_before,0.0,0.0012870734194275644,Task L margin,GBM,TreeExplainer
home_red_cards_for_l10,0.0,3.080388848881367e-05,Task L margin,GBM,TreeExplainer
home_missing_history_l10,0.0,0.0,Task L margin,GBM,TreeExplainer
home_missing_history_l3,0.0,0.0,Task L margin,GBM,TreeExplainer
home_missing_history_l5,0.0,0.0,Task L margin,GBM,TreeExplainer
away_missing_history_l5,0.0,0.0,Task L margin,GBM,TreeExplainer
away_goal_difference_l3,0.0,0.0,Task L margin,GBM,TreeExplainer
away_missing_history_l10,0.0,0.0,Task L margin,GBM,TreeExplainer
home_goal_difference_l5,0.0,0.0,Task L margin,GBM,TreeExplainer
home_red_cards_for_l3,0.0,0.0,Task L margin,GBM,TreeExplainer
p1_home_scr_total,0.0,3.944627281737903e-05,Task L margin,GBM,TreeExplainer
away_live_red_cards,0.0,0.0,Task L margin,GBM,TreeExplainer
away_live_shots_last5,0.0,0.0,Task L margin,GBM,TreeExplainer
away_live_xg_last5,0.0,0.0,Task L margin,GBM,TreeExplainer
away_live_pressures_last5,0.0,0.0,Task L margin,GBM,TreeExplainer
away_live_final_third_entries_last5,0.0,0.0,Task L margin,GBM,TreeExplainer
away_live_shots_last10,0.0,0.0,Task L margin,GBM,TreeExplainer
away_live_xg_last10,0.0,3.24862903881982e-06,Task L margin,GBM,TreeExplainer
away_live_pressures_last10,0.0,0.0,Task L margin,GBM,TreeExplainer
away_live_final_third_entries_last10,0.0,0.0,Task L margin,GBM,TreeExplainer
man_advantage_home,0.0,0.0,Task L margin,GBM,TreeExplainer
live_diff_shots,0.0,3.695415704966568e-06,Task L margin,GBM,TreeExplainer
away_pass_completion_for_l5,0.0,0.0,Task L margin,GBM,TreeExplainer
live_diff_shots_on_target,0.0,0.0,Task L margin,GBM,TreeExplainer
live_diff_possession_share,0.0,3.1980962573691744e-06,Task L margin,GBM,TreeExplainer
live_diff_shots_last5,0.0,0.0,Task L margin,GBM,TreeExplainer
live_diff_xg_last5,0.0,0.0,Task L margin,GBM,TreeExplainer
live_diff_pressures_last5,0.0,0.0,Task L margin,GBM,TreeExplainer
home_history_matches_before,0.0,0.0008604338861104807,Task L margin,GBM,TreeExplainer
missingindicator_home_live_pass_completion,0.0,0.0,Task L margin,GBM,TreeExplainer
missingindicator_away_live_pass_completion,0.0,0.0,Task L margin,GBM,TreeExplainer
missingindicator_home_rest_days,0.0,0.0,Task L margin,GBM,TreeExplainer
missingindicator_home_points_l3,0.0,0.0,Task L margin,GBM,TreeExplainer
missingindicator_home_goals_for_l3,0.0,0.0,Task L margin,GBM,TreeExplainer
missingindicator_home_goals_against_l3,0.0,5.4949145174319626e-05,Task L margin,GBM,TreeExplainer
missingindicator_home_goal_difference_l3,0.0,0.0,Task L margin,GBM,TreeExplainer
missingindicator_home_shots_for_l3,0.0,0.0,Task L margin,GBM,TreeExplainer
missingindicator_home_shots_against_l3,0.0,0.0,Task L margin,GBM,TreeExplainer
missingindicator_home_shots_on_target_for_l3,0.0,0.0,Task L margin,GBM,TreeExplainer
missingindicator_home_shots_on_target_against_l3,0.0,0.0,Task L margin,GBM,TreeExplainer
missingindicator_home_xg_for_l3,0.0,0.0,Task L margin,GBM,TreeExplainer
missingindicator_home_xg_against_l3,0.0,0.0,Task L margin,GBM,TreeExplainer
missingindicator_home_passes_for_l3,0.0,0.0,Task L margin,GBM,TreeExplainer
missingindicator_home_pass_completion_for_l3,0.0,0.0,Task L margin,GBM,TreeExplainer
missingindicator_home_pressures_for_l3,0.0,0.0,Task L margin,GBM,TreeExplainer
missingindicator_home_final_third_entries_for_l3,0.0,0.0,Task L margin,GBM,TreeExplainer
missingindicator_home_red_cards_for_l3,0.0,0.0,Task L margin,GBM,TreeExplainer
missingindicator_home_possession_share_l3,0.0,0.0,Task L margin,GBM,TreeExplainer
missingindicator_home_points_l5,0.0,0.0,Task L margin,GBM,TreeExplainer
missingindicator_home_goals_for_l5,0.0,0.0,Task L margin,GBM,TreeExplainer
missingindicator_home_goals_against_l5,0.0,0.0,Task L margin,GBM,TreeExplainer
missingindicator_home_goal_difference_l5,0.0,0.0,Task L margin,GBM,TreeExplainer
missingindicator_home_shots_for_l5,0.0,0.0,Task L margin,GBM,TreeExplainer
missingindicator_home_shots_against_l5,0.0,0.0,Task L margin,GBM,TreeExplainer
missingindicator_home_shots_on_target_for_l5,0.0,5.762182347919141e-05,Task L margin,GBM,TreeExplainer
missingindicator_home_shots_on_target_against_l5,0.0,0.0,Task L margin,GBM,TreeExplainer
missingindicator_home_xg_for_l5,0.0,0.0,Task L margin,GBM,TreeExplainer
missingindicator_home_xg_against_l5,0.0,0.0,Task L margin,GBM,TreeExplainer
missingindicator_home_passes_for_l5,0.0,0.0,Task L margin,GBM,TreeExplainer
missingindicator_home_pass_completion_for_l5,0.0,0.0,Task L margin,GBM,TreeExplainer
missingindicator_home_pressures_for_l5,0.0,0.0,Task L margin,GBM,TreeExplainer
missingindicator_home_final_third_entries_for_l5,0.0,0.0,Task L margin,GBM,TreeExplainer
missingindicator_home_red_cards_for_l5,0.0,0.0,Task L margin,GBM,TreeExplainer
missingindicator_home_possession_share_l5,0.0,0.0,Task L margin,GBM,TreeExplainer
missingindicator_home_points_l10,0.0,0.0,Task L margin,GBM,TreeExplainer
missingindicator_home_goals_for_l10,0.0,0.0,Task L margin,GBM,TreeExplainer
missingindicator_home_goals_against_l10,0.0,0.0,Task L margin,GBM,TreeExplainer
missingindicator_home_goal_difference_l10,0.0,0.0,Task L margin,GBM,TreeExplainer
missingindicator_home_shots_for_l10,0.0,0.0,Task L margin,GBM,TreeExplainer
missingindicator_home_shots_against_l10,0.0,0.0,Task L margin,GBM,TreeExplainer
missingindicator_home_shots_on_target_for_l10,0.0,0.0,Task L margin,GBM,TreeExplainer
missingindicator_home_shots_on_target_against_l10,0.0,0.0,Task L margin,GBM,TreeExplainer
missingindicator_home_xg_for_l10,0.0,0.0,Task L margin,GBM,TreeExplainer
missingindicator_home_xg_against_l10,0.0,0.0,Task L margin,GBM,TreeExplainer
missingindicator_home_passes_for_l10,0.0,0.0,Task L margin,GBM,TreeExplainer
missingindicator_home_pass_completion_for_l10,0.0,0.0,Task L margin,GBM,TreeExplainer
missingindicator_home_pressures_for_l10,0.0,0.0,Task L margin,GBM,TreeExplainer
missingindicator_home_final_third_entries_for_l10,0.0,0.0,Task L margin,GBM,TreeExplainer
missingindicator_home_red_cards_for_l10,0.0,0.0,Task L margin,GBM,TreeExplainer
missingindicator_home_possession_share_l10,0.0,0.0,Task L margin,GBM,TreeExplainer
missingindicator_away_rest_days,0.0,0.0,Task L margin,GBM,TreeExplainer
missingindicator_away_points_l3,0.0,0.0,Task L margin,GBM,TreeExplainer
missingindicator_away_goals_for_l3,0.0,0.0,Task L margin,GBM,TreeExplainer
missingindicator_away_goals_against_l3,0.0,0.0,Task L margin,GBM,TreeExplainer
missingindicator_away_goal_difference_l3,0.0,0.0,Task L margin,GBM,TreeExplainer
missingindicator_away_shots_for_l3,0.0,0.0,Task L margin,GBM,TreeExplainer
missingindicator_away_shots_against_l3,0.0,0.0,Task L margin,GBM,TreeExplainer
missingindicator_away_shots_on_target_for_l3,0.0,0.0,Task L margin,GBM,TreeExplainer
missingindicator_away_shots_on_target_against_l3,0.0,0.0,Task L margin,GBM,TreeExplainer
missingindicator_away_xg_for_l3,0.0,0.0,Task L margin,GBM,TreeExplainer
missingindicator_away_xg_against_l3,0.0,0.0,Task L margin,GBM,TreeExplainer
missingindicator_away_passes_for_l3,0.0,0.0,Task L margin,GBM,TreeExplainer
missingindicator_away_pass_completion_for_l3,0.0,0.0,Task L margin,GBM,TreeExplainer
missingindicator_away_pressures_for_l3,0.0,0.0,Task L margin,GBM,TreeExplainer
missingindicator_away_final_third_entries_for_l3,0.0,0.0,Task L margin,GBM,TreeExplainer
missingindicator_away_red_cards_for_l3,0.0,0.0,Task L margin,GBM,TreeExplainer
missingindicator_away_possession_share_l3,0.0,0.0,Task L margin,GBM,TreeExplainer
missingindicator_away_points_l5,0.0,0.0,Task L margin,GBM,TreeExplainer
missingindicator_away_goals_for_l5,0.0,0.0,Task L margin,GBM,TreeExplainer
missingindicator_away_goals_against_l5,0.0,0.0,Task L margin,GBM,TreeExplainer
missingindicator_away_goal_difference_l5,0.0,0.0,Task L margin,GBM,TreeExplainer
missingindicator_away_shots_for_l5,0.0,0.0,Task L margin,GBM,TreeExplainer
missingindicator_away_shots_against_l5,0.0,0.0,Task L margin,GBM,TreeExplainer
missingindicator_away_shots_on_target_for_l5,0.0,0.0,Task L margin,GBM,TreeExplainer
missingindicator_away_shots_on_target_against_l5,0.0,0.0,Task L margin,GBM,TreeExplainer
missingindicator_away_xg_for_l5,0.0,0.0,Task L margin,GBM,TreeExplainer
missingindicator_away_xg_against_l5,0.0,0.0,Task L margin,GBM,TreeExplainer
missingindicator_away_passes_for_l5,0.0,0.0,Task L margin,GBM,TreeExplainer
missingindicator_away_pass_completion_for_l5,0.0,0.0,Task L margin,GBM,TreeExplainer
missingindicator_away_pressures_for_l5,0.0,0.0,Task L margin,GBM,TreeExplainer
missingindicator_diff_possession_share_l5,0.0,0.0,Task L margin,GBM,TreeExplainer
missingindicator_diff_points_l10,0.0,0.0,Task L margin,GBM,TreeExplainer
missingindicator_diff_goal_difference_l10,0.0,0.0,Task L margin,GBM,TreeExplainer
missingindicator_diff_shots_for_l10,0.0,0.0,Task L margin,GBM,TreeExplainer
missingindicator_diff_xg_for_l10,0.0,0.0,Task L margin,GBM,TreeExplainer
missingindicator_diff_pass_completion_for_l10,0.0,0.0,Task L margin,GBM,TreeExplainer
missingindicator_diff_pressures_for_l10,0.0,0.0,Task L margin,GBM,TreeExplainer
missingindicator_diff_possession_share_l10,0.0,0.0,Task L margin,GBM,TreeExplainer
missingindicator_rest_days_difference,0.0,0.0,Task L margin,GBM,TreeExplainer
current_goal_difference,0.5818479750520137,0.054778289049863815,Task L margin,XGBoost,Permutation fallback (ValueError)
p1_away_rank_total,0.14596856144593204,0.03214506059885025,Task L margin,XGBoost,Permutation fallback (ValueError)
home_passes_for_l10,0.10785286974937965,0.013471046462655067,Task L margin,XGBoost,Permutation fallback (ValueError)
home_pass_completion_for_l3,0.07571774426821826,0.004747500643134117,Task L margin,XGBoost,Permutation fallback (ValueError)
home_goals_against_l10,0.07396779328261292,0.0037832194939255714,Task L margin,XGBoost,Permutation fallback (ValueError)
home_pass_completion_for_l5,0.07038730106161287,0.005041033495217562,Task L margin,XGBoost,Permutation fallback (ValueError)
p1_away_scr_home,0.06707038347596406,0.012046963907778263,Task L margin,XGBoost,Permutation fallback (ValueError)
current_home_score,0.06614705833464136,0.023562001064419746,Task L margin,XGBoost,Permutation fallback (ValueError)
home_xg_for_l3,0.057742353167203796,0.011274628341197968,Task L margin,XGBoost,Permutation fallback (ValueError)
away_shots_on_target_for_l5,0.0546407219044502,0.0094318687915802,Task L margin,XGBoost,Permutation fallback (ValueError)
diff_shots_for_l5,0.052589849836011913,0.010748771950602531,Task L margin,XGBoost,Permutation fallback (ValueError)
away_shots_on_target_against_l3,0.051493107262714215,0.007816181518137455,Task L margin,XGBoost,Permutation fallback (ValueError)
home_shots_for_l3,0.04963184891061651,0.009583122096955776,Task L margin,XGBoost,Permutation fallback (ValueError)
home_pass_completion_for_l10,0.04490519787184891,0.006109742447733879,Task L margin,XGBoost,Permutation fallback (ValueError)
diff_pressures_for_l10,0.0424621932068193,0.0060558500699698925,Task L margin,XGBoost,Permutation fallback (ValueError)
away_goals_against_l5,0.03846601589550523,0.003618829185143113,Task L margin,XGBoost,Permutation fallback (ValueError)
away_xg_against_l3,0.0375755874213064,0.0068075587041676044,Task L margin,XGBoost,Permutation fallback (ValueError)
away_pass_completion_for_l3,0.036000949036743904,0.006013290025293827,Task L margin,XGBoost,Permutation fallback (ValueError)
away_shots_on_target_for_l10,0.03555835609272536,0.016445646062493324,Task L margin,XGBoost,Permutation fallback (ValueError)
p1_away_con_total,0.03550545277707795,0.01666945591568947,Task L margin,XGBoost,Permutation fallback (ValueError)
home_shots_on_target_for_l3,0.03527333248529533,0.005524976644665003,Task L margin,XGBoost,Permutation fallback (ValueError)
current_away_score,0.03488157410679075,0.03772839158773422,Task L margin,XGBoost,Permutation fallback (ValueError)
diff_shots_for_l3,0.034418722506250346,0.013084283098578453,Task L margin,XGBoost,Permutation fallback (ValueError)
diff_pressures_for_l5,0.029873188580903754,0.004486018791794777,Task L margin,XGBoost,Permutation fallback (ValueError)
home_goals_for_l5,0.029830730380425753,0.005902790930122137,Task L margin,XGBoost,Permutation fallback (ValueError)
diff_xg_for_l3,0.028817072881825476,0.008910935372114182,Task L margin,XGBoost,Permutation fallback (ValueError)
home_goal_difference_l10,0.028000459506228155,0.005897325463593006,Task L margin,XGBoost,Permutation fallback (ValueError)
live_diff_xg,0.027858393488891634,0.026095295324921608,Task L margin,XGBoost,Permutation fallback (ValueError)
diff_pressures_for_l3,0.02562923722965123,0.006146215368062258,Task L margin,XGBoost,Permutation fallback (ValueError)
p1_away_con_away,0.024926894732440526,0.009197325445711613,Task L margin,XGBoost,Permutation fallback (ValueError)
away_pressures_for_l3,0.024824164188337623,0.004511838313192129,Task L margin,XGBoost,Permutation fallback (ValueError)
home_xg_for_l5,0.02454767617862672,0.011841957457363605,Task L margin,XGBoost,Permutation fallback (ValueError)
diff_shots_for_l10,0.02440320457765159,0.025238459929823875,Task L margin,XGBoost,Permutation fallback (ValueError)
away_shots_for_l5,0.02416938844757776,0.007242001127451658,Task L margin,XGBoost,Permutation fallback (ValueError)
diff_goal_difference_l10,0.02368124520095687,0.012650628574192524,Task L margin,XGBoost,Permutation fallback (ValueError)
away_final_third_entries_for_l10,0.023495084280665535,0.005940170492976904,Task L margin,XGBoost,Permutation fallback (ValueError)
diff_points_l10,0.02337630022045535,0.006929433438926935,Task L margin,XGBoost,Permutation fallback (ValueError)
away_shots_against_l10,0.022746552371212998,0.0045562670566141605,Task L margin,XGBoost,Permutation fallback (ValueError)
away_goals_for_l3,0.021746906737615857,0.005057002417743206,Task L margin,XGBoost,Permutation fallback (ValueError)
away_shots_on_target_against_l10,0.021292723968055937,0.005168184172362089,Task L margin,XGBoost,Permutation fallback (ValueError)
home_pressures_for_l5,0.021028804966546074,0.005506464280188084,Task L margin,XGBoost,Permutation fallback (ValueError)
away_xg_against_l10,0.020838508215383633,0.00444095628336072,Task L margin,XGBoost,Permutation fallback (ValueError)
away_xg_for_l3,0.018913464863952765,0.008304520510137081,Task L margin,XGBoost,Permutation fallback (ValueError)
p1_home_con_total,0.017822106708707795,0.0036329335998743773,Task L margin,XGBoost,Permutation fallback (ValueError)
home_points_l3,0.01712951615064716,0.005705092567950487,Task L margin,XGBoost,Permutation fallback (ValueError)
away_shots_for_l10,0.016768355859482352,0.004769391845911741,Task L margin,XGBoost,Permutation fallback (ValueError)
away_xg_for_l10,0.016613283882163345,0.002944130916148424,Task L margin,XGBoost,Permutation fallback (ValueError)
home_xg_against_l3,0.016572481657300762,0.00566445617005229,Task L margin,XGBoost,Permutation fallback (ValueError)
home_shots_on_target_for_l5,0.016553115065520006,0.005983754526823759,Task L margin,XGBoost,Permutation fallback (ValueError)
away_goal_difference_l10,0.016331492044005764,0.01400893647223711,Task L margin,XGBoost,Permutation fallback (ValueError)
away_rest_days,0.01629789724803736,0.006528879981487989,Task L margin,XGBoost,Permutation fallback (ValueError)
diff_possession_share_l5,0.014967985445271347,0.006017820443958044,Task L margin,XGBoost,Permutation fallback (ValueError)
home_passes_for_l3,0.014576053546495844,0.00961831584572792,Task L margin,XGBoost,Permutation fallback (ValueError)
home_possession_share_l5,0.013426127595141434,0.005400475114583969,Task L margin,XGBoost,Permutation fallback (ValueError)
p1_away_rank_away,0.013386553973476921,0.011575593613088131,Task L margin,XGBoost,Permutation fallback (ValueError)
diff_possession_share_l10,0.013100449641286923,0.01767578534781933,Task L margin,XGBoost,Permutation fallback (ValueError)
home_final_third_entries_for_l5,0.012781347680526472,0.009032485075294971,Task L margin,XGBoost,Permutation fallback (ValueError)
away_live_fouls,0.012524758695443675,0.002377593657001853,Task L margin,XGBoost,Permutation fallback (ValueError)
away_goals_for_l5,0.012309479717320443,0.0031756244134157896,Task L margin,XGBoost,Permutation fallback (ValueError)
away_red_cards_for_l10,0.011666870730566896,0.004615588579326868,Task L margin,XGBoost,Permutation fallback (ValueError)
diff_goal_difference_l5,0.011241473646627533,0.0025300029665231705,Task L margin,XGBoost,Permutation fallback (ValueError)
away_shots_on_target_for_l3,0.010884181599184454,0.004815476015210152,Task L margin,XGBoost,Permutation fallback (ValueError)
diff_goal_difference_l3,0.010767506022109753,0.004935187287628651,Task L margin,XGBoost,Permutation fallback (ValueError)
away_pressures_for_l5,0.010696847378664331,0.00403639068827033,Task L margin,XGBoost,Permutation fallback (ValueError)
away_xg_for_l5,0.010398757190754013,0.004100180231034756,Task L margin,XGBoost,Permutation fallback (ValueError)
away_possession_share_l3,0.010229759340484939,0.004250389523804188,Task L margin,XGBoost,Permutation fallback (ValueError)
home_rest_days,0.010155849024433533,0.0029413774609565735,Task L margin,XGBoost,Permutation fallback (ValueError)
diff_possession_share_l3,0.009749736874752368,0.005526986438781023,Task L margin,XGBoost,Permutation fallback (ValueError)
home_shots_for_l10,0.00968690194991521,0.008401193656027317,Task L margin,XGBoost,Permutation fallback (ValueError)
p1_away_scr_total,0.009457784240884299,0.0022834178525954485,Task L margin,XGBoost,Permutation fallback (ValueError)
away_final_third_entries_for_l5,0.008973627019311413,0.008694886229932308,Task L margin,XGBoost,Permutation fallback (ValueError)
away_final_third_entries_for_l3,0.008264169360498065,0.004537623841315508,Task L margin,XGBoost,Permutation fallback (ValueError)
home_goals_for_l3,0.008248691259262468,0.005615431349724531,Task L margin,XGBoost,Permutation fallback (ValueError)
away_shots_on_target_against_l5,0.008237396395739364,0.0024432155769318342,Task L margin,XGBoost,Permutation fallback (ValueError)
home_shots_against_l10,0.007837840022079441,0.007179906126111746,Task L margin,XGBoost,Permutation fallback (ValueError)
p1_away_rank_home,0.00752714690428952,0.005750210490077734,Task L margin,XGBoost,Permutation fallback (ValueError)
away_passes_for_l10,0.006953594043023052,0.01359996385872364,Task L margin,XGBoost,Permutation fallback (ValueError)
home_xg_against_l5,0.0067764075611355746,0.007299251388758421,Task L margin,XGBoost,Permutation fallback (ValueError)
home_xg_for_l10,0.006652614235903873,0.011001508682966232,Task L margin,XGBoost,Permutation fallback (ValueError)
home_goal_difference_l5,0.006642272528002254,0.007516010198742151,Task L margin,XGBoost,Permutation fallback (ValueError)
away_pass_completion_for_l5,0.006410529787729804,0.005382278002798557,Task L margin,XGBoost,Permutation fallback (ValueError)
home_goal_difference_l3,0.006185755597349888,0.002292405813932419,Task L margin,XGBoost,Permutation fallback (ValueError)
home_shots_against_l5,0.006107731464370674,0.007249449845403433,Task L margin,XGBoost,Permutation fallback (ValueError)
diff_points_l5,0.005949825071988422,0.009832553565502167,Task L margin,XGBoost,Permutation fallback (ValueError)
diff_xg_for_l5,0.005902936290690885,0.00852298829704523,Task L margin,XGBoost,Permutation fallback (ValueError)
diff_pass_completion_for_l10,0.0050927953546246,0.006491610314697027,Task L margin,XGBoost,Permutation fallback (ValueError)
away_shots_against_l3,0.004677938338783054,0.005687214434146881,Task L margin,XGBoost,Permutation fallback (ValueError)
away_possession_share_l5,0.00455818143078229,0.003944705240428448,Task L margin,XGBoost,Permutation fallback (ValueError)
away_goals_against_l3,0.004510276892429419,0.003034353256225586,Task L margin,XGBoost,Permutation fallback (ValueError)
home_shots_on_target_against_l3,0.004508303782074805,0.0031784852035343647,Task L margin,XGBoost,Permutation fallback (ValueError)
away_xg_against_l5,0.004508184663847902,0.00902480073273182,Task L margin,XGBoost,Permutation fallback (ValueError)
home_pressures_for_l10,0.0043391678521099335,0.004636290017515421,Task L margin,XGBoost,Permutation fallback (ValueError)
home_points_l10,0.004178188220959983,0.00372872781008482,Task L margin,XGBoost,Permutation fallback (ValueError)
home_shots_for_l5,0.004043013639877447,0.004159649834036827,Task L margin,XGBoost,Permutation fallback (ValueError)
home_shots_against_l3,0.0038648877458439803,0.00589163089171052,Task L margin,XGBoost,Permutation fallback (ValueError)
diff_pass_completion_for_l3,0.0038306518561310302,0.005986618343740702,Task L margin,XGBoost,Permutation fallback (ValueError)
diff_xg_for_l10,0.0037519083420435645,0.00433448376134038,Task L margin,XGBoost,Permutation fallback (ValueError)
p1_away_scr_away,0.003695736479195256,0.0020465459674596786,Task L margin,XGBoost,Permutation fallback (ValueError)
p1_home_rank_away,0.0036252539980018332,0.0031370914075523615,Task L margin,XGBoost,Permutation fallback (ValueError)
away_shots_for_l3,0.003518259242021792,0.002255838830024004,Task L margin,XGBoost,Permutation fallback (ValueError)
away_goals_against_l10,0.003486751534769103,0.010895130224525928,Task L margin,XGBoost,Permutation fallback (ValueError)
home_pressures_for_l3,0.0034395513008348673,0.0022262497805058956,Task L margin,XGBoost,Permutation fallback (ValueError)
home_goals_for_l10,0.003438984565566194,0.0023039013613015413,Task L margin,XGBoost,Permutation fallback (ValueError)
home_xg_against_l10,0.003205345070131843,0.00742935948073864,Task L margin,XGBoost,Permutation fallback (ValueError)
home_shots_on_target_against_l10,0.0030891492285041277,0.005270958412438631,Task L margin,XGBoost,Permutation fallback (ValueError)
diff_pass_completion_for_l5,0.003074711249468643,0.005270905327051878,Task L margin,XGBoost,Permutation fallback (ValueError)
home_live_fouls,0.00300499148692728,0.0009482853929512203,Task L margin,XGBoost,Permutation fallback (ValueError)
home_live_xg,0.0029730555032276376,0.0010936630424112082,Task L margin,XGBoost,Permutation fallback (ValueError)
away_points_l5,0.0028307676034617355,0.005671969149261713,Task L margin,XGBoost,Permutation fallback (ValueError)
rest_days_difference,0.002715679295749099,0.0035216452088207006,Task L margin,XGBoost,Permutation fallback (ValueError)
away_live_completed_passes,0.0026511742060797154,0.002129282569512725,Task L margin,XGBoost,Permutation fallback (ValueError)
home_live_carries,0.0026010160479280732,0.0007612282643094659,Task L margin,XGBoost,Permutation fallback (ValueError)
away_passes_for_l5,0.002577740825298767,0.0016103702364489436,Task L margin,XGBoost,Permutation fallback (ValueError)
away_live_xg,0.002467718707242362,0.0009856929536908865,Task L margin,XGBoost,Permutation fallback (ValueError)
away_points_l3,0.002329058127684728,0.002851956756785512,Task L margin,XGBoost,Permutation fallback (ValueError)
home_passes_for_l5,0.0023284266247517466,0.003671025624498725,Task L margin,XGBoost,Permutation fallback (ValueError)
home_live_completed_passes,0.0023033697168446275,0.0008969681221060455,Task L margin,XGBoost,Permutation fallback (ValueError)
home_possession_share_l10,0.0021196806943044057,0.0022691187914460897,Task L margin,XGBoost,Permutation fallback (ValueError)
away_live_shots,0.0021037940766351865,0.0019962703809142113,Task L margin,XGBoost,Permutation fallback (ValueError)
n_events_so_far,0.0018905025959894512,0.0005832844180986285,Task L margin,XGBoost,Permutation fallback (ValueError)
snapshot_minute,0.0018708453919842,0.0007356617134064436,Task L margin,XGBoost,Permutation fallback (ValueError)
home_points_l5,0.0018649095609887692,0.0013250521151348948,Task L margin,XGBoost,Permutation fallback (ValueError)
away_pass_completion_for_l10,0.0018131886603724534,0.005957727320492268,Task L margin,XGBoost,Permutation fallback (ValueError)
home_live_corners,0.001804558285512021,0.0017924582352861762,Task L margin,XGBoost,Permutation fallback (ValueError)
live_diff_shots_on_target,0.001783280575440993,0.004435098730027676,Task L margin,XGBoost,Permutation fallback (ValueError)
away_goals_for_l10,0.0017200246949990617,0.0022329555358737707,Task L margin,XGBoost,Permutation fallback (ValueError)
home_possession_share_l3,0.001709509438110729,0.004229843150824308,Task L margin,XGBoost,Permutation fallback (ValueError)
snapshot_rank,0.001698256142230493,0.0006220799987204373,Task L margin,XGBoost,Permutation fallback (ValueError)
away_live_passes,0.001642011037717254,0.001108525670133531,Task L margin,XGBoost,Permutation fallback (ValueError)
away_live_pressures,0.001613335971875736,0.0009028283529914916,Task L margin,XGBoost,Permutation fallback (ValueError)
away_shots_against_l5,0.0015981564311207156,0.002353225601837039,Task L margin,XGBoost,Permutation fallback (ValueError)
home_final_third_entries_for_l10,0.0015460222160133342,0.0014864248223602772,Task L margin,XGBoost,Permutation fallback (ValueError)
away_passes_for_l3,0.0015371888793823882,0.0044463807716965675,Task L margin,XGBoost,Permutation fallback (ValueError)
away_possession_share_l10,0.0014845980410205398,0.0042278519831597805,Task L margin,XGBoost,Permutation fallback (ValueError)
home_live_shots,0.0013605969761394845,0.0011267282534390688,Task L margin,XGBoost,Permutation fallback (ValueError)
p1_home_con_home,0.0013566051340765392,0.006110437214374542,Task L margin,XGBoost,Permutation fallback (ValueError)
reference_second,0.0012718351102537508,0.0006178480689413846,Task L margin,XGBoost,Permutation fallback (ValueError)
home_live_pass_completion,0.0012567582087487756,0.00046978594036772847,Task L margin,XGBoost,Permutation fallback (ValueError)
home_final_third_entries_for_l3,0.0012539403968387208,0.004893158096820116,Task L margin,XGBoost,Permutation fallback (ValueError)
home_shots_on_target_for_l10,0.0012471558251935634,0.002747143618762493,Task L margin,XGBoost,Permutation fallback (ValueError)
home_goals_against_l3,0.0012447356691377054,0.0035678413696587086,Task L margin,XGBoost,Permutation fallback (ValueError)
home_live_shots_on_target,0.0011150862612865034,0.0009026766056194901,Task L margin,XGBoost,Permutation fallback (ValueError)
live_diff_final_third_entries,0.0010321806371211934,0.0006099328747950494,Task L margin,XGBoost,Permutation fallback (ValueError)
away_live_shots_on_target,0.000978550602837154,0.0010854998836293817,Task L margin,XGBoost,Permutation fallback (ValueError)
home_live_pressures,0.0009522926786707489,0.0027759564109146595,Task L margin,XGBoost,Permutation fallback (ValueError)
home_red_cards_for_l10,0.0009377998775906125,0.003695192513987422,Task L margin,XGBoost,Permutation fallback (ValueError)
away_red_cards_for_l5,0.0008660888718441098,0.004112788010388613,Task L margin,XGBoost,Permutation fallback (ValueError)
home_live_final_third_entries,0.0007452661782089236,0.0014057911466807127,Task L margin,XGBoost,Permutation fallback (ValueError)
p1_home_scr_home,0.0007120430774779758,0.00438814889639616,Task L margin,XGBoost,Permutation fallback (ValueError)
away_pressures_for_l10,0.0006783188175823879,0.00338891358114779,Task L margin,XGBoost,Permutation fallback (ValueError)
away_live_carries,0.0005459097798706752,0.0013701614225283265,Task L margin,XGBoost,Permutation fallback (ValueError)
away_live_corners,0.0005128273543798266,0.0008347322582267225,Task L margin,XGBoost,Permutation fallback (ValueError)
p1_home_con_away,0.00043716030298834684,0.004753260873258114,Task L margin,XGBoost,Permutation fallback (ValueError)
away_live_final_third_entries,0.000334734742840133,0.0012608215911313891,Task L margin,XGBoost,Permutation fallback (ValueError)
live_diff_shots,0.000323666514207914,0.002219828777015209,Task L margin,XGBoost,Permutation fallback (ValueError)
p1_away_con_home,0.0003179222469528509,0.0013120921794325113,Task L margin,XGBoost,Permutation fallback (ValueError)
away_goal_difference_l3,0.0002792533569865717,0.0006930265226401389,Task L margin,XGBoost,Permutation fallback (ValueError)
home_shots_on_target_against_l5,0.00027183887031343216,0.006045065820217133,Task L margin,XGBoost,Permutation fallback (ValueError)
away_live_pass_completion,4.9266002865301176e-05,3.941358590964228e-05,Task L margin,XGBoost,Permutation fallback (ValueError)
home_live_passes,4.7563426196578495e-05,0.00048444827552884817,Task L margin,XGBoost,Permutation fallback (ValueError)
home_live_xg_last10,4.491878880394836e-05,4.6954584831837565e-05,Task L margin,XGBoost,Permutation fallback (ValueError)
live_diff_pressures,4.368561837408136e-05,0.0007300733705051243,Task L margin,XGBoost,Permutation fallback (ValueError)
away_goal_difference_l5,4.185107847054688e-05,0.002790416358038783,Task L margin,XGBoost,Permutation fallback (ValueError)
home_red_cards_for_l3,1.547578308317421e-05,0.0006227038102224469,Task L margin,XGBoost,Permutation fallback (ValueError)
away_points_l10,1.3781918419732027e-05,0.0030167074874043465,Task L margin,XGBoost,Permutation fallback (ValueError)
home_live_red_cards,0.0,0.0,Task L margin,XGBoost,Permutation fallback (ValueError)
snapshot_period,0.0,0.0,Task L margin,XGBoost,Permutation fallback (ValueError)
time_remaining_minutes,0.0,0.0,Task L margin,XGBoost,Permutation fallback (ValueError)
home_live_possession_share,0.0,0.0,Task L margin,XGBoost,Permutation fallback (ValueError)
missingindicator_diff_possession_share_l3,0.0,0.0,Task L margin,XGBoost,Permutation fallback (ValueError)
missingindicator_diff_pressures_for_l3,0.0,0.0,Task L margin,XGBoost,Permutation fallback (ValueError)
missingindicator_diff_pass_completion_for_l3,0.0,0.0,Task L margin,XGBoost,Permutation fallback (ValueError)
missingindicator_diff_xg_for_l3,0.0,0.0,Task L margin,XGBoost,Permutation fallback (ValueError)
missingindicator_diff_shots_for_l3,0.0,0.0,Task L margin,XGBoost,Permutation fallback (ValueError)
missingindicator_diff_goal_difference_l3,0.0,0.0,Task L margin,XGBoost,Permutation fallback (ValueError)
missingindicator_diff_points_l3,0.0,0.0,Task L margin,XGBoost,Permutation fallback (ValueError)
missingindicator_away_possession_share_l10,0.0,0.0,Task L margin,XGBoost,Permutation fallback (ValueError)
missingindicator_away_red_cards_for_l10,0.0,0.0,Task L margin,XGBoost,Permutation fallback (ValueError)
missingindicator_away_final_third_entries_for_l10,0.0,0.0,Task L margin,XGBoost,Permutation fallback (ValueError)
missingindicator_away_pressures_for_l10,0.0,0.0,Task L margin,XGBoost,Permutation fallback (ValueError)
missingindicator_away_pass_completion_for_l10,0.0,0.0,Task L margin,XGBoost,Permutation fallback (ValueError)
missingindicator_away_passes_for_l10,0.0,0.0,Task L margin,XGBoost,Permutation fallback (ValueError)
missingindicator_away_xg_against_l10,0.0,0.0,Task L margin,XGBoost,Permutation fallback (ValueError)
missingindicator_away_xg_for_l10,0.0,0.0,Task L margin,XGBoost,Permutation fallback (ValueError)
missingindicator_away_shots_on_target_against_l10,0.0,0.0,Task L margin,XGBoost,Permutation fallback (ValueError)
home_live_pressures_last5,0.0,0.0,Task L margin,XGBoost,Permutation fallback (ValueError)
home_live_xg_last5,0.0,0.0,Task L margin,XGBoost,Permutation fallback (ValueError)
home_live_shots_last5,0.0,0.0,Task L margin,XGBoost,Permutation fallback (ValueError)
home_live_shots_last10,0.0,0.0,Task L margin,XGBoost,Permutation fallback (ValueError)
home_live_pressures_last10,0.0,0.0,Task L margin,XGBoost,Permutation fallback (ValueError)
home_live_final_third_entries_last10,0.0,8.004235860425979e-05,Task L margin,XGBoost,Permutation fallback (ValueError)
missingindicator_away_final_third_entries_for_l5,0.0,0.0,Task L margin,XGBoost,Permutation fallback (ValueError)
home_live_final_third_entries_last5,0.0,0.0,Task L margin,XGBoost,Permutation fallback (ValueError)
missingindicator_away_possession_share_l5,0.0,0.0,Task L margin,XGBoost,Permutation fallback (ValueError)
missingindicator_away_points_l10,0.0,0.0,Task L margin,XGBoost,Permutation fallback (ValueError)
missingindicator_away_goals_for_l10,0.0,0.0,Task L margin,XGBoost,Permutation fallback (ValueError)
missingindicator_away_goals_against_l10,0.0,0.0,Task L margin,XGBoost,Permutation fallback (ValueError)
missingindicator_away_goal_difference_l10,0.0,0.0,Task L margin,XGBoost,Permutation fallback (ValueError)
missingindicator_away_shots_for_l10,0.0,0.0,Task L margin,XGBoost,Permutation fallback (ValueError)
missingindicator_away_shots_against_l10,0.0,0.0,Task L margin,XGBoost,Permutation fallback (ValueError)
missingindicator_away_red_cards_for_l5,0.0,0.0,Task L margin,XGBoost,Permutation fallback (ValueError)
home_red_cards_for_l5,0.0,0.0,Task L margin,XGBoost,Permutation fallback (ValueError)
home_goals_against_l5,0.0,0.0008617447456344962,Task L margin,XGBoost,Permutation fallback (ValueError)
home_missing_history_l3,0.0,0.0,Task L margin,XGBoost,Permutation fallback (ValueError)
away_missing_history_l5,0.0,0.0,Task L margin,XGBoost,Permutation fallback (ValueError)
away_history_matches_before,0.0,0.0,Task L margin,XGBoost,Permutation fallback (ValueError)
missingindicator_diff_points_l5,0.0,0.0,Task L margin,XGBoost,Permutation fallback (ValueError)
missingindicator_diff_shots_for_l5,0.0,0.0,Task L margin,XGBoost,Permutation fallback (ValueError)
missingindicator_diff_goal_difference_l5,0.0,0.0,Task L margin,XGBoost,Permutation fallback (ValueError)
home_missing_history_l5,0.0,0.0,Task L margin,XGBoost,Permutation fallback (ValueError)
missingindicator_diff_pressures_for_l5,0.0,0.0,Task L margin,XGBoost,Permutation fallback (ValueError)
missingindicator_diff_pass_completion_for_l5,0.0,0.0,Task L margin,XGBoost,Permutation fallback (ValueError)
missingindicator_diff_xg_for_l5,0.0,0.0,Task L margin,XGBoost,Permutation fallback (ValueError)
away_red_cards_for_l3,0.0,0.0,Task L margin,XGBoost,Permutation fallback (ValueError)
home_missing_history_l10,0.0,0.0,Task L margin,XGBoost,Permutation fallback (ValueError)
away_missing_history_l3,0.0,0.0,Task L margin,XGBoost,Permutation fallback (ValueError)
missingindicator_away_shots_on_target_for_l10,0.0,0.0,Task L margin,XGBoost,Permutation fallback (ValueError)
away_live_xg_last5,0.0,0.0,Task L margin,XGBoost,Permutation fallback (ValueError)
away_live_shots_last5,0.0,0.0,Task L margin,XGBoost,Permutation fallback (ValueError)
away_live_possession_share,0.0,8.50922879180871e-05,Task L margin,XGBoost,Permutation fallback (ValueError)
away_live_red_cards,0.0,0.0,Task L margin,XGBoost,Permutation fallback (ValueError)
away_live_xg_last10,0.0,6.566607771674171e-05,Task L margin,XGBoost,Permutation fallback (ValueError)
away_live_pressures_last5,0.0,0.0,Task L margin,XGBoost,Permutation fallback (ValueError)
away_live_shots_last10,0.0,0.0,Task L margin,XGBoost,Permutation fallback (ValueError)
away_live_final_third_entries_last5,0.0,0.0,Task L margin,XGBoost,Permutation fallback (ValueError)
man_advantage_home,0.0,0.0,Task L margin,XGBoost,Permutation fallback (ValueError)
away_live_final_third_entries_last10,0.0,0.0,Task L margin,XGBoost,Permutation fallback (ValueError)
away_live_pressures_last10,0.0,0.0,Task L margin,XGBoost,Permutation fallback (ValueError)
live_diff_possession_share,0.0,0.0,Task L margin,XGBoost,Permutation fallback (ValueError)
p1_home_scr_total,0.0,0.0,Task L margin,XGBoost,Permutation fallback (ValueError)
p1_home_rank_total,0.0,0.0,Task L margin,XGBoost,Permutation fallback (ValueError)
away_missing_history_l10,0.0,0.0,Task L margin,XGBoost,Permutation fallback (ValueError)
diff_points_l3,0.0,0.0027531753294169903,Task L margin,XGBoost,Permutation fallback (ValueError)
home_history_matches_before,0.0,0.002278682542964816,Task L margin,XGBoost,Permutation fallback (ValueError)
live_diff_pressures_last5,0.0,0.0,Task L margin,XGBoost,Permutation fallback (ValueError)
live_diff_xg_last5,0.0,0.0,Task L margin,XGBoost,Permutation fallback (ValueError)
live_diff_shots_last5,0.0,0.0,Task L margin,XGBoost,Permutation fallback (ValueError)
p1_home_rank_home,0.0,0.0,Task L margin,XGBoost,Permutation fallback (ValueError)
p1_home_scr_away,0.0,0.0,Task L margin,XGBoost,Permutation fallback (ValueError)
missingindicator_home_live_pass_completion,0.0,0.0,Task L margin,XGBoost,Permutation fallback (ValueError)
missingindicator_away_live_pass_completion,0.0,0.0,Task L margin,XGBoost,Permutation fallback (ValueError)
missingindicator_home_rest_days,0.0,0.0,Task L margin,XGBoost,Permutation fallback (ValueError)
missingindicator_home_points_l3,0.0,0.0,Task L margin,XGBoost,Permutation fallback (ValueError)
missingindicator_home_goals_for_l3,0.0,0.0,Task L margin,XGBoost,Permutation fallback (ValueError)
missingindicator_home_goals_against_l3,0.0,0.0,Task L margin,XGBoost,Permutation fallback (ValueError)
missingindicator_home_goal_difference_l3,0.0,0.0,Task L margin,XGBoost,Permutation fallback (ValueError)
missingindicator_home_shots_for_l3,0.0,0.0,Task L margin,XGBoost,Permutation fallback (ValueError)
missingindicator_home_shots_against_l3,0.0,0.0,Task L margin,XGBoost,Permutation fallback (ValueError)
missingindicator_home_shots_on_target_for_l3,0.0,0.0,Task L margin,XGBoost,Permutation fallback (ValueError)
missingindicator_home_shots_on_target_against_l3,0.0,0.0,Task L margin,XGBoost,Permutation fallback (ValueError)
missingindicator_home_xg_for_l3,0.0,0.0,Task L margin,XGBoost,Permutation fallback (ValueError)
missingindicator_home_xg_against_l3,0.0,0.0,Task L margin,XGBoost,Permutation fallback (ValueError)
missingindicator_home_passes_for_l3,0.0,0.0,Task L margin,XGBoost,Permutation fallback (ValueError)
missingindicator_home_pass_completion_for_l3,0.0,0.0,Task L margin,XGBoost,Permutation fallback (ValueError)
missingindicator_home_pressures_for_l3,0.0,0.0,Task L margin,XGBoost,Permutation fallback (ValueError)
missingindicator_home_final_third_entries_for_l3,0.0,0.0,Task L margin,XGBoost,Permutation fallback (ValueError)
missingindicator_home_red_cards_for_l3,0.0,0.0,Task L margin,XGBoost,Permutation fallback (ValueError)
missingindicator_home_possession_share_l3,0.0,0.0,Task L margin,XGBoost,Permutation fallback (ValueError)
missingindicator_home_points_l5,0.0,0.0,Task L margin,XGBoost,Permutation fallback (ValueError)
missingindicator_home_goals_for_l5,0.0,0.0,Task L margin,XGBoost,Permutation fallback (ValueError)
missingindicator_home_goals_against_l5,0.0,0.0,Task L margin,XGBoost,Permutation fallback (ValueError)
missingindicator_home_goal_difference_l5,0.0,0.0,Task L margin,XGBoost,Permutation fallback (ValueError)
missingindicator_home_shots_for_l5,0.0,0.0,Task L margin,XGBoost,Permutation fallback (ValueError)
missingindicator_home_shots_against_l5,0.0,0.0,Task L margin,XGBoost,Permutation fallback (ValueError)
missingindicator_home_shots_on_target_for_l5,0.0,0.0,Task L margin,XGBoost,Permutation fallback (ValueError)
missingindicator_home_shots_on_target_against_l5,0.0,0.0,Task L margin,XGBoost,Permutation fallback (ValueError)
missingindicator_home_xg_for_l5,0.0,0.0,Task L margin,XGBoost,Permutation fallback (ValueError)
missingindicator_home_xg_against_l5,0.0,0.0,Task L margin,XGBoost,Permutation fallback (ValueError)
missingindicator_home_passes_for_l5,0.0,0.0,Task L margin,XGBoost,Permutation fallback (ValueError)
missingindicator_home_pass_completion_for_l5,0.0,0.0,Task L margin,XGBoost,Permutation fallback (ValueError)
missingindicator_home_pressures_for_l5,0.0,0.0,Task L margin,XGBoost,Permutation fallback (ValueError)
missingindicator_home_final_third_entries_for_l5,0.0,0.0,Task L margin,XGBoost,Permutation fallback (ValueError)
missingindicator_home_red_cards_for_l5,0.0,0.0,Task L margin,XGBoost,Permutation fallback (ValueError)
missingindicator_home_possession_share_l5,0.0,0.0,Task L margin,XGBoost,Permutation fallback (ValueError)
missingindicator_home_points_l10,0.0,0.0,Task L margin,XGBoost,Permutation fallback (ValueError)
missingindicator_home_goals_for_l10,0.0,0.0,Task L margin,XGBoost,Permutation fallback (ValueError)
missingindicator_home_goals_against_l10,0.0,0.0,Task L margin,XGBoost,Permutation fallback (ValueError)
missingindicator_home_goal_difference_l10,0.0,0.0,Task L margin,XGBoost,Permutation fallback (ValueError)
missingindicator_home_shots_for_l10,0.0,0.0,Task L margin,XGBoost,Permutation fallback (ValueError)
missingindicator_home_shots_against_l10,0.0,0.0,Task L margin,XGBoost,Permutation fallback (ValueError)
missingindicator_home_shots_on_target_for_l10,0.0,0.0,Task L margin,XGBoost,Permutation fallback (ValueError)
missingindicator_home_shots_on_target_against_l10,0.0,0.0,Task L margin,XGBoost,Permutation fallback (ValueError)
missingindicator_home_xg_for_l10,0.0,0.0,Task L margin,XGBoost,Permutation fallback (ValueError)
missingindicator_home_xg_against_l10,0.0,0.0,Task L margin,XGBoost,Permutation fallback (ValueError)
missingindicator_home_passes_for_l10,0.0,0.0,Task L margin,XGBoost,Permutation fallback (ValueError)
missingindicator_home_pass_completion_for_l10,0.0,0.0,Task L margin,XGBoost,Permutation fallback (ValueError)
missingindicator_home_pressures_for_l10,0.0,0.0,Task L margin,XGBoost,Permutation fallback (ValueError)
missingindicator_home_final_third_entries_for_l10,0.0,0.0,Task L margin,XGBoost,Permutation fallback (ValueError)
missingindicator_home_red_cards_for_l10,0.0,0.0,Task L margin,XGBoost,Permutation fallback (ValueError)
missingindicator_home_possession_share_l10,0.0,0.0,Task L margin,XGBoost,Permutation fallback (ValueError)
missingindicator_away_rest_days,0.0,0.0,Task L margin,XGBoost,Permutation fallback (ValueError)
missingindicator_away_points_l3,0.0,0.0,Task L margin,XGBoost,Permutation fallback (ValueError)
missingindicator_away_goals_for_l3,0.0,0.0,Task L margin,XGBoost,Permutation fallback (ValueError)
missingindicator_away_goals_against_l3,0.0,0.0,Task L margin,XGBoost,Permutation fallback (ValueError)
missingindicator_away_goal_difference_l3,0.0,0.0,Task L margin,XGBoost,Permutation fallback (ValueError)
missingindicator_away_shots_for_l3,0.0,0.0,Task L margin,XGBoost,Permutation fallback (ValueError)
missingindicator_away_shots_against_l3,0.0,0.0,Task L margin,XGBoost,Permutation fallback (ValueError)
missingindicator_away_shots_on_target_for_l3,0.0,0.0,Task L margin,XGBoost,Permutation fallback (ValueError)
missingindicator_away_shots_on_target_against_l3,0.0,0.0,Task L margin,XGBoost,Permutation fallback (ValueError)
missingindicator_away_xg_for_l3,0.0,0.0,Task L margin,XGBoost,Permutation fallback (ValueError)
missingindicator_away_xg_against_l3,0.0,0.0,Task L margin,XGBoost,Permutation fallback (ValueError)
missingindicator_away_passes_for_l3,0.0,0.0,Task L margin,XGBoost,Permutation fallback (ValueError)
missingindicator_away_pass_completion_for_l3,0.0,0.0,Task L margin,XGBoost,Permutation fallback (ValueError)
missingindicator_away_pressures_for_l3,0.0,0.0,Task L margin,XGBoost,Permutation fallback (ValueError)
missingindicator_away_final_third_entries_for_l3,0.0,0.0,Task L margin,XGBoost,Permutation fallback (ValueError)
missingindicator_away_red_cards_for_l3,0.0,0.0,Task L margin,XGBoost,Permutation fallback (ValueError)
missingindicator_away_possession_share_l3,0.0,0.0,Task L margin,XGBoost,Permutation fallback (ValueError)
missingindicator_away_points_l5,0.0,0.0,Task L margin,XGBoost,Permutation fallback (ValueError)
missingindicator_away_goals_for_l5,0.0,0.0,Task L margin,XGBoost,Permutation fallback (ValueError)
missingindicator_away_goals_against_l5,0.0,0.0,Task L margin,XGBoost,Permutation fallback (ValueError)
missingindicator_away_goal_difference_l5,0.0,0.0,Task L margin,XGBoost,Permutation fallback (ValueError)
missingindicator_away_shots_for_l5,0.0,0.0,Task L margin,XGBoost,Permutation fallback (ValueError)
missingindicator_away_shots_against_l5,0.0,0.0,Task L margin,XGBoost,Permutation fallback (ValueError)
missingindicator_away_shots_on_target_for_l5,0.0,0.0,Task L margin,XGBoost,Permutation fallback (ValueError)
missingindicator_away_shots_on_target_against_l5,0.0,0.0,Task L margin,XGBoost,Permutation fallback (ValueError)
missingindicator_away_xg_for_l5,0.0,0.0,Task L margin,XGBoost,Permutation fallback (ValueError)
missingindicator_away_xg_against_l5,0.0,0.0,Task L margin,XGBoost,Permutation fallback (ValueError)
missingindicator_away_passes_for_l5,0.0,0.0,Task L margin,XGBoost,Permutation fallback (ValueError)
missingindicator_away_pass_completion_for_l5,0.0,0.0,Task L margin,XGBoost,Permutation fallback (ValueError)
missingindicator_away_pressures_for_l5,0.0,0.0,Task L margin,XGBoost,Permutation fallback (ValueError)
missingindicator_diff_possession_share_l5,0.0,0.0,Task L margin,XGBoost,Permutation fallback (ValueError)
missingindicator_diff_points_l10,0.0,0.0,Task L margin,XGBoost,Permutation fallback (ValueError)
missingindicator_diff_goal_difference_l10,0.0,0.0,Task L margin,XGBoost,Permutation fallback (ValueError)
missingindicator_diff_shots_for_l10,0.0,0.0,Task L margin,XGBoost,Permutation fallback (ValueError)
missingindicator_diff_xg_for_l10,0.0,0.0,Task L margin,XGBoost,Permutation fallback (ValueError)
missingindicator_diff_pass_completion_for_l10,0.0,0.0,Task L margin,XGBoost,Permutation fallback (ValueError)
missingindicator_diff_pressures_for_l10,0.0,0.0,Task L margin,XGBoost,Permutation fallback (ValueError)
missingindicator_diff_possession_share_l10,0.0,0.0,Task L margin,XGBoost,Permutation fallback (ValueError)
missingindicator_rest_days_difference,0.0,0.0,Task L margin,XGBoost,Permutation fallback (ValueError)
current_goal_difference,0.5597618621695755,132.0,Task L margin,LightGBM,Permutation fallback (ExplainerError)
p1_away_rank_total,0.12124243574802708,17.0,Task L margin,LightGBM,Permutation fallback (ExplainerError)
home_passes_for_l10,0.10960375505576495,28.0,Task L margin,LightGBM,Permutation fallback (ExplainerError)
current_home_score,0.09353501185651139,10.0,Task L margin,LightGBM,Permutation fallback (ExplainerError)
home_pass_completion_for_l5,0.07642187723059425,31.0,Task L margin,LightGBM,Permutation fallback (ExplainerError)
p1_away_con_total,0.0736781216928734,16.0,Task L margin,LightGBM,Permutation fallback (ExplainerError)
home_pass_completion_for_l3,0.07281548175793479,38.0,Task L margin,LightGBM,Permutation fallback (ExplainerError)
p1_away_scr_home,0.0656633720342303,21.0,Task L margin,LightGBM,Permutation fallback (ExplainerError)
home_goals_against_l10,0.06268903545592612,27.0,Task L margin,LightGBM,Permutation fallback (ExplainerError)
current_away_score,0.062302592591149786,14.0,Task L margin,LightGBM,Permutation fallback (ExplainerError)
diff_shots_for_l3,0.05797476436376915,22.0,Task L margin,LightGBM,Permutation fallback (ExplainerError)
home_shots_for_l3,0.05344890136024473,21.0,Task L margin,LightGBM,Permutation fallback (ExplainerError)
home_xg_for_l3,0.05207280560633371,18.0,Task L margin,LightGBM,Permutation fallback (ExplainerError)
away_shots_on_target_for_l5,0.046467457750361145,28.0,Task L margin,LightGBM,Permutation fallback (ExplainerError)
away_shots_on_target_against_l3,0.045097595803909055,17.0,Task L margin,LightGBM,Permutation fallback (ExplainerError)
away_xg_against_l3,0.043067960257428296,18.0,Task L margin,LightGBM,Permutation fallback (ExplainerError)
diff_shots_for_l5,0.04211269115409369,16.0,Task L margin,LightGBM,Permutation fallback (ExplainerError)
diff_pressures_for_l10,0.038438986672375317,22.0,Task L margin,LightGBM,Permutation fallback (ExplainerError)
live_diff_xg,0.03792604379773786,7.0,Task L margin,LightGBM,Permutation fallback (ExplainerError)
home_goal_difference_l10,0.036437592512647964,19.0,Task L margin,LightGBM,Permutation fallback (ExplainerError)
away_shots_on_target_for_l10,0.035188297322081175,12.0,Task L margin,LightGBM,Permutation fallback (ExplainerError)
diff_xg_for_l3,0.03390074715885728,14.0,Task L margin,LightGBM,Permutation fallback (ExplainerError)
home_goals_for_l5,0.03343507875110662,14.0,Task L margin,LightGBM,Permutation fallback (ExplainerError)
home_pass_completion_for_l10,0.032344060332472675,21.0,Task L margin,LightGBM,Permutation fallback (ExplainerError)
away_shots_against_l10,0.030888968858973496,38.0,Task L margin,LightGBM,Permutation fallback (ExplainerError)
diff_goal_difference_l10,0.028619344442996932,7.0,Task L margin,LightGBM,Permutation fallback (ExplainerError)
p1_home_con_total,0.0286058893654328,15.0,Task L margin,LightGBM,Permutation fallback (ExplainerError)
away_goals_against_l5,0.027748509574523492,13.0,Task L margin,LightGBM,Permutation fallback (ExplainerError)
diff_pressures_for_l5,0.027502148002240007,26.0,Task L margin,LightGBM,Permutation fallback (ExplainerError)
p1_away_con_away,0.02671408050703742,10.0,Task L margin,LightGBM,Permutation fallback (ExplainerError)
diff_shots_for_l10,0.02508071316948436,7.0,Task L margin,LightGBM,Permutation fallback (ExplainerError)
home_xg_for_l5,0.024496844870334645,9.0,Task L margin,LightGBM,Permutation fallback (ExplainerError)
home_shots_on_target_for_l3,0.02366299380173063,12.0,Task L margin,LightGBM,Permutation fallback (ExplainerError)
away_xg_against_l10,0.02214894951382852,33.0,Task L margin,LightGBM,Permutation fallback (ExplainerError)
away_pass_completion_for_l3,0.021869297599469036,12.0,Task L margin,LightGBM,Permutation fallback (ExplainerError)
away_pressures_for_l3,0.020723053525108823,24.0,Task L margin,LightGBM,Permutation fallback (ExplainerError)
away_xg_for_l5,0.019862776098815187,14.0,Task L margin,LightGBM,Permutation fallback (ExplainerError)
away_xg_for_l3,0.019065071396207153,18.0,Task L margin,LightGBM,Permutation fallback (ExplainerError)
away_shots_for_l10,0.018971011668457483,9.0,Task L margin,LightGBM,Permutation fallback (ExplainerError)
away_shots_for_l5,0.017799698553453647,17.0,Task L margin,LightGBM,Permutation fallback (ExplainerError)
away_shots_on_target_against_l5,0.01770680258302737,12.0,Task L margin,LightGBM,Permutation fallback (ExplainerError)
diff_pressures_for_l3,0.017477484203628484,10.0,Task L margin,LightGBM,Permutation fallback (ExplainerError)
home_shots_against_l10,0.016325644939496085,12.0,Task L margin,LightGBM,Permutation fallback (ExplainerError)
home_rest_days,0.016096536429642372,17.0,Task L margin,LightGBM,Permutation fallback (ExplainerError)
away_xg_for_l10,0.015545849485914365,10.0,Task L margin,LightGBM,Permutation fallback (ExplainerError)
home_possession_share_l5,0.0148197129376482,4.0,Task L margin,LightGBM,Permutation fallback (ExplainerError)
diff_goal_difference_l5,0.014599527751972784,6.0,Task L margin,LightGBM,Permutation fallback (ExplainerError)
diff_points_l10,0.014354624332070362,7.0,Task L margin,LightGBM,Permutation fallback (ExplainerError)
home_shots_on_target_for_l5,0.013648856262839563,5.0,Task L margin,LightGBM,Permutation fallback (ExplainerError)
home_points_l10,0.01327982133175621,7.0,Task L margin,LightGBM,Permutation fallback (ExplainerError)
diff_possession_share_l10,0.013004944982686784,11.0,Task L margin,LightGBM,Permutation fallback (ExplainerError)
home_passes_for_l3,0.012752392441198334,8.0,Task L margin,LightGBM,Permutation fallback (ExplainerError)
away_final_third_entries_for_l3,0.012227968534539703,7.0,Task L margin,LightGBM,Permutation fallback (ExplainerError)
away_shots_on_target_for_l3,0.0115406650648129,7.0,Task L margin,LightGBM,Permutation fallback (ExplainerError)
home_goals_for_l3,0.01153519053054089,6.0,Task L margin,LightGBM,Permutation fallback (ExplainerError)
diff_points_l5,0.011110741460613848,7.0,Task L margin,LightGBM,Permutation fallback (ExplainerError)
home_final_third_entries_for_l5,0.011109873362851764,8.0,Task L margin,LightGBM,Permutation fallback (ExplainerError)
home_xg_against_l3,0.011074122445189917,10.0,Task L margin,LightGBM,Permutation fallback (ExplainerError)
home_shots_for_l10,0.010787664185742313,9.0,Task L margin,LightGBM,Permutation fallback (ExplainerError)
away_goal_difference_l10,0.010677165396063426,11.0,Task L margin,LightGBM,Permutation fallback (ExplainerError)
p1_away_scr_total,0.01064492954177294,7.0,Task L margin,LightGBM,Permutation fallback (ExplainerError)
away_goals_for_l5,0.010525707876852737,13.0,Task L margin,LightGBM,Permutation fallback (ExplainerError)
home_goal_difference_l3,0.009721839494483771,19.0,Task L margin,LightGBM,Permutation fallback (ExplainerError)
rest_days_difference,0.009711772877311163,3.0,Task L margin,LightGBM,Permutation fallback (ExplainerError)
p1_away_rank_away,0.009448728992507342,6.0,Task L margin,LightGBM,Permutation fallback (ExplainerError)
p1_away_rank_home,0.009286718366390558,5.0,Task L margin,LightGBM,Permutation fallback (ExplainerError)
home_goal_difference_l5,0.008828715691017949,3.0,Task L margin,LightGBM,Permutation fallback (ExplainerError)
home_shots_on_target_for_l10,0.008301989464514008,5.0,Task L margin,LightGBM,Permutation fallback (ExplainerError)
away_passes_for_l10,0.008224258077249434,8.0,Task L margin,LightGBM,Permutation fallback (ExplainerError)
away_red_cards_for_l10,0.007991700866067562,6.0,Task L margin,LightGBM,Permutation fallback (ExplainerError)
away_shots_against_l3,0.00776036980559516,9.0,Task L margin,LightGBM,Permutation fallback (ExplainerError)
away_final_third_entries_for_l10,0.007472865552627816,7.0,Task L margin,LightGBM,Permutation fallback (ExplainerError)
home_xg_for_l10,0.006904409381420469,4.0,Task L margin,LightGBM,Permutation fallback (ExplainerError)
home_xg_against_l5,0.006508521162189242,7.0,Task L margin,LightGBM,Permutation fallback (ExplainerError)
away_goals_for_l3,0.00638202503021076,9.0,Task L margin,LightGBM,Permutation fallback (ExplainerError)
diff_xg_for_l5,0.006216831339459464,5.0,Task L margin,LightGBM,Permutation fallback (ExplainerError)
away_pressures_for_l5,0.006197813190520607,5.0,Task L margin,LightGBM,Permutation fallback (ExplainerError)
home_final_third_entries_for_l3,0.006041730149168588,5.0,Task L margin,LightGBM,Permutation fallback (ExplainerError)
home_points_l3,0.005989152925185757,6.0,Task L margin,LightGBM,Permutation fallback (ExplainerError)
home_pressures_for_l5,0.00569716778028099,2.0,Task L margin,LightGBM,Permutation fallback (ExplainerError)
away_rest_days,0.00568156832716632,16.0,Task L margin,LightGBM,Permutation fallback (ExplainerError)
p1_home_rank_away,0.0054890617573239925,5.0,Task L margin,LightGBM,Permutation fallback (ExplainerError)
away_goals_for_l10,0.005344297274098816,8.0,Task L margin,LightGBM,Permutation fallback (ExplainerError)
diff_xg_for_l10,0.00533103406063989,2.0,Task L margin,LightGBM,Permutation fallback (ExplainerError)
away_possession_share_l5,0.005297303586774904,8.0,Task L margin,LightGBM,Permutation fallback (ExplainerError)
away_live_fouls,0.004822631341356922,5.0,Task L margin,LightGBM,Permutation fallback (ExplainerError)
home_pressures_for_l3,0.00479888594890587,3.0,Task L margin,LightGBM,Permutation fallback (ExplainerError)
diff_pass_completion_for_l10,0.004318083433921299,4.0,Task L margin,LightGBM,Permutation fallback (ExplainerError)
away_goals_against_l3,0.004306221151147164,1.0,Task L margin,LightGBM,Permutation fallback (ExplainerError)
home_live_xg,0.004222250427373631,12.0,Task L margin,LightGBM,Permutation fallback (ExplainerError)
away_pass_completion_for_l5,0.004125595132108419,1.0,Task L margin,LightGBM,Permutation fallback (ExplainerError)
home_shots_on_target_against_l3,0.003881473777392235,12.0,Task L margin,LightGBM,Permutation fallback (ExplainerError)
home_xg_against_l10,0.003862053519645637,5.0,Task L margin,LightGBM,Permutation fallback (ExplainerError)
away_possession_share_l3,0.003692323075574628,5.0,Task L margin,LightGBM,Permutation fallback (ExplainerError)
away_pressures_for_l10,0.003610663235163922,1.0,Task L margin,LightGBM,Permutation fallback (ExplainerError)
home_pressures_for_l10,0.0033451385042709983,3.0,Task L margin,LightGBM,Permutation fallback (ExplainerError)
away_possession_share_l10,0.0033175762034284508,5.0,Task L margin,LightGBM,Permutation fallback (ExplainerError)
home_goals_against_l5,0.0032952995658618706,1.0,Task L margin,LightGBM,Permutation fallback (ExplainerError)
away_goal_difference_l3,0.003195339410703548,2.0,Task L margin,LightGBM,Permutation fallback (ExplainerError)
diff_pass_completion_for_l5,0.002981338975036381,2.0,Task L margin,LightGBM,Permutation fallback (ExplainerError)
home_red_cards_for_l5,0.0027176151875368602,1.0,Task L margin,LightGBM,Permutation fallback (ExplainerError)
away_xg_against_l5,0.002690764616870673,3.0,Task L margin,LightGBM,Permutation fallback (ExplainerError)
away_shots_against_l5,0.002657273348153991,9.0,Task L margin,LightGBM,Permutation fallback (ExplainerError)
away_final_third_entries_for_l5,0.002613642616773703,6.0,Task L margin,LightGBM,Permutation fallback (ExplainerError)
p1_home_scr_total,0.002480986173731606,1.0,Task L margin,LightGBM,Permutation fallback (ExplainerError)
away_shots_on_target_against_l10,0.002463528437907353,3.0,Task L margin,LightGBM,Permutation fallback (ExplainerError)
home_shots_for_l5,0.002444458966312609,3.0,Task L margin,LightGBM,Permutation fallback (ExplainerError)
diff_pass_completion_for_l3,0.0021782839534719226,3.0,Task L margin,LightGBM,Permutation fallback (ExplainerError)
diff_possession_share_l3,0.0019825727575066465,3.0,Task L margin,LightGBM,Permutation fallback (ExplainerError)
diff_goal_difference_l3,0.0019736023439433674,2.0,Task L margin,LightGBM,Permutation fallback (ExplainerError)
away_live_carries,0.0019679332792224115,4.0,Task L margin,LightGBM,Permutation fallback (ExplainerError)
away_pass_completion_for_l10,0.0018021997133662654,1.0,Task L margin,LightGBM,Permutation fallback (ExplainerError)
home_shots_on_target_against_l5,0.0016816272904122429,4.0,Task L margin,LightGBM,Permutation fallback (ExplainerError)
p1_away_scr_away,0.0016484426204878666,13.0,Task L margin,LightGBM,Permutation fallback (ExplainerError)
p1_home_rank_home,0.0015759437498814976,1.0,Task L margin,LightGBM,Permutation fallback (ExplainerError)
p1_home_rank_total,0.0014671260432256817,1.0,Task L margin,LightGBM,Permutation fallback (ExplainerError)
home_live_final_third_entries,0.0014588615131657906,2.0,Task L margin,LightGBM,Permutation fallback (ExplainerError)
away_live_xg,0.001371279093336645,4.0,Task L margin,LightGBM,Permutation fallback (ExplainerError)
home_live_fouls,0.0013061386497543355,3.0,Task L margin,LightGBM,Permutation fallback (ExplainerError)
away_goals_against_l10,0.0012051228489195465,3.0,Task L margin,LightGBM,Permutation fallback (ExplainerError)
home_final_third_entries_for_l10,0.0010555441263042059,3.0,Task L margin,LightGBM,Permutation fallback (ExplainerError)
diff_possession_share_l5,0.0010069204745048505,3.0,Task L margin,LightGBM,Permutation fallback (ExplainerError)
away_live_completed_passes,0.0009975526595518446,2.0,Task L margin,LightGBM,Permutation fallback (ExplainerError)
home_live_pass_completion,0.0009758393718894638,1.0,Task L margin,LightGBM,Permutation fallback (ExplainerError)
away_points_l3,0.000862564003663611,1.0,Task L margin,LightGBM,Permutation fallback (ExplainerError)
away_red_cards_for_l5,0.000857921390504581,1.0,Task L margin,LightGBM,Permutation fallback (ExplainerError)
away_live_pressures,0.0008440394180708827,5.0,Task L margin,LightGBM,Permutation fallback (ExplainerError)
p1_home_scr_home,0.0007922214283480201,1.0,Task L margin,LightGBM,Permutation fallback (ExplainerError)
home_points_l5,0.0007778244051870959,1.0,Task L margin,LightGBM,Permutation fallback (ExplainerError)
home_goals_for_l10,0.0007518670438610692,1.0,Task L margin,LightGBM,Permutation fallback (ExplainerError)
away_passes_for_l5,0.000705068760716474,3.0,Task L margin,LightGBM,Permutation fallback (ExplainerError)
home_live_corners,0.0006359764319669811,9.0,Task L margin,LightGBM,Permutation fallback (ExplainerError)
home_live_shots_on_target,0.0005916004775640271,6.0,Task L margin,LightGBM,Permutation fallback (ExplainerError)
home_possession_share_l10,0.000574729943035615,2.0,Task L margin,LightGBM,Permutation fallback (ExplainerError)
home_live_pressures,0.0005446911725121034,2.0,Task L margin,LightGBM,Permutation fallback (ExplainerError)
p1_home_con_away,0.0005210977187468877,7.0,Task L margin,LightGBM,Permutation fallback (ExplainerError)
live_diff_shots,0.0004776555022768069,2.0,Task L margin,LightGBM,Permutation fallback (ExplainerError)
home_red_cards_for_l10,0.00044909796423865596,3.0,Task L margin,LightGBM,Permutation fallback (ExplainerError)
away_shots_for_l3,0.00042237888560148565,2.0,Task L margin,LightGBM,Permutation fallback (ExplainerError)
home_possession_share_l3,0.0003685522243764318,1.0,Task L margin,LightGBM,Permutation fallback (ExplainerError)
away_live_passes,0.00014540742830972375,1.0,Task L margin,LightGBM,Permutation fallback (ExplainerError)
reference_second,6.690281554676917e-05,1.0,Task L margin,LightGBM,Permutation fallback (ExplainerError)
missingindicator_away_shots_on_target_against_l10,0.0,0.0,Task L margin,LightGBM,Permutation fallback (ExplainerError)
missingindicator_away_shots_against_l10,0.0,0.0,Task L margin,LightGBM,Permutation fallback (ExplainerError)
missingindicator_away_shots_on_target_for_l10,0.0,0.0,Task L margin,LightGBM,Permutation fallback (ExplainerError)
missingindicator_away_possession_share_l5,0.0,0.0,Task L margin,LightGBM,Permutation fallback (ExplainerError)
missingindicator_away_red_cards_for_l5,0.0,0.0,Task L margin,LightGBM,Permutation fallback (ExplainerError)
missingindicator_away_final_third_entries_for_l5,0.0,0.0,Task L margin,LightGBM,Permutation fallback (ExplainerError)
away_live_shots_on_target,0.0,2.0,Task L margin,LightGBM,Permutation fallback (ExplainerError)
away_live_shots,0.0,1.0,Task L margin,LightGBM,Permutation fallback (ExplainerError)
home_live_final_third_entries_last10,0.0,0.0,Task L margin,LightGBM,Permutation fallback (ExplainerError)
home_live_pressures_last10,0.0,0.0,Task L margin,LightGBM,Permutation fallback (ExplainerError)
home_live_xg_last10,0.0,0.0,Task L margin,LightGBM,Permutation fallback (ExplainerError)
home_live_shots_last10,0.0,0.0,Task L margin,LightGBM,Permutation fallback (ExplainerError)
home_live_final_third_entries_last5,0.0,0.0,Task L margin,LightGBM,Permutation fallback (ExplainerError)
home_live_pressures_last5,0.0,0.0,Task L margin,LightGBM,Permutation fallback (ExplainerError)
missingindicator_away_shots_for_l10,0.0,0.0,Task L margin,LightGBM,Permutation fallback (ExplainerError)
missingindicator_away_goal_difference_l10,0.0,0.0,Task L margin,LightGBM,Permutation fallback (ExplainerError)
missingindicator_away_goals_against_l10,0.0,0.0,Task L margin,LightGBM,Permutation fallback (ExplainerError)
missingindicator_away_goals_for_l10,0.0,0.0,Task L margin,LightGBM,Permutation fallback (ExplainerError)
missingindicator_away_points_l10,0.0,0.0,Task L margin,LightGBM,Permutation fallback (ExplainerError)
missingindicator_diff_points_l3,0.0,0.0,Task L margin,LightGBM,Permutation fallback (ExplainerError)
missingindicator_away_xg_against_l10,0.0,0.0,Task L margin,LightGBM,Permutation fallback (ExplainerError)
missingindicator_away_passes_for_l10,0.0,0.0,Task L margin,LightGBM,Permutation fallback (ExplainerError)
missingindicator_away_pass_completion_for_l10,0.0,0.0,Task L margin,LightGBM,Permutation fallback (ExplainerError)
missingindicator_away_pressures_for_l10,0.0,0.0,Task L margin,LightGBM,Permutation fallback (ExplainerError)
missingindicator_away_final_third_entries_for_l10,0.0,0.0,Task L margin,LightGBM,Permutation fallback (ExplainerError)
missingindicator_away_red_cards_for_l10,0.0,0.0,Task L margin,LightGBM,Permutation fallback (ExplainerError)
missingindicator_away_xg_for_l10,0.0,0.0,Task L margin,LightGBM,Permutation fallback (ExplainerError)
away_history_matches_before,0.0,0.0,Task L margin,LightGBM,Permutation fallback (ExplainerError)
home_missing_history_l10,0.0,0.0,Task L margin,LightGBM,Permutation fallback (ExplainerError)
missingindicator_diff_xg_for_l5,0.0,0.0,Task L margin,LightGBM,Permutation fallback (ExplainerError)
missingindicator_diff_shots_for_l5,0.0,0.0,Task L margin,LightGBM,Permutation fallback (ExplainerError)
missingindicator_diff_pass_completion_for_l5,0.0,0.0,Task L margin,LightGBM,Permutation fallback (ExplainerError)
missingindicator_diff_pressures_for_l5,0.0,0.0,Task L margin,LightGBM,Permutation fallback (ExplainerError)
home_missing_history_l5,0.0,0.0,Task L margin,LightGBM,Permutation fallback (ExplainerError)
home_shots_on_target_against_l10,0.0,0.0,Task L margin,LightGBM,Permutation fallback (ExplainerError)
missingindicator_diff_goal_difference_l5,0.0,0.0,Task L margin,LightGBM,Permutation fallback (ExplainerError)
missingindicator_diff_goal_difference_l3,0.0,0.0,Task L margin,LightGBM,Permutation fallback (ExplainerError)
missingindicator_diff_shots_for_l3,0.0,0.0,Task L margin,LightGBM,Permutation fallback (ExplainerError)
missingindicator_diff_xg_for_l3,0.0,0.0,Task L margin,LightGBM,Permutation fallback (ExplainerError)
missingindicator_diff_pass_completion_for_l3,0.0,0.0,Task L margin,LightGBM,Permutation fallback (ExplainerError)
missingindicator_diff_pressures_for_l3,0.0,0.0,Task L margin,LightGBM,Permutation fallback (ExplainerError)
missingindicator_diff_possession_share_l3,0.0,0.0,Task L margin,LightGBM,Permutation fallback (ExplainerError)
missingindicator_diff_points_l5,0.0,0.0,Task L margin,LightGBM,Permutation fallback (ExplainerError)
missingindicator_away_possession_share_l10,0.0,0.0,Task L margin,LightGBM,Permutation fallback (ExplainerError)
home_shots_against_l3,0.0,12.0,Task L margin,LightGBM,Permutation fallback (ExplainerError)
away_missing_history_l5,0.0,0.0,Task L margin,LightGBM,Permutation fallback (ExplainerError)
home_live_xg_last5,0.0,0.0,Task L margin,LightGBM,Permutation fallback (ExplainerError)
home_live_shots_last5,0.0,0.0,Task L margin,LightGBM,Permutation fallback (ExplainerError)
home_live_possession_share,0.0,0.0,Task L margin,LightGBM,Permutation fallback (ExplainerError)
home_live_red_cards,0.0,0.0,Task L margin,LightGBM,Permutation fallback (ExplainerError)
home_live_carries,0.0,0.0,Task L margin,LightGBM,Permutation fallback (ExplainerError)
home_live_shots,0.0,1.0,Task L margin,LightGBM,Permutation fallback (ExplainerError)
time_remaining_minutes,0.0,0.0,Task L margin,LightGBM,Permutation fallback (ExplainerError)
n_events_so_far,0.0,0.0,Task L margin,LightGBM,Permutation fallback (ExplainerError)
snapshot_period,0.0,0.0,Task L margin,LightGBM,Permutation fallback (ExplainerError)
snapshot_minute,0.0,0.0,Task L margin,LightGBM,Permutation fallback (ExplainerError)
snapshot_rank,0.0,0.0,Task L margin,LightGBM,Permutation fallback (ExplainerError)
home_live_completed_passes,0.0,0.0,Task L margin,LightGBM,Permutation fallback (ExplainerError)
home_live_passes,0.0,0.0,Task L margin,LightGBM,Permutation fallback (ExplainerError)
away_missing_history_l10,0.0,0.0,Task L margin,LightGBM,Permutation fallback (ExplainerError)
diff_points_l3,0.0,13.0,Task L margin,LightGBM,Permutation fallback (ExplainerError)
home_shots_against_l5,0.0,4.0,Task L margin,LightGBM,Permutation fallback (ExplainerError)
home_passes_for_l5,0.0,0.0,Task L margin,LightGBM,Permutation fallback (ExplainerError)
home_missing_history_l3,0.0,0.0,Task L margin,LightGBM,Permutation fallback (ExplainerError)
home_red_cards_for_l3,0.0,1.0,Task L margin,LightGBM,Permutation fallback (ExplainerError)
home_goals_against_l3,0.0,0.0,Task L margin,LightGBM,Permutation fallback (ExplainerError)
away_passes_for_l3,0.0,0.0,Task L margin,LightGBM,Permutation fallback (ExplainerError)
away_goal_difference_l5,0.0,0.0,Task L margin,LightGBM,Permutation fallback (ExplainerError)
away_red_cards_for_l3,0.0,0.0,Task L margin,LightGBM,Permutation fallback (ExplainerError)
away_missing_history_l3,0.0,0.0,Task L margin,LightGBM,Permutation fallback (ExplainerError)
away_points_l5,0.0,0.0,Task L margin,LightGBM,Permutation fallback (ExplainerError)
away_points_l10,0.0,0.0,Task L margin,LightGBM,Permutation fallback (ExplainerError)
away_live_possession_share,0.0,0.0,Task L margin,LightGBM,Permutation fallback (ExplainerError)
away_live_pass_completion,0.0,5.0,Task L margin,LightGBM,Permutation fallback (ExplainerError)
away_live_corners,0.0,2.0,Task L margin,LightGBM,Permutation fallback (ExplainerError)
away_live_pressures_last5,0.0,0.0,Task L margin,LightGBM,Permutation fallback (ExplainerError)
away_live_xg_last5,0.0,0.0,Task L margin,LightGBM,Permutation fallback (ExplainerError)
away_live_xg_last10,0.0,0.0,Task L margin,LightGBM,Permutation fallback (ExplainerError)
away_live_final_third_entries_last5,0.0,0.0,Task L margin,LightGBM,Permutation fallback (ExplainerError)
away_live_pressures_last10,0.0,0.0,Task L margin,LightGBM,Permutation fallback (ExplainerError)
away_live_final_third_entries_last10,0.0,0.0,Task L margin,LightGBM,Permutation fallback (ExplainerError)
man_advantage_home,0.0,0.0,Task L margin,LightGBM,Permutation fallback (ExplainerError)
away_live_shots_last10,0.0,0.0,Task L margin,LightGBM,Permutation fallback (ExplainerError)
live_diff_shots_on_target,0.0,0.0,Task L margin,LightGBM,Permutation fallback (ExplainerError)
live_diff_pressures,0.0,0.0,Task L margin,LightGBM,Permutation fallback (ExplainerError)
live_diff_possession_share,0.0,0.0,Task L margin,LightGBM,Permutation fallback (ExplainerError)
live_diff_final_third_entries,0.0,0.0,Task L margin,LightGBM,Permutation fallback (ExplainerError)
live_diff_shots_last5,0.0,0.0,Task L margin,LightGBM,Permutation fallback (ExplainerError)
away_live_shots_last5,0.0,0.0,Task L margin,LightGBM,Permutation fallback (ExplainerError)
away_live_final_third_entries,0.0,0.0,Task L margin,LightGBM,Permutation fallback (ExplainerError)
away_live_red_cards,0.0,0.0,Task L margin,LightGBM,Permutation fallback (ExplainerError)
home_history_matches_before,0.0,11.0,Task L margin,LightGBM,Permutation fallback (ExplainerError)
live_diff_pressures_last5,0.0,0.0,Task L margin,LightGBM,Permutation fallback (ExplainerError)
live_diff_xg_last5,0.0,0.0,Task L margin,LightGBM,Permutation fallback (ExplainerError)
p1_home_con_home,0.0,0.0,Task L margin,LightGBM,Permutation fallback (ExplainerError)
p1_home_scr_away,0.0,0.0,Task L margin,LightGBM,Permutation fallback (ExplainerError)
p1_away_con_home,0.0,0.0,Task L margin,LightGBM,Permutation fallback (ExplainerError)
missingindicator_home_live_pass_completion,0.0,0.0,Task L margin,LightGBM,Permutation fallback (ExplainerError)
missingindicator_away_live_pass_completion,0.0,0.0,Task L margin,LightGBM,Permutation fallback (ExplainerError)
missingindicator_home_rest_days,0.0,0.0,Task L margin,LightGBM,Permutation fallback (ExplainerError)
missingindicator_home_points_l3,0.0,0.0,Task L margin,LightGBM,Permutation fallback (ExplainerError)
missingindicator_home_goals_for_l3,0.0,0.0,Task L margin,LightGBM,Permutation fallback (ExplainerError)
missingindicator_home_goals_against_l3,0.0,0.0,Task L margin,LightGBM,Permutation fallback (ExplainerError)
missingindicator_home_goal_difference_l3,0.0,0.0,Task L margin,LightGBM,Permutation fallback (ExplainerError)
missingindicator_home_shots_for_l3,0.0,0.0,Task L margin,LightGBM,Permutation fallback (ExplainerError)
missingindicator_home_shots_against_l3,0.0,0.0,Task L margin,LightGBM,Permutation fallback (ExplainerError)
missingindicator_home_shots_on_target_for_l3,0.0,0.0,Task L margin,LightGBM,Permutation fallback (ExplainerError)
missingindicator_home_shots_on_target_against_l3,0.0,0.0,Task L margin,LightGBM,Permutation fallback (ExplainerError)
missingindicator_home_xg_for_l3,0.0,0.0,Task L margin,LightGBM,Permutation fallback (ExplainerError)
missingindicator_home_xg_against_l3,0.0,0.0,Task L margin,LightGBM,Permutation fallback (ExplainerError)
missingindicator_home_passes_for_l3,0.0,0.0,Task L margin,LightGBM,Permutation fallback (ExplainerError)
missingindicator_home_pass_completion_for_l3,0.0,0.0,Task L margin,LightGBM,Permutation fallback (ExplainerError)
missingindicator_home_pressures_for_l3,0.0,0.0,Task L margin,LightGBM,Permutation fallback (ExplainerError)
missingindicator_home_final_third_entries_for_l3,0.0,0.0,Task L margin,LightGBM,Permutation fallback (ExplainerError)
missingindicator_home_red_cards_for_l3,0.0,0.0,Task L margin,LightGBM,Permutation fallback (ExplainerError)
missingindicator_home_possession_share_l3,0.0,0.0,Task L margin,LightGBM,Permutation fallback (ExplainerError)
missingindicator_home_points_l5,0.0,0.0,Task L margin,LightGBM,Permutation fallback (ExplainerError)
missingindicator_home_goals_for_l5,0.0,0.0,Task L margin,LightGBM,Permutation fallback (ExplainerError)
missingindicator_home_goals_against_l5,0.0,0.0,Task L margin,LightGBM,Permutation fallback (ExplainerError)
missingindicator_home_goal_difference_l5,0.0,0.0,Task L margin,LightGBM,Permutation fallback (ExplainerError)
missingindicator_home_shots_for_l5,0.0,0.0,Task L margin,LightGBM,Permutation fallback (ExplainerError)
missingindicator_home_shots_against_l5,0.0,0.0,Task L margin,LightGBM,Permutation fallback (ExplainerError)
missingindicator_home_shots_on_target_for_l5,0.0,0.0,Task L margin,LightGBM,Permutation fallback (ExplainerError)
missingindicator_home_shots_on_target_against_l5,0.0,0.0,Task L margin,LightGBM,Permutation fallback (ExplainerError)
missingindicator_home_xg_for_l5,0.0,0.0,Task L margin,LightGBM,Permutation fallback (ExplainerError)
missingindicator_home_xg_against_l5,0.0,0.0,Task L margin,LightGBM,Permutation fallback (ExplainerError)
missingindicator_home_passes_for_l5,0.0,0.0,Task L margin,LightGBM,Permutation fallback (ExplainerError)
missingindicator_home_pass_completion_for_l5,0.0,0.0,Task L margin,LightGBM,Permutation fallback (ExplainerError)
missingindicator_home_pressures_for_l5,0.0,0.0,Task L margin,LightGBM,Permutation fallback (ExplainerError)
missingindicator_home_final_third_entries_for_l5,0.0,0.0,Task L margin,LightGBM,Permutation fallback (ExplainerError)
missingindicator_home_red_cards_for_l5,0.0,0.0,Task L margin,LightGBM,Permutation fallback (ExplainerError)
missingindicator_home_possession_share_l5,0.0,0.0,Task L margin,LightGBM,Permutation fallback (ExplainerError)
missingindicator_home_points_l10,0.0,0.0,Task L margin,LightGBM,Permutation fallback (ExplainerError)
missingindicator_home_goals_for_l10,0.0,0.0,Task L margin,LightGBM,Permutation fallback (ExplainerError)
missingindicator_home_goals_against_l10,0.0,0.0,Task L margin,LightGBM,Permutation fallback (ExplainerError)
missingindicator_home_goal_difference_l10,0.0,0.0,Task L margin,LightGBM,Permutation fallback (ExplainerError)
missingindicator_home_shots_for_l10,0.0,0.0,Task L margin,LightGBM,Permutation fallback (ExplainerError)
missingindicator_home_shots_against_l10,0.0,0.0,Task L margin,LightGBM,Permutation fallback (ExplainerError)
missingindicator_home_shots_on_target_for_l10,0.0,0.0,Task L margin,LightGBM,Permutation fallback (ExplainerError)
missingindicator_home_shots_on_target_against_l10,0.0,0.0,Task L margin,LightGBM,Permutation fallback (ExplainerError)
missingindicator_home_xg_for_l10,0.0,0.0,Task L margin,LightGBM,Permutation fallback (ExplainerError)
missingindicator_home_xg_against_l10,0.0,0.0,Task L margin,LightGBM,Permutation fallback (ExplainerError)
missingindicator_home_passes_for_l10,0.0,0.0,Task L margin,LightGBM,Permutation fallback (ExplainerError)
missingindicator_home_pass_completion_for_l10,0.0,0.0,Task L margin,LightGBM,Permutation fallback (ExplainerError)
missingindicator_home_pressures_for_l10,0.0,0.0,Task L margin,LightGBM,Permutation fallback (ExplainerError)
missingindicator_home_final_third_entries_for_l10,0.0,0.0,Task L margin,LightGBM,Permutation fallback (ExplainerError)
missingindicator_home_red_cards_for_l10,0.0,0.0,Task L margin,LightGBM,Permutation fallback (ExplainerError)
missingindicator_home_possession_share_l10,0.0,0.0,Task L margin,LightGBM,Permutation fallback (ExplainerError)
missingindicator_away_rest_days,0.0,0.0,Task L margin,LightGBM,Permutation fallback (ExplainerError)
missingindicator_away_points_l3,0.0,0.0,Task L margin,LightGBM,Permutation fallback (ExplainerError)
missingindicator_away_goals_for_l3,0.0,0.0,Task L margin,LightGBM,Permutation fallback (ExplainerError)
missingindicator_away_goals_against_l3,0.0,0.0,Task L margin,LightGBM,Permutation fallback (ExplainerError)
missingindicator_away_goal_difference_l3,0.0,0.0,Task L margin,LightGBM,Permutation fallback (ExplainerError)
missingindicator_away_shots_for_l3,0.0,0.0,Task L margin,LightGBM,Permutation fallback (ExplainerError)
missingindicator_away_shots_against_l3,0.0,0.0,Task L margin,LightGBM,Permutation fallback (ExplainerError)
missingindicator_away_shots_on_target_for_l3,0.0,0.0,Task L margin,LightGBM,Permutation fallback (ExplainerError)
missingindicator_away_shots_on_target_against_l3,0.0,0.0,Task L margin,LightGBM,Permutation fallback (ExplainerError)
missingindicator_away_xg_for_l3,0.0,0.0,Task L margin,LightGBM,Permutation fallback (ExplainerError)
missingindicator_away_xg_against_l3,0.0,0.0,Task L margin,LightGBM,Permutation fallback (ExplainerError)
missingindicator_away_passes_for_l3,0.0,0.0,Task L margin,LightGBM,Permutation fallback (ExplainerError)
missingindicator_away_pass_completion_for_l3,0.0,0.0,Task L margin,LightGBM,Permutation fallback (ExplainerError)
missingindicator_away_pressures_for_l3,0.0,0.0,Task L margin,LightGBM,Permutation fallback (ExplainerError)
missingindicator_away_final_third_entries_for_l3,0.0,0.0,Task L margin,LightGBM,Permutation fallback (ExplainerError)
missingindicator_away_red_cards_for_l3,0.0,0.0,Task L margin,LightGBM,Permutation fallback (ExplainerError)
missingindicator_away_possession_share_l3,0.0,0.0,Task L margin,LightGBM,Permutation fallback (ExplainerError)
missingindicator_away_points_l5,0.0,0.0,Task L margin,LightGBM,Permutation fallback (ExplainerError)
missingindicator_away_goals_for_l5,0.0,0.0,Task L margin,LightGBM,Permutation fallback (ExplainerError)
missingindicator_away_goals_against_l5,0.0,0.0,Task L margin,LightGBM,Permutation fallback (ExplainerError)
missingindicator_away_goal_difference_l5,0.0,0.0,Task L margin,LightGBM,Permutation fallback (ExplainerError)
missingindicator_away_shots_for_l5,0.0,0.0,Task L margin,LightGBM,Permutation fallback (ExplainerError)
missingindicator_away_shots_against_l5,0.0,0.0,Task L margin,LightGBM,Permutation fallback (ExplainerError)
missingindicator_away_shots_on_target_for_l5,0.0,0.0,Task L margin,LightGBM,Permutation fallback (ExplainerError)
missingindicator_away_shots_on_target_against_l5,0.0,0.0,Task L margin,LightGBM,Permutation fallback (ExplainerError)
missingindicator_away_xg_for_l5,0.0,0.0,Task L margin,LightGBM,Permutation fallback (ExplainerError)
missingindicator_away_xg_against_l5,0.0,0.0,Task L margin,LightGBM,Permutation fallback (ExplainerError)
missingindicator_away_passes_for_l5,0.0,0.0,Task L margin,LightGBM,Permutation fallback (ExplainerError)
missingindicator_away_pass_completion_for_l5,0.0,0.0,Task L margin,LightGBM,Permutation fallback (ExplainerError)
missingindicator_away_pressures_for_l5,0.0,0.0,Task L margin,LightGBM,Permutation fallback (ExplainerError)
missingindicator_diff_possession_share_l5,0.0,0.0,Task L margin,LightGBM,Permutation fallback (ExplainerError)
missingindicator_diff_points_l10,0.0,0.0,Task L margin,LightGBM,Permutation fallback (ExplainerError)
missingindicator_diff_goal_difference_l10,0.0,0.0,Task L margin,LightGBM,Permutation fallback (ExplainerError)
missingindicator_diff_shots_for_l10,0.0,0.0,Task L margin,LightGBM,Permutation fallback (ExplainerError)
missingindicator_diff_xg_for_l10,0.0,0.0,Task L margin,LightGBM,Permutation fallback (ExplainerError)
missingindicator_diff_pass_completion_for_l10,0.0,0.0,Task L margin,LightGBM,Permutation fallback (ExplainerError)
missingindicator_diff_pressures_for_l10,0.0,0.0,Task L margin,LightGBM,Permutation fallback (ExplainerError)
missingindicator_diff_possession_share_l10,0.0,0.0,Task L margin,LightGBM,Permutation fallback (ExplainerError)
missingindicator_rest_days_difference,0.0,0.0,Task L margin,LightGBM,Permutation fallback (ExplainerError)
