Feature,MeanAbsSHAP,BuiltinImportance,Task,Model,SHAPMethod
diff_xg_for_l3,0.014389981974766056,0.01763605416085421,Task C,Random Forest,TreeExplainer
p1_away_scr_home,0.009896432536437749,0.014348903443475504,Task C,Random Forest,TreeExplainer
diff_shots_for_l10,0.007601884794815559,0.011510741578493433,Task C,Random Forest,TreeExplainer
p1_away_rank_total,0.007439889230297447,0.013027885354849882,Task C,Random Forest,TreeExplainer
p1_away_scr_total,0.007322452134775758,0.011848532249626122,Task C,Random Forest,TreeExplainer
p1_away_con_total,0.007038246980619896,0.011506809915322597,Task C,Random Forest,TreeExplainer
diff_xg_for_l5,0.006584990676939634,0.011083062521729763,Task C,Random Forest,TreeExplainer
home_final_third_entries_for_l5,0.0057125787206599166,0.011532190872542043,Task C,Random Forest,TreeExplainer
away_pass_completion_for_l3,0.005283431281642308,0.009938583040952713,Task C,Random Forest,TreeExplainer
away_shots_on_target_for_l10,0.0051376267151230235,0.00936390669270299,Task C,Random Forest,TreeExplainer
p1_away_con_away,0.0049404018666950504,0.011579426034180579,Task C,Random Forest,TreeExplainer
diff_xg_for_l10,0.0048678281512682855,0.009582275111241859,Task C,Random Forest,TreeExplainer
home_xg_for_l3,0.00468958399397472,0.010340265488604911,Task C,Random Forest,TreeExplainer
away_pass_completion_for_l10,0.0046758767146119476,0.009598788692631664,Task C,Random Forest,TreeExplainer
home_pressures_for_l5,0.00458882830616009,0.008098516331961432,Task C,Random Forest,TreeExplainer
p1_away_rank_home,0.004497540367189869,0.008703879759176405,Task C,Random Forest,TreeExplainer
p1_home_scr_home,0.004434465904120508,0.009085926700420462,Task C,Random Forest,TreeExplainer
away_final_third_entries_for_l10,0.00432893215667077,0.01078511801892502,Task C,Random Forest,TreeExplainer
p1_away_rank_away,0.0042633901538648685,0.008192673035321618,Task C,Random Forest,TreeExplainer
home_rest_days,0.0039685461238271194,0.009977740534210518,Task C,Random Forest,TreeExplainer
away_shots_on_target_for_l5,0.0038952607396083427,0.009422616036949268,Task C,Random Forest,TreeExplainer
home_shots_for_l5,0.003871851759222349,0.009665545744058975,Task C,Random Forest,TreeExplainer
home_shots_for_l10,0.0037915110275174887,0.007861857877098337,Task C,Random Forest,TreeExplainer
away_goal_difference_l10,0.003746777605956255,0.009106640667965389,Task C,Random Forest,TreeExplainer
p1_home_scr_total,0.003661997098249892,0.007685403148584792,Task C,Random Forest,TreeExplainer
away_final_third_entries_for_l5,0.0035287704965162392,0.00967075108250271,Task C,Random Forest,TreeExplainer
diff_pressures_for_l3,0.0033740345054570613,0.006834627479662081,Task C,Random Forest,TreeExplainer
p1_home_con_total,0.003364703762365638,0.007220359397835721,Task C,Random Forest,TreeExplainer
home_shots_on_target_for_l3,0.003302969098330029,0.010617088987972867,Task C,Random Forest,TreeExplainer
home_pressures_for_l3,0.003300732497595402,0.008741606490512305,Task C,Random Forest,TreeExplainer
home_goals_for_l5,0.0032513579024703227,0.006678920892145792,Task C,Random Forest,TreeExplainer
home_shots_for_l3,0.0032403557098454154,0.007748749835958864,Task C,Random Forest,TreeExplainer
away_goals_for_l3,0.0032308883578940073,0.004522873962464226,Task C,Random Forest,TreeExplainer
diff_possession_share_l3,0.0031569567418248076,0.01037139675100517,Task C,Random Forest,TreeExplainer
p1_home_con_away,0.003018089406958232,0.008575317514965214,Task C,Random Forest,TreeExplainer
diff_pressures_for_l10,0.0030178129743970317,0.007258156401457139,Task C,Random Forest,TreeExplainer
away_xg_against_l3,0.0029715086394445245,0.006926632446673523,Task C,Random Forest,TreeExplainer
away_xg_for_l3,0.002971163835949542,0.008387424824688253,Task C,Random Forest,TreeExplainer
away_pass_completion_for_l5,0.0029537535018280734,0.0075107512062706615,Task C,Random Forest,TreeExplainer
diff_shots_for_l5,0.0028817432719309257,0.01101071084827625,Task C,Random Forest,TreeExplainer
home_xg_for_l5,0.0028340614022907273,0.008688838619176688,Task C,Random Forest,TreeExplainer
home_xg_for_l10,0.0028085887331263963,0.006769191109149786,Task C,Random Forest,TreeExplainer
diff_points_l10,0.0027252112060980253,0.007854635271124635,Task C,Random Forest,TreeExplainer
home_shots_on_target_against_l5,0.0027139110994739237,0.007419550398325335,Task C,Random Forest,TreeExplainer
p1_home_rank_home,0.0027051817315713973,0.005513811994350434,Task C,Random Forest,TreeExplainer
home_passes_for_l3,0.0026529291524325675,0.008042764888628965,Task C,Random Forest,TreeExplainer
away_xg_against_l10,0.002550285701301226,0.010088635952577097,Task C,Random Forest,TreeExplainer
away_shots_for_l10,0.0025484339003745303,0.007270435554475824,Task C,Random Forest,TreeExplainer
home_possession_share_l5,0.00253331393787878,0.007898749191264006,Task C,Random Forest,TreeExplainer
away_passes_for_l10,0.0024817870046839087,0.00610574631151716,Task C,Random Forest,TreeExplainer
diff_possession_share_l5,0.0024782516010959403,0.011003450496991229,Task C,Random Forest,TreeExplainer
home_pass_completion_for_l10,0.002396830632704314,0.006780335449892341,Task C,Random Forest,TreeExplainer
diff_pass_completion_for_l3,0.0023364330739484972,0.007568100329669967,Task C,Random Forest,TreeExplainer
away_shots_on_target_against_l3,0.0023105566713969047,0.006810791122257184,Task C,Random Forest,TreeExplainer
away_rest_days,0.0023000129117899336,0.007265552983839899,Task C,Random Forest,TreeExplainer
diff_shots_for_l3,0.0022756186031244107,0.00753000110613367,Task C,Random Forest,TreeExplainer
away_goal_difference_l5,0.0022405417940250813,0.006527396156567651,Task C,Random Forest,TreeExplainer
home_shots_on_target_for_l10,0.0021717842534606925,0.005199618906679159,Task C,Random Forest,TreeExplainer
rest_days_difference,0.002107180142404224,0.006478086032609958,Task C,Random Forest,TreeExplainer
away_passes_for_l3,0.00209116686816249,0.008403488099316575,Task C,Random Forest,TreeExplainer
home_possession_share_l10,0.0020627570396256735,0.007378669564833276,Task C,Random Forest,TreeExplainer
home_shots_on_target_for_l5,0.002057524539533214,0.006911931111807391,Task C,Random Forest,TreeExplainer
home_shots_on_target_against_l3,0.0020370232990765346,0.011988264165957134,Task C,Random Forest,TreeExplainer
home_pass_completion_for_l5,0.002007522616846833,0.0077520958879754,Task C,Random Forest,TreeExplainer
away_shots_against_l3,0.0020057553272318936,0.006689676016495897,Task C,Random Forest,TreeExplainer
home_goals_against_l10,0.001984549763317993,0.006317093505085115,Task C,Random Forest,TreeExplainer
away_shots_on_target_for_l3,0.0019839695248264487,0.005975784958347329,Task C,Random Forest,TreeExplainer
diff_pass_completion_for_l10,0.0019698332026873494,0.007355652426131648,Task C,Random Forest,TreeExplainer
diff_possession_share_l10,0.0018951583933408777,0.010462537966177752,Task C,Random Forest,TreeExplainer
p1_home_rank_total,0.0018832535692874612,0.0055591413211423905,Task C,Random Forest,TreeExplainer
diff_goal_difference_l10,0.0018506880321743472,0.010286719714802665,Task C,Random Forest,TreeExplainer
p1_home_rank_away,0.001823869296511806,0.005817423405880111,Task C,Random Forest,TreeExplainer
away_pressures_for_l3,0.0018110746157087574,0.007937676585840705,Task C,Random Forest,TreeExplainer
away_goals_against_l5,0.0018056986441773656,0.005094897902316538,Task C,Random Forest,TreeExplainer
diff_pass_completion_for_l5,0.0016618286122368619,0.007058429602008397,Task C,Random Forest,TreeExplainer
home_final_third_entries_for_l3,0.0016423366539627074,0.006839884264797267,Task C,Random Forest,TreeExplainer
home_pass_completion_for_l3,0.001587125300329416,0.00768521780031599,Task C,Random Forest,TreeExplainer
home_final_third_entries_for_l10,0.0015721257903089886,0.006788875341810519,Task C,Random Forest,TreeExplainer
away_shots_against_l10,0.001509882240516885,0.008482042027977928,Task C,Random Forest,TreeExplainer
home_passes_for_l10,0.0014895798928431932,0.007229017202945571,Task C,Random Forest,TreeExplainer
away_xg_for_l10,0.0014600312500344065,0.004925131414622801,Task C,Random Forest,TreeExplainer
away_goals_for_l5,0.0014172692450453994,0.0044261253243488875,Task C,Random Forest,TreeExplainer
away_points_l10,0.0014078400164515322,0.005695328312174522,Task C,Random Forest,TreeExplainer
home_pressures_for_l10,0.0014054713417821119,0.0058260185944756,Task C,Random Forest,TreeExplainer
p1_away_con_home,0.001399680983262535,0.004535008702977724,Task C,Random Forest,TreeExplainer
away_xg_against_l5,0.0013969268476341145,0.0050279371669547275,Task C,Random Forest,TreeExplainer
away_possession_share_l3,0.001378770043854639,0.00842798733257224,Task C,Random Forest,TreeExplainer
away_xg_for_l5,0.0013252709516917518,0.006348345136602307,Task C,Random Forest,TreeExplainer
diff_goal_difference_l5,0.0012809677795584172,0.006069553429322485,Task C,Random Forest,TreeExplainer
diff_pressures_for_l5,0.0012732967094741475,0.007722036094254555,Task C,Random Forest,TreeExplainer
home_shots_against_l10,0.0012730345474627086,0.006369590429885117,Task C,Random Forest,TreeExplainer
away_possession_share_l5,0.0012691870652977142,0.008448067105361844,Task C,Random Forest,TreeExplainer
home_xg_against_l10,0.0012508481052926964,0.006895851249745869,Task C,Random Forest,TreeExplainer
away_goal_difference_l3,0.0012411582012172586,0.0038561023213706186,Task C,Random Forest,TreeExplainer
home_possession_share_l3,0.0012383045035225452,0.0065380376156112,Task C,Random Forest,TreeExplainer
away_pressures_for_l5,0.0012374449943632698,0.006958932000977604,Task C,Random Forest,TreeExplainer
away_final_third_entries_for_l3,0.001234279690015425,0.0077993954382244825,Task C,Random Forest,TreeExplainer
home_goals_for_l10,0.0012339109221544975,0.005715437835070976,Task C,Random Forest,TreeExplainer
home_goals_for_l3,0.0011994675359615792,0.003370231713918823,Task C,Random Forest,TreeExplainer
home_red_cards_for_l10,0.001165590613440289,0.001895881636941244,Task C,Random Forest,TreeExplainer
home_xg_against_l5,0.0011487965417165131,0.00887578632217816,Task C,Random Forest,TreeExplainer
away_points_l5,0.0011402894835683432,0.004452949951761249,Task C,Random Forest,TreeExplainer
p1_home_con_home,0.0011249090932293232,0.006744271270005484,Task C,Random Forest,TreeExplainer
away_shots_for_l5,0.0011220744849906848,0.00689400075727844,Task C,Random Forest,TreeExplainer
away_shots_for_l3,0.0011205766563740665,0.007794558629447471,Task C,Random Forest,TreeExplainer
p1_home_scr_away,0.001118973997587084,0.004589075495758353,Task C,Random Forest,TreeExplainer
away_goals_against_l10,0.0011112909326804555,0.007363876820188623,Task C,Random Forest,TreeExplainer
p1_away_scr_away,0.00109906890041592,0.005500906072860172,Task C,Random Forest,TreeExplainer
away_shots_against_l5,0.0010164395512135844,0.006084393086650444,Task C,Random Forest,TreeExplainer
away_pressures_for_l10,0.0009823353560546577,0.007457496277712297,Task C,Random Forest,TreeExplainer
home_goals_against_l5,0.0009346401133452915,0.005343701573253714,Task C,Random Forest,TreeExplainer
home_points_l3,0.000931398358961677,0.0035094621196010084,Task C,Random Forest,TreeExplainer
diff_points_l5,0.0009169214332202529,0.00473020874146356,Task C,Random Forest,TreeExplainer
away_goals_for_l10,0.0009029092338662947,0.004599416905418432,Task C,Random Forest,TreeExplainer
home_xg_against_l3,0.0008881992407485786,0.006767645694841317,Task C,Random Forest,TreeExplainer
away_shots_on_target_against_l5,0.0008786534177945972,0.005667976197395168,Task C,Random Forest,TreeExplainer
home_shots_against_l3,0.0008684193403279408,0.006375655775573959,Task C,Random Forest,TreeExplainer
home_passes_for_l5,0.000865810825979978,0.006332655546956755,Task C,Random Forest,TreeExplainer
away_shots_on_target_against_l10,0.000862740575628421,0.007541453208743295,Task C,Random Forest,TreeExplainer
home_shots_on_target_against_l10,0.000854031724436645,0.004986670377193982,Task C,Random Forest,TreeExplainer
away_goals_against_l3,0.000822957228405313,0.002886984927448229,Task C,Random Forest,TreeExplainer
away_passes_for_l5,0.0007916522622381843,0.007140383979696628,Task C,Random Forest,TreeExplainer
away_possession_share_l10,0.0007792677476705247,0.006709196181766053,Task C,Random Forest,TreeExplainer
home_goal_difference_l5,0.0007771738873921034,0.0038922686345331794,Task C,Random Forest,TreeExplainer
away_red_cards_for_l10,0.0007758162054909873,0.0016266159437964267,Task C,Random Forest,TreeExplainer
home_shots_against_l5,0.0007716802396267784,0.006551077570824619,Task C,Random Forest,TreeExplainer
away_points_l3,0.0007704687611886794,0.0018568854263898255,Task C,Random Forest,TreeExplainer
diff_points_l3,0.0007612127499304954,0.004817342625167007,Task C,Random Forest,TreeExplainer
home_goal_difference_l10,0.0007543878764363745,0.003525638559748343,Task C,Random Forest,TreeExplainer
home_goal_difference_l3,0.0007377491034540226,0.003026209882424173,Task C,Random Forest,TreeExplainer
home_goals_against_l3,0.0007248354048826964,0.005110915882081171,Task C,Random Forest,TreeExplainer
home_points_l10,0.0007200257142978827,0.004043801512390115,Task C,Random Forest,TreeExplainer
diff_goal_difference_l3,0.0006320225816645535,0.00487004239842503,Task C,Random Forest,TreeExplainer
home_points_l5,0.000599866283564449,0.002904663180709845,Task C,Random Forest,TreeExplainer
away_red_cards_for_l3,0.00037967901115436704,0.0009867421305395406,Task C,Random Forest,TreeExplainer
home_red_cards_for_l5,0.00026112487193869107,0.0008419504686120743,Task C,Random Forest,TreeExplainer
home_red_cards_for_l3,0.0002292661658364673,0.0003904403714401224,Task C,Random Forest,TreeExplainer
away_red_cards_for_l5,0.00013559289730494476,0.0005820489449671705,Task C,Random Forest,TreeExplainer
away_history_matches_before,0.0,0.006331326893395021,Task C,Random Forest,TreeExplainer
home_missing_history_l10,0.0,0.000835266192295924,Task C,Random Forest,TreeExplainer
away_missing_history_l10,0.0,0.0008552905670748729,Task C,Random Forest,TreeExplainer
away_missing_history_l3,0.0,0.0,Task C,Random Forest,TreeExplainer
missingindicator_away_possession_share_l10,0.0,0.0,Task C,Random Forest,TreeExplainer
missingindicator_away_red_cards_for_l10,0.0,1.5543534824934692e-05,Task C,Random Forest,TreeExplainer
missingindicator_away_final_third_entries_for_l10,0.0,4.9063148831990014e-05,Task C,Random Forest,TreeExplainer
missingindicator_diff_pass_completion_for_l3,0.0,6.959129417150296e-05,Task C,Random Forest,TreeExplainer
missingindicator_diff_pass_completion_for_l5,0.0,0.0,Task C,Random Forest,TreeExplainer
missingindicator_diff_xg_for_l5,0.0,4.9956313795144905e-05,Task C,Random Forest,TreeExplainer
missingindicator_diff_shots_for_l5,0.0,2.9457444526878648e-05,Task C,Random Forest,TreeExplainer
missingindicator_diff_goal_difference_l5,0.0,0.0,Task C,Random Forest,TreeExplainer
missingindicator_diff_points_l5,0.0,0.0,Task C,Random Forest,TreeExplainer
missingindicator_diff_possession_share_l3,0.0,5.7681963975124624e-05,Task C,Random Forest,TreeExplainer
missingindicator_diff_pressures_for_l3,0.0,0.0,Task C,Random Forest,TreeExplainer
missingindicator_away_pressures_for_l10,0.0,0.0,Task C,Random Forest,TreeExplainer
missingindicator_diff_xg_for_l3,0.0,0.0,Task C,Random Forest,TreeExplainer
missingindicator_diff_shots_for_l3,0.0,4.629567487985393e-05,Task C,Random Forest,TreeExplainer
missingindicator_diff_goal_difference_l3,0.0,0.0,Task C,Random Forest,TreeExplainer
missingindicator_diff_points_l3,0.0,0.0,Task C,Random Forest,TreeExplainer
away_missing_history_l5,0.0,0.0005940364014994872,Task C,Random Forest,TreeExplainer
home_history_matches_before,0.0,0.004814589532446129,Task C,Random Forest,TreeExplainer
home_missing_history_l5,0.0,0.00029037575559507484,Task C,Random Forest,TreeExplainer
home_missing_history_l3,0.0,0.001021963936441102,Task C,Random Forest,TreeExplainer
missingindicator_home_rest_days,0.0,0.0,Task C,Random Forest,TreeExplainer
missingindicator_home_points_l3,0.0,0.0,Task C,Random Forest,TreeExplainer
missingindicator_home_goals_for_l3,0.0,0.0,Task C,Random Forest,TreeExplainer
missingindicator_home_goals_against_l3,0.0,0.0001895738183124411,Task C,Random Forest,TreeExplainer
missingindicator_home_goal_difference_l3,0.0,0.0,Task C,Random Forest,TreeExplainer
missingindicator_home_shots_for_l3,0.0,0.0,Task C,Random Forest,TreeExplainer
missingindicator_home_shots_against_l3,0.0,1.3120410921955388e-05,Task C,Random Forest,TreeExplainer
missingindicator_home_shots_on_target_for_l3,0.0,0.0,Task C,Random Forest,TreeExplainer
missingindicator_home_shots_on_target_against_l3,0.0,1.182274459446035e-05,Task C,Random Forest,TreeExplainer
missingindicator_home_xg_for_l3,0.0,7.480703529319376e-05,Task C,Random Forest,TreeExplainer
missingindicator_home_xg_against_l3,0.0,0.0,Task C,Random Forest,TreeExplainer
missingindicator_home_passes_for_l3,0.0,0.0,Task C,Random Forest,TreeExplainer
missingindicator_home_pass_completion_for_l3,0.0,0.0,Task C,Random Forest,TreeExplainer
missingindicator_home_pressures_for_l3,0.0,4.014877400502267e-05,Task C,Random Forest,TreeExplainer
missingindicator_home_final_third_entries_for_l3,0.0,9.44483905792547e-05,Task C,Random Forest,TreeExplainer
missingindicator_home_red_cards_for_l3,0.0,0.0,Task C,Random Forest,TreeExplainer
missingindicator_home_possession_share_l3,0.0,0.0,Task C,Random Forest,TreeExplainer
missingindicator_home_points_l5,0.0,0.0,Task C,Random Forest,TreeExplainer
missingindicator_home_goals_for_l5,0.0,5.144331059181265e-05,Task C,Random Forest,TreeExplainer
missingindicator_home_goals_against_l5,0.0,0.0,Task C,Random Forest,TreeExplainer
missingindicator_home_goal_difference_l5,0.0,3.0029386458346125e-05,Task C,Random Forest,TreeExplainer
missingindicator_home_shots_for_l5,0.0,0.0,Task C,Random Forest,TreeExplainer
missingindicator_home_shots_against_l5,0.0,0.0,Task C,Random Forest,TreeExplainer
missingindicator_home_shots_on_target_for_l5,0.0,0.00015871558925881153,Task C,Random Forest,TreeExplainer
missingindicator_home_shots_on_target_against_l5,0.0,0.0,Task C,Random Forest,TreeExplainer
missingindicator_home_xg_for_l5,0.0,0.00010012177389386375,Task C,Random Forest,TreeExplainer
missingindicator_home_xg_against_l5,0.0,0.0,Task C,Random Forest,TreeExplainer
missingindicator_home_passes_for_l5,0.0,0.0,Task C,Random Forest,TreeExplainer
missingindicator_home_pass_completion_for_l5,0.0,5.447239882734173e-05,Task C,Random Forest,TreeExplainer
missingindicator_home_pressures_for_l5,0.0,0.0,Task C,Random Forest,TreeExplainer
missingindicator_home_final_third_entries_for_l5,0.0,7.041139886388714e-06,Task C,Random Forest,TreeExplainer
missingindicator_home_red_cards_for_l5,0.0,4.475731296256649e-05,Task C,Random Forest,TreeExplainer
missingindicator_home_possession_share_l5,0.0,0.0,Task C,Random Forest,TreeExplainer
missingindicator_home_points_l10,0.0,0.00014346629972041572,Task C,Random Forest,TreeExplainer
missingindicator_home_goals_for_l10,0.0,0.0003082083297697848,Task C,Random Forest,TreeExplainer
missingindicator_home_goals_against_l10,0.0,0.0,Task C,Random Forest,TreeExplainer
missingindicator_home_goal_difference_l10,0.0,0.0,Task C,Random Forest,TreeExplainer
missingindicator_home_shots_for_l10,0.0,0.0,Task C,Random Forest,TreeExplainer
missingindicator_home_shots_against_l10,0.0,0.0,Task C,Random Forest,TreeExplainer
missingindicator_home_shots_on_target_for_l10,0.0,0.0,Task C,Random Forest,TreeExplainer
missingindicator_home_shots_on_target_against_l10,0.0,0.0,Task C,Random Forest,TreeExplainer
missingindicator_home_xg_for_l10,0.0,6.953227412244806e-05,Task C,Random Forest,TreeExplainer
missingindicator_home_xg_against_l10,0.0,0.0,Task C,Random Forest,TreeExplainer
missingindicator_home_passes_for_l10,0.0,0.0,Task C,Random Forest,TreeExplainer
missingindicator_home_pass_completion_for_l10,0.0,0.0,Task C,Random Forest,TreeExplainer
missingindicator_home_pressures_for_l10,0.0,0.0,Task C,Random Forest,TreeExplainer
missingindicator_home_final_third_entries_for_l10,0.0,0.0,Task C,Random Forest,TreeExplainer
missingindicator_home_red_cards_for_l10,0.0,0.0,Task C,Random Forest,TreeExplainer
missingindicator_home_possession_share_l10,0.0,0.0,Task C,Random Forest,TreeExplainer
missingindicator_away_rest_days,0.0,0.0,Task C,Random Forest,TreeExplainer
missingindicator_away_points_l3,0.0,0.0,Task C,Random Forest,TreeExplainer
missingindicator_away_goals_for_l3,0.0,0.0,Task C,Random Forest,TreeExplainer
missingindicator_away_goals_against_l3,0.0,0.0,Task C,Random Forest,TreeExplainer
missingindicator_away_goal_difference_l3,0.0,0.0,Task C,Random Forest,TreeExplainer
missingindicator_away_shots_for_l3,0.0,0.0,Task C,Random Forest,TreeExplainer
missingindicator_away_shots_against_l3,0.0,0.0,Task C,Random Forest,TreeExplainer
missingindicator_away_shots_on_target_for_l3,0.0,0.0,Task C,Random Forest,TreeExplainer
missingindicator_away_shots_on_target_against_l3,0.0,0.0,Task C,Random Forest,TreeExplainer
missingindicator_away_xg_for_l3,0.0,0.0,Task C,Random Forest,TreeExplainer
missingindicator_away_xg_against_l3,0.0,0.0,Task C,Random Forest,TreeExplainer
missingindicator_away_passes_for_l3,0.0,0.0,Task C,Random Forest,TreeExplainer
missingindicator_away_pass_completion_for_l3,0.0,0.0,Task C,Random Forest,TreeExplainer
missingindicator_away_pressures_for_l3,0.0,0.0,Task C,Random Forest,TreeExplainer
missingindicator_away_final_third_entries_for_l3,0.0,0.0,Task C,Random Forest,TreeExplainer
missingindicator_away_red_cards_for_l3,0.0,0.0,Task C,Random Forest,TreeExplainer
missingindicator_away_possession_share_l3,0.0,0.0,Task C,Random Forest,TreeExplainer
missingindicator_away_points_l5,0.0,0.0001485314860767803,Task C,Random Forest,TreeExplainer
missingindicator_away_goals_for_l5,0.0,0.0,Task C,Random Forest,TreeExplainer
missingindicator_away_goals_against_l5,0.0,0.0,Task C,Random Forest,TreeExplainer
missingindicator_away_goal_difference_l5,0.0,0.0,Task C,Random Forest,TreeExplainer
missingindicator_away_shots_for_l5,0.0,0.0,Task C,Random Forest,TreeExplainer
missingindicator_away_shots_against_l5,0.0,3.678416617440181e-05,Task C,Random Forest,TreeExplainer
missingindicator_away_shots_on_target_for_l5,0.0,9.488837574523913e-05,Task C,Random Forest,TreeExplainer
missingindicator_away_shots_on_target_against_l5,0.0,0.0,Task C,Random Forest,TreeExplainer
missingindicator_away_xg_for_l5,0.0,6.128358497164415e-05,Task C,Random Forest,TreeExplainer
missingindicator_away_xg_against_l5,0.0,1.1571169495866252e-05,Task C,Random Forest,TreeExplainer
missingindicator_away_passes_for_l5,0.0,0.0,Task C,Random Forest,TreeExplainer
missingindicator_away_pass_completion_for_l5,0.0,1.593097151016647e-05,Task C,Random Forest,TreeExplainer
missingindicator_away_pressures_for_l5,0.0,0.0,Task C,Random Forest,TreeExplainer
missingindicator_away_final_third_entries_for_l5,0.0,4.819850138109296e-05,Task C,Random Forest,TreeExplainer
missingindicator_away_red_cards_for_l5,0.0,0.0,Task C,Random Forest,TreeExplainer
missingindicator_away_possession_share_l5,0.0,0.0,Task C,Random Forest,TreeExplainer
missingindicator_away_points_l10,0.0,0.0,Task C,Random Forest,TreeExplainer
missingindicator_away_goals_for_l10,0.0,2.911787174215859e-05,Task C,Random Forest,TreeExplainer
missingindicator_away_goals_against_l10,0.0,0.0,Task C,Random Forest,TreeExplainer
missingindicator_away_goal_difference_l10,0.0,0.0,Task C,Random Forest,TreeExplainer
missingindicator_away_shots_for_l10,0.0,2.3376653072405912e-05,Task C,Random Forest,TreeExplainer
missingindicator_away_shots_against_l10,0.0,0.0001089872012174829,Task C,Random Forest,TreeExplainer
missingindicator_away_shots_on_target_for_l10,0.0,2.348780903996033e-05,Task C,Random Forest,TreeExplainer
missingindicator_away_shots_on_target_against_l10,0.0,0.0,Task C,Random Forest,TreeExplainer
missingindicator_away_xg_for_l10,0.0,0.0,Task C,Random Forest,TreeExplainer
missingindicator_away_xg_against_l10,0.0,0.0,Task C,Random Forest,TreeExplainer
missingindicator_away_passes_for_l10,0.0,5.8728310286264636e-05,Task C,Random Forest,TreeExplainer
missingindicator_away_pass_completion_for_l10,0.0,0.0,Task C,Random Forest,TreeExplainer
missingindicator_diff_pressures_for_l5,0.0,0.0,Task C,Random Forest,TreeExplainer
missingindicator_diff_possession_share_l5,0.0,0.0,Task C,Random Forest,TreeExplainer
missingindicator_diff_points_l10,0.0,6.472273524637668e-05,Task C,Random Forest,TreeExplainer
missingindicator_diff_goal_difference_l10,0.0,4.931645319273696e-05,Task C,Random Forest,TreeExplainer
missingindicator_diff_shots_for_l10,0.0,0.0,Task C,Random Forest,TreeExplainer
missingindicator_diff_xg_for_l10,0.0,3.18452766501277e-05,Task C,Random Forest,TreeExplainer
missingindicator_diff_pass_completion_for_l10,0.0,0.0001257916091232153,Task C,Random Forest,TreeExplainer
missingindicator_diff_pressures_for_l10,0.0,0.0,Task C,Random Forest,TreeExplainer
missingindicator_diff_possession_share_l10,0.0,0.0,Task C,Random Forest,TreeExplainer
missingindicator_rest_days_difference,0.0,0.0,Task C,Random Forest,TreeExplainer
diff_xg_for_l3,0.06811857341582993,0.05932928342478077,Task C,GBM,Permutation fallback (InvalidModelError)
diff_pressures_for_l3,0.05086704795702004,0.02314181360890893,Task C,GBM,Permutation fallback (InvalidModelError)
home_goals_for_l5,0.03466547867598981,0.022926106882715264,Task C,GBM,Permutation fallback (InvalidModelError)
home_pass_completion_for_l5,0.03282418287253407,0.025146616431012663,Task C,GBM,Permutation fallback (InvalidModelError)
away_shots_on_target_for_l5,0.026752602882400545,0.012255328111043618,Task C,GBM,Permutation fallback (InvalidModelError)
p1_away_con_away,0.025298632642188613,0.029339384975792582,Task C,GBM,Permutation fallback (InvalidModelError)
home_shots_on_target_for_l3,0.025037506328966085,0.0193015006968669,Task C,GBM,Permutation fallback (InvalidModelError)
home_final_third_entries_for_l5,0.02501409553041691,0.016853270340888266,Task C,GBM,Permutation fallback (InvalidModelError)
p1_away_con_total,0.024828465359847833,0.029157665488161864,Task C,GBM,Permutation fallback (InvalidModelError)
home_shots_on_target_against_l3,0.02196274162502116,0.03847718620970558,Task C,GBM,Permutation fallback (InvalidModelError)
away_final_third_entries_for_l10,0.021880744866594668,0.01949033440620913,Task C,GBM,Permutation fallback (InvalidModelError)
home_rest_days,0.02001046022167131,0.01678155045118948,Task C,GBM,Permutation fallback (InvalidModelError)
away_goals_against_l5,0.019503573886300963,0.013929628484825584,Task C,GBM,Permutation fallback (InvalidModelError)
p1_away_scr_home,0.019166127813692556,0.03146834098339703,Task C,GBM,Permutation fallback (InvalidModelError)
home_xg_against_l3,0.017283041061679053,0.018366469452520164,Task C,GBM,Permutation fallback (InvalidModelError)
p1_home_scr_home,0.016954589520117865,0.018340932401683992,Task C,GBM,Permutation fallback (InvalidModelError)
away_pressures_for_l5,0.016460775862083946,0.00610986606995769,Task C,GBM,Permutation fallback (InvalidModelError)
home_passes_for_l3,0.015940345274232208,0.010246021482894958,Task C,GBM,Permutation fallback (InvalidModelError)
away_goal_difference_l10,0.014482656036223559,0.026383287554295323,Task C,GBM,Permutation fallback (InvalidModelError)
p1_home_con_total,0.014307503985255808,0.014473943515928183,Task C,GBM,Permutation fallback (InvalidModelError)
diff_pass_completion_for_l10,0.01385623402355721,0.005942528418201986,Task C,GBM,Permutation fallback (InvalidModelError)
home_pass_completion_for_l3,0.013745822796701428,0.02328579276065413,Task C,GBM,Permutation fallback (InvalidModelError)
away_pass_completion_for_l3,0.013131811396376385,0.010673071232875203,Task C,GBM,Permutation fallback (InvalidModelError)
diff_possession_share_l10,0.013081174059963115,0.021024061949440367,Task C,GBM,Permutation fallback (InvalidModelError)
away_pass_completion_for_l10,0.012923246200113663,0.01443585002436804,Task C,GBM,Permutation fallback (InvalidModelError)
home_shots_against_l3,0.011404459536644089,0.00823425103686249,Task C,GBM,Permutation fallback (InvalidModelError)
away_possession_share_l10,0.010683024000566777,0.011904253317970452,Task C,GBM,Permutation fallback (InvalidModelError)
away_goals_for_l3,0.010667669626512869,0.010194033454363646,Task C,GBM,Permutation fallback (InvalidModelError)
p1_home_con_away,0.009924695159883997,0.005833603265267454,Task C,GBM,Permutation fallback (InvalidModelError)
diff_possession_share_l3,0.009482498238271622,0.007499785472538172,Task C,GBM,Permutation fallback (InvalidModelError)
away_pressures_for_l3,0.009205124748745972,0.0068639212203702536,Task C,GBM,Permutation fallback (InvalidModelError)
home_points_l5,0.009187890331414842,0.00783257008707285,Task C,GBM,Permutation fallback (InvalidModelError)
away_xg_against_l3,0.007464856105864245,0.008565731711105503,Task C,GBM,Permutation fallback (InvalidModelError)
home_xg_for_l5,0.007183509157105043,0.008864869258414903,Task C,GBM,Permutation fallback (InvalidModelError)
home_possession_share_l3,0.007123918497658791,0.014135447029533198,Task C,GBM,Permutation fallback (InvalidModelError)
diff_pass_completion_for_l3,0.007088086122571087,0.0022681931383645728,Task C,GBM,Permutation fallback (InvalidModelError)
home_final_third_entries_for_l3,0.007022918428873117,0.0053988807126805404,Task C,GBM,Permutation fallback (InvalidModelError)
p1_home_rank_away,0.007011627733368247,0.0053051948444209724,Task C,GBM,Permutation fallback (InvalidModelError)
diff_pressures_for_l10,0.006882683895480687,0.0023965059233547214,Task C,GBM,Permutation fallback (InvalidModelError)
home_shots_on_target_for_l5,0.006874711743759404,0.009784900226889218,Task C,GBM,Permutation fallback (InvalidModelError)
away_shots_on_target_against_l3,0.006855571142331636,0.01859463865873976,Task C,GBM,Permutation fallback (InvalidModelError)
away_xg_for_l5,0.0066923857985707325,0.004328548514047387,Task C,GBM,Permutation fallback (InvalidModelError)
home_pass_completion_for_l10,0.00668973376425403,0.002728552679319337,Task C,GBM,Permutation fallback (InvalidModelError)
home_shots_on_target_against_l5,0.006316598089800024,0.006481203418864185,Task C,GBM,Permutation fallback (InvalidModelError)
away_passes_for_l10,0.006245396773240355,0.004206264941525565,Task C,GBM,Permutation fallback (InvalidModelError)
home_shots_on_target_for_l10,0.0061568076062716555,0.001986143438009405,Task C,GBM,Permutation fallback (InvalidModelError)
away_xg_against_l10,0.005805373971738743,0.011249783175888884,Task C,GBM,Permutation fallback (InvalidModelError)
home_xg_against_l5,0.005802666891762955,0.007874074549604797,Task C,GBM,Permutation fallback (InvalidModelError)
away_shots_on_target_for_l10,0.005618425979531023,0.006889584748298214,Task C,GBM,Permutation fallback (InvalidModelError)
away_possession_share_l5,0.005528623246450062,0.006017802152146603,Task C,GBM,Permutation fallback (InvalidModelError)
home_shots_against_l5,0.005499754519631497,0.009950987740492537,Task C,GBM,Permutation fallback (InvalidModelError)
diff_pressures_for_l5,0.005463261525013373,0.002714839944322976,Task C,GBM,Permutation fallback (InvalidModelError)
away_goal_difference_l3,0.005455444482053788,0.005493231183587135,Task C,GBM,Permutation fallback (InvalidModelError)
home_goal_difference_l5,0.004925183976670852,0.007583484811937927,Task C,GBM,Permutation fallback (InvalidModelError)
away_shots_on_target_against_l5,0.004693686618824773,0.0044511733946532095,Task C,GBM,Permutation fallback (InvalidModelError)
away_xg_against_l5,0.004690908673858217,0.0038865215838439575,Task C,GBM,Permutation fallback (InvalidModelError)
diff_xg_for_l10,0.004670155352629801,0.004246540303106751,Task C,GBM,Permutation fallback (InvalidModelError)
rest_days_difference,0.004513495266259656,0.010954590617195108,Task C,GBM,Permutation fallback (InvalidModelError)
diff_points_l10,0.004295024039075789,0.030877479896942513,Task C,GBM,Permutation fallback (InvalidModelError)
away_goals_for_l5,0.00425974230555175,0.005339303138628533,Task C,GBM,Permutation fallback (InvalidModelError)
diff_points_l5,0.004191852224317405,0.003467449766133964,Task C,GBM,Permutation fallback (InvalidModelError)
away_shots_on_target_against_l10,0.004165775373142355,0.0011473874983846688,Task C,GBM,Permutation fallback (InvalidModelError)
diff_goal_difference_l10,0.0040819837739032435,0.004469810691070441,Task C,GBM,Permutation fallback (InvalidModelError)
away_possession_share_l3,0.004068583009344471,0.026817085997817364,Task C,GBM,Permutation fallback (InvalidModelError)
away_points_l5,0.003689794569971666,0.004122864145727001,Task C,GBM,Permutation fallback (InvalidModelError)
home_xg_for_l3,0.0034233730492614378,0.00523641570034347,Task C,GBM,Permutation fallback (InvalidModelError)
away_xg_for_l3,0.003055322564259458,0.001557717630850958,Task C,GBM,Permutation fallback (InvalidModelError)
home_shots_for_l3,0.0029994490834314436,0.0024592345014965438,Task C,GBM,Permutation fallback (InvalidModelError)
home_points_l10,0.0028285781514631944,0.006445430361574553,Task C,GBM,Permutation fallback (InvalidModelError)
home_xg_for_l10,0.002754190146968401,0.010265890098656307,Task C,GBM,Permutation fallback (InvalidModelError)
diff_possession_share_l5,0.0025392715501252688,0.0017756391904998519,Task C,GBM,Permutation fallback (InvalidModelError)
away_shots_against_l3,0.002537699134561029,0.0019368433054945304,Task C,GBM,Permutation fallback (InvalidModelError)
home_xg_against_l10,0.0024743049795829418,0.001846569468514325,Task C,GBM,Permutation fallback (InvalidModelError)
home_shots_for_l5,0.002445581065661879,0.0015085208125513872,Task C,GBM,Permutation fallback (InvalidModelError)
away_xg_for_l10,0.0023918534578142524,0.0023993878620749117,Task C,GBM,Permutation fallback (InvalidModelError)
p1_away_rank_total,0.002341667593187674,0.005085416866948857,Task C,GBM,Permutation fallback (InvalidModelError)
diff_shots_for_l5,0.0023293728612730088,0.007475165449297067,Task C,GBM,Permutation fallback (InvalidModelError)
home_possession_share_l5,0.002302597390310949,0.0049781475415098825,Task C,GBM,Permutation fallback (InvalidModelError)
away_shots_for_l10,0.002284557265241687,0.0012027253397166127,Task C,GBM,Permutation fallback (InvalidModelError)
away_goals_for_l10,0.0021831194621930888,0.004084026181815482,Task C,GBM,Permutation fallback (InvalidModelError)
away_final_third_entries_for_l3,0.0021154881867107168,0.0032103823702350808,Task C,GBM,Permutation fallback (InvalidModelError)
away_rest_days,0.0020489432137915523,0.00670162375999462,Task C,GBM,Permutation fallback (InvalidModelError)
home_pressures_for_l3,0.0019764799754095116,0.002268652333110381,Task C,GBM,Permutation fallback (InvalidModelError)
p1_home_scr_away,0.0018965685640920564,0.0015758235573818272,Task C,GBM,Permutation fallback (InvalidModelError)
away_passes_for_l5,0.0018732428424275615,0.005060251664429272,Task C,GBM,Permutation fallback (InvalidModelError)
away_shots_for_l5,0.0018123652094858777,0.003139836089933261,Task C,GBM,Permutation fallback (InvalidModelError)
away_shots_against_l10,0.001797358041160056,0.002560391071326759,Task C,GBM,Permutation fallback (InvalidModelError)
home_pressures_for_l5,0.0017805402416849363,0.004429642573077023,Task C,GBM,Permutation fallback (InvalidModelError)
away_goals_against_l10,0.0017043839787240728,0.0017426184682146656,Task C,GBM,Permutation fallback (InvalidModelError)
diff_pass_completion_for_l5,0.0016432251319868534,0.004688625442207322,Task C,GBM,Permutation fallback (InvalidModelError)
diff_shots_for_l10,0.0016033893369909458,0.0035651370659809146,Task C,GBM,Permutation fallback (InvalidModelError)
home_shots_for_l10,0.00153799603096342,0.0038652555171360785,Task C,GBM,Permutation fallback (InvalidModelError)
p1_away_rank_home,0.0014537525907198825,0.003957979115470267,Task C,GBM,Permutation fallback (InvalidModelError)
home_goals_against_l3,0.0014170195260515088,0.004526583693788695,Task C,GBM,Permutation fallback (InvalidModelError)
p1_home_con_home,0.0013490535083819247,0.0005671693629100502,Task C,GBM,Permutation fallback (InvalidModelError)
home_shots_against_l10,0.0013338506977908263,0.010641011902120148,Task C,GBM,Permutation fallback (InvalidModelError)
diff_shots_for_l3,0.001269606188643787,0.003620060682152867,Task C,GBM,Permutation fallback (InvalidModelError)
p1_away_scr_total,0.001249297664558529,0.0017087705867839002,Task C,GBM,Permutation fallback (InvalidModelError)
home_pressures_for_l10,0.00110006730388704,0.006507347860940029,Task C,GBM,Permutation fallback (InvalidModelError)
diff_goal_difference_l5,0.0010903890446921373,0.0002473097328580756,Task C,GBM,Permutation fallback (InvalidModelError)
away_pass_completion_for_l5,0.0010845013333692182,0.0006026556395634721,Task C,GBM,Permutation fallback (InvalidModelError)
away_pressures_for_l10,0.0010787845413151235,0.002327933580381689,Task C,GBM,Permutation fallback (InvalidModelError)
diff_points_l3,0.000998579739879712,0.0042053554767766,Task C,GBM,Permutation fallback (InvalidModelError)
home_passes_for_l5,0.0009876824324196625,0.0005092686288356406,Task C,GBM,Permutation fallback (InvalidModelError)
p1_away_scr_away,0.0009644916101944937,0.0005371052101729839,Task C,GBM,Permutation fallback (InvalidModelError)
p1_home_rank_total,0.0009264300443751557,0.0026094742765214317,Task C,GBM,Permutation fallback (InvalidModelError)
home_goal_difference_l3,0.0008085666561968905,0.0006490946915682457,Task C,GBM,Permutation fallback (InvalidModelError)
away_goal_difference_l5,0.0007686260120744511,0.0004615071917465816,Task C,GBM,Permutation fallback (InvalidModelError)
home_goals_for_l3,0.0006437269399328237,0.00029648674682217435,Task C,GBM,Permutation fallback (InvalidModelError)
away_final_third_entries_for_l5,0.0006390866783631468,0.0011247474577003858,Task C,GBM,Permutation fallback (InvalidModelError)
p1_away_rank_away,0.0005822415657503993,0.00046689880197178546,Task C,GBM,Permutation fallback (InvalidModelError)
p1_away_con_home,0.0005514413629019781,0.0008767388900265971,Task C,GBM,Permutation fallback (InvalidModelError)
home_points_l3,0.0005257993456408474,0.0008324686243627642,Task C,GBM,Permutation fallback (InvalidModelError)
away_shots_against_l5,0.0004094114147290218,0.006432652832840082,Task C,GBM,Permutation fallback (InvalidModelError)
home_shots_on_target_against_l10,0.00035062690166074025,0.000846023606750195,Task C,GBM,Permutation fallback (InvalidModelError)
home_possession_share_l10,0.0003140506235783972,0.0003459724606963557,Task C,GBM,Permutation fallback (InvalidModelError)
away_shots_on_target_for_l3,0.0003009701235306086,0.004078717863208363,Task C,GBM,Permutation fallback (InvalidModelError)
diff_goal_difference_l3,0.000293091146215894,0.00152060225185479,Task C,GBM,Permutation fallback (InvalidModelError)
p1_home_scr_total,7.610765801724511e-05,6.80057657730694e-05,Task C,GBM,Permutation fallback (InvalidModelError)
away_missing_history_l5,0.0,0.0,Task C,GBM,Permutation fallback (InvalidModelError)
missingindicator_diff_shots_for_l3,0.0,0.0,Task C,GBM,Permutation fallback (InvalidModelError)
missingindicator_diff_xg_for_l3,0.0,0.0,Task C,GBM,Permutation fallback (InvalidModelError)
home_history_matches_before,0.0,0.0,Task C,GBM,Permutation fallback (InvalidModelError)
away_points_l10,0.0,0.0,Task C,GBM,Permutation fallback (InvalidModelError)
away_red_cards_for_l5,0.0,0.0,Task C,GBM,Permutation fallback (InvalidModelError)
missingindicator_diff_points_l5,0.0,0.0,Task C,GBM,Permutation fallback (InvalidModelError)
missingindicator_diff_goal_difference_l5,0.0,0.0,Task C,GBM,Permutation fallback (InvalidModelError)
missingindicator_diff_shots_for_l5,0.0,0.0,Task C,GBM,Permutation fallback (InvalidModelError)
missingindicator_diff_xg_for_l5,0.0,0.0,Task C,GBM,Permutation fallback (InvalidModelError)
missingindicator_diff_pass_completion_for_l5,0.0,0.0,Task C,GBM,Permutation fallback (InvalidModelError)
missingindicator_diff_pressures_for_l3,0.0,0.0,Task C,GBM,Permutation fallback (InvalidModelError)
missingindicator_diff_possession_share_l3,0.0,0.0,Task C,GBM,Permutation fallback (InvalidModelError)
missingindicator_diff_pass_completion_for_l3,0.0,0.0,Task C,GBM,Permutation fallback (InvalidModelError)
missingindicator_away_possession_share_l10,0.0,0.0,Task C,GBM,Permutation fallback (InvalidModelError)
missingindicator_diff_points_l3,0.0,0.0,Task C,GBM,Permutation fallback (InvalidModelError)
missingindicator_diff_goal_difference_l3,0.0,0.0,Task C,GBM,Permutation fallback (InvalidModelError)
missingindicator_away_pressures_for_l10,0.0,0.0,Task C,GBM,Permutation fallback (InvalidModelError)
missingindicator_away_final_third_entries_for_l10,0.0,0.0,Task C,GBM,Permutation fallback (InvalidModelError)
home_red_cards_for_l5,0.0,0.0,Task C,GBM,Permutation fallback (InvalidModelError)
diff_xg_for_l5,0.0,0.0,Task C,GBM,Permutation fallback (InvalidModelError)
away_shots_for_l3,0.0,0.0,Task C,GBM,Permutation fallback (InvalidModelError)
home_final_third_entries_for_l10,0.0,0.0,Task C,GBM,Permutation fallback (InvalidModelError)
home_missing_history_l10,0.0,0.0,Task C,GBM,Permutation fallback (InvalidModelError)
away_history_matches_before,0.0,0.0005253637932159067,Task C,GBM,Permutation fallback (InvalidModelError)
away_points_l3,0.0,0.0,Task C,GBM,Permutation fallback (InvalidModelError)
away_goals_against_l3,0.0,0.0,Task C,GBM,Permutation fallback (InvalidModelError)
home_red_cards_for_l10,0.0,0.0,Task C,GBM,Permutation fallback (InvalidModelError)
away_missing_history_l3,0.0,0.0,Task C,GBM,Permutation fallback (InvalidModelError)
away_missing_history_l10,0.0,0.0,Task C,GBM,Permutation fallback (InvalidModelError)
away_passes_for_l3,0.0,0.0,Task C,GBM,Permutation fallback (InvalidModelError)
away_red_cards_for_l3,0.0,0.0,Task C,GBM,Permutation fallback (InvalidModelError)
away_red_cards_for_l10,0.0,0.0,Task C,GBM,Permutation fallback (InvalidModelError)
missingindicator_away_red_cards_for_l10,0.0,0.0,Task C,GBM,Permutation fallback (InvalidModelError)
home_goals_for_l10,0.0,0.0,Task C,GBM,Permutation fallback (InvalidModelError)
p1_home_rank_home,0.0,0.0,Task C,GBM,Permutation fallback (InvalidModelError)
home_passes_for_l10,0.0,0.0,Task C,GBM,Permutation fallback (InvalidModelError)
home_missing_history_l5,0.0,0.0,Task C,GBM,Permutation fallback (InvalidModelError)
home_goal_difference_l10,0.0,0.0,Task C,GBM,Permutation fallback (InvalidModelError)
home_goals_against_l10,0.0,0.0,Task C,GBM,Permutation fallback (InvalidModelError)
home_red_cards_for_l3,0.0,0.0,Task C,GBM,Permutation fallback (InvalidModelError)
home_missing_history_l3,0.0,0.0,Task C,GBM,Permutation fallback (InvalidModelError)
home_goals_against_l5,0.0,0.0,Task C,GBM,Permutation fallback (InvalidModelError)
missingindicator_home_rest_days,0.0,0.0,Task C,GBM,Permutation fallback (InvalidModelError)
missingindicator_home_points_l3,0.0,0.0,Task C,GBM,Permutation fallback (InvalidModelError)
missingindicator_home_goals_for_l3,0.0,0.0,Task C,GBM,Permutation fallback (InvalidModelError)
missingindicator_home_goals_against_l3,0.0,0.0,Task C,GBM,Permutation fallback (InvalidModelError)
missingindicator_home_goal_difference_l3,0.0,0.0,Task C,GBM,Permutation fallback (InvalidModelError)
missingindicator_home_shots_for_l3,0.0,0.0,Task C,GBM,Permutation fallback (InvalidModelError)
missingindicator_home_shots_against_l3,0.0,0.0,Task C,GBM,Permutation fallback (InvalidModelError)
missingindicator_home_shots_on_target_for_l3,0.0,0.0,Task C,GBM,Permutation fallback (InvalidModelError)
missingindicator_home_shots_on_target_against_l3,0.0,0.0,Task C,GBM,Permutation fallback (InvalidModelError)
missingindicator_home_xg_for_l3,0.0,0.0,Task C,GBM,Permutation fallback (InvalidModelError)
missingindicator_home_xg_against_l3,0.0,0.0,Task C,GBM,Permutation fallback (InvalidModelError)
missingindicator_home_passes_for_l3,0.0,0.0,Task C,GBM,Permutation fallback (InvalidModelError)
missingindicator_home_pass_completion_for_l3,0.0,0.0,Task C,GBM,Permutation fallback (InvalidModelError)
missingindicator_home_pressures_for_l3,0.0,0.0,Task C,GBM,Permutation fallback (InvalidModelError)
missingindicator_home_final_third_entries_for_l3,0.0,0.0,Task C,GBM,Permutation fallback (InvalidModelError)
missingindicator_home_red_cards_for_l3,0.0,0.0,Task C,GBM,Permutation fallback (InvalidModelError)
missingindicator_home_possession_share_l3,0.0,0.0,Task C,GBM,Permutation fallback (InvalidModelError)
missingindicator_home_points_l5,0.0,0.0,Task C,GBM,Permutation fallback (InvalidModelError)
missingindicator_home_goals_for_l5,0.0,0.0,Task C,GBM,Permutation fallback (InvalidModelError)
missingindicator_home_goals_against_l5,0.0,0.0,Task C,GBM,Permutation fallback (InvalidModelError)
missingindicator_home_goal_difference_l5,0.0,0.0,Task C,GBM,Permutation fallback (InvalidModelError)
missingindicator_home_shots_for_l5,0.0,0.0,Task C,GBM,Permutation fallback (InvalidModelError)
missingindicator_home_shots_against_l5,0.0,0.0,Task C,GBM,Permutation fallback (InvalidModelError)
missingindicator_home_shots_on_target_for_l5,0.0,0.0,Task C,GBM,Permutation fallback (InvalidModelError)
missingindicator_home_shots_on_target_against_l5,0.0,0.0,Task C,GBM,Permutation fallback (InvalidModelError)
missingindicator_home_xg_for_l5,0.0,0.0,Task C,GBM,Permutation fallback (InvalidModelError)
missingindicator_home_xg_against_l5,0.0,0.0,Task C,GBM,Permutation fallback (InvalidModelError)
missingindicator_home_passes_for_l5,0.0,0.0,Task C,GBM,Permutation fallback (InvalidModelError)
missingindicator_home_pass_completion_for_l5,0.0,0.0,Task C,GBM,Permutation fallback (InvalidModelError)
missingindicator_home_pressures_for_l5,0.0,0.0,Task C,GBM,Permutation fallback (InvalidModelError)
missingindicator_home_final_third_entries_for_l5,0.0,0.0,Task C,GBM,Permutation fallback (InvalidModelError)
missingindicator_home_red_cards_for_l5,0.0,0.0,Task C,GBM,Permutation fallback (InvalidModelError)
missingindicator_home_possession_share_l5,0.0,0.0,Task C,GBM,Permutation fallback (InvalidModelError)
missingindicator_home_points_l10,0.0,0.0,Task C,GBM,Permutation fallback (InvalidModelError)
missingindicator_home_goals_for_l10,0.0,0.0,Task C,GBM,Permutation fallback (InvalidModelError)
missingindicator_home_goals_against_l10,0.0,0.0,Task C,GBM,Permutation fallback (InvalidModelError)
missingindicator_home_goal_difference_l10,0.0,0.0,Task C,GBM,Permutation fallback (InvalidModelError)
missingindicator_home_shots_for_l10,0.0,0.0,Task C,GBM,Permutation fallback (InvalidModelError)
missingindicator_home_shots_against_l10,0.0,0.0,Task C,GBM,Permutation fallback (InvalidModelError)
missingindicator_home_shots_on_target_for_l10,0.0,0.0,Task C,GBM,Permutation fallback (InvalidModelError)
missingindicator_home_shots_on_target_against_l10,0.0,0.0,Task C,GBM,Permutation fallback (InvalidModelError)
missingindicator_home_xg_for_l10,0.0,0.0,Task C,GBM,Permutation fallback (InvalidModelError)
missingindicator_home_xg_against_l10,0.0,0.0,Task C,GBM,Permutation fallback (InvalidModelError)
missingindicator_home_passes_for_l10,0.0,0.0,Task C,GBM,Permutation fallback (InvalidModelError)
missingindicator_home_pass_completion_for_l10,0.0,0.0,Task C,GBM,Permutation fallback (InvalidModelError)
missingindicator_home_pressures_for_l10,0.0,0.0,Task C,GBM,Permutation fallback (InvalidModelError)
missingindicator_home_final_third_entries_for_l10,0.0,0.0,Task C,GBM,Permutation fallback (InvalidModelError)
missingindicator_home_red_cards_for_l10,0.0,0.0,Task C,GBM,Permutation fallback (InvalidModelError)
missingindicator_home_possession_share_l10,0.0,0.0,Task C,GBM,Permutation fallback (InvalidModelError)
missingindicator_away_rest_days,0.0,0.0,Task C,GBM,Permutation fallback (InvalidModelError)
missingindicator_away_points_l3,0.0,0.0,Task C,GBM,Permutation fallback (InvalidModelError)
missingindicator_away_goals_for_l3,0.0,0.0,Task C,GBM,Permutation fallback (InvalidModelError)
missingindicator_away_goals_against_l3,0.0,0.0,Task C,GBM,Permutation fallback (InvalidModelError)
missingindicator_away_goal_difference_l3,0.0,0.0,Task C,GBM,Permutation fallback (InvalidModelError)
missingindicator_away_shots_for_l3,0.0,0.0,Task C,GBM,Permutation fallback (InvalidModelError)
missingindicator_away_shots_against_l3,0.0,0.0,Task C,GBM,Permutation fallback (InvalidModelError)
missingindicator_away_shots_on_target_for_l3,0.0,0.0,Task C,GBM,Permutation fallback (InvalidModelError)
missingindicator_away_shots_on_target_against_l3,0.0,0.0,Task C,GBM,Permutation fallback (InvalidModelError)
missingindicator_away_xg_for_l3,0.0,0.0,Task C,GBM,Permutation fallback (InvalidModelError)
missingindicator_away_xg_against_l3,0.0,0.0,Task C,GBM,Permutation fallback (InvalidModelError)
missingindicator_away_passes_for_l3,0.0,0.0,Task C,GBM,Permutation fallback (InvalidModelError)
missingindicator_away_pass_completion_for_l3,0.0,0.0,Task C,GBM,Permutation fallback (InvalidModelError)
missingindicator_away_pressures_for_l3,0.0,0.0,Task C,GBM,Permutation fallback (InvalidModelError)
missingindicator_away_final_third_entries_for_l3,0.0,0.0,Task C,GBM,Permutation fallback (InvalidModelError)
missingindicator_away_red_cards_for_l3,0.0,0.0,Task C,GBM,Permutation fallback (InvalidModelError)
missingindicator_away_possession_share_l3,0.0,0.0,Task C,GBM,Permutation fallback (InvalidModelError)
missingindicator_away_points_l5,0.0,0.0,Task C,GBM,Permutation fallback (InvalidModelError)
missingindicator_away_goals_for_l5,0.0,0.0,Task C,GBM,Permutation fallback (InvalidModelError)
missingindicator_away_goals_against_l5,0.0,0.0,Task C,GBM,Permutation fallback (InvalidModelError)
missingindicator_away_goal_difference_l5,0.0,0.0,Task C,GBM,Permutation fallback (InvalidModelError)
missingindicator_away_shots_for_l5,0.0,0.0,Task C,GBM,Permutation fallback (InvalidModelError)
missingindicator_away_shots_against_l5,0.0,0.0,Task C,GBM,Permutation fallback (InvalidModelError)
missingindicator_away_shots_on_target_for_l5,0.0,0.0,Task C,GBM,Permutation fallback (InvalidModelError)
missingindicator_away_shots_on_target_against_l5,0.0,0.0,Task C,GBM,Permutation fallback (InvalidModelError)
missingindicator_away_xg_for_l5,0.0,0.0,Task C,GBM,Permutation fallback (InvalidModelError)
missingindicator_away_xg_against_l5,0.0,0.0,Task C,GBM,Permutation fallback (InvalidModelError)
missingindicator_away_passes_for_l5,0.0,0.0,Task C,GBM,Permutation fallback (InvalidModelError)
missingindicator_away_pass_completion_for_l5,0.0,0.0,Task C,GBM,Permutation fallback (InvalidModelError)
missingindicator_away_pressures_for_l5,0.0,0.0,Task C,GBM,Permutation fallback (InvalidModelError)
missingindicator_away_final_third_entries_for_l5,0.0,0.0,Task C,GBM,Permutation fallback (InvalidModelError)
missingindicator_away_red_cards_for_l5,0.0,0.0,Task C,GBM,Permutation fallback (InvalidModelError)
missingindicator_away_possession_share_l5,0.0,0.0,Task C,GBM,Permutation fallback (InvalidModelError)
missingindicator_away_points_l10,0.0,0.0,Task C,GBM,Permutation fallback (InvalidModelError)
missingindicator_away_goals_for_l10,0.0,0.0,Task C,GBM,Permutation fallback (InvalidModelError)
missingindicator_away_goals_against_l10,0.0,0.0,Task C,GBM,Permutation fallback (InvalidModelError)
missingindicator_away_goal_difference_l10,0.0,0.0,Task C,GBM,Permutation fallback (InvalidModelError)
missingindicator_away_shots_for_l10,0.0,0.0,Task C,GBM,Permutation fallback (InvalidModelError)
missingindicator_away_shots_against_l10,0.0,0.0,Task C,GBM,Permutation fallback (InvalidModelError)
missingindicator_away_shots_on_target_for_l10,0.0,0.0,Task C,GBM,Permutation fallback (InvalidModelError)
missingindicator_away_shots_on_target_against_l10,0.0,0.0,Task C,GBM,Permutation fallback (InvalidModelError)
missingindicator_away_xg_for_l10,0.0,0.0,Task C,GBM,Permutation fallback (InvalidModelError)
missingindicator_away_xg_against_l10,0.0,0.0,Task C,GBM,Permutation fallback (InvalidModelError)
missingindicator_away_passes_for_l10,0.0,0.0,Task C,GBM,Permutation fallback (InvalidModelError)
missingindicator_away_pass_completion_for_l10,0.0,0.0,Task C,GBM,Permutation fallback (InvalidModelError)
missingindicator_diff_pressures_for_l5,0.0,0.0,Task C,GBM,Permutation fallback (InvalidModelError)
missingindicator_diff_possession_share_l5,0.0,0.0,Task C,GBM,Permutation fallback (InvalidModelError)
missingindicator_diff_points_l10,0.0,0.0,Task C,GBM,Permutation fallback (InvalidModelError)
missingindicator_diff_goal_difference_l10,0.0,0.0,Task C,GBM,Permutation fallback (InvalidModelError)
missingindicator_diff_shots_for_l10,0.0,0.0,Task C,GBM,Permutation fallback (InvalidModelError)
missingindicator_diff_xg_for_l10,0.0,0.0,Task C,GBM,Permutation fallback (InvalidModelError)
missingindicator_diff_pass_completion_for_l10,0.0,0.0,Task C,GBM,Permutation fallback (InvalidModelError)
missingindicator_diff_pressures_for_l10,0.0,0.0,Task C,GBM,Permutation fallback (InvalidModelError)
missingindicator_diff_possession_share_l10,0.0,0.0,Task C,GBM,Permutation fallback (InvalidModelError)
missingindicator_rest_days_difference,0.0,0.0,Task C,GBM,Permutation fallback (InvalidModelError)
diff_xg_for_l3,0.07283672403436209,0.011864799074828625,Task C,XGBoost,Permutation fallback (ValueError)
home_goals_for_l5,0.028250976063419083,0.007685724645853043,Task C,XGBoost,Permutation fallback (ValueError)
p1_away_scr_home,0.027639825658305826,0.010067733936011791,Task C,XGBoost,Permutation fallback (ValueError)
home_final_third_entries_for_l5,0.02735318532213569,0.00886775553226471,Task C,XGBoost,Permutation fallback (ValueError)
diff_pressures_for_l3,0.024541995592037406,0.007482657674700022,Task C,XGBoost,Permutation fallback (ValueError)
home_rest_days,0.023118573146453804,0.008271228522062302,Task C,XGBoost,Permutation fallback (ValueError)
away_pass_completion_for_l3,0.022685865451838226,0.007315753493458033,Task C,XGBoost,Permutation fallback (ValueError)
home_shots_on_target_against_l3,0.01992516480386257,0.00896257534623146,Task C,XGBoost,Permutation fallback (ValueError)
p1_away_con_total,0.018954807343096403,0.010267426259815693,Task C,XGBoost,Permutation fallback (ValueError)
away_shots_on_target_for_l5,0.01695691757444022,0.01010466180741787,Task C,XGBoost,Permutation fallback (ValueError)
away_final_third_entries_for_l10,0.01685788472574475,0.009548960253596306,Task C,XGBoost,Permutation fallback (ValueError)
home_shots_on_target_for_l3,0.01646356438219115,0.00794505700469017,Task C,XGBoost,Permutation fallback (ValueError)
away_goals_against_l5,0.015688206251386717,0.007252251263707876,Task C,XGBoost,Permutation fallback (ValueError)
p1_home_con_total,0.014798607050940616,0.008036703802645206,Task C,XGBoost,Permutation fallback (ValueError)
away_pass_completion_for_l10,0.014720358993804116,0.008117984049022198,Task C,XGBoost,Permutation fallback (ValueError)
p1_away_rank_total,0.013985560716980176,0.013016266748309135,Task C,XGBoost,Permutation fallback (ValueError)
home_pass_completion_for_l3,0.013791310718364046,0.007033000700175762,Task C,XGBoost,Permutation fallback (ValueError)
home_pass_completion_for_l10,0.013254737025261785,0.006962633226066828,Task C,XGBoost,Permutation fallback (ValueError)
away_shots_on_target_for_l10,0.012978903680661878,0.011932401917874813,Task C,XGBoost,Permutation fallback (ValueError)
away_xg_against_l3,0.012565986943039781,0.007219817955046892,Task C,XGBoost,Permutation fallback (ValueError)
away_shots_on_target_against_l3,0.01116363214382875,0.007636722642928362,Task C,XGBoost,Permutation fallback (ValueError)
diff_possession_share_l3,0.010838411691720066,0.007418336812406778,Task C,XGBoost,Permutation fallback (ValueError)
home_xg_for_l3,0.010827672748785957,0.007831125520169735,Task C,XGBoost,Permutation fallback (ValueError)
diff_possession_share_l10,0.010442114702385409,0.008390681818127632,Task C,XGBoost,Permutation fallback (ValueError)
p1_home_scr_home,0.010425155079397178,0.009272363036870956,Task C,XGBoost,Permutation fallback (ValueError)
diff_pass_completion_for_l3,0.010175766462487154,0.007655296940356493,Task C,XGBoost,Permutation fallback (ValueError)
p1_away_con_away,0.009452072335272168,0.009160475805401802,Task C,XGBoost,Permutation fallback (ValueError)
diff_possession_share_l5,0.009377185311978271,0.008513044565916061,Task C,XGBoost,Permutation fallback (ValueError)
home_shots_for_l3,0.009065166615165664,0.007150236517190933,Task C,XGBoost,Permutation fallback (ValueError)
away_goals_for_l3,0.008758808822249584,0.007233777549117804,Task C,XGBoost,Permutation fallback (ValueError)
away_goal_difference_l10,0.008721074932997211,0.00843588262796402,Task C,XGBoost,Permutation fallback (ValueError)
home_pressures_for_l3,0.007950865520515306,0.0071802278980612755,Task C,XGBoost,Permutation fallback (ValueError)
away_possession_share_l5,0.007873799935307183,0.006705442909151316,Task C,XGBoost,Permutation fallback (ValueError)
home_shots_on_target_for_l5,0.00772614965512269,0.009037356823682785,Task C,XGBoost,Permutation fallback (ValueError)
diff_shots_for_l10,0.007619751046371198,0.008673264645040035,Task C,XGBoost,Permutation fallback (ValueError)
diff_pressures_for_l10,0.007284186904629069,0.009068356826901436,Task C,XGBoost,Permutation fallback (ValueError)
away_possession_share_l3,0.006630050841772902,0.0072962939739227295,Task C,XGBoost,Permutation fallback (ValueError)
away_final_third_entries_for_l5,0.00616950668070627,0.008092937991023064,Task C,XGBoost,Permutation fallback (ValueError)
home_pass_completion_for_l5,0.005999257404735119,0.008776890113949776,Task C,XGBoost,Permutation fallback (ValueError)
away_xg_for_l3,0.005986877116442165,0.007018469274044037,Task C,XGBoost,Permutation fallback (ValueError)
home_pressures_for_l5,0.005747162417063249,0.007803016342222691,Task C,XGBoost,Permutation fallback (ValueError)
home_final_third_entries_for_l3,0.00561759900166721,0.006271312478929758,Task C,XGBoost,Permutation fallback (ValueError)
home_xg_for_l5,0.005515487836268932,0.010042118839919567,Task C,XGBoost,Permutation fallback (ValueError)
away_shots_against_l3,0.005367922599332925,0.005340242758393288,Task C,XGBoost,Permutation fallback (ValueError)
diff_pass_completion_for_l5,0.004808369901139235,0.006737589370459318,Task C,XGBoost,Permutation fallback (ValueError)
p1_home_con_away,0.004733976381628409,0.007756424136459827,Task C,XGBoost,Permutation fallback (ValueError)
home_goals_against_l3,0.004696414724964163,0.0076372441835701466,Task C,XGBoost,Permutation fallback (ValueError)
away_possession_share_l10,0.004640642194536284,0.007472462020814419,Task C,XGBoost,Permutation fallback (ValueError)
home_goal_difference_l5,0.004609851103168026,0.0076545351184904575,Task C,XGBoost,Permutation fallback (ValueError)
away_pressures_for_l3,0.0046036671847105,0.005940746515989304,Task C,XGBoost,Permutation fallback (ValueError)
home_pressures_for_l10,0.0045849199717243475,0.007966187782585621,Task C,XGBoost,Permutation fallback (ValueError)
home_shots_for_l10,0.004338048105600525,0.007101969327777624,Task C,XGBoost,Permutation fallback (ValueError)
p1_home_con_home,0.004227000558613864,0.006239438429474831,Task C,XGBoost,Permutation fallback (ValueError)
home_points_l3,0.0040112331752543895,0.007381158880889416,Task C,XGBoost,Permutation fallback (ValueError)
home_xg_against_l5,0.003998735489026785,0.005735100246965885,Task C,XGBoost,Permutation fallback (ValueError)
home_shots_on_target_against_l5,0.0035673790732803534,0.00703400606289506,Task C,XGBoost,Permutation fallback (ValueError)
home_shots_against_l10,0.0031125082526409944,0.007857164368033409,Task C,XGBoost,Permutation fallback (ValueError)
home_goal_difference_l3,0.0030160990408689193,0.007967328652739525,Task C,XGBoost,Permutation fallback (ValueError)
away_xg_against_l5,0.0028921203552812825,0.007472825236618519,Task C,XGBoost,Permutation fallback (ValueError)
p1_away_scr_total,0.0028213947228547453,0.008706215769052505,Task C,XGBoost,Permutation fallback (ValueError)
away_passes_for_l5,0.0028212663326142463,0.007766646333038807,Task C,XGBoost,Permutation fallback (ValueError)
home_goals_against_l10,0.0028206353534714888,0.005152514204382896,Task C,XGBoost,Permutation fallback (ValueError)
away_shots_for_l5,0.002689731901214605,0.014003012329339981,Task C,XGBoost,Permutation fallback (ValueError)
p1_home_rank_away,0.002635804598854075,0.006823509931564331,Task C,XGBoost,Permutation fallback (ValueError)
home_goals_for_l10,0.002613943346870544,0.005712198093533516,Task C,XGBoost,Permutation fallback (ValueError)
diff_pass_completion_for_l10,0.00253311903688355,0.006081330124288797,Task C,XGBoost,Permutation fallback (ValueError)
away_xg_against_l10,0.0023877225424824428,0.006067541427910328,Task C,XGBoost,Permutation fallback (ValueError)
rest_days_difference,0.0023730493623061425,0.005711579229682684,Task C,XGBoost,Permutation fallback (ValueError)
home_shots_for_l5,0.0023205510138169594,0.005715957842767239,Task C,XGBoost,Permutation fallback (ValueError)
diff_points_l10,0.002250962879886658,0.005739297717809677,Task C,XGBoost,Permutation fallback (ValueError)
p1_away_scr_away,0.002249520923942324,0.005829042289406061,Task C,XGBoost,Permutation fallback (ValueError)
away_shots_against_l10,0.00217511185269425,0.006243075244128704,Task C,XGBoost,Permutation fallback (ValueError)
diff_points_l5,0.002010132991911273,0.006417036522179842,Task C,XGBoost,Permutation fallback (ValueError)
away_shots_for_l10,0.002006422587926837,0.00555067416280508,Task C,XGBoost,Permutation fallback (ValueError)
away_shots_on_target_for_l3,0.00194808387507995,0.007552839815616608,Task C,XGBoost,Permutation fallback (ValueError)
home_passes_for_l3,0.0018264686418832164,0.006806575693190098,Task C,XGBoost,Permutation fallback (ValueError)
home_xg_against_l3,0.0017903610847998378,0.004949608817696571,Task C,XGBoost,Permutation fallback (ValueError)
away_shots_on_target_against_l10,0.0017474686470476668,0.008145254105329514,Task C,XGBoost,Permutation fallback (ValueError)
diff_goal_difference_l10,0.0017048885748870153,0.007527248002588749,Task C,XGBoost,Permutation fallback (ValueError)
away_shots_on_target_against_l5,0.0016956588631306844,0.0063243769109249115,Task C,XGBoost,Permutation fallback (ValueError)
home_possession_share_l5,0.0016802512730161325,0.006280760280787945,Task C,XGBoost,Permutation fallback (ValueError)
home_xg_against_l10,0.0016737837155444016,0.006716921925544739,Task C,XGBoost,Permutation fallback (ValueError)
home_shots_against_l3,0.0016584136037398934,0.005977155640721321,Task C,XGBoost,Permutation fallback (ValueError)
away_pressures_for_l5,0.0016399667287866275,0.006140743847936392,Task C,XGBoost,Permutation fallback (ValueError)
diff_pressures_for_l5,0.0015658878127409964,0.004908818751573563,Task C,XGBoost,Permutation fallback (ValueError)
away_rest_days,0.0014805687645423143,0.006554603576660156,Task C,XGBoost,Permutation fallback (ValueError)
home_shots_on_target_against_l10,0.0014773528860962857,0.00928416196256876,Task C,XGBoost,Permutation fallback (ValueError)
away_goals_against_l10,0.0014466743146919693,0.006409295368939638,Task C,XGBoost,Permutation fallback (ValueError)
away_xg_for_l5,0.001436089894369895,0.006760041229426861,Task C,XGBoost,Permutation fallback (ValueError)
home_possession_share_l10,0.0013858747547087458,0.0049245017580688,Task C,XGBoost,Permutation fallback (ValueError)
away_shots_against_l5,0.0013490985809029058,0.006966291926801205,Task C,XGBoost,Permutation fallback (ValueError)
home_goals_for_l3,0.0013376415801652959,0.006616690196096897,Task C,XGBoost,Permutation fallback (ValueError)
diff_goal_difference_l5,0.0013318140815565603,0.008430526591837406,Task C,XGBoost,Permutation fallback (ValueError)
diff_xg_for_l10,0.001245729127169945,0.0051337117329239845,Task C,XGBoost,Permutation fallback (ValueError)
home_shots_against_l5,0.0012172297669061705,0.00579505879431963,Task C,XGBoost,Permutation fallback (ValueError)
p1_away_rank_away,0.001179263173885966,0.006883357185870409,Task C,XGBoost,Permutation fallback (ValueError)
away_xg_for_l10,0.0011767767923141768,0.00614991644397378,Task C,XGBoost,Permutation fallback (ValueError)
away_red_cards_for_l10,0.0011739449089636042,0.005978203844279051,Task C,XGBoost,Permutation fallback (ValueError)
diff_shots_for_l3,0.0011735393274305496,0.0072179981507360935,Task C,XGBoost,Permutation fallback (ValueError)
diff_xg_for_l5,0.0011657299676343148,0.008766455575823784,Task C,XGBoost,Permutation fallback (ValueError)
p1_home_rank_home,0.001164651382714502,0.005667982157319784,Task C,XGBoost,Permutation fallback (ValueError)
away_pressures_for_l10,0.0011205767834748085,0.0071945032104849815,Task C,XGBoost,Permutation fallback (ValueError)
away_goal_difference_l3,0.0011134442414386548,0.005274398252367973,Task C,XGBoost,Permutation fallback (ValueError)
away_points_l10,0.0009887572296935607,0.0058601852506399155,Task C,XGBoost,Permutation fallback (ValueError)
away_passes_for_l3,0.0009572612027219207,0.00596901960670948,Task C,XGBoost,Permutation fallback (ValueError)
away_goals_for_l10,0.0009411092820590804,0.008188733831048012,Task C,XGBoost,Permutation fallback (ValueError)
home_red_cards_for_l10,0.0009308291842108208,0.004377779550850391,Task C,XGBoost,Permutation fallback (ValueError)
home_xg_for_l10,0.000894379182516235,0.006552581209689379,Task C,XGBoost,Permutation fallback (ValueError)
away_goal_difference_l5,0.0008889532405073217,0.005492730066180229,Task C,XGBoost,Permutation fallback (ValueError)
home_passes_for_l10,0.0008781594210776812,0.007841190323233604,Task C,XGBoost,Permutation fallback (ValueError)
p1_home_scr_total,0.0008611620417323681,0.006089052185416222,Task C,XGBoost,Permutation fallback (ValueError)
away_points_l5,0.000858465090825933,0.005322422832250595,Task C,XGBoost,Permutation fallback (ValueError)
away_pass_completion_for_l5,0.0008390208544290602,0.008243905380368233,Task C,XGBoost,Permutation fallback (ValueError)
p1_away_rank_home,0.0007458832114934954,0.006704933010041714,Task C,XGBoost,Permutation fallback (ValueError)
home_shots_on_target_for_l10,0.0007179207074037464,0.0070394049398601055,Task C,XGBoost,Permutation fallback (ValueError)
away_final_third_entries_for_l3,0.0007161011311994878,0.012053211219608784,Task C,XGBoost,Permutation fallback (ValueError)
home_red_cards_for_l3,0.0007039171657052632,0.006951428484171629,Task C,XGBoost,Permutation fallback (ValueError)
home_points_l5,0.0006693012904429783,0.0060309176333248615,Task C,XGBoost,Permutation fallback (ValueError)
home_possession_share_l3,0.0006608843088042049,0.00803529191762209,Task C,XGBoost,Permutation fallback (ValueError)
home_points_l10,0.0006497432302305627,0.006311065051704645,Task C,XGBoost,Permutation fallback (ValueError)
away_passes_for_l10,0.0006439507925423999,0.006046113092452288,Task C,XGBoost,Permutation fallback (ValueError)
p1_home_rank_total,0.0005866060546342864,0.005608729086816311,Task C,XGBoost,Permutation fallback (ValueError)
diff_shots_for_l5,0.0005856512289872227,0.008789514191448689,Task C,XGBoost,Permutation fallback (ValueError)
home_final_third_entries_for_l10,0.0005770311501902927,0.006765211466699839,Task C,XGBoost,Permutation fallback (ValueError)
away_goals_against_l3,0.0005422828557050695,0.0035999775864183903,Task C,XGBoost,Permutation fallback (ValueError)
home_goals_against_l5,0.0005296139478467497,0.0076660579070448875,Task C,XGBoost,Permutation fallback (ValueError)
away_goals_for_l5,0.00048287077874377367,0.004179059062153101,Task C,XGBoost,Permutation fallback (ValueError)
away_shots_for_l3,0.00045037119230930214,0.0033582686446607113,Task C,XGBoost,Permutation fallback (ValueError)
p1_away_con_home,0.00043375701980962145,0.015169763006269932,Task C,XGBoost,Permutation fallback (ValueError)
diff_points_l3,0.0004061614500655691,0.004483811091631651,Task C,XGBoost,Permutation fallback (ValueError)
home_passes_for_l5,0.00037873499365388143,0.009192255325615406,Task C,XGBoost,Permutation fallback (ValueError)
home_goal_difference_l10,0.00033299198131198776,0.008018046617507935,Task C,XGBoost,Permutation fallback (ValueError)
diff_goal_difference_l3,0.00031486267520897256,0.006557242013514042,Task C,XGBoost,Permutation fallback (ValueError)
home_red_cards_for_l5,0.00028587860878611325,0.007449897471815348,Task C,XGBoost,Permutation fallback (ValueError)
p1_home_scr_away,0.00019745074914416654,0.00485910614952445,Task C,XGBoost,Permutation fallback (ValueError)
missingindicator_diff_points_l3,0.0,0.0,Task C,XGBoost,Permutation fallback (ValueError)
missingindicator_diff_pass_completion_for_l5,0.0,0.0,Task C,XGBoost,Permutation fallback (ValueError)
missingindicator_diff_pass_completion_for_l3,0.0,0.0,Task C,XGBoost,Permutation fallback (ValueError)
away_missing_history_l10,0.0,0.0,Task C,XGBoost,Permutation fallback (ValueError)
home_missing_history_l5,0.0,0.0,Task C,XGBoost,Permutation fallback (ValueError)
away_history_matches_before,0.0,0.00754874711856246,Task C,XGBoost,Permutation fallback (ValueError)
away_points_l3,0.0,0.0,Task C,XGBoost,Permutation fallback (ValueError)
home_missing_history_l10,0.0,0.0,Task C,XGBoost,Permutation fallback (ValueError)
away_red_cards_for_l3,0.0,0.0,Task C,XGBoost,Permutation fallback (ValueError)
away_missing_history_l5,0.0,0.0,Task C,XGBoost,Permutation fallback (ValueError)
away_red_cards_for_l5,0.0,0.0,Task C,XGBoost,Permutation fallback (ValueError)
away_missing_history_l3,0.0,0.0,Task C,XGBoost,Permutation fallback (ValueError)
missingindicator_diff_pressures_for_l3,0.0,0.0,Task C,XGBoost,Permutation fallback (ValueError)
missingindicator_diff_points_l5,0.0,0.0,Task C,XGBoost,Permutation fallback (ValueError)
missingindicator_diff_possession_share_l3,0.0,0.0,Task C,XGBoost,Permutation fallback (ValueError)
missingindicator_diff_goal_difference_l5,0.0,0.0,Task C,XGBoost,Permutation fallback (ValueError)
missingindicator_diff_shots_for_l5,0.0,0.0,Task C,XGBoost,Permutation fallback (ValueError)
missingindicator_diff_xg_for_l5,0.0,0.0,Task C,XGBoost,Permutation fallback (ValueError)
home_history_matches_before,0.0,0.004873259458690882,Task C,XGBoost,Permutation fallback (ValueError)
missingindicator_away_pressures_for_l10,0.0,0.0,Task C,XGBoost,Permutation fallback (ValueError)
missingindicator_away_final_third_entries_for_l10,0.0,0.0,Task C,XGBoost,Permutation fallback (ValueError)
missingindicator_away_possession_share_l10,0.0,0.0,Task C,XGBoost,Permutation fallback (ValueError)
missingindicator_away_red_cards_for_l10,0.0,0.0,Task C,XGBoost,Permutation fallback (ValueError)
missingindicator_diff_goal_difference_l3,0.0,0.0,Task C,XGBoost,Permutation fallback (ValueError)
missingindicator_diff_shots_for_l3,0.0,0.0,Task C,XGBoost,Permutation fallback (ValueError)
missingindicator_diff_xg_for_l3,0.0,0.0,Task C,XGBoost,Permutation fallback (ValueError)
home_missing_history_l3,0.0,0.0,Task C,XGBoost,Permutation fallback (ValueError)
missingindicator_home_rest_days,0.0,0.0,Task C,XGBoost,Permutation fallback (ValueError)
missingindicator_home_points_l3,0.0,0.0,Task C,XGBoost,Permutation fallback (ValueError)
missingindicator_home_goals_for_l3,0.0,0.0,Task C,XGBoost,Permutation fallback (ValueError)
missingindicator_home_goals_against_l3,0.0,0.0,Task C,XGBoost,Permutation fallback (ValueError)
missingindicator_home_goal_difference_l3,0.0,0.0,Task C,XGBoost,Permutation fallback (ValueError)
missingindicator_home_shots_for_l3,0.0,0.0,Task C,XGBoost,Permutation fallback (ValueError)
missingindicator_home_shots_against_l3,0.0,0.0,Task C,XGBoost,Permutation fallback (ValueError)
missingindicator_home_shots_on_target_for_l3,0.0,0.0,Task C,XGBoost,Permutation fallback (ValueError)
missingindicator_home_shots_on_target_against_l3,0.0,0.0,Task C,XGBoost,Permutation fallback (ValueError)
missingindicator_home_xg_for_l3,0.0,0.0,Task C,XGBoost,Permutation fallback (ValueError)
missingindicator_home_xg_against_l3,0.0,0.0,Task C,XGBoost,Permutation fallback (ValueError)
missingindicator_home_passes_for_l3,0.0,0.0,Task C,XGBoost,Permutation fallback (ValueError)
missingindicator_home_pass_completion_for_l3,0.0,0.0,Task C,XGBoost,Permutation fallback (ValueError)
missingindicator_home_pressures_for_l3,0.0,0.0,Task C,XGBoost,Permutation fallback (ValueError)
missingindicator_home_final_third_entries_for_l3,0.0,0.0,Task C,XGBoost,Permutation fallback (ValueError)
missingindicator_home_red_cards_for_l3,0.0,0.0,Task C,XGBoost,Permutation fallback (ValueError)
missingindicator_home_possession_share_l3,0.0,0.0,Task C,XGBoost,Permutation fallback (ValueError)
missingindicator_home_points_l5,0.0,0.0,Task C,XGBoost,Permutation fallback (ValueError)
missingindicator_home_goals_for_l5,0.0,0.0,Task C,XGBoost,Permutation fallback (ValueError)
missingindicator_home_goals_against_l5,0.0,0.0,Task C,XGBoost,Permutation fallback (ValueError)
missingindicator_home_goal_difference_l5,0.0,0.0,Task C,XGBoost,Permutation fallback (ValueError)
missingindicator_home_shots_for_l5,0.0,0.0,Task C,XGBoost,Permutation fallback (ValueError)
missingindicator_home_shots_against_l5,0.0,0.0,Task C,XGBoost,Permutation fallback (ValueError)
missingindicator_home_shots_on_target_for_l5,0.0,0.0,Task C,XGBoost,Permutation fallback (ValueError)
missingindicator_home_shots_on_target_against_l5,0.0,0.0,Task C,XGBoost,Permutation fallback (ValueError)
missingindicator_home_xg_for_l5,0.0,0.0,Task C,XGBoost,Permutation fallback (ValueError)
missingindicator_home_xg_against_l5,0.0,0.0,Task C,XGBoost,Permutation fallback (ValueError)
missingindicator_home_passes_for_l5,0.0,0.0,Task C,XGBoost,Permutation fallback (ValueError)
missingindicator_home_pass_completion_for_l5,0.0,0.0,Task C,XGBoost,Permutation fallback (ValueError)
missingindicator_home_pressures_for_l5,0.0,0.0,Task C,XGBoost,Permutation fallback (ValueError)
missingindicator_home_final_third_entries_for_l5,0.0,0.0,Task C,XGBoost,Permutation fallback (ValueError)
missingindicator_home_red_cards_for_l5,0.0,0.0,Task C,XGBoost,Permutation fallback (ValueError)
missingindicator_home_possession_share_l5,0.0,0.0,Task C,XGBoost,Permutation fallback (ValueError)
missingindicator_home_points_l10,0.0,0.0,Task C,XGBoost,Permutation fallback (ValueError)
missingindicator_home_goals_for_l10,0.0,0.0,Task C,XGBoost,Permutation fallback (ValueError)
missingindicator_home_goals_against_l10,0.0,0.0,Task C,XGBoost,Permutation fallback (ValueError)
missingindicator_home_goal_difference_l10,0.0,0.0,Task C,XGBoost,Permutation fallback (ValueError)
missingindicator_home_shots_for_l10,0.0,0.0,Task C,XGBoost,Permutation fallback (ValueError)
missingindicator_home_shots_against_l10,0.0,0.0,Task C,XGBoost,Permutation fallback (ValueError)
missingindicator_home_shots_on_target_for_l10,0.0,0.0,Task C,XGBoost,Permutation fallback (ValueError)
missingindicator_home_shots_on_target_against_l10,0.0,0.0,Task C,XGBoost,Permutation fallback (ValueError)
missingindicator_home_xg_for_l10,0.0,0.0,Task C,XGBoost,Permutation fallback (ValueError)
missingindicator_home_xg_against_l10,0.0,0.0,Task C,XGBoost,Permutation fallback (ValueError)
missingindicator_home_passes_for_l10,0.0,0.0,Task C,XGBoost,Permutation fallback (ValueError)
missingindicator_home_pass_completion_for_l10,0.0,0.0,Task C,XGBoost,Permutation fallback (ValueError)
missingindicator_home_pressures_for_l10,0.0,0.0,Task C,XGBoost,Permutation fallback (ValueError)
missingindicator_home_final_third_entries_for_l10,0.0,0.0,Task C,XGBoost,Permutation fallback (ValueError)
missingindicator_home_red_cards_for_l10,0.0,0.0,Task C,XGBoost,Permutation fallback (ValueError)
missingindicator_home_possession_share_l10,0.0,0.0,Task C,XGBoost,Permutation fallback (ValueError)
missingindicator_away_rest_days,0.0,0.0,Task C,XGBoost,Permutation fallback (ValueError)
missingindicator_away_points_l3,0.0,0.0,Task C,XGBoost,Permutation fallback (ValueError)
missingindicator_away_goals_for_l3,0.0,0.0,Task C,XGBoost,Permutation fallback (ValueError)
missingindicator_away_goals_against_l3,0.0,0.0,Task C,XGBoost,Permutation fallback (ValueError)
missingindicator_away_goal_difference_l3,0.0,0.0,Task C,XGBoost,Permutation fallback (ValueError)
missingindicator_away_shots_for_l3,0.0,0.0,Task C,XGBoost,Permutation fallback (ValueError)
missingindicator_away_shots_against_l3,0.0,0.0,Task C,XGBoost,Permutation fallback (ValueError)
missingindicator_away_shots_on_target_for_l3,0.0,0.0,Task C,XGBoost,Permutation fallback (ValueError)
missingindicator_away_shots_on_target_against_l3,0.0,0.0,Task C,XGBoost,Permutation fallback (ValueError)
missingindicator_away_xg_for_l3,0.0,0.0,Task C,XGBoost,Permutation fallback (ValueError)
missingindicator_away_xg_against_l3,0.0,0.0,Task C,XGBoost,Permutation fallback (ValueError)
missingindicator_away_passes_for_l3,0.0,0.0,Task C,XGBoost,Permutation fallback (ValueError)
missingindicator_away_pass_completion_for_l3,0.0,0.0,Task C,XGBoost,Permutation fallback (ValueError)
missingindicator_away_pressures_for_l3,0.0,0.0,Task C,XGBoost,Permutation fallback (ValueError)
missingindicator_away_final_third_entries_for_l3,0.0,0.0,Task C,XGBoost,Permutation fallback (ValueError)
missingindicator_away_red_cards_for_l3,0.0,0.0,Task C,XGBoost,Permutation fallback (ValueError)
missingindicator_away_possession_share_l3,0.0,0.0,Task C,XGBoost,Permutation fallback (ValueError)
missingindicator_away_points_l5,0.0,0.0,Task C,XGBoost,Permutation fallback (ValueError)
missingindicator_away_goals_for_l5,0.0,0.0,Task C,XGBoost,Permutation fallback (ValueError)
missingindicator_away_goals_against_l5,0.0,0.0,Task C,XGBoost,Permutation fallback (ValueError)
missingindicator_away_goal_difference_l5,0.0,0.0,Task C,XGBoost,Permutation fallback (ValueError)
missingindicator_away_shots_for_l5,0.0,0.0,Task C,XGBoost,Permutation fallback (ValueError)
missingindicator_away_shots_against_l5,0.0,0.0,Task C,XGBoost,Permutation fallback (ValueError)
missingindicator_away_shots_on_target_for_l5,0.0,0.0,Task C,XGBoost,Permutation fallback (ValueError)
missingindicator_away_shots_on_target_against_l5,0.0,0.0,Task C,XGBoost,Permutation fallback (ValueError)
missingindicator_away_xg_for_l5,0.0,0.0,Task C,XGBoost,Permutation fallback (ValueError)
missingindicator_away_xg_against_l5,0.0,0.0,Task C,XGBoost,Permutation fallback (ValueError)
missingindicator_away_passes_for_l5,0.0,0.0,Task C,XGBoost,Permutation fallback (ValueError)
missingindicator_away_pass_completion_for_l5,0.0,0.0,Task C,XGBoost,Permutation fallback (ValueError)
missingindicator_away_pressures_for_l5,0.0,0.0,Task C,XGBoost,Permutation fallback (ValueError)
missingindicator_away_final_third_entries_for_l5,0.0,0.0,Task C,XGBoost,Permutation fallback (ValueError)
missingindicator_away_red_cards_for_l5,0.0,0.0,Task C,XGBoost,Permutation fallback (ValueError)
missingindicator_away_possession_share_l5,0.0,0.0,Task C,XGBoost,Permutation fallback (ValueError)
missingindicator_away_points_l10,0.0,0.0,Task C,XGBoost,Permutation fallback (ValueError)
missingindicator_away_goals_for_l10,0.0,0.0,Task C,XGBoost,Permutation fallback (ValueError)
missingindicator_away_goals_against_l10,0.0,0.0,Task C,XGBoost,Permutation fallback (ValueError)
missingindicator_away_goal_difference_l10,0.0,0.0,Task C,XGBoost,Permutation fallback (ValueError)
missingindicator_away_shots_for_l10,0.0,0.0,Task C,XGBoost,Permutation fallback (ValueError)
missingindicator_away_shots_against_l10,0.0,0.0,Task C,XGBoost,Permutation fallback (ValueError)
missingindicator_away_shots_on_target_for_l10,0.0,0.0,Task C,XGBoost,Permutation fallback (ValueError)
missingindicator_away_shots_on_target_against_l10,0.0,0.0,Task C,XGBoost,Permutation fallback (ValueError)
missingindicator_away_xg_for_l10,0.0,0.0,Task C,XGBoost,Permutation fallback (ValueError)
missingindicator_away_xg_against_l10,0.0,0.0,Task C,XGBoost,Permutation fallback (ValueError)
missingindicator_away_passes_for_l10,0.0,0.0,Task C,XGBoost,Permutation fallback (ValueError)
missingindicator_away_pass_completion_for_l10,0.0,0.0,Task C,XGBoost,Permutation fallback (ValueError)
missingindicator_diff_pressures_for_l5,0.0,0.0,Task C,XGBoost,Permutation fallback (ValueError)
missingindicator_diff_possession_share_l5,0.0,0.0,Task C,XGBoost,Permutation fallback (ValueError)
missingindicator_diff_points_l10,0.0,0.0,Task C,XGBoost,Permutation fallback (ValueError)
missingindicator_diff_goal_difference_l10,0.0,0.0,Task C,XGBoost,Permutation fallback (ValueError)
missingindicator_diff_shots_for_l10,0.0,0.0,Task C,XGBoost,Permutation fallback (ValueError)
missingindicator_diff_xg_for_l10,0.0,0.0,Task C,XGBoost,Permutation fallback (ValueError)
missingindicator_diff_pass_completion_for_l10,0.0,0.0,Task C,XGBoost,Permutation fallback (ValueError)
missingindicator_diff_pressures_for_l10,0.0,0.0,Task C,XGBoost,Permutation fallback (ValueError)
missingindicator_diff_possession_share_l10,0.0,0.0,Task C,XGBoost,Permutation fallback (ValueError)
missingindicator_rest_days_difference,0.0,0.0,Task C,XGBoost,Permutation fallback (ValueError)
diff_xg_for_l3,0.09349208833286299,60.0,Task C,LightGBM,Permutation fallback (ExplainerError)
diff_pressures_for_l3,0.03140954005829203,46.0,Task C,LightGBM,Permutation fallback (ExplainerError)
home_goals_for_l5,0.031380015755794126,28.0,Task C,LightGBM,Permutation fallback (ExplainerError)
away_shots_on_target_for_l5,0.031204936259910117,44.0,Task C,LightGBM,Permutation fallback (ExplainerError)
p1_away_scr_home,0.02988786229780566,57.0,Task C,LightGBM,Permutation fallback (ExplainerError)
home_shots_on_target_for_l3,0.02983534566161606,52.0,Task C,LightGBM,Permutation fallback (ExplainerError)
home_final_third_entries_for_l5,0.027868663328783135,60.0,Task C,LightGBM,Permutation fallback (ExplainerError)
p1_away_con_away,0.02684031287427931,40.0,Task C,LightGBM,Permutation fallback (ExplainerError)
away_goals_against_l5,0.02642059145123483,48.0,Task C,LightGBM,Permutation fallback (ExplainerError)
home_pass_completion_for_l3,0.025639290735983703,91.0,Task C,LightGBM,Permutation fallback (ExplainerError)
home_shots_on_target_against_l3,0.024817548200045614,67.0,Task C,LightGBM,Permutation fallback (ExplainerError)
away_final_third_entries_for_l10,0.021468551334146112,39.0,Task C,LightGBM,Permutation fallback (ExplainerError)
away_pass_completion_for_l10,0.021455698642233366,36.0,Task C,LightGBM,Permutation fallback (ExplainerError)
p1_away_con_total,0.017286618147477197,18.0,Task C,LightGBM,Permutation fallback (ExplainerError)
p1_home_con_total,0.017102641826840494,31.0,Task C,LightGBM,Permutation fallback (ExplainerError)
home_pass_completion_for_l5,0.01639951769648731,17.0,Task C,LightGBM,Permutation fallback (ExplainerError)
away_goal_difference_l10,0.016046013370600572,46.0,Task C,LightGBM,Permutation fallback (ExplainerError)
away_pass_completion_for_l3,0.015559711816503398,28.0,Task C,LightGBM,Permutation fallback (ExplainerError)
home_rest_days,0.01522628785303451,33.0,Task C,LightGBM,Permutation fallback (ExplainerError)
p1_home_scr_home,0.013776676578805703,31.0,Task C,LightGBM,Permutation fallback (ExplainerError)
home_xg_for_l3,0.013607168905372247,12.0,Task C,LightGBM,Permutation fallback (ExplainerError)
away_goals_for_l3,0.013444708889253932,27.0,Task C,LightGBM,Permutation fallback (ExplainerError)
home_pass_completion_for_l10,0.012841668871213336,18.0,Task C,LightGBM,Permutation fallback (ExplainerError)
diff_possession_share_l10,0.011732014610311,40.0,Task C,LightGBM,Permutation fallback (ExplainerError)
diff_shots_for_l10,0.01163940184394835,23.0,Task C,LightGBM,Permutation fallback (ExplainerError)
home_xg_against_l3,0.011339359521411747,39.0,Task C,LightGBM,Permutation fallback (ExplainerError)
home_final_third_entries_for_l3,0.010602885453220951,19.0,Task C,LightGBM,Permutation fallback (ExplainerError)
away_xg_against_l3,0.009650908423573927,14.0,Task C,LightGBM,Permutation fallback (ExplainerError)
home_shots_for_l3,0.009509838054795109,14.0,Task C,LightGBM,Permutation fallback (ExplainerError)
home_goal_difference_l5,0.00870875132779874,18.0,Task C,LightGBM,Permutation fallback (ExplainerError)
p1_away_rank_total,0.007831817465689183,9.0,Task C,LightGBM,Permutation fallback (ExplainerError)
diff_pass_completion_for_l5,0.007479922325738288,23.0,Task C,LightGBM,Permutation fallback (ExplainerError)
diff_possession_share_l3,0.007381701754999305,16.0,Task C,LightGBM,Permutation fallback (ExplainerError)
p1_home_con_away,0.007267115396461354,20.0,Task C,LightGBM,Permutation fallback (ExplainerError)
away_shots_on_target_against_l3,0.00723143355632016,49.0,Task C,LightGBM,Permutation fallback (ExplainerError)
away_shots_on_target_against_l5,0.006829376360143139,14.0,Task C,LightGBM,Permutation fallback (ExplainerError)
diff_goal_difference_l10,0.006542157914399347,16.0,Task C,LightGBM,Permutation fallback (ExplainerError)
diff_possession_share_l5,0.006530321715533583,21.0,Task C,LightGBM,Permutation fallback (ExplainerError)
away_passes_for_l5,0.006333403282995007,23.0,Task C,LightGBM,Permutation fallback (ExplainerError)
home_shots_on_target_against_l5,0.006057830746870663,16.0,Task C,LightGBM,Permutation fallback (ExplainerError)
away_xg_for_l3,0.0060165759989324165,16.0,Task C,LightGBM,Permutation fallback (ExplainerError)
diff_pressures_for_l10,0.005846366067738193,14.0,Task C,LightGBM,Permutation fallback (ExplainerError)
home_xg_against_l5,0.005792522372706702,32.0,Task C,LightGBM,Permutation fallback (ExplainerError)
away_possession_share_l5,0.0057882902254836,24.0,Task C,LightGBM,Permutation fallback (ExplainerError)
away_possession_share_l3,0.00561230157680965,42.0,Task C,LightGBM,Permutation fallback (ExplainerError)
home_pressures_for_l3,0.005473315860266498,11.0,Task C,LightGBM,Permutation fallback (ExplainerError)
away_xg_against_l5,0.005387419262287894,22.0,Task C,LightGBM,Permutation fallback (ExplainerError)
away_shots_on_target_against_l10,0.0048103804639638755,29.0,Task C,LightGBM,Permutation fallback (ExplainerError)
home_possession_share_l5,0.004684648332573707,6.0,Task C,LightGBM,Permutation fallback (ExplainerError)
away_shots_against_l10,0.004454989435480108,21.0,Task C,LightGBM,Permutation fallback (ExplainerError)
diff_goal_difference_l5,0.00433917624410773,10.0,Task C,LightGBM,Permutation fallback (ExplainerError)
away_pressures_for_l3,0.004241530495534285,16.0,Task C,LightGBM,Permutation fallback (ExplainerError)
p1_away_scr_away,0.004116852847338552,14.0,Task C,LightGBM,Permutation fallback (ExplainerError)
home_goal_difference_l3,0.003945172975736059,9.0,Task C,LightGBM,Permutation fallback (ExplainerError)
away_xg_against_l10,0.003809061952065988,26.0,Task C,LightGBM,Permutation fallback (ExplainerError)
home_goals_against_l3,0.0035671353838334636,30.0,Task C,LightGBM,Permutation fallback (ExplainerError)
p1_home_con_home,0.0034319661543511814,6.0,Task C,LightGBM,Permutation fallback (ExplainerError)
home_xg_against_l10,0.00341332190778878,5.0,Task C,LightGBM,Permutation fallback (ExplainerError)
diff_pass_completion_for_l3,0.0034055620507575323,10.0,Task C,LightGBM,Permutation fallback (ExplainerError)
away_shots_against_l3,0.0033194955033976972,4.0,Task C,LightGBM,Permutation fallback (ExplainerError)
away_shots_for_l5,0.0032084847662948598,5.0,Task C,LightGBM,Permutation fallback (ExplainerError)
rest_days_difference,0.003190819400605222,24.0,Task C,LightGBM,Permutation fallback (ExplainerError)
home_shots_on_target_for_l5,0.0030428781730289906,21.0,Task C,LightGBM,Permutation fallback (ExplainerError)
p1_home_rank_home,0.002899521862477714,12.0,Task C,LightGBM,Permutation fallback (ExplainerError)
away_passes_for_l3,0.0028596017397464466,6.0,Task C,LightGBM,Permutation fallback (ExplainerError)
home_points_l10,0.0028566617646269424,10.0,Task C,LightGBM,Permutation fallback (ExplainerError)
away_goals_for_l5,0.0027621298347422626,6.0,Task C,LightGBM,Permutation fallback (ExplainerError)
away_goal_difference_l5,0.0026420850830513503,6.0,Task C,LightGBM,Permutation fallback (ExplainerError)
away_shots_on_target_for_l10,0.0025924614536688806,4.0,Task C,LightGBM,Permutation fallback (ExplainerError)
home_shots_against_l10,0.002542972140618194,37.0,Task C,LightGBM,Permutation fallback (ExplainerError)
home_shots_against_l3,0.0024977517975477213,16.0,Task C,LightGBM,Permutation fallback (ExplainerError)
home_shots_against_l5,0.002318821998743969,19.0,Task C,LightGBM,Permutation fallback (ExplainerError)
p1_away_rank_home,0.0023153919473924106,18.0,Task C,LightGBM,Permutation fallback (ExplainerError)
away_rest_days,0.002242914891948048,28.0,Task C,LightGBM,Permutation fallback (ExplainerError)
away_goals_against_l10,0.0020726638930085206,9.0,Task C,LightGBM,Permutation fallback (ExplainerError)
home_points_l3,0.0019211983184683524,7.0,Task C,LightGBM,Permutation fallback (ExplainerError)
away_pressures_for_l10,0.0018101085524703977,9.0,Task C,LightGBM,Permutation fallback (ExplainerError)
home_points_l5,0.0017999338250872011,3.0,Task C,LightGBM,Permutation fallback (ExplainerError)
home_pressures_for_l5,0.0015847215320241386,11.0,Task C,LightGBM,Permutation fallback (ExplainerError)
home_xg_for_l5,0.001570308935291587,5.0,Task C,LightGBM,Permutation fallback (ExplainerError)
away_red_cards_for_l10,0.0015311035076083404,2.0,Task C,LightGBM,Permutation fallback (ExplainerError)
away_final_third_entries_for_l5,0.0014889041097856945,4.0,Task C,LightGBM,Permutation fallback (ExplainerError)
away_passes_for_l10,0.0013647407123678712,3.0,Task C,LightGBM,Permutation fallback (ExplainerError)
away_shots_for_l10,0.0013499513525366792,5.0,Task C,LightGBM,Permutation fallback (ExplainerError)
away_possession_share_l10,0.0013485014083790849,3.0,Task C,LightGBM,Permutation fallback (ExplainerError)
home_pressures_for_l10,0.0013449133304026524,3.0,Task C,LightGBM,Permutation fallback (ExplainerError)
p1_home_rank_total,0.0013209965258123189,6.0,Task C,LightGBM,Permutation fallback (ExplainerError)
away_points_l10,0.0012707391000277687,5.0,Task C,LightGBM,Permutation fallback (ExplainerError)
home_goals_for_l10,0.0012373514211353747,4.0,Task C,LightGBM,Permutation fallback (ExplainerError)
home_shots_on_target_for_l10,0.0010419216871577473,2.0,Task C,LightGBM,Permutation fallback (ExplainerError)
diff_points_l10,0.0010069118918511273,2.0,Task C,LightGBM,Permutation fallback (ExplainerError)
diff_points_l5,0.0009820382219544509,6.0,Task C,LightGBM,Permutation fallback (ExplainerError)
away_final_third_entries_for_l3,0.0008997208274628479,2.0,Task C,LightGBM,Permutation fallback (ExplainerError)
away_goals_for_l10,0.0008906802024439317,4.0,Task C,LightGBM,Permutation fallback (ExplainerError)
home_possession_share_l10,0.0008436519806881449,2.0,Task C,LightGBM,Permutation fallback (ExplainerError)
p1_away_scr_total,0.0007995999340086042,3.0,Task C,LightGBM,Permutation fallback (ExplainerError)
diff_xg_for_l10,0.0007508305410489629,4.0,Task C,LightGBM,Permutation fallback (ExplainerError)
home_possession_share_l3,0.0007020448311758719,3.0,Task C,LightGBM,Permutation fallback (ExplainerError)
away_goal_difference_l3,0.0006904536607772571,3.0,Task C,LightGBM,Permutation fallback (ExplainerError)
away_xg_for_l10,0.0006473321762989075,5.0,Task C,LightGBM,Permutation fallback (ExplainerError)
diff_pass_completion_for_l10,0.0006276647790154584,5.0,Task C,LightGBM,Permutation fallback (ExplainerError)
home_passes_for_l10,0.0005657351577683152,3.0,Task C,LightGBM,Permutation fallback (ExplainerError)
away_shots_against_l5,0.0005197828284619631,1.0,Task C,LightGBM,Permutation fallback (ExplainerError)
away_pass_completion_for_l5,0.00047275664970418846,1.0,Task C,LightGBM,Permutation fallback (ExplainerError)
home_shots_for_l5,0.00035226506750628457,1.0,Task C,LightGBM,Permutation fallback (ExplainerError)
diff_shots_for_l3,0.00030687655811072835,1.0,Task C,LightGBM,Permutation fallback (ExplainerError)
home_shots_for_l10,0.00029678906280935314,1.0,Task C,LightGBM,Permutation fallback (ExplainerError)
home_red_cards_for_l5,0.0002594527638098744,1.0,Task C,LightGBM,Permutation fallback (ExplainerError)
home_red_cards_for_l3,0.00025729172625012974,1.0,Task C,LightGBM,Permutation fallback (ExplainerError)
p1_home_scr_total,0.00023671832159514368,1.0,Task C,LightGBM,Permutation fallback (ExplainerError)
p1_home_scr_away,0.000234192980321458,1.0,Task C,LightGBM,Permutation fallback (ExplainerError)
away_pressures_for_l5,0.0001625920426242262,2.0,Task C,LightGBM,Permutation fallback (ExplainerError)
missingindicator_diff_possession_share_l3,0.0,0.0,Task C,LightGBM,Permutation fallback (ExplainerError)
missingindicator_diff_pressures_for_l3,0.0,0.0,Task C,LightGBM,Permutation fallback (ExplainerError)
away_missing_history_l3,0.0,0.0,Task C,LightGBM,Permutation fallback (ExplainerError)
away_points_l5,0.0,0.0,Task C,LightGBM,Permutation fallback (ExplainerError)
missingindicator_diff_pass_completion_for_l5,0.0,0.0,Task C,LightGBM,Permutation fallback (ExplainerError)
away_red_cards_for_l3,0.0,0.0,Task C,LightGBM,Permutation fallback (ExplainerError)
home_red_cards_for_l10,0.0,0.0,Task C,LightGBM,Permutation fallback (ExplainerError)
home_final_third_entries_for_l10,0.0,0.0,Task C,LightGBM,Permutation fallback (ExplainerError)
away_shots_on_target_for_l3,0.0,0.0,Task C,LightGBM,Permutation fallback (ExplainerError)
away_shots_for_l3,0.0,0.0,Task C,LightGBM,Permutation fallback (ExplainerError)
missingindicator_diff_xg_for_l5,0.0,0.0,Task C,LightGBM,Permutation fallback (ExplainerError)
missingindicator_diff_shots_for_l5,0.0,0.0,Task C,LightGBM,Permutation fallback (ExplainerError)
missingindicator_diff_goal_difference_l5,0.0,0.0,Task C,LightGBM,Permutation fallback (ExplainerError)
missingindicator_diff_points_l5,0.0,0.0,Task C,LightGBM,Permutation fallback (ExplainerError)
home_goals_for_l3,0.0,0.0,Task C,LightGBM,Permutation fallback (ExplainerError)
home_history_matches_before,0.0,0.0,Task C,LightGBM,Permutation fallback (ExplainerError)
missingindicator_diff_pass_completion_for_l3,0.0,0.0,Task C,LightGBM,Permutation fallback (ExplainerError)
missingindicator_diff_xg_for_l3,0.0,0.0,Task C,LightGBM,Permutation fallback (ExplainerError)
missingindicator_diff_shots_for_l3,0.0,0.0,Task C,LightGBM,Permutation fallback (ExplainerError)
missingindicator_diff_goal_difference_l3,0.0,0.0,Task C,LightGBM,Permutation fallback (ExplainerError)
missingindicator_diff_points_l3,0.0,0.0,Task C,LightGBM,Permutation fallback (ExplainerError)
missingindicator_away_possession_share_l10,0.0,0.0,Task C,LightGBM,Permutation fallback (ExplainerError)
missingindicator_away_red_cards_for_l10,0.0,0.0,Task C,LightGBM,Permutation fallback (ExplainerError)
missingindicator_away_final_third_entries_for_l10,0.0,0.0,Task C,LightGBM,Permutation fallback (ExplainerError)
missingindicator_away_pressures_for_l10,0.0,0.0,Task C,LightGBM,Permutation fallback (ExplainerError)
home_passes_for_l3,0.0,0.0,Task C,LightGBM,Permutation fallback (ExplainerError)
diff_xg_for_l5,0.0,0.0,Task C,LightGBM,Permutation fallback (ExplainerError)
diff_pressures_for_l5,0.0,0.0,Task C,LightGBM,Permutation fallback (ExplainerError)
diff_shots_for_l5,0.0,0.0,Task C,LightGBM,Permutation fallback (ExplainerError)
home_xg_for_l10,0.0,0.0,Task C,LightGBM,Permutation fallback (ExplainerError)
home_goal_difference_l10,0.0,0.0,Task C,LightGBM,Permutation fallback (ExplainerError)
home_goals_against_l10,0.0,0.0,Task C,LightGBM,Permutation fallback (ExplainerError)
home_shots_on_target_against_l10,0.0,0.0,Task C,LightGBM,Permutation fallback (ExplainerError)
home_missing_history_l5,0.0,0.0,Task C,LightGBM,Permutation fallback (ExplainerError)
diff_goal_difference_l3,0.0,0.0,Task C,LightGBM,Permutation fallback (ExplainerError)
diff_points_l3,0.0,0.0,Task C,LightGBM,Permutation fallback (ExplainerError)
away_missing_history_l10,0.0,0.0,Task C,LightGBM,Permutation fallback (ExplainerError)
away_goals_against_l3,0.0,0.0,Task C,LightGBM,Permutation fallback (ExplainerError)
away_history_matches_before,0.0,0.0,Task C,LightGBM,Permutation fallback (ExplainerError)
away_points_l3,0.0,0.0,Task C,LightGBM,Permutation fallback (ExplainerError)
away_red_cards_for_l5,0.0,0.0,Task C,LightGBM,Permutation fallback (ExplainerError)
away_missing_history_l5,0.0,0.0,Task C,LightGBM,Permutation fallback (ExplainerError)
away_xg_for_l5,0.0,0.0,Task C,LightGBM,Permutation fallback (ExplainerError)
home_missing_history_l10,0.0,0.0,Task C,LightGBM,Permutation fallback (ExplainerError)
p1_away_con_home,0.0,0.0,Task C,LightGBM,Permutation fallback (ExplainerError)
p1_home_rank_away,0.0,0.0,Task C,LightGBM,Permutation fallback (ExplainerError)
home_missing_history_l3,0.0,0.0,Task C,LightGBM,Permutation fallback (ExplainerError)
home_goals_against_l5,0.0,0.0,Task C,LightGBM,Permutation fallback (ExplainerError)
home_passes_for_l5,0.0,0.0,Task C,LightGBM,Permutation fallback (ExplainerError)
p1_away_rank_away,0.0,0.0,Task C,LightGBM,Permutation fallback (ExplainerError)
missingindicator_home_rest_days,0.0,0.0,Task C,LightGBM,Permutation fallback (ExplainerError)
missingindicator_home_points_l3,0.0,0.0,Task C,LightGBM,Permutation fallback (ExplainerError)
missingindicator_home_goals_for_l3,0.0,0.0,Task C,LightGBM,Permutation fallback (ExplainerError)
missingindicator_home_goals_against_l3,0.0,0.0,Task C,LightGBM,Permutation fallback (ExplainerError)
missingindicator_home_goal_difference_l3,0.0,0.0,Task C,LightGBM,Permutation fallback (ExplainerError)
missingindicator_home_shots_for_l3,0.0,0.0,Task C,LightGBM,Permutation fallback (ExplainerError)
missingindicator_home_shots_against_l3,0.0,0.0,Task C,LightGBM,Permutation fallback (ExplainerError)
missingindicator_home_shots_on_target_for_l3,0.0,0.0,Task C,LightGBM,Permutation fallback (ExplainerError)
missingindicator_home_shots_on_target_against_l3,0.0,0.0,Task C,LightGBM,Permutation fallback (ExplainerError)
missingindicator_home_xg_for_l3,0.0,0.0,Task C,LightGBM,Permutation fallback (ExplainerError)
missingindicator_home_xg_against_l3,0.0,0.0,Task C,LightGBM,Permutation fallback (ExplainerError)
missingindicator_home_passes_for_l3,0.0,0.0,Task C,LightGBM,Permutation fallback (ExplainerError)
missingindicator_home_pass_completion_for_l3,0.0,0.0,Task C,LightGBM,Permutation fallback (ExplainerError)
missingindicator_home_pressures_for_l3,0.0,0.0,Task C,LightGBM,Permutation fallback (ExplainerError)
missingindicator_home_final_third_entries_for_l3,0.0,0.0,Task C,LightGBM,Permutation fallback (ExplainerError)
missingindicator_home_red_cards_for_l3,0.0,0.0,Task C,LightGBM,Permutation fallback (ExplainerError)
missingindicator_home_possession_share_l3,0.0,0.0,Task C,LightGBM,Permutation fallback (ExplainerError)
missingindicator_home_points_l5,0.0,0.0,Task C,LightGBM,Permutation fallback (ExplainerError)
missingindicator_home_goals_for_l5,0.0,0.0,Task C,LightGBM,Permutation fallback (ExplainerError)
missingindicator_home_goals_against_l5,0.0,0.0,Task C,LightGBM,Permutation fallback (ExplainerError)
missingindicator_home_goal_difference_l5,0.0,0.0,Task C,LightGBM,Permutation fallback (ExplainerError)
missingindicator_home_shots_for_l5,0.0,0.0,Task C,LightGBM,Permutation fallback (ExplainerError)
missingindicator_home_shots_against_l5,0.0,0.0,Task C,LightGBM,Permutation fallback (ExplainerError)
missingindicator_home_shots_on_target_for_l5,0.0,0.0,Task C,LightGBM,Permutation fallback (ExplainerError)
missingindicator_home_shots_on_target_against_l5,0.0,0.0,Task C,LightGBM,Permutation fallback (ExplainerError)
missingindicator_home_xg_for_l5,0.0,0.0,Task C,LightGBM,Permutation fallback (ExplainerError)
missingindicator_home_xg_against_l5,0.0,0.0,Task C,LightGBM,Permutation fallback (ExplainerError)
missingindicator_home_passes_for_l5,0.0,0.0,Task C,LightGBM,Permutation fallback (ExplainerError)
missingindicator_home_pass_completion_for_l5,0.0,0.0,Task C,LightGBM,Permutation fallback (ExplainerError)
missingindicator_home_pressures_for_l5,0.0,0.0,Task C,LightGBM,Permutation fallback (ExplainerError)
missingindicator_home_final_third_entries_for_l5,0.0,0.0,Task C,LightGBM,Permutation fallback (ExplainerError)
missingindicator_home_red_cards_for_l5,0.0,0.0,Task C,LightGBM,Permutation fallback (ExplainerError)
missingindicator_home_possession_share_l5,0.0,0.0,Task C,LightGBM,Permutation fallback (ExplainerError)
missingindicator_home_points_l10,0.0,0.0,Task C,LightGBM,Permutation fallback (ExplainerError)
missingindicator_home_goals_for_l10,0.0,0.0,Task C,LightGBM,Permutation fallback (ExplainerError)
missingindicator_home_goals_against_l10,0.0,0.0,Task C,LightGBM,Permutation fallback (ExplainerError)
missingindicator_home_goal_difference_l10,0.0,0.0,Task C,LightGBM,Permutation fallback (ExplainerError)
missingindicator_home_shots_for_l10,0.0,0.0,Task C,LightGBM,Permutation fallback (ExplainerError)
missingindicator_home_shots_against_l10,0.0,0.0,Task C,LightGBM,Permutation fallback (ExplainerError)
missingindicator_home_shots_on_target_for_l10,0.0,0.0,Task C,LightGBM,Permutation fallback (ExplainerError)
missingindicator_home_shots_on_target_against_l10,0.0,0.0,Task C,LightGBM,Permutation fallback (ExplainerError)
missingindicator_home_xg_for_l10,0.0,0.0,Task C,LightGBM,Permutation fallback (ExplainerError)
missingindicator_home_xg_against_l10,0.0,0.0,Task C,LightGBM,Permutation fallback (ExplainerError)
missingindicator_home_passes_for_l10,0.0,0.0,Task C,LightGBM,Permutation fallback (ExplainerError)
missingindicator_home_pass_completion_for_l10,0.0,0.0,Task C,LightGBM,Permutation fallback (ExplainerError)
missingindicator_home_pressures_for_l10,0.0,0.0,Task C,LightGBM,Permutation fallback (ExplainerError)
missingindicator_home_final_third_entries_for_l10,0.0,0.0,Task C,LightGBM,Permutation fallback (ExplainerError)
missingindicator_home_red_cards_for_l10,0.0,0.0,Task C,LightGBM,Permutation fallback (ExplainerError)
missingindicator_home_possession_share_l10,0.0,0.0,Task C,LightGBM,Permutation fallback (ExplainerError)
missingindicator_away_rest_days,0.0,0.0,Task C,LightGBM,Permutation fallback (ExplainerError)
missingindicator_away_points_l3,0.0,0.0,Task C,LightGBM,Permutation fallback (ExplainerError)
missingindicator_away_goals_for_l3,0.0,0.0,Task C,LightGBM,Permutation fallback (ExplainerError)
missingindicator_away_goals_against_l3,0.0,0.0,Task C,LightGBM,Permutation fallback (ExplainerError)
missingindicator_away_goal_difference_l3,0.0,0.0,Task C,LightGBM,Permutation fallback (ExplainerError)
missingindicator_away_shots_for_l3,0.0,0.0,Task C,LightGBM,Permutation fallback (ExplainerError)
missingindicator_away_shots_against_l3,0.0,0.0,Task C,LightGBM,Permutation fallback (ExplainerError)
missingindicator_away_shots_on_target_for_l3,0.0,0.0,Task C,LightGBM,Permutation fallback (ExplainerError)
missingindicator_away_shots_on_target_against_l3,0.0,0.0,Task C,LightGBM,Permutation fallback (ExplainerError)
missingindicator_away_xg_for_l3,0.0,0.0,Task C,LightGBM,Permutation fallback (ExplainerError)
missingindicator_away_xg_against_l3,0.0,0.0,Task C,LightGBM,Permutation fallback (ExplainerError)
missingindicator_away_passes_for_l3,0.0,0.0,Task C,LightGBM,Permutation fallback (ExplainerError)
missingindicator_away_pass_completion_for_l3,0.0,0.0,Task C,LightGBM,Permutation fallback (ExplainerError)
missingindicator_away_pressures_for_l3,0.0,0.0,Task C,LightGBM,Permutation fallback (ExplainerError)
missingindicator_away_final_third_entries_for_l3,0.0,0.0,Task C,LightGBM,Permutation fallback (ExplainerError)
missingindicator_away_red_cards_for_l3,0.0,0.0,Task C,LightGBM,Permutation fallback (ExplainerError)
missingindicator_away_possession_share_l3,0.0,0.0,Task C,LightGBM,Permutation fallback (ExplainerError)
missingindicator_away_points_l5,0.0,0.0,Task C,LightGBM,Permutation fallback (ExplainerError)
missingindicator_away_goals_for_l5,0.0,0.0,Task C,LightGBM,Permutation fallback (ExplainerError)
missingindicator_away_goals_against_l5,0.0,0.0,Task C,LightGBM,Permutation fallback (ExplainerError)
missingindicator_away_goal_difference_l5,0.0,0.0,Task C,LightGBM,Permutation fallback (ExplainerError)
missingindicator_away_shots_for_l5,0.0,0.0,Task C,LightGBM,Permutation fallback (ExplainerError)
missingindicator_away_shots_against_l5,0.0,0.0,Task C,LightGBM,Permutation fallback (ExplainerError)
missingindicator_away_shots_on_target_for_l5,0.0,0.0,Task C,LightGBM,Permutation fallback (ExplainerError)
missingindicator_away_shots_on_target_against_l5,0.0,0.0,Task C,LightGBM,Permutation fallback (ExplainerError)
missingindicator_away_xg_for_l5,0.0,0.0,Task C,LightGBM,Permutation fallback (ExplainerError)
missingindicator_away_xg_against_l5,0.0,0.0,Task C,LightGBM,Permutation fallback (ExplainerError)
missingindicator_away_passes_for_l5,0.0,0.0,Task C,LightGBM,Permutation fallback (ExplainerError)
missingindicator_away_pass_completion_for_l5,0.0,0.0,Task C,LightGBM,Permutation fallback (ExplainerError)
missingindicator_away_pressures_for_l5,0.0,0.0,Task C,LightGBM,Permutation fallback (ExplainerError)
missingindicator_away_final_third_entries_for_l5,0.0,0.0,Task C,LightGBM,Permutation fallback (ExplainerError)
missingindicator_away_red_cards_for_l5,0.0,0.0,Task C,LightGBM,Permutation fallback (ExplainerError)
missingindicator_away_possession_share_l5,0.0,0.0,Task C,LightGBM,Permutation fallback (ExplainerError)
missingindicator_away_points_l10,0.0,0.0,Task C,LightGBM,Permutation fallback (ExplainerError)
missingindicator_away_goals_for_l10,0.0,0.0,Task C,LightGBM,Permutation fallback (ExplainerError)
missingindicator_away_goals_against_l10,0.0,0.0,Task C,LightGBM,Permutation fallback (ExplainerError)
missingindicator_away_goal_difference_l10,0.0,0.0,Task C,LightGBM,Permutation fallback (ExplainerError)
missingindicator_away_shots_for_l10,0.0,0.0,Task C,LightGBM,Permutation fallback (ExplainerError)
missingindicator_away_shots_against_l10,0.0,0.0,Task C,LightGBM,Permutation fallback (ExplainerError)
missingindicator_away_shots_on_target_for_l10,0.0,0.0,Task C,LightGBM,Permutation fallback (ExplainerError)
missingindicator_away_shots_on_target_against_l10,0.0,0.0,Task C,LightGBM,Permutation fallback (ExplainerError)
missingindicator_away_xg_for_l10,0.0,0.0,Task C,LightGBM,Permutation fallback (ExplainerError)
missingindicator_away_xg_against_l10,0.0,0.0,Task C,LightGBM,Permutation fallback (ExplainerError)
missingindicator_away_passes_for_l10,0.0,0.0,Task C,LightGBM,Permutation fallback (ExplainerError)
missingindicator_away_pass_completion_for_l10,0.0,0.0,Task C,LightGBM,Permutation fallback (ExplainerError)
missingindicator_diff_pressures_for_l5,0.0,0.0,Task C,LightGBM,Permutation fallback (ExplainerError)
missingindicator_diff_possession_share_l5,0.0,0.0,Task C,LightGBM,Permutation fallback (ExplainerError)
missingindicator_diff_points_l10,0.0,0.0,Task C,LightGBM,Permutation fallback (ExplainerError)
missingindicator_diff_goal_difference_l10,0.0,0.0,Task C,LightGBM,Permutation fallback (ExplainerError)
missingindicator_diff_shots_for_l10,0.0,0.0,Task C,LightGBM,Permutation fallback (ExplainerError)
missingindicator_diff_xg_for_l10,0.0,0.0,Task C,LightGBM,Permutation fallback (ExplainerError)
missingindicator_diff_pass_completion_for_l10,0.0,0.0,Task C,LightGBM,Permutation fallback (ExplainerError)
missingindicator_diff_pressures_for_l10,0.0,0.0,Task C,LightGBM,Permutation fallback (ExplainerError)
missingindicator_diff_possession_share_l10,0.0,0.0,Task C,LightGBM,Permutation fallback (ExplainerError)
missingindicator_rest_days_difference,0.0,0.0,Task C,LightGBM,Permutation fallback (ExplainerError)
p1_away_con_total,0.04262139030184709,0.022225304406331334,Task R,Random Forest,TreeExplainer
diff_xg_for_l3,0.042593340619169376,0.01752380232792076,Task R,Random Forest,TreeExplainer
p1_away_scr_total,0.040140797738720015,0.014663778533025997,Task R,Random Forest,TreeExplainer
p1_away_rank_total,0.036461837021188805,0.018236575158345033,Task R,Random Forest,TreeExplainer
p1_away_con_away,0.028704274263652515,0.018952088616554508,Task R,Random Forest,TreeExplainer
diff_shots_for_l10,0.026318442200586357,0.013619299048882873,Task R,Random Forest,TreeExplainer
away_final_third_entries_for_l10,0.026159149431310688,0.01543708811709309,Task R,Random Forest,TreeExplainer
p1_away_scr_home,0.026120703201068306,0.01290750244340743,Task R,Random Forest,TreeExplainer
p1_away_rank_away,0.025464626809045276,0.015443742545764293,Task R,Random Forest,TreeExplainer
home_xg_for_l3,0.024675625326012342,0.013185671953579704,Task R,Random Forest,TreeExplainer
home_xg_for_l5,0.023234419107844274,0.009021378562490688,Task R,Random Forest,TreeExplainer
home_xg_for_l10,0.02208739093142795,0.008825377499263137,Task R,Random Forest,TreeExplainer
away_goals_against_l5,0.019992653040623386,0.009067975706401183,Task R,Random Forest,TreeExplainer
home_shots_for_l5,0.019595226539726892,0.01009489939495473,Task R,Random Forest,TreeExplainer
away_goal_difference_l5,0.01863844544014661,0.007087872690981783,Task R,Random Forest,TreeExplainer
home_shots_for_l10,0.018428262800819446,0.01140686636441977,Task R,Random Forest,TreeExplainer
p1_away_rank_home,0.017961797500647865,0.009524194973271432,Task R,Random Forest,TreeExplainer
diff_xg_for_l5,0.017859209956795578,0.008588465778794737,Task R,Random Forest,TreeExplainer
p1_home_scr_home,0.01712234912664291,0.00977496880928741,Task R,Random Forest,TreeExplainer
diff_xg_for_l10,0.015934074868759873,0.011073363075646074,Task R,Random Forest,TreeExplainer
away_final_third_entries_for_l5,0.0158070980134839,0.01167810591097652,Task R,Random Forest,TreeExplainer
away_shots_on_target_for_l10,0.01482290210793617,0.010141841850938825,Task R,Random Forest,TreeExplainer
p1_home_scr_total,0.014578107865344853,0.007029185269688633,Task R,Random Forest,TreeExplainer
home_pass_completion_for_l3,0.014538890273029214,0.013258162792432988,Task R,Random Forest,TreeExplainer
home_shots_for_l3,0.014464781291567069,0.011017951053457207,Task R,Random Forest,TreeExplainer
away_xg_for_l3,0.0141556569918312,0.010274495248966033,Task R,Random Forest,TreeExplainer
away_goal_difference_l10,0.014134598059826456,0.0075345848245490935,Task R,Random Forest,TreeExplainer
diff_possession_share_l10,0.013463475269071408,0.009789095858169753,Task R,Random Forest,TreeExplainer
diff_pressures_for_l10,0.013347391012475656,0.008006440677137891,Task R,Random Forest,TreeExplainer
home_shots_on_target_against_l5,0.01320413247294808,0.00624563487750092,Task R,Random Forest,TreeExplainer
home_pass_completion_for_l5,0.013052463444780097,0.008102283973110087,Task R,Random Forest,TreeExplainer
away_shots_on_target_for_l3,0.012927449205000675,0.0066268609024725915,Task R,Random Forest,TreeExplainer
away_shots_for_l10,0.012666879131487088,0.00924450781759245,Task R,Random Forest,TreeExplainer
p1_home_rank_home,0.012660225438920692,0.007726792724627641,Task R,Random Forest,TreeExplainer
away_shots_against_l10,0.012455285421043344,0.01011399832801731,Task R,Random Forest,TreeExplainer
home_passes_for_l5,0.012401608067774487,0.010381512006530352,Task R,Random Forest,TreeExplainer
home_shots_on_target_for_l3,0.012261447318002518,0.008090036984595457,Task R,Random Forest,TreeExplainer
diff_goal_difference_l10,0.012185348296406854,0.009429212679194257,Task R,Random Forest,TreeExplainer
away_goals_for_l3,0.01216874318224964,0.005390887947616302,Task R,Random Forest,TreeExplainer
diff_possession_share_l5,0.011720284281880983,0.012027612629012788,Task R,Random Forest,TreeExplainer
away_pass_completion_for_l10,0.011456972249005904,0.010153986892537355,Task R,Random Forest,TreeExplainer
away_shots_on_target_for_l5,0.011293099112276347,0.007735133396008148,Task R,Random Forest,TreeExplainer
away_shots_for_l5,0.010996119051990086,0.007422306562513144,Task R,Random Forest,TreeExplainer
home_final_third_entries_for_l5,0.010944806632299822,0.008829939155370574,Task R,Random Forest,TreeExplainer
home_pressures_for_l5,0.01079316206702165,0.007818630668593056,Task R,Random Forest,TreeExplainer
diff_shots_for_l5,0.010716959623317835,0.013059195286351471,Task R,Random Forest,TreeExplainer
home_shots_on_target_for_l5,0.010693711757041272,0.0071924069709516335,Task R,Random Forest,TreeExplainer
home_final_third_entries_for_l10,0.010063069234578528,0.0077810745614284105,Task R,Random Forest,TreeExplainer
away_possession_share_l3,0.009288490470022647,0.006736947779837994,Task R,Random Forest,TreeExplainer
home_possession_share_l10,0.009122366812703156,0.006564073974443104,Task R,Random Forest,TreeExplainer
p1_away_scr_away,0.008696507187535419,0.006702626724972168,Task R,Random Forest,TreeExplainer
away_passes_for_l5,0.008634695834040472,0.00760675733631389,Task R,Random Forest,TreeExplainer
away_xg_against_l10,0.008566307152698781,0.011607079227194292,Task R,Random Forest,TreeExplainer
away_xg_against_l5,0.008381767852609084,0.007944835290305626,Task R,Random Forest,TreeExplainer
diff_pass_completion_for_l10,0.008126792612622082,0.007831333433625118,Task R,Random Forest,TreeExplainer
p1_away_con_home,0.007793646740998285,0.006764196272766604,Task R,Random Forest,TreeExplainer
home_passes_for_l3,0.007605676729858777,0.008336637022134073,Task R,Random Forest,TreeExplainer
diff_shots_for_l3,0.007514071711703774,0.009424287430113212,Task R,Random Forest,TreeExplainer
home_pass_completion_for_l10,0.007494155939253338,0.008238470185935615,Task R,Random Forest,TreeExplainer
away_goals_against_l10,0.007469559085288177,0.007208678109600392,Task R,Random Forest,TreeExplainer
home_points_l5,0.0072897219516031226,0.0036698367336722585,Task R,Random Forest,TreeExplainer
p1_home_con_total,0.007170795906605553,0.0068361318141093004,Task R,Random Forest,TreeExplainer
away_pass_completion_for_l3,0.0071556596898571636,0.005746846780124565,Task R,Random Forest,TreeExplainer
home_rest_days,0.007118318864510629,0.00756979126143894,Task R,Random Forest,TreeExplainer
home_goals_for_l5,0.007090934237115815,0.0038888787966648336,Task R,Random Forest,TreeExplainer
away_shots_on_target_against_l10,0.007019750029782728,0.0057118633254804934,Task R,Random Forest,TreeExplainer
home_passes_for_l10,0.006934083029722948,0.009179186910353701,Task R,Random Forest,TreeExplainer
away_shots_on_target_against_l3,0.006871882721156264,0.004836275746237802,Task R,Random Forest,TreeExplainer
p1_home_rank_total,0.00639123070110368,0.00535721895976514,Task R,Random Forest,TreeExplainer
away_goals_for_l10,0.006356548283750768,0.00541492039725651,Task R,Random Forest,TreeExplainer
diff_pass_completion_for_l3,0.0062895672401397556,0.0062265889603692086,Task R,Random Forest,TreeExplainer
away_pressures_for_l5,0.0061639259275498015,0.006749266048296595,Task R,Random Forest,TreeExplainer
home_xg_against_l10,0.006163548523897206,0.0046655215954361055,Task R,Random Forest,TreeExplainer
away_shots_on_target_against_l5,0.0060466828907045755,0.006233068496037641,Task R,Random Forest,TreeExplainer
home_final_third_entries_for_l3,0.006038135937156537,0.008862077620504246,Task R,Random Forest,TreeExplainer
diff_pressures_for_l3,0.005832312155645309,0.005826855148627715,Task R,Random Forest,TreeExplainer
home_shots_on_target_against_l10,0.005774469605284835,0.005060237518773124,Task R,Random Forest,TreeExplainer
away_points_l5,0.005765949753439957,0.004038528114978071,Task R,Random Forest,TreeExplainer
diff_pass_completion_for_l5,0.005652783830651629,0.0049826252635276295,Task R,Random Forest,TreeExplainer
away_xg_against_l3,0.005629940464923313,0.00810931551190266,Task R,Random Forest,TreeExplainer
diff_points_l10,0.005556626764989438,0.007200692115979828,Task R,Random Forest,TreeExplainer
away_goals_for_l5,0.005499664835289639,0.004651287638005709,Task R,Random Forest,TreeExplainer
home_xg_against_l5,0.005421178423398101,0.00455159209009478,Task R,Random Forest,TreeExplainer
away_pressures_for_l3,0.0054097566718045555,0.007512920862359306,Task R,Random Forest,TreeExplainer
away_possession_share_l5,0.005399981226900788,0.008437581853624164,Task R,Random Forest,TreeExplainer
home_goals_against_l10,0.005365189612847458,0.006254509710526437,Task R,Random Forest,TreeExplainer
away_shots_against_l3,0.00534449668683505,0.004175412040234206,Task R,Random Forest,TreeExplainer
diff_pressures_for_l5,0.005271716080489778,0.005582467068107244,Task R,Random Forest,TreeExplainer
away_xg_for_l5,0.00516860283176353,0.007773746538374453,Task R,Random Forest,TreeExplainer
p1_home_rank_away,0.00516528846085126,0.005695698860069906,Task R,Random Forest,TreeExplainer
home_xg_against_l3,0.005124210935237354,0.0062334256699152725,Task R,Random Forest,TreeExplainer
away_possession_share_l10,0.005075118582416832,0.005888847500590617,Task R,Random Forest,TreeExplainer
home_shots_against_l10,0.004940535174507586,0.004426437810006227,Task R,Random Forest,TreeExplainer
away_passes_for_l3,0.004927913244537994,0.005973561268920677,Task R,Random Forest,TreeExplainer
away_final_third_entries_for_l3,0.004687002231650269,0.00772007093413343,Task R,Random Forest,TreeExplainer
home_points_l10,0.004580456427604312,0.0038495861467104904,Task R,Random Forest,TreeExplainer
away_pass_completion_for_l5,0.0044664734278074495,0.005329957407602517,Task R,Random Forest,TreeExplainer
diff_goal_difference_l3,0.0043441288827260355,0.004800961549958673,Task R,Random Forest,TreeExplainer
diff_points_l5,0.004333623724827138,0.0035973750276361363,Task R,Random Forest,TreeExplainer
away_xg_for_l10,0.004287315084923301,0.006391511779656603,Task R,Random Forest,TreeExplainer
home_points_l3,0.004250474431953659,0.002923468645830374,Task R,Random Forest,TreeExplainer
rest_days_difference,0.004197355510610658,0.004712036601963074,Task R,Random Forest,TreeExplainer
away_shots_for_l3,0.004166431345288789,0.004432094683411939,Task R,Random Forest,TreeExplainer
away_goals_against_l3,0.0041591423877201045,0.0036708156484889618,Task R,Random Forest,TreeExplainer
home_shots_on_target_for_l10,0.004154475859333773,0.004971066977801609,Task R,Random Forest,TreeExplainer
home_shots_against_l5,0.0041172499921072895,0.005240764002599269,Task R,Random Forest,TreeExplainer
away_passes_for_l10,0.004114278812357909,0.006671133923072494,Task R,Random Forest,TreeExplainer
diff_possession_share_l3,0.003993157482684513,0.006046491927032733,Task R,Random Forest,TreeExplainer
away_goal_difference_l3,0.003966865296060671,0.002405080925907685,Task R,Random Forest,TreeExplainer
home_shots_against_l3,0.0038602279691384296,0.005602181301978552,Task R,Random Forest,TreeExplainer
home_pressures_for_l3,0.0038552709533827586,0.003393331860874428,Task R,Random Forest,TreeExplainer
p1_home_con_away,0.0037432793035831035,0.004310145215302044,Task R,Random Forest,TreeExplainer
away_shots_against_l5,0.0036809830998873285,0.007458985151440319,Task R,Random Forest,TreeExplainer
diff_points_l3,0.003616789061202077,0.003444389084498979,Task R,Random Forest,TreeExplainer
home_goals_against_l5,0.0036114333775906227,0.0030022674226719203,Task R,Random Forest,TreeExplainer
home_goals_against_l3,0.0034859702365080845,0.0035230672235333155,Task R,Random Forest,TreeExplainer
home_goals_for_l10,0.0034636027635667707,0.0026185104191978974,Task R,Random Forest,TreeExplainer
home_possession_share_l3,0.0034512784605396874,0.004789743878651587,Task R,Random Forest,TreeExplainer
home_goal_difference_l3,0.0034108551263285843,0.002925518925490251,Task R,Random Forest,TreeExplainer
p1_home_con_home,0.00337540213805826,0.0050217639786843005,Task R,Random Forest,TreeExplainer
home_red_cards_for_l10,0.0033535635703944413,0.0019426185575009472,Task R,Random Forest,TreeExplainer
home_possession_share_l5,0.0033360020654780624,0.00487328590156832,Task R,Random Forest,TreeExplainer
away_points_l10,0.0033095459514548148,0.005757125081485218,Task R,Random Forest,TreeExplainer
diff_goal_difference_l5,0.0032488419648706887,0.0037367199676196687,Task R,Random Forest,TreeExplainer
home_shots_on_target_against_l3,0.003115269445447966,0.0035622173359777997,Task R,Random Forest,TreeExplainer
home_goals_for_l3,0.002957637982754177,0.0033057678496573226,Task R,Random Forest,TreeExplainer
away_rest_days,0.0028910712699204088,0.006362817098611629,Task R,Random Forest,TreeExplainer
p1_home_scr_away,0.0028273614586929357,0.0040714189823443155,Task R,Random Forest,TreeExplainer
home_pressures_for_l10,0.0025511394188884495,0.0047301581814697255,Task R,Random Forest,TreeExplainer
home_goal_difference_l5,0.002299492230929466,0.0034572789844580644,Task R,Random Forest,TreeExplainer
home_goal_difference_l10,0.002259102381267379,0.0030292818546640596,Task R,Random Forest,TreeExplainer
away_red_cards_for_l10,0.0018803796166708441,0.002445169797583212,Task R,Random Forest,TreeExplainer
away_red_cards_for_l5,0.001794522216027141,0.0015457605161666632,Task R,Random Forest,TreeExplainer
away_points_l3,0.0017388409230186153,0.0024429667464499856,Task R,Random Forest,TreeExplainer
home_red_cards_for_l5,0.0013765374940253176,0.0008149975067577311,Task R,Random Forest,TreeExplainer
away_pressures_for_l10,0.0013495594528387907,0.005034161347417649,Task R,Random Forest,TreeExplainer
away_red_cards_for_l3,0.0009455204214434602,0.000364788155155228,Task R,Random Forest,TreeExplainer
home_red_cards_for_l3,0.0005509351693530719,0.0007639599540909387,Task R,Random Forest,TreeExplainer
home_missing_history_l10,0.0,0.0009826257014906884,Task R,Random Forest,TreeExplainer
away_history_matches_before,0.0,0.005242058542294217,Task R,Random Forest,TreeExplainer
away_missing_history_l10,0.0,0.001759948952681703,Task R,Random Forest,TreeExplainer
missingindicator_diff_pass_completion_for_l5,0.0,0.0,Task R,Random Forest,TreeExplainer
away_missing_history_l5,0.0,0.0002031838167609499,Task R,Random Forest,TreeExplainer
missingindicator_diff_shots_for_l5,0.0,0.0,Task R,Random Forest,TreeExplainer
missingindicator_diff_xg_for_l5,0.0,3.7579848687519426e-08,Task R,Random Forest,TreeExplainer
away_missing_history_l3,0.0,0.00040028602530129954,Task R,Random Forest,TreeExplainer
missingindicator_diff_goal_difference_l3,0.0,1.3154226891546218e-06,Task R,Random Forest,TreeExplainer
missingindicator_diff_shots_for_l3,0.0,0.0,Task R,Random Forest,TreeExplainer
missingindicator_diff_xg_for_l3,0.0,0.0,Task R,Random Forest,TreeExplainer
missingindicator_diff_pass_completion_for_l3,0.0,0.0,Task R,Random Forest,TreeExplainer
missingindicator_diff_pressures_for_l3,0.0,0.0,Task R,Random Forest,TreeExplainer
missingindicator_diff_possession_share_l3,0.0,0.0,Task R,Random Forest,TreeExplainer
missingindicator_diff_points_l5,0.0,0.0,Task R,Random Forest,TreeExplainer
missingindicator_diff_goal_difference_l5,0.0,0.0,Task R,Random Forest,TreeExplainer
missingindicator_away_final_third_entries_for_l10,0.0,0.0,Task R,Random Forest,TreeExplainer
missingindicator_away_red_cards_for_l10,0.0,0.0,Task R,Random Forest,TreeExplainer
home_history_matches_before,0.0,0.005093257385239341,Task R,Random Forest,TreeExplainer
missingindicator_away_pressures_for_l10,0.0,0.0,Task R,Random Forest,TreeExplainer
missingindicator_away_possession_share_l10,0.0,0.0,Task R,Random Forest,TreeExplainer
missingindicator_diff_points_l3,0.0,0.0,Task R,Random Forest,TreeExplainer
home_missing_history_l5,0.0,0.00012570745538083232,Task R,Random Forest,TreeExplainer
home_missing_history_l3,0.0,0.0008131692437004735,Task R,Random Forest,TreeExplainer
missingindicator_home_rest_days,0.0,0.0,Task R,Random Forest,TreeExplainer
missingindicator_home_points_l3,0.0,0.0,Task R,Random Forest,TreeExplainer
missingindicator_home_goals_for_l3,0.0,0.0,Task R,Random Forest,TreeExplainer
missingindicator_home_goals_against_l3,0.0,0.0,Task R,Random Forest,TreeExplainer
missingindicator_home_goal_difference_l3,0.0,0.00012996636095270503,Task R,Random Forest,TreeExplainer
missingindicator_home_shots_for_l3,0.0,0.0,Task R,Random Forest,TreeExplainer
missingindicator_home_shots_against_l3,0.0,0.0,Task R,Random Forest,TreeExplainer
missingindicator_home_shots_on_target_for_l3,0.0,0.0,Task R,Random Forest,TreeExplainer
missingindicator_home_shots_on_target_against_l3,0.0,0.0002999851418990519,Task R,Random Forest,TreeExplainer
missingindicator_home_xg_for_l3,0.0,0.0,Task R,Random Forest,TreeExplainer
missingindicator_home_xg_against_l3,0.0,0.0,Task R,Random Forest,TreeExplainer
missingindicator_home_passes_for_l3,0.0,0.0,Task R,Random Forest,TreeExplainer
missingindicator_home_pass_completion_for_l3,0.0,0.0,Task R,Random Forest,TreeExplainer
missingindicator_home_pressures_for_l3,0.0,0.0,Task R,Random Forest,TreeExplainer
missingindicator_home_final_third_entries_for_l3,0.0,0.0,Task R,Random Forest,TreeExplainer
missingindicator_home_red_cards_for_l3,0.0,0.0,Task R,Random Forest,TreeExplainer
missingindicator_home_possession_share_l3,0.0,0.0,Task R,Random Forest,TreeExplainer
missingindicator_home_points_l5,0.0,0.0,Task R,Random Forest,TreeExplainer
missingindicator_home_goals_for_l5,0.0,0.0,Task R,Random Forest,TreeExplainer
missingindicator_home_goals_against_l5,0.0,0.0,Task R,Random Forest,TreeExplainer
missingindicator_home_goal_difference_l5,0.0,0.0,Task R,Random Forest,TreeExplainer
missingindicator_home_shots_for_l5,0.0,0.0,Task R,Random Forest,TreeExplainer
missingindicator_home_shots_against_l5,0.0,0.0,Task R,Random Forest,TreeExplainer
missingindicator_home_shots_on_target_for_l5,0.0,0.0,Task R,Random Forest,TreeExplainer
missingindicator_home_shots_on_target_against_l5,0.0,0.0,Task R,Random Forest,TreeExplainer
missingindicator_home_xg_for_l5,0.0,0.0,Task R,Random Forest,TreeExplainer
missingindicator_home_xg_against_l5,0.0,0.0,Task R,Random Forest,TreeExplainer
missingindicator_home_passes_for_l5,0.0,0.0,Task R,Random Forest,TreeExplainer
missingindicator_home_pass_completion_for_l5,0.0,0.0,Task R,Random Forest,TreeExplainer
missingindicator_home_pressures_for_l5,0.0,1.6097479196546547e-05,Task R,Random Forest,TreeExplainer
missingindicator_home_final_third_entries_for_l5,0.0,0.0,Task R,Random Forest,TreeExplainer
missingindicator_home_red_cards_for_l5,0.0,0.0,Task R,Random Forest,TreeExplainer
missingindicator_home_possession_share_l5,0.0,0.0,Task R,Random Forest,TreeExplainer
missingindicator_home_points_l10,0.0,1.3331004585852184e-05,Task R,Random Forest,TreeExplainer
missingindicator_home_goals_for_l10,0.0,0.0,Task R,Random Forest,TreeExplainer
missingindicator_home_goals_against_l10,0.0,0.0,Task R,Random Forest,TreeExplainer
missingindicator_home_goal_difference_l10,0.0,0.0,Task R,Random Forest,TreeExplainer
missingindicator_home_shots_for_l10,0.0,1.89871180000432e-05,Task R,Random Forest,TreeExplainer
missingindicator_home_shots_against_l10,0.0,0.0,Task R,Random Forest,TreeExplainer
missingindicator_home_shots_on_target_for_l10,0.0,0.0,Task R,Random Forest,TreeExplainer
missingindicator_home_shots_on_target_against_l10,0.0,0.0,Task R,Random Forest,TreeExplainer
missingindicator_home_xg_for_l10,0.0,0.00014506967125225617,Task R,Random Forest,TreeExplainer
missingindicator_home_xg_against_l10,0.0,0.0,Task R,Random Forest,TreeExplainer
missingindicator_home_passes_for_l10,0.0,0.0,Task R,Random Forest,TreeExplainer
missingindicator_home_pass_completion_for_l10,0.0,0.0,Task R,Random Forest,TreeExplainer
missingindicator_home_pressures_for_l10,0.0,0.0,Task R,Random Forest,TreeExplainer
missingindicator_home_final_third_entries_for_l10,0.0,7.009710664448945e-05,Task R,Random Forest,TreeExplainer
missingindicator_home_red_cards_for_l10,0.0,0.0,Task R,Random Forest,TreeExplainer
missingindicator_home_possession_share_l10,0.0,0.0,Task R,Random Forest,TreeExplainer
missingindicator_away_rest_days,0.0,0.0,Task R,Random Forest,TreeExplainer
missingindicator_away_points_l3,0.0,1.7943494896972148e-06,Task R,Random Forest,TreeExplainer
missingindicator_away_goals_for_l3,0.0,0.0,Task R,Random Forest,TreeExplainer
missingindicator_away_goals_against_l3,0.0,0.0,Task R,Random Forest,TreeExplainer
missingindicator_away_goal_difference_l3,0.0,0.0,Task R,Random Forest,TreeExplainer
missingindicator_away_shots_for_l3,0.0,0.0,Task R,Random Forest,TreeExplainer
missingindicator_away_shots_against_l3,0.0,0.00010817266020033957,Task R,Random Forest,TreeExplainer
missingindicator_away_shots_on_target_for_l3,0.0,0.0,Task R,Random Forest,TreeExplainer
missingindicator_away_shots_on_target_against_l3,0.0,0.0,Task R,Random Forest,TreeExplainer
missingindicator_away_xg_for_l3,0.0,0.0,Task R,Random Forest,TreeExplainer
missingindicator_away_xg_against_l3,0.0,0.0,Task R,Random Forest,TreeExplainer
missingindicator_away_passes_for_l3,0.0,0.0,Task R,Random Forest,TreeExplainer
missingindicator_away_pass_completion_for_l3,0.0,0.0,Task R,Random Forest,TreeExplainer
missingindicator_away_pressures_for_l3,0.0,0.0,Task R,Random Forest,TreeExplainer
missingindicator_away_final_third_entries_for_l3,0.0,0.0,Task R,Random Forest,TreeExplainer
missingindicator_away_red_cards_for_l3,0.0,0.0,Task R,Random Forest,TreeExplainer
missingindicator_away_possession_share_l3,0.0,0.0,Task R,Random Forest,TreeExplainer
missingindicator_away_points_l5,0.0,0.0,Task R,Random Forest,TreeExplainer
missingindicator_away_goals_for_l5,0.0,0.0,Task R,Random Forest,TreeExplainer
missingindicator_away_goals_against_l5,0.0,0.00017438295447934823,Task R,Random Forest,TreeExplainer
missingindicator_away_goal_difference_l5,0.0,0.0,Task R,Random Forest,TreeExplainer
missingindicator_away_shots_for_l5,0.0,0.0,Task R,Random Forest,TreeExplainer
missingindicator_away_shots_against_l5,0.0,0.0,Task R,Random Forest,TreeExplainer
missingindicator_away_shots_on_target_for_l5,0.0,0.0,Task R,Random Forest,TreeExplainer
missingindicator_away_shots_on_target_against_l5,0.0,0.0,Task R,Random Forest,TreeExplainer
missingindicator_away_xg_for_l5,0.0,0.0,Task R,Random Forest,TreeExplainer
missingindicator_away_xg_against_l5,0.0,0.0,Task R,Random Forest,TreeExplainer
missingindicator_away_passes_for_l5,0.0,0.0,Task R,Random Forest,TreeExplainer
missingindicator_away_pass_completion_for_l5,0.0,0.0,Task R,Random Forest,TreeExplainer
missingindicator_away_pressures_for_l5,0.0,0.0,Task R,Random Forest,TreeExplainer
missingindicator_away_final_third_entries_for_l5,0.0,6.996213519681474e-05,Task R,Random Forest,TreeExplainer
missingindicator_away_red_cards_for_l5,0.0,0.0,Task R,Random Forest,TreeExplainer
missingindicator_away_possession_share_l5,0.0,0.0,Task R,Random Forest,TreeExplainer
missingindicator_away_points_l10,0.0,0.0,Task R,Random Forest,TreeExplainer
missingindicator_away_goals_for_l10,0.0,0.0,Task R,Random Forest,TreeExplainer
missingindicator_away_goals_against_l10,0.0,0.0,Task R,Random Forest,TreeExplainer
missingindicator_away_goal_difference_l10,0.0,0.0,Task R,Random Forest,TreeExplainer
missingindicator_away_shots_for_l10,0.0,0.0,Task R,Random Forest,TreeExplainer
missingindicator_away_shots_against_l10,0.0,0.0,Task R,Random Forest,TreeExplainer
missingindicator_away_shots_on_target_for_l10,0.0,2.839471319177767e-05,Task R,Random Forest,TreeExplainer
missingindicator_away_shots_on_target_against_l10,0.0,0.0,Task R,Random Forest,TreeExplainer
missingindicator_away_xg_for_l10,0.0,0.0,Task R,Random Forest,TreeExplainer
missingindicator_away_xg_against_l10,0.0,0.0,Task R,Random Forest,TreeExplainer
missingindicator_away_passes_for_l10,0.0,1.042339383851886e-05,Task R,Random Forest,TreeExplainer
missingindicator_away_pass_completion_for_l10,0.0,0.0,Task R,Random Forest,TreeExplainer
missingindicator_diff_pressures_for_l5,0.0,0.00011484677659769421,Task R,Random Forest,TreeExplainer
missingindicator_diff_possession_share_l5,0.0,0.0,Task R,Random Forest,TreeExplainer
missingindicator_diff_points_l10,0.0,0.0,Task R,Random Forest,TreeExplainer
missingindicator_diff_goal_difference_l10,0.0,0.0,Task R,Random Forest,TreeExplainer
missingindicator_diff_shots_for_l10,0.0,0.0,Task R,Random Forest,TreeExplainer
missingindicator_diff_xg_for_l10,0.0,0.0,Task R,Random Forest,TreeExplainer
missingindicator_diff_pass_completion_for_l10,0.0,3.2851871615121056e-05,Task R,Random Forest,TreeExplainer
missingindicator_diff_pressures_for_l10,0.0,0.0,Task R,Random Forest,TreeExplainer
missingindicator_diff_possession_share_l10,0.0,0.0,Task R,Random Forest,TreeExplainer
missingindicator_rest_days_difference,0.0,0.0,Task R,Random Forest,TreeExplainer
p1_away_rank_total,0.16545931261520488,0.11530153880890752,Task R,GBM,TreeExplainer
p1_away_scr_home,0.1612723840590714,0.06120540868110477,Task R,GBM,TreeExplainer
home_pass_completion_for_l3,0.13700418352873006,0.050762959160118,Task R,GBM,TreeExplainer
home_shots_on_target_for_l3,0.13331163624087647,0.022533021713622682,Task R,GBM,TreeExplainer
home_xg_for_l3,0.09597993928002498,0.03960630067908399,Task R,GBM,TreeExplainer
away_shots_on_target_against_l3,0.09078952358702871,0.014454769650335124,Task R,GBM,TreeExplainer
home_passes_for_l10,0.08387951647936735,0.06976593744042446,Task R,GBM,TreeExplainer
diff_xg_for_l3,0.0785698566047936,0.018661272085251687,Task R,GBM,TreeExplainer
p1_away_con_away,0.07538257558418118,0.03227233606833004,Task R,GBM,TreeExplainer
diff_pressures_for_l5,0.06652829969488433,0.015124217408134133,Task R,GBM,TreeExplainer
away_goals_against_l5,0.0649111690633492,0.009602269977023856,Task R,GBM,TreeExplainer
away_shots_on_target_for_l5,0.06135228978793905,0.02517630086363526,Task R,GBM,TreeExplainer
away_goals_for_l3,0.05904697348994849,0.006634923782665907,Task R,GBM,TreeExplainer
away_goals_for_l5,0.05380760252806718,0.010105998784058006,Task R,GBM,TreeExplainer
diff_shots_for_l5,0.05359571923577492,0.029062768450808834,Task R,GBM,TreeExplainer
diff_shots_for_l10,0.050966477035659256,0.04687964108409551,Task R,GBM,TreeExplainer
home_pressures_for_l3,0.050234978856599846,0.006126565419944639,Task R,GBM,TreeExplainer
home_goals_against_l10,0.049525424678737745,0.007198525206836448,Task R,GBM,TreeExplainer
home_goals_for_l5,0.048786235611009046,0.016087649240711127,Task R,GBM,TreeExplainer
p1_away_rank_away,0.04197757615089869,0.006751442721123288,Task R,GBM,TreeExplainer
home_goals_for_l10,0.040674592256510815,0.008031319297570512,Task R,GBM,TreeExplainer
home_xg_for_l5,0.037652285016073164,0.016026744461142745,Task R,GBM,TreeExplainer
away_pressures_for_l5,0.03732835474056113,0.0053587029179208955,Task R,GBM,TreeExplainer
diff_pressures_for_l10,0.0365008817913472,0.012816249268402639,Task R,GBM,TreeExplainer
home_shots_for_l3,0.034787850329286676,0.019834709712032196,Task R,GBM,TreeExplainer
away_final_third_entries_for_l10,0.03451741426709566,0.006091523489546465,Task R,GBM,TreeExplainer
diff_goal_difference_l10,0.032964417182286175,0.005714914717472466,Task R,GBM,TreeExplainer
diff_possession_share_l10,0.03265923625544867,0.014773806745117048,Task R,GBM,TreeExplainer
p1_home_con_total,0.03226702817537892,0.009121546746520161,Task R,GBM,TreeExplainer
away_shots_against_l10,0.031894429438062616,0.011793744052538033,Task R,GBM,TreeExplainer
home_final_third_entries_for_l5,0.028252286766303633,0.007099130135641596,Task R,GBM,TreeExplainer
away_pressures_for_l3,0.027420230390282175,0.01302389417578994,Task R,GBM,TreeExplainer
home_rest_days,0.027257258066333584,0.008893838574700016,Task R,GBM,TreeExplainer
away_possession_share_l3,0.02538198889241973,0.014421318536641891,Task R,GBM,TreeExplainer
away_goal_difference_l10,0.02454290012978649,0.03432051952980274,Task R,GBM,TreeExplainer
away_shots_on_target_against_l5,0.02376422183746595,0.006130027817760899,Task R,GBM,TreeExplainer
away_final_third_entries_for_l3,0.023278848614916903,0.012275654681536716,Task R,GBM,TreeExplainer
away_goals_for_l10,0.022490993668527696,0.01610048363753034,Task R,GBM,TreeExplainer
away_xg_for_l10,0.022008564058446558,0.009182335392486172,Task R,GBM,TreeExplainer
away_final_third_entries_for_l5,0.021849809212712238,0.005447441931245325,Task R,GBM,TreeExplainer
home_xg_against_l3,0.021159816817653367,0.010978820270386908,Task R,GBM,TreeExplainer
home_possession_share_l5,0.016711405144796652,0.0030937036329314427,Task R,GBM,TreeExplainer
home_xg_against_l5,0.016301910845397335,0.004558290742909056,Task R,GBM,TreeExplainer
away_xg_against_l10,0.016299941841977705,0.006082054855621737,Task R,GBM,TreeExplainer
away_xg_for_l5,0.015689384519687672,0.011185832480606964,Task R,GBM,TreeExplainer
away_xg_for_l3,0.015322405950558886,0.003463673124893573,Task R,GBM,TreeExplainer
away_xg_against_l3,0.013047391661647034,0.0016074595380711353,Task R,GBM,TreeExplainer
p1_home_scr_total,0.012741189812695597,0.002197821945811161,Task R,GBM,TreeExplainer
p1_away_con_home,0.012419007896377034,0.003486261426979053,Task R,GBM,TreeExplainer
away_possession_share_l5,0.012188109966251994,0.003616843046285567,Task R,GBM,TreeExplainer
p1_home_rank_home,0.011777647324645845,0.0016740735707251274,Task R,GBM,TreeExplainer
home_pass_completion_for_l5,0.010999508314970208,0.004626760349940774,Task R,GBM,TreeExplainer
p1_home_rank_away,0.010981685615766136,0.0014867482176789248,Task R,GBM,TreeExplainer
diff_possession_share_l5,0.010965089917549112,0.004692496024073138,Task R,GBM,TreeExplainer
p1_away_con_total,0.01082378834316996,0.0034090812296901974,Task R,GBM,TreeExplainer
home_goals_against_l5,0.01077406828261785,0.0008224518073741956,Task R,GBM,TreeExplainer
home_shots_for_l10,0.009468601350646135,0.0008005164147332318,Task R,GBM,TreeExplainer
rest_days_difference,0.008863750702590595,0.0026445832828591513,Task R,GBM,TreeExplainer
away_goals_against_l10,0.008839034044055269,0.004361372388540247,Task R,GBM,TreeExplainer
away_points_l10,0.008652431069959537,0.0033027431843888886,Task R,GBM,TreeExplainer
p1_home_scr_home,0.008205490183289426,0.0016202758016130722,Task R,GBM,TreeExplainer
diff_points_l5,0.007759236923413657,0.0014920312069403494,Task R,GBM,TreeExplainer
home_points_l5,0.007312004727316718,0.0034130447086320277,Task R,GBM,TreeExplainer
away_rest_days,0.0071780329591300575,0.010033260007541522,Task R,GBM,TreeExplainer
away_pass_completion_for_l10,0.006930433662646992,0.003273674904639919,Task R,GBM,TreeExplainer
away_pass_completion_for_l3,0.006723728967524207,0.001625597532218653,Task R,GBM,TreeExplainer
p1_away_rank_home,0.006432609071881139,0.0018783521886027545,Task R,GBM,TreeExplainer
diff_possession_share_l3,0.006007239856758985,0.0013022269808572583,Task R,GBM,TreeExplainer
away_shots_on_target_for_l3,0.005673694693692915,0.0015675395088015204,Task R,GBM,TreeExplainer
away_shots_against_l5,0.005409283177057434,0.013734053274199654,Task R,GBM,TreeExplainer
diff_pass_completion_for_l5,0.005288455064896148,0.0019205384427966568,Task R,GBM,TreeExplainer
away_xg_against_l5,0.005242616395925527,0.004138096162569432,Task R,GBM,TreeExplainer
diff_goal_difference_l5,0.00521674884099422,0.0008173111352592357,Task R,GBM,TreeExplainer
away_red_cards_for_l10,0.005034749713041497,0.0017823371843951061,Task R,GBM,TreeExplainer
diff_points_l10,0.004994277801850569,0.0030425390127929346,Task R,GBM,TreeExplainer
home_shots_for_l5,0.004951429952971204,0.0013038794033355917,Task R,GBM,TreeExplainer
away_pressures_for_l10,0.004659041105672744,0.003683689628278063,Task R,GBM,TreeExplainer
home_shots_on_target_against_l3,0.004379729861798493,0.0028803286305383352,Task R,GBM,TreeExplainer
diff_pressures_for_l3,0.003741670375256772,0.0008159756477820948,Task R,GBM,TreeExplainer
away_shots_for_l5,0.00274284500170971,0.0024213699870141337,Task R,GBM,TreeExplainer
away_shots_against_l3,0.002570157256223868,0.0034085284080767908,Task R,GBM,TreeExplainer
home_shots_on_target_for_l10,0.002526387720173383,0.0003719055666775863,Task R,GBM,TreeExplainer
home_shots_on_target_for_l5,0.0019408444643358642,0.000672737331070106,Task R,GBM,TreeExplainer
diff_pass_completion_for_l10,0.0018579189934977277,0.0006737812923061825,Task R,GBM,TreeExplainer
home_pressures_for_l5,0.0015479885957191478,0.0007872945385487287,Task R,GBM,TreeExplainer
home_shots_against_l5,0.0013145229150673167,0.001427127659806917,Task R,GBM,TreeExplainer
away_points_l3,0.0,0.0,Task R,GBM,TreeExplainer
away_goals_against_l3,0.0,0.0,Task R,GBM,TreeExplainer
missingindicator_diff_shots_for_l5,0.0,0.0,Task R,GBM,TreeExplainer
missingindicator_diff_xg_for_l5,0.0,0.0,Task R,GBM,TreeExplainer
missingindicator_diff_shots_for_l3,0.0,0.0,Task R,GBM,TreeExplainer
missingindicator_diff_goal_difference_l3,0.0,0.0,Task R,GBM,TreeExplainer
away_goal_difference_l3,0.0,0.0,Task R,GBM,TreeExplainer
away_shots_for_l3,0.0,0.0,Task R,GBM,TreeExplainer
home_red_cards_for_l10,0.0,0.0,Task R,GBM,TreeExplainer
home_possession_share_l10,0.0,0.0,Task R,GBM,TreeExplainer
home_missing_history_l10,0.0,0.0,Task R,GBM,TreeExplainer
away_history_matches_before,0.0,0.0007369721241046661,Task R,GBM,TreeExplainer
home_pressures_for_l10,0.0,0.000616229917164892,Task R,GBM,TreeExplainer
home_final_third_entries_for_l10,0.0,0.0,Task R,GBM,TreeExplainer
missingindicator_diff_pass_completion_for_l5,0.0,0.0,Task R,GBM,TreeExplainer
missingindicator_diff_possession_share_l3,0.0,0.0,Task R,GBM,TreeExplainer
missingindicator_diff_points_l5,0.0,0.0,Task R,GBM,TreeExplainer
missingindicator_diff_goal_difference_l5,0.0,0.0,Task R,GBM,TreeExplainer
home_shots_against_l3,0.0,0.0,Task R,GBM,TreeExplainer
home_passes_for_l3,0.0,0.0,Task R,GBM,TreeExplainer
away_missing_history_l5,0.0,0.0,Task R,GBM,TreeExplainer
away_red_cards_for_l5,0.0,0.0,Task R,GBM,TreeExplainer
away_passes_for_l5,0.0,0.0,Task R,GBM,TreeExplainer
away_pass_completion_for_l5,0.0,0.0,Task R,GBM,TreeExplainer
home_shots_on_target_against_l10,0.0,0.0,Task R,GBM,TreeExplainer
home_xg_for_l10,0.0,0.0,Task R,GBM,TreeExplainer
home_xg_against_l10,0.0,0.0,Task R,GBM,TreeExplainer
home_pass_completion_for_l10,0.0,0.0,Task R,GBM,TreeExplainer
home_shots_against_l10,0.0,0.0,Task R,GBM,TreeExplainer
away_points_l5,0.0,0.0,Task R,GBM,TreeExplainer
away_missing_history_l3,0.0,0.0,Task R,GBM,TreeExplainer
away_red_cards_for_l3,0.0,0.002041115117833352,Task R,GBM,TreeExplainer
home_red_cards_for_l5,0.0,0.0,Task R,GBM,TreeExplainer
home_missing_history_l5,0.0,0.0,Task R,GBM,TreeExplainer
home_points_l10,0.0,0.0,Task R,GBM,TreeExplainer
home_goal_difference_l10,0.0,0.0,Task R,GBM,TreeExplainer
away_passes_for_l3,0.0,0.0,Task R,GBM,TreeExplainer
away_goal_difference_l5,0.0,0.0,Task R,GBM,TreeExplainer
missingindicator_diff_points_l3,0.0,0.0,Task R,GBM,TreeExplainer
missingindicator_away_possession_share_l10,0.0,0.0,Task R,GBM,TreeExplainer
missingindicator_away_red_cards_for_l10,0.0,0.0,Task R,GBM,TreeExplainer
missingindicator_diff_pressures_for_l3,0.0,0.0,Task R,GBM,TreeExplainer
missingindicator_diff_pass_completion_for_l3,0.0,0.0,Task R,GBM,TreeExplainer
missingindicator_diff_xg_for_l3,0.0,0.0,Task R,GBM,TreeExplainer
missingindicator_away_pressures_for_l10,0.0,0.0,Task R,GBM,TreeExplainer
missingindicator_away_final_third_entries_for_l10,0.0,0.0,Task R,GBM,TreeExplainer
home_final_third_entries_for_l3,0.0,0.0,Task R,GBM,TreeExplainer
home_goals_for_l3,0.0,0.0,Task R,GBM,TreeExplainer
home_goal_difference_l3,0.0,0.0,Task R,GBM,TreeExplainer
home_goals_against_l3,0.0,0.0,Task R,GBM,TreeExplainer
home_points_l3,0.0,0.0,Task R,GBM,TreeExplainer
home_history_matches_before,0.0,0.0011370434657826105,Task R,GBM,TreeExplainer
p1_away_scr_total,0.0,0.0,Task R,GBM,TreeExplainer
p1_home_rank_total,0.0,0.0,Task R,GBM,TreeExplainer
diff_xg_for_l10,0.0,0.0,Task R,GBM,TreeExplainer
diff_xg_for_l5,0.0,0.0,Task R,GBM,TreeExplainer
diff_shots_for_l3,0.0,0.0,Task R,GBM,TreeExplainer
diff_pass_completion_for_l3,0.0,0.0,Task R,GBM,TreeExplainer
diff_points_l3,0.0,0.0,Task R,GBM,TreeExplainer
diff_goal_difference_l3,0.0,0.0,Task R,GBM,TreeExplainer
away_shots_on_target_for_l10,0.0,0.0,Task R,GBM,TreeExplainer
away_shots_on_target_against_l10,0.0,0.0,Task R,GBM,TreeExplainer
away_shots_for_l10,0.0,0.0015688266213308,Task R,GBM,TreeExplainer
away_passes_for_l10,0.0,0.0,Task R,GBM,TreeExplainer
away_possession_share_l10,0.0,0.0,Task R,GBM,TreeExplainer
away_missing_history_l10,0.0,0.0,Task R,GBM,TreeExplainer
p1_home_con_away,0.0,0.0,Task R,GBM,TreeExplainer
p1_home_scr_away,0.0,0.0,Task R,GBM,TreeExplainer
home_goal_difference_l5,0.0,0.0,Task R,GBM,TreeExplainer
home_missing_history_l3,0.0,0.0,Task R,GBM,TreeExplainer
home_red_cards_for_l3,0.0,0.0,Task R,GBM,TreeExplainer
home_possession_share_l3,0.0,0.0,Task R,GBM,TreeExplainer
p1_away_scr_away,0.0,0.0,Task R,GBM,TreeExplainer
p1_home_con_home,0.0,0.005948976026374521,Task R,GBM,TreeExplainer
home_shots_on_target_against_l5,0.0,0.0,Task R,GBM,TreeExplainer
home_passes_for_l5,0.0,0.0,Task R,GBM,TreeExplainer
missingindicator_home_rest_days,0.0,0.0,Task R,GBM,TreeExplainer
missingindicator_home_points_l3,0.0,0.0,Task R,GBM,TreeExplainer
missingindicator_home_goals_for_l3,0.0,0.0,Task R,GBM,TreeExplainer
missingindicator_home_goals_against_l3,0.0,0.0,Task R,GBM,TreeExplainer
missingindicator_home_goal_difference_l3,0.0,0.0,Task R,GBM,TreeExplainer
missingindicator_home_shots_for_l3,0.0,0.0,Task R,GBM,TreeExplainer
missingindicator_home_shots_against_l3,0.0,0.0,Task R,GBM,TreeExplainer
missingindicator_home_shots_on_target_for_l3,0.0,0.0,Task R,GBM,TreeExplainer
missingindicator_home_shots_on_target_against_l3,0.0,0.0,Task R,GBM,TreeExplainer
missingindicator_home_xg_for_l3,0.0,0.0,Task R,GBM,TreeExplainer
missingindicator_home_xg_against_l3,0.0,0.0,Task R,GBM,TreeExplainer
missingindicator_home_passes_for_l3,0.0,0.0,Task R,GBM,TreeExplainer
missingindicator_home_pass_completion_for_l3,0.0,0.0,Task R,GBM,TreeExplainer
missingindicator_home_pressures_for_l3,0.0,0.0,Task R,GBM,TreeExplainer
missingindicator_home_final_third_entries_for_l3,0.0,0.0,Task R,GBM,TreeExplainer
missingindicator_home_red_cards_for_l3,0.0,0.0,Task R,GBM,TreeExplainer
missingindicator_home_possession_share_l3,0.0,0.0,Task R,GBM,TreeExplainer
missingindicator_home_points_l5,0.0,0.0,Task R,GBM,TreeExplainer
missingindicator_home_goals_for_l5,0.0,0.0,Task R,GBM,TreeExplainer
missingindicator_home_goals_against_l5,0.0,0.0,Task R,GBM,TreeExplainer
missingindicator_home_goal_difference_l5,0.0,0.0,Task R,GBM,TreeExplainer
missingindicator_home_shots_for_l5,0.0,0.0,Task R,GBM,TreeExplainer
missingindicator_home_shots_against_l5,0.0,0.0,Task R,GBM,TreeExplainer
missingindicator_home_shots_on_target_for_l5,0.0,0.0,Task R,GBM,TreeExplainer
missingindicator_home_shots_on_target_against_l5,0.0,0.0,Task R,GBM,TreeExplainer
missingindicator_home_xg_for_l5,0.0,0.0,Task R,GBM,TreeExplainer
missingindicator_home_xg_against_l5,0.0,0.0,Task R,GBM,TreeExplainer
missingindicator_home_passes_for_l5,0.0,0.0,Task R,GBM,TreeExplainer
missingindicator_home_pass_completion_for_l5,0.0,0.0,Task R,GBM,TreeExplainer
missingindicator_home_pressures_for_l5,0.0,0.0,Task R,GBM,TreeExplainer
missingindicator_home_final_third_entries_for_l5,0.0,0.0,Task R,GBM,TreeExplainer
missingindicator_home_red_cards_for_l5,0.0,0.0,Task R,GBM,TreeExplainer
missingindicator_home_possession_share_l5,0.0,0.0,Task R,GBM,TreeExplainer
missingindicator_home_points_l10,0.0,0.0,Task R,GBM,TreeExplainer
missingindicator_home_goals_for_l10,0.0,0.0,Task R,GBM,TreeExplainer
missingindicator_home_goals_against_l10,0.0,0.0,Task R,GBM,TreeExplainer
missingindicator_home_goal_difference_l10,0.0,0.0,Task R,GBM,TreeExplainer
missingindicator_home_shots_for_l10,0.0,0.0,Task R,GBM,TreeExplainer
missingindicator_home_shots_against_l10,0.0,0.0,Task R,GBM,TreeExplainer
missingindicator_home_shots_on_target_for_l10,0.0,0.0,Task R,GBM,TreeExplainer
missingindicator_home_shots_on_target_against_l10,0.0,0.0,Task R,GBM,TreeExplainer
missingindicator_home_xg_for_l10,0.0,0.0,Task R,GBM,TreeExplainer
missingindicator_home_xg_against_l10,0.0,0.0,Task R,GBM,TreeExplainer
missingindicator_home_passes_for_l10,0.0,0.0,Task R,GBM,TreeExplainer
missingindicator_home_pass_completion_for_l10,0.0,0.0,Task R,GBM,TreeExplainer
missingindicator_home_pressures_for_l10,0.0,0.0,Task R,GBM,TreeExplainer
missingindicator_home_final_third_entries_for_l10,0.0,0.0,Task R,GBM,TreeExplainer
missingindicator_home_red_cards_for_l10,0.0,0.0,Task R,GBM,TreeExplainer
missingindicator_home_possession_share_l10,0.0,0.0,Task R,GBM,TreeExplainer
missingindicator_away_rest_days,0.0,0.0,Task R,GBM,TreeExplainer
missingindicator_away_points_l3,0.0,0.0,Task R,GBM,TreeExplainer
missingindicator_away_goals_for_l3,0.0,0.0,Task R,GBM,TreeExplainer
missingindicator_away_goals_against_l3,0.0,0.0,Task R,GBM,TreeExplainer
missingindicator_away_goal_difference_l3,0.0,0.0,Task R,GBM,TreeExplainer
missingindicator_away_shots_for_l3,0.0,0.0,Task R,GBM,TreeExplainer
missingindicator_away_shots_against_l3,0.0,0.0,Task R,GBM,TreeExplainer
missingindicator_away_shots_on_target_for_l3,0.0,0.0,Task R,GBM,TreeExplainer
missingindicator_away_shots_on_target_against_l3,0.0,0.0,Task R,GBM,TreeExplainer
missingindicator_away_xg_for_l3,0.0,0.0,Task R,GBM,TreeExplainer
missingindicator_away_xg_against_l3,0.0,0.0,Task R,GBM,TreeExplainer
missingindicator_away_passes_for_l3,0.0,0.0,Task R,GBM,TreeExplainer
missingindicator_away_pass_completion_for_l3,0.0,0.0,Task R,GBM,TreeExplainer
missingindicator_away_pressures_for_l3,0.0,0.0,Task R,GBM,TreeExplainer
missingindicator_away_final_third_entries_for_l3,0.0,0.0,Task R,GBM,TreeExplainer
missingindicator_away_red_cards_for_l3,0.0,0.0,Task R,GBM,TreeExplainer
missingindicator_away_possession_share_l3,0.0,0.0,Task R,GBM,TreeExplainer
missingindicator_away_points_l5,0.0,0.0,Task R,GBM,TreeExplainer
missingindicator_away_goals_for_l5,0.0,0.0,Task R,GBM,TreeExplainer
missingindicator_away_goals_against_l5,0.0,0.0,Task R,GBM,TreeExplainer
missingindicator_away_goal_difference_l5,0.0,0.0,Task R,GBM,TreeExplainer
missingindicator_away_shots_for_l5,0.0,0.0,Task R,GBM,TreeExplainer
missingindicator_away_shots_against_l5,0.0,0.0,Task R,GBM,TreeExplainer
missingindicator_away_shots_on_target_for_l5,0.0,0.0,Task R,GBM,TreeExplainer
missingindicator_away_shots_on_target_against_l5,0.0,0.0,Task R,GBM,TreeExplainer
missingindicator_away_xg_for_l5,0.0,0.0,Task R,GBM,TreeExplainer
missingindicator_away_xg_against_l5,0.0,0.0,Task R,GBM,TreeExplainer
missingindicator_away_passes_for_l5,0.0,0.0,Task R,GBM,TreeExplainer
missingindicator_away_pass_completion_for_l5,0.0,0.0,Task R,GBM,TreeExplainer
missingindicator_away_pressures_for_l5,0.0,0.0,Task R,GBM,TreeExplainer
missingindicator_away_final_third_entries_for_l5,0.0,0.0,Task R,GBM,TreeExplainer
missingindicator_away_red_cards_for_l5,0.0,0.0,Task R,GBM,TreeExplainer
missingindicator_away_possession_share_l5,0.0,0.0,Task R,GBM,TreeExplainer
missingindicator_away_points_l10,0.0,0.0,Task R,GBM,TreeExplainer
missingindicator_away_goals_for_l10,0.0,0.0,Task R,GBM,TreeExplainer
missingindicator_away_goals_against_l10,0.0,0.0,Task R,GBM,TreeExplainer
missingindicator_away_goal_difference_l10,0.0,0.0,Task R,GBM,TreeExplainer
missingindicator_away_shots_for_l10,0.0,0.0,Task R,GBM,TreeExplainer
missingindicator_away_shots_against_l10,0.0,0.0,Task R,GBM,TreeExplainer
missingindicator_away_shots_on_target_for_l10,0.0,0.0,Task R,GBM,TreeExplainer
missingindicator_away_shots_on_target_against_l10,0.0,0.0,Task R,GBM,TreeExplainer
missingindicator_away_xg_for_l10,0.0,0.0,Task R,GBM,TreeExplainer
missingindicator_away_xg_against_l10,0.0,0.0,Task R,GBM,TreeExplainer
missingindicator_away_passes_for_l10,0.0,0.0,Task R,GBM,TreeExplainer
missingindicator_away_pass_completion_for_l10,0.0,0.0,Task R,GBM,TreeExplainer
missingindicator_diff_pressures_for_l5,0.0,0.0,Task R,GBM,TreeExplainer
missingindicator_diff_possession_share_l5,0.0,0.0,Task R,GBM,TreeExplainer
missingindicator_diff_points_l10,0.0,0.0,Task R,GBM,TreeExplainer
missingindicator_diff_goal_difference_l10,0.0,0.0,Task R,GBM,TreeExplainer
missingindicator_diff_shots_for_l10,0.0,0.0,Task R,GBM,TreeExplainer
missingindicator_diff_xg_for_l10,0.0,0.0,Task R,GBM,TreeExplainer
missingindicator_diff_pass_completion_for_l10,0.0,0.0,Task R,GBM,TreeExplainer
missingindicator_diff_pressures_for_l10,0.0,0.0,Task R,GBM,TreeExplainer
missingindicator_diff_possession_share_l10,0.0,0.0,Task R,GBM,TreeExplainer
missingindicator_rest_days_difference,0.0,0.0,Task R,GBM,TreeExplainer
diff_xg_for_l3,0.12968266223902322,0.012949008494615555,Task R,XGBoost,Permutation fallback (ValueError)
home_pass_completion_for_l3,0.1201641960167393,0.00950266420841217,Task R,XGBoost,Permutation fallback (ValueError)
home_shots_on_target_for_l3,0.11617229015872632,0.007913433946669102,Task R,XGBoost,Permutation fallback (ValueError)
p1_away_rank_total,0.1159664767501585,0.026724759489297867,Task R,XGBoost,Permutation fallback (ValueError)
p1_away_scr_home,0.11412636562498571,0.013365695253014565,Task R,XGBoost,Permutation fallback (ValueError)
p1_away_con_total,0.09083584983861817,0.01714913919568062,Task R,XGBoost,Permutation fallback (ValueError)
home_goals_for_l5,0.07754974583943335,0.007066406309604645,Task R,XGBoost,Permutation fallback (ValueError)
away_shots_on_target_against_l3,0.07596780858812449,0.007475514896214008,Task R,XGBoost,Permutation fallback (ValueError)
away_goals_against_l5,0.07112326917999452,0.007429726887494326,Task R,XGBoost,Permutation fallback (ValueError)
home_shots_for_l3,0.06920151700471543,0.015457777306437492,Task R,XGBoost,Permutation fallback (ValueError)
home_final_third_entries_for_l5,0.06247582684120879,0.008089827373623848,Task R,XGBoost,Permutation fallback (ValueError)
p1_away_con_away,0.062344578484096906,0.017209259793162346,Task R,XGBoost,Permutation fallback (ValueError)
home_goals_against_l10,0.062172458824816354,0.006169965490698814,Task R,XGBoost,Permutation fallback (ValueError)
away_pressures_for_l5,0.061272506647071796,0.005361081566661596,Task R,XGBoost,Permutation fallback (ValueError)
home_xg_for_l3,0.06094046128463283,0.017838254570961,Task R,XGBoost,Permutation fallback (ValueError)
away_final_third_entries_for_l10,0.060093503911048174,0.009846913628280163,Task R,XGBoost,Permutation fallback (ValueError)
diff_shots_for_l10,0.05898488861916965,0.01992134377360344,Task R,XGBoost,Permutation fallback (ValueError)
away_goals_for_l3,0.056882697492044935,0.011220086365938187,Task R,XGBoost,Permutation fallback (ValueError)
away_shots_against_l10,0.05458718862910114,0.006991174537688494,Task R,XGBoost,Permutation fallback (ValueError)
home_passes_for_l10,0.051307608844354695,0.01608494482934475,Task R,XGBoost,Permutation fallback (ValueError)
diff_pressures_for_l10,0.0498451673515998,0.009819773957133293,Task R,XGBoost,Permutation fallback (ValueError)
home_xg_against_l3,0.048072796739701974,0.006548751145601273,Task R,XGBoost,Permutation fallback (ValueError)
home_xg_for_l5,0.04630007320910396,0.012178484350442886,Task R,XGBoost,Permutation fallback (ValueError)
away_shots_on_target_against_l5,0.0460606718412263,0.00730952899903059,Task R,XGBoost,Permutation fallback (ValueError)
diff_possession_share_l3,0.04084041173345463,0.006302062887698412,Task R,XGBoost,Permutation fallback (ValueError)
diff_pressures_for_l5,0.036099693623786476,0.0050256806425750256,Task R,XGBoost,Permutation fallback (ValueError)
away_pressures_for_l3,0.03601699611610745,0.0070052179507911205,Task R,XGBoost,Permutation fallback (ValueError)
home_pass_completion_for_l5,0.03501003607930413,0.007402587682008743,Task R,XGBoost,Permutation fallback (ValueError)
p1_home_con_total,0.032641030720053775,0.005961863789707422,Task R,XGBoost,Permutation fallback (ValueError)
p1_home_rank_home,0.03183884143009376,0.009900007396936417,Task R,XGBoost,Permutation fallback (ValueError)
home_goals_for_l10,0.03117885514562341,0.005639944691210985,Task R,XGBoost,Permutation fallback (ValueError)
away_shots_on_target_for_l5,0.030497576910209427,0.009745084680616856,Task R,XGBoost,Permutation fallback (ValueError)
diff_shots_for_l5,0.02867068835623576,0.010715276002883911,Task R,XGBoost,Permutation fallback (ValueError)
home_pressures_for_l3,0.02843794067849176,0.008768131956458092,Task R,XGBoost,Permutation fallback (ValueError)
p1_away_scr_total,0.028248370310335513,0.012424415908753872,Task R,XGBoost,Permutation fallback (ValueError)
away_rest_days,0.024699496020195142,0.005334137938916683,Task R,XGBoost,Permutation fallback (ValueError)
diff_pressures_for_l3,0.02394030426301575,0.005707824602723122,Task R,XGBoost,Permutation fallback (ValueError)
away_possession_share_l3,0.02363207553288954,0.004717227071523666,Task R,XGBoost,Permutation fallback (ValueError)
away_xg_against_l10,0.021737405682654132,0.007401359733194113,Task R,XGBoost,Permutation fallback (ValueError)
home_points_l5,0.021270168181576263,0.005425052717328072,Task R,XGBoost,Permutation fallback (ValueError)
away_goal_difference_l10,0.020999219031005663,0.01530880481004715,Task R,XGBoost,Permutation fallback (ValueError)
away_xg_for_l10,0.020832277292746757,0.006224803626537323,Task R,XGBoost,Permutation fallback (ValueError)
diff_possession_share_l5,0.020529859448467597,0.0068065570667386055,Task R,XGBoost,Permutation fallback (ValueError)
p1_away_rank_home,0.020213209211984925,0.009945903904736042,Task R,XGBoost,Permutation fallback (ValueError)
away_shots_on_target_against_l10,0.018440991894854906,0.00625221524387598,Task R,XGBoost,Permutation fallback (ValueError)
diff_goal_difference_l10,0.017425501135269018,0.0045828670263290405,Task R,XGBoost,Permutation fallback (ValueError)
home_shots_against_l10,0.015989511086904124,0.006394287571310997,Task R,XGBoost,Permutation fallback (ValueError)
p1_home_scr_home,0.01593812546440556,0.004952253308147192,Task R,XGBoost,Permutation fallback (ValueError)
diff_possession_share_l10,0.015844264406747983,0.010599123314023018,Task R,XGBoost,Permutation fallback (ValueError)
away_red_cards_for_l10,0.015239216063671035,0.00620410917326808,Task R,XGBoost,Permutation fallback (ValueError)
away_xg_against_l5,0.01522039522470036,0.0041177417151629925,Task R,XGBoost,Permutation fallback (ValueError)
away_goals_against_l3,0.014490239012756959,0.008563382551074028,Task R,XGBoost,Permutation fallback (ValueError)
home_xg_for_l10,0.01378582506060965,0.021801704540848732,Task R,XGBoost,Permutation fallback (ValueError)
away_shots_for_l5,0.013691784478251597,0.015012764371931553,Task R,XGBoost,Permutation fallback (ValueError)
away_xg_against_l3,0.013520346398539563,0.006384693551808596,Task R,XGBoost,Permutation fallback (ValueError)
home_shots_for_l10,0.01301966764073332,0.008925214409828186,Task R,XGBoost,Permutation fallback (ValueError)
home_passes_for_l3,0.012782174617556548,0.0072077116928994656,Task R,XGBoost,Permutation fallback (ValueError)
home_goals_against_l5,0.012737883780273084,0.006977431010454893,Task R,XGBoost,Permutation fallback (ValueError)
rest_days_difference,0.011768622419364978,0.0064553688280284405,Task R,XGBoost,Permutation fallback (ValueError)
home_shots_on_target_for_l5,0.011751723700992605,0.006871478632092476,Task R,XGBoost,Permutation fallback (ValueError)
away_shots_against_l5,0.01149879753398978,0.006620318163186312,Task R,XGBoost,Permutation fallback (ValueError)
away_goals_for_l5,0.011116083724883145,0.004389245994389057,Task R,XGBoost,Permutation fallback (ValueError)
home_rest_days,0.011037403496785383,0.009453795850276947,Task R,XGBoost,Permutation fallback (ValueError)
away_shots_on_target_for_l10,0.010287922336315009,0.008360334672033787,Task R,XGBoost,Permutation fallback (ValueError)
home_red_cards_for_l10,0.01008568093310569,0.007557499222457409,Task R,XGBoost,Permutation fallback (ValueError)
away_passes_for_l3,0.009939503200618776,0.008806586265563965,Task R,XGBoost,Permutation fallback (ValueError)
home_shots_on_target_against_l10,0.009859065700362882,0.009633398614823818,Task R,XGBoost,Permutation fallback (ValueError)
away_possession_share_l5,0.00981488506110601,0.006922262255102396,Task R,XGBoost,Permutation fallback (ValueError)
away_goal_difference_l5,0.009772643028755086,0.005188619252294302,Task R,XGBoost,Permutation fallback (ValueError)
p1_away_scr_away,0.009594663997784766,0.005369844380766153,Task R,XGBoost,Permutation fallback (ValueError)
home_goals_against_l3,0.009403065816951462,0.008213778026401997,Task R,XGBoost,Permutation fallback (ValueError)
diff_points_l5,0.009302687351473786,0.005442935507744551,Task R,XGBoost,Permutation fallback (ValueError)
home_goal_difference_l10,0.008209264562068767,0.004954223521053791,Task R,XGBoost,Permutation fallback (ValueError)
away_pressures_for_l10,0.008116898319997774,0.007412891369313002,Task R,XGBoost,Permutation fallback (ValueError)
home_shots_for_l5,0.00797355473395842,0.009018588811159134,Task R,XGBoost,Permutation fallback (ValueError)
home_passes_for_l5,0.00788732757125441,0.031547799706459045,Task R,XGBoost,Permutation fallback (ValueError)
home_final_third_entries_for_l3,0.00782413885344927,0.007920963689684868,Task R,XGBoost,Permutation fallback (ValueError)
away_xg_for_l5,0.007594926628635088,0.005628457758575678,Task R,XGBoost,Permutation fallback (ValueError)
home_xg_against_l10,0.007365085598354677,0.0060469647869467735,Task R,XGBoost,Permutation fallback (ValueError)
home_shots_against_l3,0.007300397760464224,0.008363465778529644,Task R,XGBoost,Permutation fallback (ValueError)
away_shots_on_target_for_l3,0.007176811678885091,0.005751470103859901,Task R,XGBoost,Permutation fallback (ValueError)
away_final_third_entries_for_l3,0.007141570155711273,0.004947066307067871,Task R,XGBoost,Permutation fallback (ValueError)
away_shots_against_l3,0.006649355311621577,0.008828777819871902,Task R,XGBoost,Permutation fallback (ValueError)
home_pass_completion_for_l10,0.006455511810001581,0.008761091157793999,Task R,XGBoost,Permutation fallback (ValueError)
diff_xg_for_l5,0.0063207516876096605,0.004314952529966831,Task R,XGBoost,Permutation fallback (ValueError)
diff_xg_for_l10,0.0061159653519111505,0.006250779610127211,Task R,XGBoost,Permutation fallback (ValueError)
home_goals_for_l3,0.006071291840846129,0.008958318270742893,Task R,XGBoost,Permutation fallback (ValueError)
away_goals_for_l10,0.005966345203257565,0.006393894553184509,Task R,XGBoost,Permutation fallback (ValueError)
away_possession_share_l10,0.005867988881958732,0.006538761779665947,Task R,XGBoost,Permutation fallback (ValueError)
home_points_l10,0.005702417821410801,0.007070944178849459,Task R,XGBoost,Permutation fallback (ValueError)
p1_home_con_home,0.005553034178075804,0.0034855802077800035,Task R,XGBoost,Permutation fallback (ValueError)
home_pressures_for_l5,0.005494050244611775,0.01920999400317669,Task R,XGBoost,Permutation fallback (ValueError)
home_points_l3,0.0053090647717539624,0.005640784744173288,Task R,XGBoost,Permutation fallback (ValueError)
diff_points_l10,0.005304737354584879,0.007833565585315228,Task R,XGBoost,Permutation fallback (ValueError)
home_possession_share_l5,0.005148591210836195,0.006674485746771097,Task R,XGBoost,Permutation fallback (ValueError)
home_shots_on_target_against_l5,0.005028965069989978,0.007436576299369335,Task R,XGBoost,Permutation fallback (ValueError)
diff_points_l3,0.0049580793865733625,0.006495755631476641,Task R,XGBoost,Permutation fallback (ValueError)
home_red_cards_for_l3,0.004658026609525909,0.00518436124548316,Task R,XGBoost,Permutation fallback (ValueError)
away_passes_for_l5,0.004475666111186683,0.0039184861816465855,Task R,XGBoost,Permutation fallback (ValueError)
diff_pass_completion_for_l5,0.00443077988659395,0.007142525631934404,Task R,XGBoost,Permutation fallback (ValueError)
away_shots_for_l10,0.004410763614831252,0.009631922468543053,Task R,XGBoost,Permutation fallback (ValueError)
away_pass_completion_for_l10,0.0038710341773643734,0.004299163352698088,Task R,XGBoost,Permutation fallback (ValueError)
home_shots_on_target_against_l3,0.0038329356576086563,0.009583121165633202,Task R,XGBoost,Permutation fallback (ValueError)
p1_home_con_away,0.003812970282034135,0.004177648574113846,Task R,XGBoost,Permutation fallback (ValueError)
p1_home_rank_total,0.003677849097352853,0.0047945850528776646,Task R,XGBoost,Permutation fallback (ValueError)
away_xg_for_l3,0.0035093343742461777,0.003733499674126506,Task R,XGBoost,Permutation fallback (ValueError)
away_points_l5,0.003472045706112645,0.004526933189481497,Task R,XGBoost,Permutation fallback (ValueError)
diff_pass_completion_for_l3,0.0032800800084352394,0.004510549828410149,Task R,XGBoost,Permutation fallback (ValueError)
p1_away_rank_away,0.0030843191867883277,0.010541771538555622,Task R,XGBoost,Permutation fallback (ValueError)
diff_pass_completion_for_l10,0.002915160026590247,0.004616176709532738,Task R,XGBoost,Permutation fallback (ValueError)
diff_shots_for_l3,0.002901005468911669,0.005916800815612078,Task R,XGBoost,Permutation fallback (ValueError)
away_final_third_entries_for_l5,0.002793919822484589,0.005611037835478783,Task R,XGBoost,Permutation fallback (ValueError)
away_goals_against_l10,0.0027356444301245672,0.0073366970755159855,Task R,XGBoost,Permutation fallback (ValueError)
home_possession_share_l3,0.0025298525001415054,0.007934534922242165,Task R,XGBoost,Permutation fallback (ValueError)
away_shots_for_l3,0.002262739810849659,0.01091751642525196,Task R,XGBoost,Permutation fallback (ValueError)
home_final_third_entries_for_l10,0.0021446470242074685,0.00526830181479454,Task R,XGBoost,Permutation fallback (ValueError)
home_xg_against_l5,0.0014887336803519238,0.002510801423341036,Task R,XGBoost,Permutation fallback (ValueError)
away_points_l10,0.0012590303743743988,0.00464514410123229,Task R,XGBoost,Permutation fallback (ValueError)
home_shots_against_l5,0.0010150478990829503,0.004789289087057114,Task R,XGBoost,Permutation fallback (ValueError)
missingindicator_diff_pass_completion_for_l5,0.0,0.0,Task R,XGBoost,Permutation fallback (ValueError)
missingindicator_diff_goal_difference_l5,0.0,0.0,Task R,XGBoost,Permutation fallback (ValueError)
missingindicator_diff_shots_for_l5,0.0,0.0,Task R,XGBoost,Permutation fallback (ValueError)
home_missing_history_l5,0.0,0.0,Task R,XGBoost,Permutation fallback (ValueError)
home_red_cards_for_l5,0.0,0.0,Task R,XGBoost,Permutation fallback (ValueError)
home_missing_history_l10,0.0,0.0,Task R,XGBoost,Permutation fallback (ValueError)
away_goal_difference_l3,0.0,0.0,Task R,XGBoost,Permutation fallback (ValueError)
away_points_l3,0.0,0.0,Task R,XGBoost,Permutation fallback (ValueError)
away_history_matches_before,0.0,0.005890778731554747,Task R,XGBoost,Permutation fallback (ValueError)
missingindicator_diff_shots_for_l3,0.0,0.0,Task R,XGBoost,Permutation fallback (ValueError)
missingindicator_diff_xg_for_l3,0.0,0.0,Task R,XGBoost,Permutation fallback (ValueError)
missingindicator_diff_points_l5,0.0,0.0,Task R,XGBoost,Permutation fallback (ValueError)
missingindicator_diff_possession_share_l3,0.0,0.0,Task R,XGBoost,Permutation fallback (ValueError)
home_goal_difference_l3,0.0,0.0,Task R,XGBoost,Permutation fallback (ValueError)
home_history_matches_before,0.0,0.004385762847959995,Task R,XGBoost,Permutation fallback (ValueError)
missingindicator_away_pressures_for_l10,0.0,0.0,Task R,XGBoost,Permutation fallback (ValueError)
missingindicator_away_final_third_entries_for_l10,0.0,0.0,Task R,XGBoost,Permutation fallback (ValueError)
missingindicator_away_red_cards_for_l10,0.0,0.0,Task R,XGBoost,Permutation fallback (ValueError)
missingindicator_away_possession_share_l10,0.0,0.0,Task R,XGBoost,Permutation fallback (ValueError)
p1_home_scr_total,0.0,0.0,Task R,XGBoost,Permutation fallback (ValueError)
diff_goal_difference_l5,0.0,0.0,Task R,XGBoost,Permutation fallback (ValueError)
away_missing_history_l10,0.0,0.0,Task R,XGBoost,Permutation fallback (ValueError)
diff_goal_difference_l3,0.0,0.0,Task R,XGBoost,Permutation fallback (ValueError)
away_passes_for_l10,0.0,0.0,Task R,XGBoost,Permutation fallback (ValueError)
away_pass_completion_for_l5,0.0,0.0,Task R,XGBoost,Permutation fallback (ValueError)
away_missing_history_l5,0.0,0.0,Task R,XGBoost,Permutation fallback (ValueError)
away_red_cards_for_l5,0.0,0.0,Task R,XGBoost,Permutation fallback (ValueError)
away_missing_history_l3,0.0,0.0,Task R,XGBoost,Permutation fallback (ValueError)
away_red_cards_for_l3,0.0,0.0,Task R,XGBoost,Permutation fallback (ValueError)
away_pass_completion_for_l3,0.0,0.0,Task R,XGBoost,Permutation fallback (ValueError)
home_shots_on_target_for_l10,0.0,0.0,Task R,XGBoost,Permutation fallback (ValueError)
missingindicator_diff_pass_completion_for_l3,0.0,0.0,Task R,XGBoost,Permutation fallback (ValueError)
missingindicator_diff_pressures_for_l3,0.0,0.0,Task R,XGBoost,Permutation fallback (ValueError)
missingindicator_diff_points_l3,0.0,0.0,Task R,XGBoost,Permutation fallback (ValueError)
missingindicator_diff_goal_difference_l3,0.0,0.0,Task R,XGBoost,Permutation fallback (ValueError)
home_possession_share_l10,0.0,0.0,Task R,XGBoost,Permutation fallback (ValueError)
home_pressures_for_l10,0.0,0.0,Task R,XGBoost,Permutation fallback (ValueError)
missingindicator_diff_xg_for_l5,0.0,0.0,Task R,XGBoost,Permutation fallback (ValueError)
home_goal_difference_l5,0.0,0.0,Task R,XGBoost,Permutation fallback (ValueError)
p1_away_con_home,0.0,0.0,Task R,XGBoost,Permutation fallback (ValueError)
home_missing_history_l3,0.0,0.0,Task R,XGBoost,Permutation fallback (ValueError)
p1_home_scr_away,0.0,0.0,Task R,XGBoost,Permutation fallback (ValueError)
p1_home_rank_away,0.0,0.0,Task R,XGBoost,Permutation fallback (ValueError)
missingindicator_home_rest_days,0.0,0.0,Task R,XGBoost,Permutation fallback (ValueError)
missingindicator_home_points_l3,0.0,0.0,Task R,XGBoost,Permutation fallback (ValueError)
missingindicator_home_goals_for_l3,0.0,0.0,Task R,XGBoost,Permutation fallback (ValueError)
missingindicator_home_goals_against_l3,0.0,0.0,Task R,XGBoost,Permutation fallback (ValueError)
missingindicator_home_goal_difference_l3,0.0,0.0,Task R,XGBoost,Permutation fallback (ValueError)
missingindicator_home_shots_for_l3,0.0,0.0,Task R,XGBoost,Permutation fallback (ValueError)
missingindicator_home_shots_against_l3,0.0,0.0,Task R,XGBoost,Permutation fallback (ValueError)
missingindicator_home_shots_on_target_for_l3,0.0,0.0,Task R,XGBoost,Permutation fallback (ValueError)
missingindicator_home_shots_on_target_against_l3,0.0,0.0,Task R,XGBoost,Permutation fallback (ValueError)
missingindicator_home_xg_for_l3,0.0,0.0,Task R,XGBoost,Permutation fallback (ValueError)
missingindicator_home_xg_against_l3,0.0,0.0,Task R,XGBoost,Permutation fallback (ValueError)
missingindicator_home_passes_for_l3,0.0,0.0,Task R,XGBoost,Permutation fallback (ValueError)
missingindicator_home_pass_completion_for_l3,0.0,0.0,Task R,XGBoost,Permutation fallback (ValueError)
missingindicator_home_pressures_for_l3,0.0,0.0,Task R,XGBoost,Permutation fallback (ValueError)
missingindicator_home_final_third_entries_for_l3,0.0,0.0,Task R,XGBoost,Permutation fallback (ValueError)
missingindicator_home_red_cards_for_l3,0.0,0.0,Task R,XGBoost,Permutation fallback (ValueError)
missingindicator_home_possession_share_l3,0.0,0.0,Task R,XGBoost,Permutation fallback (ValueError)
missingindicator_home_points_l5,0.0,0.0,Task R,XGBoost,Permutation fallback (ValueError)
missingindicator_home_goals_for_l5,0.0,0.0,Task R,XGBoost,Permutation fallback (ValueError)
missingindicator_home_goals_against_l5,0.0,0.0,Task R,XGBoost,Permutation fallback (ValueError)
missingindicator_home_goal_difference_l5,0.0,0.0,Task R,XGBoost,Permutation fallback (ValueError)
missingindicator_home_shots_for_l5,0.0,0.0,Task R,XGBoost,Permutation fallback (ValueError)
missingindicator_home_shots_against_l5,0.0,0.0,Task R,XGBoost,Permutation fallback (ValueError)
missingindicator_home_shots_on_target_for_l5,0.0,0.0,Task R,XGBoost,Permutation fallback (ValueError)
missingindicator_home_shots_on_target_against_l5,0.0,0.0,Task R,XGBoost,Permutation fallback (ValueError)
missingindicator_home_xg_for_l5,0.0,0.0,Task R,XGBoost,Permutation fallback (ValueError)
missingindicator_home_xg_against_l5,0.0,0.0,Task R,XGBoost,Permutation fallback (ValueError)
missingindicator_home_passes_for_l5,0.0,0.0,Task R,XGBoost,Permutation fallback (ValueError)
missingindicator_home_pass_completion_for_l5,0.0,0.0,Task R,XGBoost,Permutation fallback (ValueError)
missingindicator_home_pressures_for_l5,0.0,0.0,Task R,XGBoost,Permutation fallback (ValueError)
missingindicator_home_final_third_entries_for_l5,0.0,0.0,Task R,XGBoost,Permutation fallback (ValueError)
missingindicator_home_red_cards_for_l5,0.0,0.0,Task R,XGBoost,Permutation fallback (ValueError)
missingindicator_home_possession_share_l5,0.0,0.0,Task R,XGBoost,Permutation fallback (ValueError)
missingindicator_home_points_l10,0.0,0.0,Task R,XGBoost,Permutation fallback (ValueError)
missingindicator_home_goals_for_l10,0.0,0.0,Task R,XGBoost,Permutation fallback (ValueError)
missingindicator_home_goals_against_l10,0.0,0.0,Task R,XGBoost,Permutation fallback (ValueError)
missingindicator_home_goal_difference_l10,0.0,0.0,Task R,XGBoost,Permutation fallback (ValueError)
missingindicator_home_shots_for_l10,0.0,0.0,Task R,XGBoost,Permutation fallback (ValueError)
missingindicator_home_shots_against_l10,0.0,0.0,Task R,XGBoost,Permutation fallback (ValueError)
missingindicator_home_shots_on_target_for_l10,0.0,0.0,Task R,XGBoost,Permutation fallback (ValueError)
missingindicator_home_shots_on_target_against_l10,0.0,0.0,Task R,XGBoost,Permutation fallback (ValueError)
missingindicator_home_xg_for_l10,0.0,0.0,Task R,XGBoost,Permutation fallback (ValueError)
missingindicator_home_xg_against_l10,0.0,0.0,Task R,XGBoost,Permutation fallback (ValueError)
missingindicator_home_passes_for_l10,0.0,0.0,Task R,XGBoost,Permutation fallback (ValueError)
missingindicator_home_pass_completion_for_l10,0.0,0.0,Task R,XGBoost,Permutation fallback (ValueError)
missingindicator_home_pressures_for_l10,0.0,0.0,Task R,XGBoost,Permutation fallback (ValueError)
missingindicator_home_final_third_entries_for_l10,0.0,0.0,Task R,XGBoost,Permutation fallback (ValueError)
missingindicator_home_red_cards_for_l10,0.0,0.0,Task R,XGBoost,Permutation fallback (ValueError)
missingindicator_home_possession_share_l10,0.0,0.0,Task R,XGBoost,Permutation fallback (ValueError)
missingindicator_away_rest_days,0.0,0.0,Task R,XGBoost,Permutation fallback (ValueError)
missingindicator_away_points_l3,0.0,0.0,Task R,XGBoost,Permutation fallback (ValueError)
missingindicator_away_goals_for_l3,0.0,0.0,Task R,XGBoost,Permutation fallback (ValueError)
missingindicator_away_goals_against_l3,0.0,0.0,Task R,XGBoost,Permutation fallback (ValueError)
missingindicator_away_goal_difference_l3,0.0,0.0,Task R,XGBoost,Permutation fallback (ValueError)
missingindicator_away_shots_for_l3,0.0,0.0,Task R,XGBoost,Permutation fallback (ValueError)
missingindicator_away_shots_against_l3,0.0,0.0,Task R,XGBoost,Permutation fallback (ValueError)
missingindicator_away_shots_on_target_for_l3,0.0,0.0,Task R,XGBoost,Permutation fallback (ValueError)
missingindicator_away_shots_on_target_against_l3,0.0,0.0,Task R,XGBoost,Permutation fallback (ValueError)
missingindicator_away_xg_for_l3,0.0,0.0,Task R,XGBoost,Permutation fallback (ValueError)
missingindicator_away_xg_against_l3,0.0,0.0,Task R,XGBoost,Permutation fallback (ValueError)
missingindicator_away_passes_for_l3,0.0,0.0,Task R,XGBoost,Permutation fallback (ValueError)
missingindicator_away_pass_completion_for_l3,0.0,0.0,Task R,XGBoost,Permutation fallback (ValueError)
missingindicator_away_pressures_for_l3,0.0,0.0,Task R,XGBoost,Permutation fallback (ValueError)
missingindicator_away_final_third_entries_for_l3,0.0,0.0,Task R,XGBoost,Permutation fallback (ValueError)
missingindicator_away_red_cards_for_l3,0.0,0.0,Task R,XGBoost,Permutation fallback (ValueError)
missingindicator_away_possession_share_l3,0.0,0.0,Task R,XGBoost,Permutation fallback (ValueError)
missingindicator_away_points_l5,0.0,0.0,Task R,XGBoost,Permutation fallback (ValueError)
missingindicator_away_goals_for_l5,0.0,0.0,Task R,XGBoost,Permutation fallback (ValueError)
missingindicator_away_goals_against_l5,0.0,0.0,Task R,XGBoost,Permutation fallback (ValueError)
missingindicator_away_goal_difference_l5,0.0,0.0,Task R,XGBoost,Permutation fallback (ValueError)
missingindicator_away_shots_for_l5,0.0,0.0,Task R,XGBoost,Permutation fallback (ValueError)
missingindicator_away_shots_against_l5,0.0,0.0,Task R,XGBoost,Permutation fallback (ValueError)
missingindicator_away_shots_on_target_for_l5,0.0,0.0,Task R,XGBoost,Permutation fallback (ValueError)
missingindicator_away_shots_on_target_against_l5,0.0,0.0,Task R,XGBoost,Permutation fallback (ValueError)
missingindicator_away_xg_for_l5,0.0,0.0,Task R,XGBoost,Permutation fallback (ValueError)
missingindicator_away_xg_against_l5,0.0,0.0,Task R,XGBoost,Permutation fallback (ValueError)
missingindicator_away_passes_for_l5,0.0,0.0,Task R,XGBoost,Permutation fallback (ValueError)
missingindicator_away_pass_completion_for_l5,0.0,0.0,Task R,XGBoost,Permutation fallback (ValueError)
missingindicator_away_pressures_for_l5,0.0,0.0,Task R,XGBoost,Permutation fallback (ValueError)
missingindicator_away_final_third_entries_for_l5,0.0,0.0,Task R,XGBoost,Permutation fallback (ValueError)
missingindicator_away_red_cards_for_l5,0.0,0.0,Task R,XGBoost,Permutation fallback (ValueError)
missingindicator_away_possession_share_l5,0.0,0.0,Task R,XGBoost,Permutation fallback (ValueError)
missingindicator_away_points_l10,0.0,0.0,Task R,XGBoost,Permutation fallback (ValueError)
missingindicator_away_goals_for_l10,0.0,0.0,Task R,XGBoost,Permutation fallback (ValueError)
missingindicator_away_goals_against_l10,0.0,0.0,Task R,XGBoost,Permutation fallback (ValueError)
missingindicator_away_goal_difference_l10,0.0,0.0,Task R,XGBoost,Permutation fallback (ValueError)
missingindicator_away_shots_for_l10,0.0,0.0,Task R,XGBoost,Permutation fallback (ValueError)
missingindicator_away_shots_against_l10,0.0,0.0,Task R,XGBoost,Permutation fallback (ValueError)
missingindicator_away_shots_on_target_for_l10,0.0,0.0,Task R,XGBoost,Permutation fallback (ValueError)
missingindicator_away_shots_on_target_against_l10,0.0,0.0,Task R,XGBoost,Permutation fallback (ValueError)
missingindicator_away_xg_for_l10,0.0,0.0,Task R,XGBoost,Permutation fallback (ValueError)
missingindicator_away_xg_against_l10,0.0,0.0,Task R,XGBoost,Permutation fallback (ValueError)
missingindicator_away_passes_for_l10,0.0,0.0,Task R,XGBoost,Permutation fallback (ValueError)
missingindicator_away_pass_completion_for_l10,0.0,0.0,Task R,XGBoost,Permutation fallback (ValueError)
missingindicator_diff_pressures_for_l5,0.0,0.0,Task R,XGBoost,Permutation fallback (ValueError)
missingindicator_diff_possession_share_l5,0.0,0.0,Task R,XGBoost,Permutation fallback (ValueError)
missingindicator_diff_points_l10,0.0,0.0,Task R,XGBoost,Permutation fallback (ValueError)
missingindicator_diff_goal_difference_l10,0.0,0.0,Task R,XGBoost,Permutation fallback (ValueError)
missingindicator_diff_shots_for_l10,0.0,0.0,Task R,XGBoost,Permutation fallback (ValueError)
missingindicator_diff_xg_for_l10,0.0,0.0,Task R,XGBoost,Permutation fallback (ValueError)
missingindicator_diff_pass_completion_for_l10,0.0,0.0,Task R,XGBoost,Permutation fallback (ValueError)
missingindicator_diff_pressures_for_l10,0.0,0.0,Task R,XGBoost,Permutation fallback (ValueError)
missingindicator_diff_possession_share_l10,0.0,0.0,Task R,XGBoost,Permutation fallback (ValueError)
missingindicator_rest_days_difference,0.0,0.0,Task R,XGBoost,Permutation fallback (ValueError)
p1_away_rank_total,0.1883338369791782,22.0,Task R,LightGBM,TreeExplainer
home_pass_completion_for_l3,0.15673608824941693,54.0,Task R,LightGBM,TreeExplainer
p1_away_scr_home,0.14931973068013663,28.0,Task R,LightGBM,TreeExplainer
home_shots_on_target_for_l3,0.14885830217239573,22.0,Task R,LightGBM,TreeExplainer
diff_xg_for_l3,0.13151271975403814,19.0,Task R,LightGBM,TreeExplainer
away_goals_against_l5,0.09497180182133785,20.0,Task R,LightGBM,TreeExplainer
home_goals_against_l10,0.09342764259913731,19.0,Task R,LightGBM,TreeExplainer
away_pressures_for_l5,0.08848117053771078,12.0,Task R,LightGBM,TreeExplainer
home_xg_for_l3,0.08458871626786338,9.0,Task R,LightGBM,TreeExplainer
home_goals_for_l5,0.08033243196247065,19.0,Task R,LightGBM,TreeExplainer
away_shots_on_target_for_l5,0.06635432324895112,16.0,Task R,LightGBM,TreeExplainer
diff_shots_for_l10,0.062229157943060276,15.0,Task R,LightGBM,TreeExplainer
away_shots_on_target_against_l3,0.061306174133357635,15.0,Task R,LightGBM,TreeExplainer
diff_pressures_for_l10,0.060092798055462984,17.0,Task R,LightGBM,TreeExplainer
away_pressures_for_l3,0.056515622002887726,31.0,Task R,LightGBM,TreeExplainer
home_xg_for_l5,0.0542415275761333,7.0,Task R,LightGBM,TreeExplainer
diff_pressures_for_l5,0.05351047170487548,9.0,Task R,LightGBM,TreeExplainer
p1_away_con_away,0.053379637313657205,11.0,Task R,LightGBM,TreeExplainer
rest_days_difference,0.05173773059202448,13.0,Task R,LightGBM,TreeExplainer
home_shots_for_l3,0.051277740214359824,14.0,Task R,LightGBM,TreeExplainer
p1_home_rank_home,0.0466084064625178,9.0,Task R,LightGBM,TreeExplainer
diff_goal_difference_l10,0.044417007924858594,10.0,Task R,LightGBM,TreeExplainer
away_final_third_entries_for_l10,0.04191865859199351,14.0,Task R,LightGBM,TreeExplainer
diff_possession_share_l3,0.03618830183531036,6.0,Task R,LightGBM,TreeExplainer
home_final_third_entries_for_l5,0.035771506332126876,6.0,Task R,LightGBM,TreeExplainer
away_shots_against_l10,0.034165373743671935,9.0,Task R,LightGBM,TreeExplainer
away_shots_for_l5,0.033724652417092126,7.0,Task R,LightGBM,TreeExplainer
away_possession_share_l3,0.030337192426701486,8.0,Task R,LightGBM,TreeExplainer
away_goals_for_l3,0.030107844620172845,8.0,Task R,LightGBM,TreeExplainer
home_xg_against_l3,0.029775623752364085,12.0,Task R,LightGBM,TreeExplainer
away_xg_against_l3,0.026597453691047712,9.0,Task R,LightGBM,TreeExplainer
home_pass_completion_for_l5,0.02649945619785435,6.0,Task R,LightGBM,TreeExplainer
home_points_l5,0.026078756377523472,10.0,Task R,LightGBM,TreeExplainer
p1_home_con_total,0.02558302565606307,4.0,Task R,LightGBM,TreeExplainer
away_shots_on_target_for_l3,0.024639959012233915,5.0,Task R,LightGBM,TreeExplainer
away_red_cards_for_l10,0.02434118096637478,7.0,Task R,LightGBM,TreeExplainer
home_shots_for_l10,0.021565154161381696,5.0,Task R,LightGBM,TreeExplainer
away_shots_against_l5,0.02012047423217058,13.0,Task R,LightGBM,TreeExplainer
p1_away_rank_home,0.020022334547674665,6.0,Task R,LightGBM,TreeExplainer
home_pass_completion_for_l10,0.019775203557681486,3.0,Task R,LightGBM,TreeExplainer
home_possession_share_l5,0.019487155590819046,4.0,Task R,LightGBM,TreeExplainer
home_rest_days,0.01920420492493983,6.0,Task R,LightGBM,TreeExplainer
home_goals_for_l10,0.018781209773747583,7.0,Task R,LightGBM,TreeExplainer
diff_possession_share_l5,0.01748823738852357,6.0,Task R,LightGBM,TreeExplainer
away_shots_on_target_against_l5,0.016998339781541173,4.0,Task R,LightGBM,TreeExplainer
p1_away_con_total,0.016508088473561576,1.0,Task R,LightGBM,TreeExplainer
diff_shots_for_l5,0.015988841343456305,7.0,Task R,LightGBM,TreeExplainer
away_goal_difference_l10,0.015860085012936984,8.0,Task R,LightGBM,TreeExplainer
p1_home_scr_total,0.01584431726665065,3.0,Task R,LightGBM,TreeExplainer
home_xg_against_l5,0.015690468633741093,2.0,Task R,LightGBM,TreeExplainer
away_goals_against_l3,0.014704789122168705,3.0,Task R,LightGBM,TreeExplainer
away_points_l10,0.012554608795101735,3.0,Task R,LightGBM,TreeExplainer
away_shots_on_target_against_l10,0.012478606694418451,2.0,Task R,LightGBM,TreeExplainer
diff_possession_share_l10,0.012005843137635629,3.0,Task R,LightGBM,TreeExplainer
away_pass_completion_for_l10,0.011342124325101798,5.0,Task R,LightGBM,TreeExplainer
home_shots_against_l10,0.010962319890449147,4.0,Task R,LightGBM,TreeExplainer
away_final_third_entries_for_l5,0.010784530135431448,3.0,Task R,LightGBM,TreeExplainer
home_final_third_entries_for_l10,0.009990812464140082,5.0,Task R,LightGBM,TreeExplainer
away_shots_for_l10,0.009660245880391273,5.0,Task R,LightGBM,TreeExplainer
away_xg_against_l10,0.008654682659359193,5.0,Task R,LightGBM,TreeExplainer
away_possession_share_l5,0.008558343976229036,2.0,Task R,LightGBM,TreeExplainer
away_goals_against_l10,0.007977195048884316,4.0,Task R,LightGBM,TreeExplainer
p1_away_scr_away,0.007826467516914801,3.0,Task R,LightGBM,TreeExplainer
home_xg_against_l10,0.0076010237542106,2.0,Task R,LightGBM,TreeExplainer
home_pressures_for_l5,0.007430158434030803,3.0,Task R,LightGBM,TreeExplainer
away_possession_share_l10,0.007218891993738954,2.0,Task R,LightGBM,TreeExplainer
home_pressures_for_l3,0.006921695646546457,1.0,Task R,LightGBM,TreeExplainer
p1_home_scr_home,0.006047853351428067,1.0,Task R,LightGBM,TreeExplainer
home_passes_for_l5,0.005764234071643233,1.0,Task R,LightGBM,TreeExplainer
away_pass_completion_for_l3,0.005664956014751258,1.0,Task R,LightGBM,TreeExplainer
away_xg_for_l10,0.005296237184886162,2.0,Task R,LightGBM,TreeExplainer
away_goals_for_l5,0.005050199192601812,1.0,Task R,LightGBM,TreeExplainer
home_shots_on_target_against_l5,0.004279436159787417,2.0,Task R,LightGBM,TreeExplainer
diff_pass_completion_for_l10,0.004217595927107425,2.0,Task R,LightGBM,TreeExplainer
p1_away_scr_total,0.004092413015727001,1.0,Task R,LightGBM,TreeExplainer
home_xg_for_l10,0.0036631411994281033,1.0,Task R,LightGBM,TreeExplainer
p1_away_con_home,0.002745811595090281,1.0,Task R,LightGBM,TreeExplainer
away_final_third_entries_for_l3,0.0020588768227113893,1.0,Task R,LightGBM,TreeExplainer
home_shots_for_l5,0.0020249286747497076,1.0,Task R,LightGBM,TreeExplainer
home_possession_share_l3,0.001769526173239168,1.0,Task R,LightGBM,TreeExplainer
home_pressures_for_l10,0.001228055784686527,3.0,Task R,LightGBM,TreeExplainer
diff_pass_completion_for_l5,0.0011146184865082475,1.0,Task R,LightGBM,TreeExplainer
home_red_cards_for_l10,0.0,0.0,Task R,LightGBM,TreeExplainer
home_possession_share_l10,0.0,0.0,Task R,LightGBM,TreeExplainer
missingindicator_diff_pass_completion_for_l5,0.0,0.0,Task R,LightGBM,TreeExplainer
home_red_cards_for_l5,0.0,0.0,Task R,LightGBM,TreeExplainer
home_shots_on_target_for_l10,0.0,0.0,Task R,LightGBM,TreeExplainer
home_goal_difference_l10,0.0,0.0,Task R,LightGBM,TreeExplainer
home_shots_on_target_against_l10,0.0,0.0,Task R,LightGBM,TreeExplainer
home_passes_for_l10,0.0,0.0,Task R,LightGBM,TreeExplainer
away_xg_for_l3,0.0,0.0,Task R,LightGBM,TreeExplainer
away_shots_against_l3,0.0,0.0,Task R,LightGBM,TreeExplainer
away_shots_for_l3,0.0,0.0,Task R,LightGBM,TreeExplainer
away_goal_difference_l3,0.0,0.0,Task R,LightGBM,TreeExplainer
away_points_l3,0.0,0.0,Task R,LightGBM,TreeExplainer
home_missing_history_l10,0.0,0.0,Task R,LightGBM,TreeExplainer
away_rest_days,0.0,0.0,Task R,LightGBM,TreeExplainer
away_history_matches_before,0.0,0.0,Task R,LightGBM,TreeExplainer
missingindicator_diff_shots_for_l3,0.0,0.0,Task R,LightGBM,TreeExplainer
missingindicator_diff_xg_for_l3,0.0,0.0,Task R,LightGBM,TreeExplainer
missingindicator_diff_pass_completion_for_l3,0.0,0.0,Task R,LightGBM,TreeExplainer
missingindicator_diff_pressures_for_l3,0.0,0.0,Task R,LightGBM,TreeExplainer
missingindicator_diff_possession_share_l3,0.0,0.0,Task R,LightGBM,TreeExplainer
missingindicator_diff_points_l5,0.0,0.0,Task R,LightGBM,TreeExplainer
missingindicator_diff_goal_difference_l5,0.0,0.0,Task R,LightGBM,TreeExplainer
missingindicator_diff_shots_for_l5,0.0,0.0,Task R,LightGBM,TreeExplainer
home_goals_for_l3,0.0,0.0,Task R,LightGBM,TreeExplainer
home_shots_on_target_against_l3,0.0,0.0,Task R,LightGBM,TreeExplainer
away_passes_for_l10,0.0,0.0,Task R,LightGBM,TreeExplainer
away_shots_on_target_for_l10,0.0,0.0,Task R,LightGBM,TreeExplainer
away_red_cards_for_l5,0.0,0.0,Task R,LightGBM,TreeExplainer
away_pass_completion_for_l5,0.0,0.0,Task R,LightGBM,TreeExplainer
away_missing_history_l5,0.0,0.0,Task R,LightGBM,TreeExplainer
away_goals_for_l10,0.0,0.0,Task R,LightGBM,TreeExplainer
away_points_l5,0.0,0.0,Task R,LightGBM,TreeExplainer
away_missing_history_l3,0.0,0.0,Task R,LightGBM,TreeExplainer
away_red_cards_for_l3,0.0,0.0,Task R,LightGBM,TreeExplainer
away_passes_for_l3,0.0,0.0,Task R,LightGBM,TreeExplainer
away_goal_difference_l5,0.0,0.0,Task R,LightGBM,TreeExplainer
away_xg_for_l5,0.0,0.0,Task R,LightGBM,TreeExplainer
away_xg_against_l5,0.0,0.0,Task R,LightGBM,TreeExplainer
away_passes_for_l5,0.0,0.0,Task R,LightGBM,TreeExplainer
missingindicator_diff_xg_for_l5,0.0,0.0,Task R,LightGBM,TreeExplainer
home_points_l10,0.0,0.0,Task R,LightGBM,TreeExplainer
home_missing_history_l5,0.0,0.0,Task R,LightGBM,TreeExplainer
missingindicator_away_final_third_entries_for_l10,0.0,0.0,Task R,LightGBM,TreeExplainer
missingindicator_away_red_cards_for_l10,0.0,0.0,Task R,LightGBM,TreeExplainer
missingindicator_away_possession_share_l10,0.0,0.0,Task R,LightGBM,TreeExplainer
missingindicator_diff_points_l3,0.0,0.0,Task R,LightGBM,TreeExplainer
missingindicator_diff_goal_difference_l3,0.0,0.0,Task R,LightGBM,TreeExplainer
home_passes_for_l3,0.0,0.0,Task R,LightGBM,TreeExplainer
home_points_l3,0.0,0.0,Task R,LightGBM,TreeExplainer
home_goals_against_l3,0.0,0.0,Task R,LightGBM,TreeExplainer
home_history_matches_before,0.0,2.0,Task R,LightGBM,TreeExplainer
home_goal_difference_l3,0.0,0.0,Task R,LightGBM,TreeExplainer
home_shots_against_l3,0.0,0.0,Task R,LightGBM,TreeExplainer
missingindicator_away_pressures_for_l10,0.0,0.0,Task R,LightGBM,TreeExplainer
home_final_third_entries_for_l3,0.0,0.0,Task R,LightGBM,TreeExplainer
home_goal_difference_l5,0.0,0.0,Task R,LightGBM,TreeExplainer
home_goals_against_l5,0.0,0.0,Task R,LightGBM,TreeExplainer
home_red_cards_for_l3,0.0,0.0,Task R,LightGBM,TreeExplainer
home_missing_history_l3,0.0,0.0,Task R,LightGBM,TreeExplainer
diff_points_l10,0.0,0.0,Task R,LightGBM,TreeExplainer
diff_xg_for_l10,0.0,0.0,Task R,LightGBM,TreeExplainer
away_pressures_for_l10,0.0,0.0,Task R,LightGBM,TreeExplainer
away_missing_history_l10,0.0,0.0,Task R,LightGBM,TreeExplainer
diff_goal_difference_l3,0.0,0.0,Task R,LightGBM,TreeExplainer
diff_points_l3,0.0,0.0,Task R,LightGBM,TreeExplainer
diff_pass_completion_for_l3,0.0,0.0,Task R,LightGBM,TreeExplainer
diff_shots_for_l3,0.0,0.0,Task R,LightGBM,TreeExplainer
diff_pressures_for_l3,0.0,0.0,Task R,LightGBM,TreeExplainer
diff_points_l5,0.0,0.0,Task R,LightGBM,TreeExplainer
diff_goal_difference_l5,0.0,0.0,Task R,LightGBM,TreeExplainer
diff_xg_for_l5,0.0,0.0,Task R,LightGBM,TreeExplainer
p1_home_con_home,0.0,0.0,Task R,LightGBM,TreeExplainer
p1_home_rank_total,0.0,0.0,Task R,LightGBM,TreeExplainer
home_shots_against_l5,0.0,0.0,Task R,LightGBM,TreeExplainer
home_shots_on_target_for_l5,0.0,0.0,Task R,LightGBM,TreeExplainer
p1_home_con_away,0.0,0.0,Task R,LightGBM,TreeExplainer
p1_home_scr_away,0.0,0.0,Task R,LightGBM,TreeExplainer
p1_home_rank_away,0.0,0.0,Task R,LightGBM,TreeExplainer
p1_away_rank_away,0.0,0.0,Task R,LightGBM,TreeExplainer
missingindicator_home_rest_days,0.0,0.0,Task R,LightGBM,TreeExplainer
missingindicator_home_points_l3,0.0,0.0,Task R,LightGBM,TreeExplainer
missingindicator_home_goals_for_l3,0.0,0.0,Task R,LightGBM,TreeExplainer
missingindicator_home_goals_against_l3,0.0,0.0,Task R,LightGBM,TreeExplainer
missingindicator_home_goal_difference_l3,0.0,0.0,Task R,LightGBM,TreeExplainer
missingindicator_home_shots_for_l3,0.0,0.0,Task R,LightGBM,TreeExplainer
missingindicator_home_shots_against_l3,0.0,0.0,Task R,LightGBM,TreeExplainer
missingindicator_home_shots_on_target_for_l3,0.0,0.0,Task R,LightGBM,TreeExplainer
missingindicator_home_shots_on_target_against_l3,0.0,0.0,Task R,LightGBM,TreeExplainer
missingindicator_home_xg_for_l3,0.0,0.0,Task R,LightGBM,TreeExplainer
missingindicator_home_xg_against_l3,0.0,0.0,Task R,LightGBM,TreeExplainer
missingindicator_home_passes_for_l3,0.0,0.0,Task R,LightGBM,TreeExplainer
missingindicator_home_pass_completion_for_l3,0.0,0.0,Task R,LightGBM,TreeExplainer
missingindicator_home_pressures_for_l3,0.0,0.0,Task R,LightGBM,TreeExplainer
missingindicator_home_final_third_entries_for_l3,0.0,0.0,Task R,LightGBM,TreeExplainer
missingindicator_home_red_cards_for_l3,0.0,0.0,Task R,LightGBM,TreeExplainer
missingindicator_home_possession_share_l3,0.0,0.0,Task R,LightGBM,TreeExplainer
missingindicator_home_points_l5,0.0,0.0,Task R,LightGBM,TreeExplainer
missingindicator_home_goals_for_l5,0.0,0.0,Task R,LightGBM,TreeExplainer
missingindicator_home_goals_against_l5,0.0,0.0,Task R,LightGBM,TreeExplainer
missingindicator_home_goal_difference_l5,0.0,0.0,Task R,LightGBM,TreeExplainer
missingindicator_home_shots_for_l5,0.0,0.0,Task R,LightGBM,TreeExplainer
missingindicator_home_shots_against_l5,0.0,0.0,Task R,LightGBM,TreeExplainer
missingindicator_home_shots_on_target_for_l5,0.0,0.0,Task R,LightGBM,TreeExplainer
missingindicator_home_shots_on_target_against_l5,0.0,0.0,Task R,LightGBM,TreeExplainer
missingindicator_home_xg_for_l5,0.0,0.0,Task R,LightGBM,TreeExplainer
missingindicator_home_xg_against_l5,0.0,0.0,Task R,LightGBM,TreeExplainer
missingindicator_home_passes_for_l5,0.0,0.0,Task R,LightGBM,TreeExplainer
missingindicator_home_pass_completion_for_l5,0.0,0.0,Task R,LightGBM,TreeExplainer
missingindicator_home_pressures_for_l5,0.0,0.0,Task R,LightGBM,TreeExplainer
missingindicator_home_final_third_entries_for_l5,0.0,0.0,Task R,LightGBM,TreeExplainer
missingindicator_home_red_cards_for_l5,0.0,0.0,Task R,LightGBM,TreeExplainer
missingindicator_home_possession_share_l5,0.0,0.0,Task R,LightGBM,TreeExplainer
missingindicator_home_points_l10,0.0,0.0,Task R,LightGBM,TreeExplainer
missingindicator_home_goals_for_l10,0.0,0.0,Task R,LightGBM,TreeExplainer
missingindicator_home_goals_against_l10,0.0,0.0,Task R,LightGBM,TreeExplainer
missingindicator_home_goal_difference_l10,0.0,0.0,Task R,LightGBM,TreeExplainer
missingindicator_home_shots_for_l10,0.0,0.0,Task R,LightGBM,TreeExplainer
missingindicator_home_shots_against_l10,0.0,0.0,Task R,LightGBM,TreeExplainer
missingindicator_home_shots_on_target_for_l10,0.0,0.0,Task R,LightGBM,TreeExplainer
missingindicator_home_shots_on_target_against_l10,0.0,0.0,Task R,LightGBM,TreeExplainer
missingindicator_home_xg_for_l10,0.0,0.0,Task R,LightGBM,TreeExplainer
missingindicator_home_xg_against_l10,0.0,0.0,Task R,LightGBM,TreeExplainer
missingindicator_home_passes_for_l10,0.0,0.0,Task R,LightGBM,TreeExplainer
missingindicator_home_pass_completion_for_l10,0.0,0.0,Task R,LightGBM,TreeExplainer
missingindicator_home_pressures_for_l10,0.0,0.0,Task R,LightGBM,TreeExplainer
missingindicator_home_final_third_entries_for_l10,0.0,0.0,Task R,LightGBM,TreeExplainer
missingindicator_home_red_cards_for_l10,0.0,0.0,Task R,LightGBM,TreeExplainer
missingindicator_home_possession_share_l10,0.0,0.0,Task R,LightGBM,TreeExplainer
missingindicator_away_rest_days,0.0,0.0,Task R,LightGBM,TreeExplainer
missingindicator_away_points_l3,0.0,0.0,Task R,LightGBM,TreeExplainer
missingindicator_away_goals_for_l3,0.0,0.0,Task R,LightGBM,TreeExplainer
missingindicator_away_goals_against_l3,0.0,0.0,Task R,LightGBM,TreeExplainer
missingindicator_away_goal_difference_l3,0.0,0.0,Task R,LightGBM,TreeExplainer
missingindicator_away_shots_for_l3,0.0,0.0,Task R,LightGBM,TreeExplainer
missingindicator_away_shots_against_l3,0.0,0.0,Task R,LightGBM,TreeExplainer
missingindicator_away_shots_on_target_for_l3,0.0,0.0,Task R,LightGBM,TreeExplainer
missingindicator_away_shots_on_target_against_l3,0.0,0.0,Task R,LightGBM,TreeExplainer
missingindicator_away_xg_for_l3,0.0,0.0,Task R,LightGBM,TreeExplainer
missingindicator_away_xg_against_l3,0.0,0.0,Task R,LightGBM,TreeExplainer
missingindicator_away_passes_for_l3,0.0,0.0,Task R,LightGBM,TreeExplainer
missingindicator_away_pass_completion_for_l3,0.0,0.0,Task R,LightGBM,TreeExplainer
missingindicator_away_pressures_for_l3,0.0,0.0,Task R,LightGBM,TreeExplainer
missingindicator_away_final_third_entries_for_l3,0.0,0.0,Task R,LightGBM,TreeExplainer
missingindicator_away_red_cards_for_l3,0.0,0.0,Task R,LightGBM,TreeExplainer
missingindicator_away_possession_share_l3,0.0,0.0,Task R,LightGBM,TreeExplainer
missingindicator_away_points_l5,0.0,0.0,Task R,LightGBM,TreeExplainer
missingindicator_away_goals_for_l5,0.0,0.0,Task R,LightGBM,TreeExplainer
missingindicator_away_goals_against_l5,0.0,0.0,Task R,LightGBM,TreeExplainer
missingindicator_away_goal_difference_l5,0.0,0.0,Task R,LightGBM,TreeExplainer
missingindicator_away_shots_for_l5,0.0,0.0,Task R,LightGBM,TreeExplainer
missingindicator_away_shots_against_l5,0.0,0.0,Task R,LightGBM,TreeExplainer
missingindicator_away_shots_on_target_for_l5,0.0,0.0,Task R,LightGBM,TreeExplainer
missingindicator_away_shots_on_target_against_l5,0.0,0.0,Task R,LightGBM,TreeExplainer
missingindicator_away_xg_for_l5,0.0,0.0,Task R,LightGBM,TreeExplainer
missingindicator_away_xg_against_l5,0.0,0.0,Task R,LightGBM,TreeExplainer
missingindicator_away_passes_for_l5,0.0,0.0,Task R,LightGBM,TreeExplainer
missingindicator_away_pass_completion_for_l5,0.0,0.0,Task R,LightGBM,TreeExplainer
missingindicator_away_pressures_for_l5,0.0,0.0,Task R,LightGBM,TreeExplainer
missingindicator_away_final_third_entries_for_l5,0.0,0.0,Task R,LightGBM,TreeExplainer
missingindicator_away_red_cards_for_l5,0.0,0.0,Task R,LightGBM,TreeExplainer
missingindicator_away_possession_share_l5,0.0,0.0,Task R,LightGBM,TreeExplainer
missingindicator_away_points_l10,0.0,0.0,Task R,LightGBM,TreeExplainer
missingindicator_away_goals_for_l10,0.0,0.0,Task R,LightGBM,TreeExplainer
missingindicator_away_goals_against_l10,0.0,0.0,Task R,LightGBM,TreeExplainer
missingindicator_away_goal_difference_l10,0.0,0.0,Task R,LightGBM,TreeExplainer
missingindicator_away_shots_for_l10,0.0,0.0,Task R,LightGBM,TreeExplainer
missingindicator_away_shots_against_l10,0.0,0.0,Task R,LightGBM,TreeExplainer
missingindicator_away_shots_on_target_for_l10,0.0,0.0,Task R,LightGBM,TreeExplainer
missingindicator_away_shots_on_target_against_l10,0.0,0.0,Task R,LightGBM,TreeExplainer
missingindicator_away_xg_for_l10,0.0,0.0,Task R,LightGBM,TreeExplainer
missingindicator_away_xg_against_l10,0.0,0.0,Task R,LightGBM,TreeExplainer
missingindicator_away_passes_for_l10,0.0,0.0,Task R,LightGBM,TreeExplainer
missingindicator_away_pass_completion_for_l10,0.0,0.0,Task R,LightGBM,TreeExplainer
missingindicator_diff_pressures_for_l5,0.0,0.0,Task R,LightGBM,TreeExplainer
missingindicator_diff_possession_share_l5,0.0,0.0,Task R,LightGBM,TreeExplainer
missingindicator_diff_points_l10,0.0,0.0,Task R,LightGBM,TreeExplainer
missingindicator_diff_goal_difference_l10,0.0,0.0,Task R,LightGBM,TreeExplainer
missingindicator_diff_shots_for_l10,0.0,0.0,Task R,LightGBM,TreeExplainer
missingindicator_diff_xg_for_l10,0.0,0.0,Task R,LightGBM,TreeExplainer
missingindicator_diff_pass_completion_for_l10,0.0,0.0,Task R,LightGBM,TreeExplainer
missingindicator_diff_pressures_for_l10,0.0,0.0,Task R,LightGBM,TreeExplainer
missingindicator_diff_possession_share_l10,0.0,0.0,Task R,LightGBM,TreeExplainer
missingindicator_rest_days_difference,0.0,0.0,Task R,LightGBM,TreeExplainer
current_goal_difference,0.04427483260562746,0.07265582931815417,Task L outcome,Random Forest,TreeExplainer
current_away_score,0.020875974387939797,0.023155318865263865,Task L outcome,Random Forest,TreeExplainer
diff_xg_for_l3,0.016480010815319426,0.016752680674060334,Task L outcome,Random Forest,TreeExplainer
current_home_score,0.01474835925957235,0.017273444776719712,Task L outcome,Random Forest,TreeExplainer
live_diff_xg,0.013086799503332877,0.021185508212853272,Task L outcome,Random Forest,TreeExplainer
p1_away_scr_home,0.00931205904896175,0.00922480987347194,Task L outcome,Random Forest,TreeExplainer
away_pass_completion_for_l3,0.007990566724628433,0.010333076073920448,Task L outcome,Random Forest,TreeExplainer
p1_away_con_total,0.007125753209046552,0.011434633763560131,Task L outcome,Random Forest,TreeExplainer
away_shots_on_target_for_l10,0.006413470083963451,0.008777209750495084,Task L outcome,Random Forest,TreeExplainer
p1_away_rank_total,0.006175670682621771,0.011023088254662338,Task L outcome,Random Forest,TreeExplainer
home_final_third_entries_for_l5,0.005774880812603063,0.008026482010972407,Task L outcome,Random Forest,TreeExplainer
diff_xg_for_l5,0.005709909034037575,0.009068480702315574,Task L outcome,Random Forest,TreeExplainer
away_shots_on_target_for_l5,0.00556925310425397,0.007779346947303217,Task L outcome,Random Forest,TreeExplainer
home_xg_for_l3,0.004943657376970746,0.008700857434804097,Task L outcome,Random Forest,TreeExplainer
p1_away_con_away,0.004834459308051629,0.011378350664360245,Task L outcome,Random Forest,TreeExplainer
away_final_third_entries_for_l10,0.004679577585788703,0.009325490479196286,Task L outcome,Random Forest,TreeExplainer
home_pressures_for_l5,0.0045958886167629335,0.007640890496842124,Task L outcome,Random Forest,TreeExplainer
home_shots_on_target_against_l3,0.004472519203446568,0.01197654888110629,Task L outcome,Random Forest,TreeExplainer
p1_away_scr_total,0.004214047229327417,0.006247735566499049,Task L outcome,Random Forest,TreeExplainer
home_xg_for_l5,0.004213205547647437,0.008438910207150428,Task L outcome,Random Forest,TreeExplainer
diff_xg_for_l10,0.004162175058742287,0.009694524013992593,Task L outcome,Random Forest,TreeExplainer
home_goals_for_l5,0.004070164340345928,0.005460202768773376,Task L outcome,Random Forest,TreeExplainer
live_diff_shots_on_target,0.00401186059501324,0.008621759988747268,Task L outcome,Random Forest,TreeExplainer
home_shots_on_target_for_l3,0.0039462632845870095,0.008965852633411318,Task L outcome,Random Forest,TreeExplainer
diff_pressures_for_l3,0.003920885537789619,0.007805663584126294,Task L outcome,Random Forest,TreeExplainer
away_pass_completion_for_l10,0.003563791434394298,0.00859295137472937,Task L outcome,Random Forest,TreeExplainer
diff_pressures_for_l10,0.003483274440261083,0.0059836016769053355,Task L outcome,Random Forest,TreeExplainer
p1_away_rank_home,0.0031891084264579215,0.005436939572197644,Task L outcome,Random Forest,TreeExplainer
p1_home_con_total,0.003078762329658958,0.006346597455746554,Task L outcome,Random Forest,TreeExplainer
diff_shots_for_l10,0.00305175649045897,0.007581857292012409,Task L outcome,Random Forest,TreeExplainer
home_rest_days,0.0030171190186475856,0.006739430278686097,Task L outcome,Random Forest,TreeExplainer
home_shots_for_l5,0.0030144246480953533,0.005667420070402461,Task L outcome,Random Forest,TreeExplainer
home_pass_completion_for_l5,0.002975342242249371,0.007401795453530254,Task L outcome,Random Forest,TreeExplainer
home_live_shots_on_target,0.002942678403857526,0.002552362807886669,Task L outcome,Random Forest,TreeExplainer
home_pressures_for_l10,0.0029064181182466443,0.008525378468167106,Task L outcome,Random Forest,TreeExplainer
p1_away_rank_away,0.002867600226976796,0.007260401312243081,Task L outcome,Random Forest,TreeExplainer
away_goal_difference_l10,0.0028350887042770715,0.007221669613687774,Task L outcome,Random Forest,TreeExplainer
p1_home_rank_away,0.002806988643493663,0.00528202824072118,Task L outcome,Random Forest,TreeExplainer
away_live_xg,0.0027858053877847845,0.003395435246484746,Task L outcome,Random Forest,TreeExplainer
diff_shots_for_l5,0.002764889840264975,0.008905246443712852,Task L outcome,Random Forest,TreeExplainer
away_pressures_for_l5,0.002627973286380713,0.005286005609956291,Task L outcome,Random Forest,TreeExplainer
home_shots_on_target_for_l5,0.0025726017099063267,0.008216060970701456,Task L outcome,Random Forest,TreeExplainer
away_goal_difference_l5,0.00253285222871217,0.005831269039353942,Task L outcome,Random Forest,TreeExplainer
home_shots_for_l3,0.0025124609275232667,0.006058198140191356,Task L outcome,Random Forest,TreeExplainer
home_shots_for_l10,0.0024681089483863613,0.007420698147070328,Task L outcome,Random Forest,TreeExplainer
away_pass_completion_for_l5,0.002407283300470083,0.006646727124781112,Task L outcome,Random Forest,TreeExplainer
home_pass_completion_for_l10,0.0023152975510283085,0.005706979903507167,Task L outcome,Random Forest,TreeExplainer
home_pressures_for_l3,0.002279334268313735,0.006022067139671129,Task L outcome,Random Forest,TreeExplainer
diff_possession_share_l5,0.0022300803730913627,0.009510934074298701,Task L outcome,Random Forest,TreeExplainer
p1_home_con_away,0.002174922981932288,0.006624666648479905,Task L outcome,Random Forest,TreeExplainer
home_pass_completion_for_l3,0.0020449674936409263,0.008685440168295106,Task L outcome,Random Forest,TreeExplainer
away_pressures_for_l3,0.00202931069542561,0.00591977827860543,Task L outcome,Random Forest,TreeExplainer
diff_shots_for_l3,0.001962784139410049,0.007289737493905258,Task L outcome,Random Forest,TreeExplainer
home_xg_for_l10,0.001959049947127774,0.006852818275925504,Task L outcome,Random Forest,TreeExplainer
home_passes_for_l3,0.0019491711022409305,0.008029737480037295,Task L outcome,Random Forest,TreeExplainer
p1_home_scr_total,0.001948059093081425,0.005474947272319446,Task L outcome,Random Forest,TreeExplainer
away_goals_for_l3,0.0018964811392618492,0.004341909834179751,Task L outcome,Random Forest,TreeExplainer
away_xg_for_l3,0.0018377086321590093,0.005742442721027275,Task L outcome,Random Forest,TreeExplainer
home_shots_on_target_against_l5,0.0017698843966126028,0.006493207810461111,Task L outcome,Random Forest,TreeExplainer
away_points_l10,0.0017613502503198723,0.004047501376482811,Task L outcome,Random Forest,TreeExplainer
p1_home_rank_home,0.00171171215400401,0.004019430855092317,Task L outcome,Random Forest,TreeExplainer
diff_points_l10,0.0016874262574387633,0.007474200976634279,Task L outcome,Random Forest,TreeExplainer
diff_pass_completion_for_l5,0.0016806990658923878,0.0060756081784308445,Task L outcome,Random Forest,TreeExplainer
home_final_third_entries_for_l3,0.0016786169290687204,0.005241879184093342,Task L outcome,Random Forest,TreeExplainer
away_goals_against_l10,0.0016633432968076861,0.005600433072979928,Task L outcome,Random Forest,TreeExplainer
diff_pass_completion_for_l3,0.0015894047471492056,0.005943952408216095,Task L outcome,Random Forest,TreeExplainer
rest_days_difference,0.001587099967603697,0.004182418921152738,Task L outcome,Random Forest,TreeExplainer
away_pressures_for_l10,0.0015406757322076374,0.004795590521989781,Task L outcome,Random Forest,TreeExplainer
diff_goal_difference_l5,0.0015393938495594096,0.0062578162575594055,Task L outcome,Random Forest,TreeExplainer
away_xg_against_l3,0.0015323084910112352,0.006766924527116408,Task L outcome,Random Forest,TreeExplainer
away_shots_on_target_against_l3,0.0015312329637583576,0.005477348061968672,Task L outcome,Random Forest,TreeExplainer
home_live_xg,0.0015143050734767185,0.0023016446272439454,Task L outcome,Random Forest,TreeExplainer
away_shots_on_target_for_l3,0.001506559356093733,0.0050981788418495546,Task L outcome,Random Forest,TreeExplainer
p1_home_scr_home,0.0014935351866729768,0.00552641732111328,Task L outcome,Random Forest,TreeExplainer
away_final_third_entries_for_l5,0.0014677168979793504,0.005411883356104471,Task L outcome,Random Forest,TreeExplainer
away_goals_for_l5,0.001466577978217079,0.003909669925054593,Task L outcome,Random Forest,TreeExplainer
away_goals_against_l5,0.0014594984663059262,0.005032833858760882,Task L outcome,Random Forest,TreeExplainer
away_shots_against_l3,0.0014394412942575895,0.004334218856124104,Task L outcome,Random Forest,TreeExplainer
away_passes_for_l3,0.001435370175118445,0.007337104890595711,Task L outcome,Random Forest,TreeExplainer
away_goal_difference_l3,0.001424266069906298,0.0033582339298702164,Task L outcome,Random Forest,TreeExplainer
away_shots_for_l10,0.0014191152713421465,0.005303071417511299,Task L outcome,Random Forest,TreeExplainer
home_shots_on_target_for_l10,0.0014132241516109536,0.005261003629226193,Task L outcome,Random Forest,TreeExplainer
home_goals_for_l10,0.0013800405622856257,0.0044130551783808205,Task L outcome,Random Forest,TreeExplainer
diff_goal_difference_l3,0.0012646022732532701,0.004552754077475882,Task L outcome,Random Forest,TreeExplainer
away_passes_for_l5,0.0012525630752586758,0.008335989552551697,Task L outcome,Random Forest,TreeExplainer
p1_home_con_home,0.0012507852921491574,0.004952681708648141,Task L outcome,Random Forest,TreeExplainer
diff_pass_completion_for_l10,0.0012399616322081482,0.0051770374461650925,Task L outcome,Random Forest,TreeExplainer
away_shots_for_l5,0.0012258860354563297,0.005759344720696137,Task L outcome,Random Forest,TreeExplainer
diff_goal_difference_l10,0.0011977402695237149,0.006163043656749272,Task L outcome,Random Forest,TreeExplainer
away_possession_share_l3,0.00119635155977716,0.005793220804192966,Task L outcome,Random Forest,TreeExplainer
away_xg_against_l10,0.001186397778440728,0.007454568195386464,Task L outcome,Random Forest,TreeExplainer
p1_home_scr_away,0.0011832826638560694,0.004661984714312314,Task L outcome,Random Forest,TreeExplainer
diff_possession_share_l10,0.0011668235305340659,0.007538264360834862,Task L outcome,Random Forest,TreeExplainer
home_xg_against_l3,0.0011577107571950664,0.007261551691350613,Task L outcome,Random Forest,TreeExplainer
home_passes_for_l10,0.0011483382979966493,0.0056155567023912865,Task L outcome,Random Forest,TreeExplainer
home_goals_for_l3,0.0011480002678389463,0.0037091786626270843,Task L outcome,Random Forest,TreeExplainer
home_final_third_entries_for_l10,0.0011210361610725233,0.005087677338844649,Task L outcome,Random Forest,TreeExplainer
diff_possession_share_l3,0.0011153827596851065,0.004764963341724014,Task L outcome,Random Forest,TreeExplainer
away_shots_for_l3,0.001084423119381358,0.005699762486063444,Task L outcome,Random Forest,TreeExplainer
away_points_l5,0.000998158094016483,0.004300377010732314,Task L outcome,Random Forest,TreeExplainer
home_shots_on_target_against_l10,0.0009945033068717902,0.005431766210857846,Task L outcome,Random Forest,TreeExplainer
diff_points_l5,0.0009853711590133724,0.005176813551972473,Task L outcome,Random Forest,TreeExplainer
home_passes_for_l5,0.00098097175786859,0.005229069969679424,Task L outcome,Random Forest,TreeExplainer
away_goals_against_l3,0.00097174194861603,0.003350717341899254,Task L outcome,Random Forest,TreeExplainer
home_shots_against_l3,0.0009711139103542036,0.005102226333619242,Task L outcome,Random Forest,TreeExplainer
p1_away_scr_away,0.0009419730813618649,0.005586882834357434,Task L outcome,Random Forest,TreeExplainer
home_goals_against_l3,0.0009041252598613864,0.004957525151254498,Task L outcome,Random Forest,TreeExplainer
home_points_l10,0.0008905696902283274,0.005033989265786465,Task L outcome,Random Forest,TreeExplainer
home_xg_against_l5,0.0008901499467001944,0.006196670539578176,Task L outcome,Random Forest,TreeExplainer
home_goal_difference_l5,0.000884103107458941,0.004693069066151994,Task L outcome,Random Forest,TreeExplainer
away_rest_days,0.0008790507715595822,0.00492835080861838,Task L outcome,Random Forest,TreeExplainer
away_possession_share_l10,0.0008752390717189982,0.005286386916729733,Task L outcome,Random Forest,TreeExplainer
away_possession_share_l5,0.0008663668748418635,0.007070372848354775,Task L outcome,Random Forest,TreeExplainer
away_xg_for_l5,0.0008422310821677777,0.004734231389715688,Task L outcome,Random Forest,TreeExplainer
home_goal_difference_l10,0.0008269355703173156,0.004070940861168581,Task L outcome,Random Forest,TreeExplainer
home_shots_against_l5,0.0008242996889580963,0.0067410121028808005,Task L outcome,Random Forest,TreeExplainer
home_points_l5,0.0008209084267593916,0.0033848045384227378,Task L outcome,Random Forest,TreeExplainer
home_goals_against_l5,0.0007883715240198475,0.004247395827891049,Task L outcome,Random Forest,TreeExplainer
away_goals_for_l10,0.000767742829027005,0.003779688320593222,Task L outcome,Random Forest,TreeExplainer
p1_home_rank_total,0.0007604192088929019,0.004767200063104074,Task L outcome,Random Forest,TreeExplainer
away_shots_on_target_against_l10,0.0007558741184153558,0.004575235161621128,Task L outcome,Random Forest,TreeExplainer
home_points_l3,0.0007496451600714565,0.003265835154530103,Task L outcome,Random Forest,TreeExplainer
home_xg_against_l10,0.0007454594879697653,0.0051083499581186876,Task L outcome,Random Forest,TreeExplainer
away_passes_for_l10,0.0007361435810671501,0.0055368525977055934,Task L outcome,Random Forest,TreeExplainer
away_final_third_entries_for_l3,0.0007350718780529709,0.0050892296076376865,Task L outcome,Random Forest,TreeExplainer
home_possession_share_l3,0.0007326977071363251,0.005592400077442232,Task L outcome,Random Forest,TreeExplainer
home_goals_against_l10,0.000728683556018965,0.0032604744341411906,Task L outcome,Random Forest,TreeExplainer
away_live_shots_on_target,0.0007282798274212763,0.0010495417262800755,Task L outcome,Random Forest,TreeExplainer
away_shots_on_target_against_l5,0.0007238912032025686,0.004407456903957943,Task L outcome,Random Forest,TreeExplainer
home_possession_share_l5,0.0007224559935546683,0.005633497874423664,Task L outcome,Random Forest,TreeExplainer
away_xg_for_l10,0.0007178284152424352,0.004909754555730181,Task L outcome,Random Forest,TreeExplainer
away_xg_against_l5,0.0006618482204992801,0.005103362512086619,Task L outcome,Random Forest,TreeExplainer
away_shots_against_l10,0.0006588964196632411,0.005112459052662424,Task L outcome,Random Forest,TreeExplainer
home_possession_share_l10,0.0006525237477967727,0.004524574057166575,Task L outcome,Random Forest,TreeExplainer
home_shots_against_l10,0.0006045484108853922,0.005866732986369974,Task L outcome,Random Forest,TreeExplainer
diff_pressures_for_l5,0.0005977643280247435,0.005084431383982061,Task L outcome,Random Forest,TreeExplainer
home_goal_difference_l3,0.0005891840527039446,0.0034024097029333065,Task L outcome,Random Forest,TreeExplainer
away_red_cards_for_l10,0.0005658518139556992,0.0017186923814533888,Task L outcome,Random Forest,TreeExplainer
p1_away_con_home,0.0005602982481705642,0.002767804315508427,Task L outcome,Random Forest,TreeExplainer
live_diff_shots,0.0005600340444786827,0.000863370241756567,Task L outcome,Random Forest,TreeExplainer
home_red_cards_for_l10,0.0005555165515340986,0.0016488808426491028,Task L outcome,Random Forest,TreeExplainer
diff_points_l3,0.0005371658447558273,0.004530457076247028,Task L outcome,Random Forest,TreeExplainer
away_live_final_third_entries,0.00047420662496860277,0.0005112836861879431,Task L outcome,Random Forest,TreeExplainer
away_shots_against_l5,0.0004597238526474862,0.003313713566420716,Task L outcome,Random Forest,TreeExplainer
away_live_possession_share,0.00045783375151977067,0.000784745196430056,Task L outcome,Random Forest,TreeExplainer
away_points_l3,0.00045695658374288547,0.002198293412549209,Task L outcome,Random Forest,TreeExplainer
away_live_pass_completion,0.000423079525611964,0.0010660084496186821,Task L outcome,Random Forest,TreeExplainer
home_live_possession_share,0.00037124787176915866,0.0011124663417197678,Task L outcome,Random Forest,TreeExplainer
away_live_shots,0.0003316542322408509,0.0005520047408899056,Task L outcome,Random Forest,TreeExplainer
live_diff_possession_share,0.00032562023465017477,0.000883417295965122,Task L outcome,Random Forest,TreeExplainer
snapshot_minute,0.0003256161132667558,0.0005400737064839182,Task L outcome,Random Forest,TreeExplainer
time_remaining_minutes,0.00028263563316310565,0.00038291633251230915,Task L outcome,Random Forest,TreeExplainer
away_red_cards_for_l3,0.0002599589342969996,0.0009729649507118386,Task L outcome,Random Forest,TreeExplainer
snapshot_rank,0.00024787915788522806,0.0004266424446722858,Task L outcome,Random Forest,TreeExplainer
home_live_completed_passes,0.00024668574469612845,0.0003950596952826774,Task L outcome,Random Forest,TreeExplainer
away_live_completed_passes,0.00023448967106872562,0.0003244164596738798,Task L outcome,Random Forest,TreeExplainer
home_red_cards_for_l5,0.00023172987725570245,0.0008910195724959319,Task L outcome,Random Forest,TreeExplainer
home_live_shots,0.0002283617535098377,0.0002567285975295615,Task L outcome,Random Forest,TreeExplainer
away_live_passes,0.00021773804526048184,0.0004526507995928979,Task L outcome,Random Forest,TreeExplainer
home_live_pass_completion,0.00021270474561557173,0.0009303200093896472,Task L outcome,Random Forest,TreeExplainer
live_diff_pressures,0.00020333002593873366,0.0006654597075218369,Task L outcome,Random Forest,TreeExplainer
home_live_corners,0.0001792167046483276,0.0005306361881945728,Task L outcome,Random Forest,TreeExplainer
home_live_final_third_entries,0.00017644064592887304,0.0002509938651658638,Task L outcome,Random Forest,TreeExplainer
home_live_passes,0.00016932469714932567,0.0004012968209726932,Task L outcome,Random Forest,TreeExplainer
reference_second,0.00016872910927916864,0.00018644964424298368,Task L outcome,Random Forest,TreeExplainer
home_red_cards_for_l3,0.00015657003255421383,0.0007922203218159977,Task L outcome,Random Forest,TreeExplainer
away_live_carries,0.00015517083935649988,0.00025041038464494335,Task L outcome,Random Forest,TreeExplainer
home_live_carries,0.0001398767720383073,0.00028760479620845535,Task L outcome,Random Forest,TreeExplainer
live_diff_final_third_entries,0.00013743982689463037,0.0006184602102838778,Task L outcome,Random Forest,TreeExplainer
home_live_pressures,0.00013058594664683664,0.00033158582181094153,Task L outcome,Random Forest,TreeExplainer
away_live_fouls,0.00013056784923812004,0.0002521597865942453,Task L outcome,Random Forest,TreeExplainer
away_live_pressures,0.0001296918518847784,0.00026180824018998957,Task L outcome,Random Forest,TreeExplainer
n_events_so_far,0.00011965171416084862,0.0003954189398860817,Task L outcome,Random Forest,TreeExplainer
home_live_fouls,0.00010818449589159322,0.0002007477461695259,Task L outcome,Random Forest,TreeExplainer
away_red_cards_for_l5,0.00010474584018960132,0.0008850089361730508,Task L outcome,Random Forest,TreeExplainer
away_live_corners,9.567644360840101e-05,0.0004208361297147144,Task L outcome,Random Forest,TreeExplainer
snapshot_period,8.35533564852085e-05,6.96206395444532e-05,Task L outcome,Random Forest,TreeExplainer
home_live_xg_last10,4.2990999830611106e-05,6.868396911469909e-05,Task L outcome,Random Forest,TreeExplainer
home_live_final_third_entries_last10,4.086899854471538e-05,8.394211605905138e-05,Task L outcome,Random Forest,TreeExplainer
away_live_xg_last5,3.692288946370655e-05,1.7318194972443056e-05,Task L outcome,Random Forest,TreeExplainer
away_live_pressures_last10,3.502412224321839e-05,5.877703308895414e-05,Task L outcome,Random Forest,TreeExplainer
away_live_red_cards,3.1345622086276594e-05,0.00010033279902119056,Task L outcome,Random Forest,TreeExplainer
home_live_shots_last5,3.0293890238529744e-05,5.754351171863369e-06,Task L outcome,Random Forest,TreeExplainer
home_live_pressures_last5,3.0155686683337977e-05,2.0185622126772798e-05,Task L outcome,Random Forest,TreeExplainer
away_live_final_third_entries_last5,2.3726446043989812e-05,2.0295604630834788e-05,Task L outcome,Random Forest,TreeExplainer
away_live_pressures_last5,2.2710753304454562e-05,1.7582439333580056e-05,Task L outcome,Random Forest,TreeExplainer
home_live_xg_last5,2.0391646680824723e-05,1.664692090665233e-05,Task L outcome,Random Forest,TreeExplainer
live_diff_pressures_last5,1.899444424810403e-05,1.396750893948614e-05,Task L outcome,Random Forest,TreeExplainer
away_live_shots_last5,1.7700106447712932e-05,4.5461264746058976e-06,Task L outcome,Random Forest,TreeExplainer
man_advantage_home,1.4990411553299041e-05,0.00012801375469976133,Task L outcome,Random Forest,TreeExplainer
home_live_pressures_last10,1.4104479476054615e-05,4.742153799498506e-05,Task L outcome,Random Forest,TreeExplainer
live_diff_shots_last5,1.3609061223117648e-05,4.619693199227681e-06,Task L outcome,Random Forest,TreeExplainer
away_live_xg_last10,1.2419099279198543e-05,3.9577742069258395e-05,Task L outcome,Random Forest,TreeExplainer
away_live_final_third_entries_last10,1.0633466589448892e-05,3.6303098983381714e-05,Task L outcome,Random Forest,TreeExplainer
home_live_final_third_entries_last5,8.068272803241902e-06,7.564594515960618e-06,Task L outcome,Random Forest,TreeExplainer
away_live_shots_last10,6.9896824948955345e-06,7.896292730176157e-06,Task L outcome,Random Forest,TreeExplainer
live_diff_xg_last5,5.797310346330656e-06,2.8087488051783006e-05,Task L outcome,Random Forest,TreeExplainer
missingindicator_away_live_pass_completion,2.3273812306191154e-07,2.079806268055332e-06,Task L outcome,Random Forest,TreeExplainer
home_missing_history_l10,0.0,0.0002729447781889562,Task L outcome,Random Forest,TreeExplainer
missingindicator_diff_possession_share_l3,0.0,2.3789081689329694e-05,Task L outcome,Random Forest,TreeExplainer
away_missing_history_l3,0.0,0.0005658768745559995,Task L outcome,Random Forest,TreeExplainer
away_missing_history_l10,0.0,0.0006707584923725665,Task L outcome,Random Forest,TreeExplainer
home_history_matches_before,0.0,0.0037471192887290573,Task L outcome,Random Forest,TreeExplainer
away_history_matches_before,0.0,0.004341952359399331,Task L outcome,Random Forest,TreeExplainer
home_missing_history_l3,0.0,0.0006046442106074846,Task L outcome,Random Forest,TreeExplainer
away_missing_history_l5,0.0,0.0003568769558825817,Task L outcome,Random Forest,TreeExplainer
home_missing_history_l5,0.0,0.0004267844676879881,Task L outcome,Random Forest,TreeExplainer
missingindicator_diff_xg_for_l3,0.0,0.0,Task L outcome,Random Forest,TreeExplainer
missingindicator_diff_pass_completion_for_l3,0.0,2.1069457295548665e-05,Task L outcome,Random Forest,TreeExplainer
missingindicator_diff_goal_difference_l5,0.0,8.11919997181664e-06,Task L outcome,Random Forest,TreeExplainer
missingindicator_diff_points_l5,0.0,0.0,Task L outcome,Random Forest,TreeExplainer
missingindicator_diff_shots_for_l5,0.0,0.0,Task L outcome,Random Forest,TreeExplainer
missingindicator_diff_xg_for_l5,0.0,2.992976762783561e-05,Task L outcome,Random Forest,TreeExplainer
missingindicator_diff_pressures_for_l5,0.0,1.2964316420426753e-05,Task L outcome,Random Forest,TreeExplainer
missingindicator_diff_pass_completion_for_l5,0.0,2.0628841679239742e-05,Task L outcome,Random Forest,TreeExplainer
missingindicator_away_final_third_entries_for_l10,0.0,2.36986801923741e-05,Task L outcome,Random Forest,TreeExplainer
missingindicator_away_red_cards_for_l10,0.0,3.07550602722667e-06,Task L outcome,Random Forest,TreeExplainer
missingindicator_diff_points_l3,0.0,0.0,Task L outcome,Random Forest,TreeExplainer
missingindicator_away_possession_share_l10,0.0,5.430274055458978e-05,Task L outcome,Random Forest,TreeExplainer
missingindicator_diff_goal_difference_l3,0.0,2.1862688136361124e-05,Task L outcome,Random Forest,TreeExplainer
missingindicator_diff_shots_for_l3,0.0,3.380340894791874e-05,Task L outcome,Random Forest,TreeExplainer
missingindicator_diff_pressures_for_l3,0.0,3.5633529626149777e-05,Task L outcome,Random Forest,TreeExplainer
home_live_red_cards,0.0,7.257766530585417e-05,Task L outcome,Random Forest,TreeExplainer
home_live_shots_last10,0.0,3.6873936748202267e-06,Task L outcome,Random Forest,TreeExplainer
missingindicator_home_live_pass_completion,0.0,2.0936200817563946e-06,Task L outcome,Random Forest,TreeExplainer
missingindicator_home_rest_days,0.0,2.227443528768174e-07,Task L outcome,Random Forest,TreeExplainer
missingindicator_home_points_l3,0.0,8.214172071850148e-05,Task L outcome,Random Forest,TreeExplainer
missingindicator_home_goals_for_l3,0.0,1.5307824290846582e-05,Task L outcome,Random Forest,TreeExplainer
missingindicator_home_goals_against_l3,0.0,3.1699397625289475e-05,Task L outcome,Random Forest,TreeExplainer
missingindicator_home_goal_difference_l3,0.0,3.351459387524459e-05,Task L outcome,Random Forest,TreeExplainer
missingindicator_home_shots_for_l3,0.0,0.0,Task L outcome,Random Forest,TreeExplainer
missingindicator_home_shots_against_l3,0.0,0.00013833728795004476,Task L outcome,Random Forest,TreeExplainer
missingindicator_home_shots_on_target_for_l3,0.0,5.581585139996986e-05,Task L outcome,Random Forest,TreeExplainer
missingindicator_home_shots_on_target_against_l3,0.0,6.21092765985426e-05,Task L outcome,Random Forest,TreeExplainer
missingindicator_home_xg_for_l3,0.0,5.108241793857488e-05,Task L outcome,Random Forest,TreeExplainer
missingindicator_home_xg_against_l3,0.0,1.5057357821255985e-05,Task L outcome,Random Forest,TreeExplainer
missingindicator_home_passes_for_l3,0.0,1.56101569245978e-05,Task L outcome,Random Forest,TreeExplainer
missingindicator_home_pass_completion_for_l3,0.0,0.0,Task L outcome,Random Forest,TreeExplainer
missingindicator_home_pressures_for_l3,0.0,8.101098714375582e-06,Task L outcome,Random Forest,TreeExplainer
missingindicator_home_final_third_entries_for_l3,0.0,7.8803319840349e-06,Task L outcome,Random Forest,TreeExplainer
missingindicator_home_red_cards_for_l3,0.0,4.489849127634741e-05,Task L outcome,Random Forest,TreeExplainer
missingindicator_home_possession_share_l3,0.0,4.060548542917554e-05,Task L outcome,Random Forest,TreeExplainer
missingindicator_home_points_l5,0.0,7.280919334670249e-05,Task L outcome,Random Forest,TreeExplainer
missingindicator_home_goals_for_l5,0.0,0.0,Task L outcome,Random Forest,TreeExplainer
missingindicator_home_goals_against_l5,0.0,0.0,Task L outcome,Random Forest,TreeExplainer
missingindicator_home_goal_difference_l5,0.0,2.835131808599885e-05,Task L outcome,Random Forest,TreeExplainer
missingindicator_home_shots_for_l5,0.0,0.0,Task L outcome,Random Forest,TreeExplainer
missingindicator_home_shots_against_l5,0.0,0.0,Task L outcome,Random Forest,TreeExplainer
missingindicator_home_shots_on_target_for_l5,0.0,1.5129068408053938e-05,Task L outcome,Random Forest,TreeExplainer
missingindicator_home_shots_on_target_against_l5,0.0,0.0,Task L outcome,Random Forest,TreeExplainer
missingindicator_home_xg_for_l5,0.0,0.0,Task L outcome,Random Forest,TreeExplainer
missingindicator_home_xg_against_l5,0.0,2.0418690775686546e-05,Task L outcome,Random Forest,TreeExplainer
missingindicator_home_passes_for_l5,0.0,4.8121646335050926e-05,Task L outcome,Random Forest,TreeExplainer
missingindicator_home_pass_completion_for_l5,0.0,2.030017891008574e-05,Task L outcome,Random Forest,TreeExplainer
missingindicator_home_pressures_for_l5,0.0,5.7431861253441976e-05,Task L outcome,Random Forest,TreeExplainer
missingindicator_home_final_third_entries_for_l5,0.0,4.517409539870913e-06,Task L outcome,Random Forest,TreeExplainer
missingindicator_home_red_cards_for_l5,0.0,2.997550199499449e-05,Task L outcome,Random Forest,TreeExplainer
missingindicator_home_possession_share_l5,0.0,1.0744283960068691e-05,Task L outcome,Random Forest,TreeExplainer
missingindicator_home_points_l10,0.0,1.412997038497644e-05,Task L outcome,Random Forest,TreeExplainer
missingindicator_home_goals_for_l10,0.0,2.1751052345028806e-05,Task L outcome,Random Forest,TreeExplainer
missingindicator_home_goals_against_l10,0.0,2.909369225177503e-05,Task L outcome,Random Forest,TreeExplainer
missingindicator_home_goal_difference_l10,0.0,4.671117341279462e-05,Task L outcome,Random Forest,TreeExplainer
missingindicator_home_shots_for_l10,0.0,2.812594796987488e-05,Task L outcome,Random Forest,TreeExplainer
missingindicator_home_shots_against_l10,0.0,1.2517643625197501e-05,Task L outcome,Random Forest,TreeExplainer
missingindicator_home_shots_on_target_for_l10,0.0,7.689219106459708e-06,Task L outcome,Random Forest,TreeExplainer
missingindicator_home_shots_on_target_against_l10,0.0,0.0,Task L outcome,Random Forest,TreeExplainer
missingindicator_home_xg_for_l10,0.0,0.0,Task L outcome,Random Forest,TreeExplainer
missingindicator_home_xg_against_l10,0.0,0.0,Task L outcome,Random Forest,TreeExplainer
missingindicator_home_passes_for_l10,0.0,5.592314756074771e-05,Task L outcome,Random Forest,TreeExplainer
missingindicator_home_pass_completion_for_l10,0.0,3.180173683178374e-05,Task L outcome,Random Forest,TreeExplainer
missingindicator_home_pressures_for_l10,0.0,1.1150204196578202e-05,Task L outcome,Random Forest,TreeExplainer
missingindicator_home_final_third_entries_for_l10,0.0,0.0,Task L outcome,Random Forest,TreeExplainer
missingindicator_home_red_cards_for_l10,0.0,0.0,Task L outcome,Random Forest,TreeExplainer
missingindicator_home_possession_share_l10,0.0,1.5544893056544425e-05,Task L outcome,Random Forest,TreeExplainer
missingindicator_away_rest_days,0.0,2.0637390426442663e-05,Task L outcome,Random Forest,TreeExplainer
missingindicator_away_points_l3,0.0,3.894442525407996e-05,Task L outcome,Random Forest,TreeExplainer
missingindicator_away_goals_for_l3,0.0,2.5951342051008353e-05,Task L outcome,Random Forest,TreeExplainer
missingindicator_away_goals_against_l3,0.0,1.7351101342767024e-05,Task L outcome,Random Forest,TreeExplainer
missingindicator_away_goal_difference_l3,0.0,0.0,Task L outcome,Random Forest,TreeExplainer
missingindicator_away_shots_for_l3,0.0,0.0,Task L outcome,Random Forest,TreeExplainer
missingindicator_away_shots_against_l3,0.0,2.814132930031004e-05,Task L outcome,Random Forest,TreeExplainer
missingindicator_away_shots_on_target_for_l3,0.0,1.175721264441046e-06,Task L outcome,Random Forest,TreeExplainer
missingindicator_away_shots_on_target_against_l3,0.0,4.7868939287214315e-05,Task L outcome,Random Forest,TreeExplainer
missingindicator_away_xg_for_l3,0.0,6.445655748391504e-05,Task L outcome,Random Forest,TreeExplainer
missingindicator_away_xg_against_l3,0.0,2.4351670710601337e-05,Task L outcome,Random Forest,TreeExplainer
missingindicator_away_passes_for_l3,0.0,5.837693265902926e-07,Task L outcome,Random Forest,TreeExplainer
missingindicator_away_pass_completion_for_l3,0.0,5.764564026210371e-05,Task L outcome,Random Forest,TreeExplainer
missingindicator_away_pressures_for_l3,0.0,0.0,Task L outcome,Random Forest,TreeExplainer
missingindicator_away_final_third_entries_for_l3,0.0,0.0,Task L outcome,Random Forest,TreeExplainer
missingindicator_away_red_cards_for_l3,0.0,3.507180094255396e-05,Task L outcome,Random Forest,TreeExplainer
missingindicator_away_possession_share_l3,0.0,4.18528602817015e-05,Task L outcome,Random Forest,TreeExplainer
missingindicator_away_points_l5,0.0,0.0,Task L outcome,Random Forest,TreeExplainer
missingindicator_away_goals_for_l5,0.0,0.0,Task L outcome,Random Forest,TreeExplainer
missingindicator_away_goals_against_l5,0.0,1.8976507620803538e-05,Task L outcome,Random Forest,TreeExplainer
missingindicator_away_goal_difference_l5,0.0,4.486890876708113e-05,Task L outcome,Random Forest,TreeExplainer
missingindicator_away_shots_for_l5,0.0,3.6691693294175436e-06,Task L outcome,Random Forest,TreeExplainer
missingindicator_away_shots_against_l5,0.0,2.8956483766999948e-05,Task L outcome,Random Forest,TreeExplainer
missingindicator_away_shots_on_target_for_l5,0.0,4.184172971854303e-05,Task L outcome,Random Forest,TreeExplainer
missingindicator_away_shots_on_target_against_l5,0.0,5.3393742350650734e-05,Task L outcome,Random Forest,TreeExplainer
missingindicator_away_xg_for_l5,0.0,0.0,Task L outcome,Random Forest,TreeExplainer
missingindicator_away_xg_against_l5,0.0,9.22178055012827e-06,Task L outcome,Random Forest,TreeExplainer
missingindicator_away_passes_for_l5,0.0,1.643187036773386e-05,Task L outcome,Random Forest,TreeExplainer
missingindicator_away_pass_completion_for_l5,0.0,8.375910536013989e-06,Task L outcome,Random Forest,TreeExplainer
missingindicator_away_pressures_for_l5,0.0,1.6830727413684476e-05,Task L outcome,Random Forest,TreeExplainer
missingindicator_away_final_third_entries_for_l5,0.0,0.0,Task L outcome,Random Forest,TreeExplainer
missingindicator_away_red_cards_for_l5,0.0,1.9348448155244955e-05,Task L outcome,Random Forest,TreeExplainer
missingindicator_away_possession_share_l5,0.0,6.248466577130945e-05,Task L outcome,Random Forest,TreeExplainer
missingindicator_away_points_l10,0.0,1.3149942871450784e-05,Task L outcome,Random Forest,TreeExplainer
missingindicator_away_goals_for_l10,0.0,9.313252431804358e-08,Task L outcome,Random Forest,TreeExplainer
missingindicator_away_goals_against_l10,0.0,2.374435744034917e-05,Task L outcome,Random Forest,TreeExplainer
missingindicator_away_goal_difference_l10,0.0,0.0,Task L outcome,Random Forest,TreeExplainer
missingindicator_away_shots_for_l10,0.0,4.728681636441617e-07,Task L outcome,Random Forest,TreeExplainer
missingindicator_away_shots_against_l10,0.0,0.0,Task L outcome,Random Forest,TreeExplainer
missingindicator_away_shots_on_target_for_l10,0.0,5.10787809285511e-06,Task L outcome,Random Forest,TreeExplainer
missingindicator_away_shots_on_target_against_l10,0.0,2.382564559921243e-05,Task L outcome,Random Forest,TreeExplainer
missingindicator_away_xg_for_l10,0.0,6.6177246226712464e-06,Task L outcome,Random Forest,TreeExplainer
missingindicator_away_xg_against_l10,0.0,0.0,Task L outcome,Random Forest,TreeExplainer
missingindicator_away_passes_for_l10,0.0,0.0,Task L outcome,Random Forest,TreeExplainer
missingindicator_away_pass_completion_for_l10,0.0,1.354328649547168e-05,Task L outcome,Random Forest,TreeExplainer
missingindicator_away_pressures_for_l10,0.0,9.29883599196156e-05,Task L outcome,Random Forest,TreeExplainer
missingindicator_diff_possession_share_l5,0.0,1.1004517956885896e-05,Task L outcome,Random Forest,TreeExplainer
missingindicator_diff_points_l10,0.0,1.7456291218262494e-05,Task L outcome,Random Forest,TreeExplainer
missingindicator_diff_goal_difference_l10,0.0,0.0,Task L outcome,Random Forest,TreeExplainer
missingindicator_diff_shots_for_l10,0.0,1.4729793709723785e-05,Task L outcome,Random Forest,TreeExplainer
missingindicator_diff_xg_for_l10,0.0,5.089616107621697e-05,Task L outcome,Random Forest,TreeExplainer
missingindicator_diff_pass_completion_for_l10,0.0,8.308551258543781e-06,Task L outcome,Random Forest,TreeExplainer
missingindicator_diff_pressures_for_l10,0.0,0.0,Task L outcome,Random Forest,TreeExplainer
missingindicator_diff_possession_share_l10,0.0,8.365232916726639e-05,Task L outcome,Random Forest,TreeExplainer
missingindicator_rest_days_difference,0.0,2.9390767101592166e-05,Task L outcome,Random Forest,TreeExplainer
current_goal_difference,0.1642866440972796,0.3076427775736187,Task L outcome,GBM,Permutation fallback (InvalidModelError)
diff_xg_for_l3,0.04727890975349709,0.017727241278373575,Task L outcome,GBM,Permutation fallback (InvalidModelError)
away_pass_completion_for_l3,0.034105293648708644,0.013227430151060818,Task L outcome,GBM,Permutation fallback (InvalidModelError)
diff_pressures_for_l3,0.03328460265294776,0.016626085470259837,Task L outcome,GBM,Permutation fallback (InvalidModelError)
home_pressures_for_l5,0.030221548194471506,0.0021130089718672945,Task L outcome,GBM,Permutation fallback (InvalidModelError)
p1_away_con_away,0.02588046023243037,0.005367919319432488,Task L outcome,GBM,Permutation fallback (InvalidModelError)
home_goals_for_l5,0.025284802426230848,0.0074358595550980885,Task L outcome,GBM,Permutation fallback (InvalidModelError)
home_final_third_entries_for_l5,0.024887999698068146,0.006743307974864293,Task L outcome,GBM,Permutation fallback (InvalidModelError)
home_shots_on_target_against_l3,0.02084145366373461,0.027444896903446772,Task L outcome,GBM,Permutation fallback (InvalidModelError)
home_shots_on_target_for_l3,0.02051537972097198,0.007577377399613455,Task L outcome,GBM,Permutation fallback (InvalidModelError)
p1_away_con_total,0.020110318960371534,0.010015636732116986,Task L outcome,GBM,Permutation fallback (InvalidModelError)
p1_home_con_away,0.019199210119210837,0.0059482119582181725,Task L outcome,GBM,Permutation fallback (InvalidModelError)
away_pass_completion_for_l10,0.018413742703168156,0.012915775787909839,Task L outcome,GBM,Permutation fallback (InvalidModelError)
away_goal_difference_l10,0.017712455207517505,0.008997450775584039,Task L outcome,GBM,Permutation fallback (InvalidModelError)
current_away_score,0.017677928438301887,0.00873293713795586,Task L outcome,GBM,Permutation fallback (InvalidModelError)
away_goals_against_l5,0.017014927337647482,0.004965488827056123,Task L outcome,GBM,Permutation fallback (InvalidModelError)
p1_away_scr_home,0.016839085508010998,0.005979422246838546,Task L outcome,GBM,Permutation fallback (InvalidModelError)
away_xg_against_l3,0.014876631147568008,0.008393845582299695,Task L outcome,GBM,Permutation fallback (InvalidModelError)
home_pass_completion_for_l5,0.014740084478317855,0.00802818122426563,Task L outcome,GBM,Permutation fallback (InvalidModelError)
away_shots_on_target_for_l5,0.0145022965283416,0.0071977605797459866,Task L outcome,GBM,Permutation fallback (InvalidModelError)
home_live_xg,0.01405347503088363,0.013520323735902978,Task L outcome,GBM,Permutation fallback (InvalidModelError)
away_final_third_entries_for_l10,0.013973901345403139,0.006565824612881239,Task L outcome,GBM,Permutation fallback (InvalidModelError)
away_pressures_for_l5,0.013100747338177853,0.006621298032634497,Task L outcome,GBM,Permutation fallback (InvalidModelError)
away_shots_on_target_for_l10,0.012432746627998018,0.011364439253450608,Task L outcome,GBM,Permutation fallback (InvalidModelError)
away_goals_against_l10,0.012200198953568275,0.01041918487542977,Task L outcome,GBM,Permutation fallback (InvalidModelError)
home_shots_for_l3,0.012017266504777269,0.004680080408341841,Task L outcome,GBM,Permutation fallback (InvalidModelError)
home_pass_completion_for_l10,0.011210638766571785,0.0026625633572808023,Task L outcome,GBM,Permutation fallback (InvalidModelError)
home_rest_days,0.01068678293910924,0.008005856132829151,Task L outcome,GBM,Permutation fallback (InvalidModelError)
p1_home_con_total,0.010443015428508005,0.012545698849029696,Task L outcome,GBM,Permutation fallback (InvalidModelError)
diff_possession_share_l5,0.01022885836707674,0.00823208952723005,Task L outcome,GBM,Permutation fallback (InvalidModelError)
away_pressures_for_l3,0.009809440960120467,0.00433372805326957,Task L outcome,GBM,Permutation fallback (InvalidModelError)
home_final_third_entries_for_l3,0.009663109223847577,0.004764696522277193,Task L outcome,GBM,Permutation fallback (InvalidModelError)
away_possession_share_l5,0.009343596696411561,0.010655517806019813,Task L outcome,GBM,Permutation fallback (InvalidModelError)
away_goals_for_l10,0.008958953283013417,0.008514321978818169,Task L outcome,GBM,Permutation fallback (InvalidModelError)
home_xg_against_l3,0.008745888954786563,0.011111814691600715,Task L outcome,GBM,Permutation fallback (InvalidModelError)
home_goal_difference_l3,0.008342947707577117,0.007354158105324277,Task L outcome,GBM,Permutation fallback (InvalidModelError)
p1_home_scr_home,0.00799643420939286,0.008053688763526242,Task L outcome,GBM,Permutation fallback (InvalidModelError)
diff_xg_for_l10,0.00784831937701537,0.010355724693086881,Task L outcome,GBM,Permutation fallback (InvalidModelError)
home_passes_for_l3,0.007729280750598973,0.0064338121317113525,Task L outcome,GBM,Permutation fallback (InvalidModelError)
p1_home_scr_away,0.007223938569599059,0.006959949297001226,Task L outcome,GBM,Permutation fallback (InvalidModelError)
home_shots_against_l5,0.00720005982482331,0.011737008251187233,Task L outcome,GBM,Permutation fallback (InvalidModelError)
away_live_xg,0.007174101461494194,0.007503931443857986,Task L outcome,GBM,Permutation fallback (InvalidModelError)
home_pass_completion_for_l3,0.006956541425874425,0.0032694786240012475,Task L outcome,GBM,Permutation fallback (InvalidModelError)
away_goal_difference_l5,0.0067926650129027655,0.006185015311484016,Task L outcome,GBM,Permutation fallback (InvalidModelError)
home_pressures_for_l3,0.006618140628890009,0.003421044895646871,Task L outcome,GBM,Permutation fallback (InvalidModelError)
home_shots_on_target_against_l10,0.0063679257055701596,0.00471251958967948,Task L outcome,GBM,Permutation fallback (InvalidModelError)
away_xg_for_l3,0.006197894331189006,0.008607275038262202,Task L outcome,GBM,Permutation fallback (InvalidModelError)
home_shots_against_l3,0.006126844310060236,0.005441077019627211,Task L outcome,GBM,Permutation fallback (InvalidModelError)
away_possession_share_l3,0.006091867129620698,0.006020159833861495,Task L outcome,GBM,Permutation fallback (InvalidModelError)
away_shots_against_l3,0.005813274823955461,0.0016508969739021798,Task L outcome,GBM,Permutation fallback (InvalidModelError)
diff_goal_difference_l10,0.005530100573642967,0.01071838313113155,Task L outcome,GBM,Permutation fallback (InvalidModelError)
diff_possession_share_l3,0.005431812852325526,0.0035290152388421495,Task L outcome,GBM,Permutation fallback (InvalidModelError)
away_shots_for_l5,0.005355635140833506,0.006293822305861461,Task L outcome,GBM,Permutation fallback (InvalidModelError)
away_shots_on_target_against_l5,0.005345760199657338,0.0015605799618821727,Task L outcome,GBM,Permutation fallback (InvalidModelError)
away_xg_against_l10,0.00525179571235137,0.007434086190584083,Task L outcome,GBM,Permutation fallback (InvalidModelError)
home_points_l5,0.0051708741736319315,0.004061473478014339,Task L outcome,GBM,Permutation fallback (InvalidModelError)
p1_home_scr_total,0.004941799115268935,0.0020404757208063637,Task L outcome,GBM,Permutation fallback (InvalidModelError)
diff_possession_share_l10,0.004914946049637575,0.005003554153642334,Task L outcome,GBM,Permutation fallback (InvalidModelError)
rest_days_difference,0.004848247823680122,0.0034964009662175922,Task L outcome,GBM,Permutation fallback (InvalidModelError)
p1_home_rank_away,0.004824811450728007,0.00409463359711787,Task L outcome,GBM,Permutation fallback (InvalidModelError)
away_possession_share_l10,0.0046906699097632966,0.009093347510610904,Task L outcome,GBM,Permutation fallback (InvalidModelError)
away_passes_for_l5,0.0046898137659857125,0.004236353313422216,Task L outcome,GBM,Permutation fallback (InvalidModelError)
diff_points_l10,0.004623658842574559,0.009929362472950298,Task L outcome,GBM,Permutation fallback (InvalidModelError)
home_points_l3,0.004481634369970488,0.0011863278145958795,Task L outcome,GBM,Permutation fallback (InvalidModelError)
home_goals_against_l3,0.004411901176934767,0.0031992628579150095,Task L outcome,GBM,Permutation fallback (InvalidModelError)
home_xg_for_l5,0.004208915180847411,0.008517052548410505,Task L outcome,GBM,Permutation fallback (InvalidModelError)
away_shots_on_target_against_l3,0.0041936294799725625,0.010527944235285403,Task L outcome,GBM,Permutation fallback (InvalidModelError)
diff_pass_completion_for_l5,0.004176509890109982,0.0013622111879965462,Task L outcome,GBM,Permutation fallback (InvalidModelError)
home_passes_for_l10,0.004128322771545649,0.003896623009342061,Task L outcome,GBM,Permutation fallback (InvalidModelError)
diff_xg_for_l5,0.004095710614447947,0.0022303280434162924,Task L outcome,GBM,Permutation fallback (InvalidModelError)
away_goals_for_l3,0.004049096818638283,0.0009041462488914003,Task L outcome,GBM,Permutation fallback (InvalidModelError)
diff_pass_completion_for_l3,0.0038768906629909985,0.006515032804079122,Task L outcome,GBM,Permutation fallback (InvalidModelError)
home_shots_on_target_for_l5,0.003871096448647684,0.003774114387826647,Task L outcome,GBM,Permutation fallback (InvalidModelError)
away_shots_for_l10,0.00375224818055324,0.006279136997190335,Task L outcome,GBM,Permutation fallback (InvalidModelError)
away_goals_for_l5,0.003725816363059049,0.0008953155589829427,Task L outcome,GBM,Permutation fallback (InvalidModelError)
diff_shots_for_l3,0.0035719325161460923,0.006838641972481627,Task L outcome,GBM,Permutation fallback (InvalidModelError)
home_xg_for_l3,0.0035061338797262266,0.003205168402023744,Task L outcome,GBM,Permutation fallback (InvalidModelError)
away_shots_on_target_against_l10,0.0033714514180369546,0.0019301309622909402,Task L outcome,GBM,Permutation fallback (InvalidModelError)
home_possession_share_l5,0.0033616267598887526,0.009829388253108072,Task L outcome,GBM,Permutation fallback (InvalidModelError)
away_shots_against_l10,0.003339521633293277,0.005156576772960922,Task L outcome,GBM,Permutation fallback (InvalidModelError)
p1_away_scr_total,0.0033235173499297638,0.0006903422025932556,Task L outcome,GBM,Permutation fallback (InvalidModelError)
n_events_so_far,0.003319954790880987,0.009549468731726421,Task L outcome,GBM,Permutation fallback (InvalidModelError)
diff_goal_difference_l5,0.0031494489009514094,0.005134599868832708,Task L outcome,GBM,Permutation fallback (InvalidModelError)
p1_away_rank_total,0.0031337804491596744,0.0011433219071200903,Task L outcome,GBM,Permutation fallback (InvalidModelError)
p1_home_con_home,0.0030449462263927546,0.00167500271480045,Task L outcome,GBM,Permutation fallback (InvalidModelError)
home_goals_for_l3,0.0029273051496629715,0.004150059866976344,Task L outcome,GBM,Permutation fallback (InvalidModelError)
home_points_l10,0.0028779149402730817,0.002828777316303887,Task L outcome,GBM,Permutation fallback (InvalidModelError)
home_xg_against_l5,0.002813875836206335,0.006765875353459981,Task L outcome,GBM,Permutation fallback (InvalidModelError)
home_shots_on_target_for_l10,0.0028032348795603503,0.004872740463214056,Task L outcome,GBM,Permutation fallback (InvalidModelError)
away_points_l10,0.002711981894475221,0.0018741203123919664,Task L outcome,GBM,Permutation fallback (InvalidModelError)
home_possession_share_l10,0.00267754277748125,0.0018294846575539743,Task L outcome,GBM,Permutation fallback (InvalidModelError)
home_goal_difference_l5,0.0026611150940010803,0.00326513552236564,Task L outcome,GBM,Permutation fallback (InvalidModelError)
home_shots_for_l5,0.002542552234885608,0.0018941729901753679,Task L outcome,GBM,Permutation fallback (InvalidModelError)
diff_pressures_for_l10,0.0025090773260291817,0.004081859964317559,Task L outcome,GBM,Permutation fallback (InvalidModelError)
away_passes_for_l10,0.0024958221068913018,0.0015283855354982848,Task L outcome,GBM,Permutation fallback (InvalidModelError)
home_shots_on_target_against_l5,0.002451446976130808,0.0006786682296948566,Task L outcome,GBM,Permutation fallback (InvalidModelError)
away_pressures_for_l10,0.0023545106450064504,0.0012009031810176218,Task L outcome,GBM,Permutation fallback (InvalidModelError)
away_goal_difference_l3,0.0023382015358838623,0.00041880911657427326,Task L outcome,GBM,Permutation fallback (InvalidModelError)
away_xg_against_l5,0.0021848932277124273,0.0016141553016974883,Task L outcome,GBM,Permutation fallback (InvalidModelError)
p1_away_rank_home,0.0021486014530621043,0.003204963925790087,Task L outcome,GBM,Permutation fallback (InvalidModelError)
home_goals_for_l10,0.002013967456443944,0.002946385460916024,Task L outcome,GBM,Permutation fallback (InvalidModelError)
away_passes_for_l3,0.0019240382947812134,0.0014324484646149021,Task L outcome,GBM,Permutation fallback (InvalidModelError)
away_final_third_entries_for_l5,0.0019014169460978704,0.004407648291830564,Task L outcome,GBM,Permutation fallback (InvalidModelError)
home_xg_for_l10,0.0018810681010483262,0.0024350599509861104,Task L outcome,GBM,Permutation fallback (InvalidModelError)
away_xg_for_l5,0.001841252165750593,0.0031203687524486833,Task L outcome,GBM,Permutation fallback (InvalidModelError)
home_shots_for_l10,0.0017921186419543958,0.0035042220146252988,Task L outcome,GBM,Permutation fallback (InvalidModelError)
diff_shots_for_l5,0.001739629900969596,0.0028435609850071754,Task L outcome,GBM,Permutation fallback (InvalidModelError)
home_live_corners,0.0016969091767697557,0.00031760086602304545,Task L outcome,GBM,Permutation fallback (InvalidModelError)
home_shots_against_l10,0.0016347306114790237,0.00599400364488996,Task L outcome,GBM,Permutation fallback (InvalidModelError)
home_xg_against_l10,0.001631145309592783,0.003295946833595285,Task L outcome,GBM,Permutation fallback (InvalidModelError)
away_final_third_entries_for_l3,0.0015385527049479601,0.003227617509239567,Task L outcome,GBM,Permutation fallback (InvalidModelError)
diff_points_l5,0.0014915900311553876,0.0015054035054095107,Task L outcome,GBM,Permutation fallback (InvalidModelError)
home_goals_against_l5,0.0014306729740143258,0.003734748961226906,Task L outcome,GBM,Permutation fallback (InvalidModelError)
home_passes_for_l5,0.0013125748450523009,0.0010578309720736276,Task L outcome,GBM,Permutation fallback (InvalidModelError)
away_live_pass_completion,0.0012998663053581652,0.00012455567932891874,Task L outcome,GBM,Permutation fallback (InvalidModelError)
away_live_shots_on_target,0.0012940447765894811,0.0003814819718255605,Task L outcome,GBM,Permutation fallback (InvalidModelError)
away_shots_on_target_for_l3,0.0011890059618182955,0.0008705765433210521,Task L outcome,GBM,Permutation fallback (InvalidModelError)
home_possession_share_l3,0.00116329121146555,0.0035853910124470432,Task L outcome,GBM,Permutation fallback (InvalidModelError)
p1_away_rank_away,0.0011572019770833997,0.00035554258918517496,Task L outcome,GBM,Permutation fallback (InvalidModelError)
away_points_l5,0.0011341938352490229,0.0016029501681169241,Task L outcome,GBM,Permutation fallback (InvalidModelError)
live_diff_xg,0.001121595278664932,0.0018818832238928292,Task L outcome,GBM,Permutation fallback (InvalidModelError)
home_goal_difference_l10,0.001118828813342101,0.0004735811684757411,Task L outcome,GBM,Permutation fallback (InvalidModelError)
p1_away_scr_away,0.0010836391873572247,0.0025337801940984645,Task L outcome,GBM,Permutation fallback (InvalidModelError)
away_shots_against_l5,0.0010596551550792067,0.0005267544978538592,Task L outcome,GBM,Permutation fallback (InvalidModelError)
away_pass_completion_for_l5,0.0009942055076485549,0.0013898786000211495,Task L outcome,GBM,Permutation fallback (InvalidModelError)
home_pressures_for_l10,0.0009902234288426015,0.0032023656657003993,Task L outcome,GBM,Permutation fallback (InvalidModelError)
p1_home_rank_home,0.0008644684847448449,0.0011541996751380352,Task L outcome,GBM,Permutation fallback (InvalidModelError)
p1_home_rank_total,0.0008203283674773826,0.001141468522192591,Task L outcome,GBM,Permutation fallback (InvalidModelError)
away_live_pressures,0.0008100794484599162,0.0002617752794310915,Task L outcome,GBM,Permutation fallback (InvalidModelError)
away_shots_for_l3,0.000721669659860912,0.005400396426630669,Task L outcome,GBM,Permutation fallback (InvalidModelError)
diff_pressures_for_l5,0.0006856220791799881,0.0004311772873741715,Task L outcome,GBM,Permutation fallback (InvalidModelError)
home_live_completed_passes,0.0006662334018849379,0.00015946147146349377,Task L outcome,GBM,Permutation fallback (InvalidModelError)
home_live_passes,0.0006603692011008726,0.00014852898807459427,Task L outcome,GBM,Permutation fallback (InvalidModelError)
away_xg_for_l10,0.0006384837415829349,0.0013721944128875048,Task L outcome,GBM,Permutation fallback (InvalidModelError)
home_goals_against_l10,0.0006350391106636706,0.0005380996863619304,Task L outcome,GBM,Permutation fallback (InvalidModelError)
diff_points_l3,0.0005612005318938899,0.000374755194270975,Task L outcome,GBM,Permutation fallback (InvalidModelError)
live_diff_pressures,0.0005453390148396476,8.486458967337685e-05,Task L outcome,GBM,Permutation fallback (InvalidModelError)
diff_goal_difference_l3,0.0005217607847381166,0.0006540260752487167,Task L outcome,GBM,Permutation fallback (InvalidModelError)
home_live_final_third_entries,0.0005041847151644857,0.0002719582084442612,Task L outcome,GBM,Permutation fallback (InvalidModelError)
diff_pass_completion_for_l10,0.0005037441033355829,0.0020317544409368376,Task L outcome,GBM,Permutation fallback (InvalidModelError)
away_rest_days,0.0004902579877777134,0.00162916949518922,Task L outcome,GBM,Permutation fallback (InvalidModelError)
p1_away_con_home,0.0004098485322743405,0.00017626997392274115,Task L outcome,GBM,Permutation fallback (InvalidModelError)
away_goals_against_l3,0.0003917484643699463,0.00036521097118395035,Task L outcome,GBM,Permutation fallback (InvalidModelError)
away_red_cards_for_l10,0.00038405470175524847,0.00021780100977578535,Task L outcome,GBM,Permutation fallback (InvalidModelError)
home_red_cards_for_l10,0.0003675534936657231,0.0005655978407056548,Task L outcome,GBM,Permutation fallback (InvalidModelError)
current_home_score,0.0002744315911183767,7.518104563262463e-05,Task L outcome,GBM,Permutation fallback (InvalidModelError)
diff_shots_for_l10,0.00019354176187386847,9.641716685215765e-06,Task L outcome,GBM,Permutation fallback (InvalidModelError)
home_live_shots_on_target,0.00017150461809357665,7.336958850354664e-05,Task L outcome,GBM,Permutation fallback (InvalidModelError)
away_live_fouls,0.00014511651632140228,0.00015775334184780314,Task L outcome,GBM,Permutation fallback (InvalidModelError)
home_live_pass_completion,0.00011815685413981518,0.00011612216179556461,Task L outcome,GBM,Permutation fallback (InvalidModelError)
live_diff_final_third_entries,9.40248181037412e-05,0.0003063274699546407,Task L outcome,GBM,Permutation fallback (InvalidModelError)
home_live_carries,9.386818051304035e-05,0.000200486049134247,Task L outcome,GBM,Permutation fallback (InvalidModelError)
away_live_final_third_entries_last5,6.871026825138553e-05,9.651331909738754e-06,Task L outcome,GBM,Permutation fallback (InvalidModelError)
away_red_cards_for_l5,5.734126800646944e-05,8.154228041796963e-05,Task L outcome,GBM,Permutation fallback (InvalidModelError)
home_live_shots,5.181018466199188e-05,6.707944448888702e-05,Task L outcome,GBM,Permutation fallback (InvalidModelError)
away_live_corners,4.946418355227383e-05,6.404411413629685e-05,Task L outcome,GBM,Permutation fallback (InvalidModelError)
home_live_final_third_entries_last10,2.92750457565318e-05,2.787650584399448e-06,Task L outcome,GBM,Permutation fallback (InvalidModelError)
away_live_passes,2.88836834115407e-05,1.6793302941973343e-05,Task L outcome,GBM,Permutation fallback (InvalidModelError)
away_live_carries,2.8689702422535677e-05,4.3365296054562785e-05,Task L outcome,GBM,Permutation fallback (InvalidModelError)
home_live_fouls,2.707060951573683e-05,1.0284159767694197e-05,Task L outcome,GBM,Permutation fallback (InvalidModelError)
home_red_cards_for_l5,2.379115857743715e-05,7.156235760842389e-05,Task L outcome,GBM,Permutation fallback (InvalidModelError)
away_points_l3,2.2607599758748635e-05,0.00011513623765476784,Task L outcome,GBM,Permutation fallback (InvalidModelError)
live_diff_shots_on_target,2.1766220449938775e-05,0.00017143507379130719,Task L outcome,GBM,Permutation fallback (InvalidModelError)
away_live_completed_passes,1.686901729086888e-05,1.0647414500998385e-05,Task L outcome,GBM,Permutation fallback (InvalidModelError)
home_live_pressures,1.686177820888132e-05,3.519565213075034e-05,Task L outcome,GBM,Permutation fallback (InvalidModelError)
time_remaining_minutes,1.6151586216687706e-05,6.150996441372306e-05,Task L outcome,GBM,Permutation fallback (InvalidModelError)
home_live_possession_share,1.5875136036428798e-05,2.5365571091220235e-05,Task L outcome,GBM,Permutation fallback (InvalidModelError)
home_live_xg_last10,1.4393726125397355e-05,8.115237975246714e-07,Task L outcome,GBM,Permutation fallback (InvalidModelError)
away_live_shots,9.837248128885534e-06,2.0651200059207474e-05,Task L outcome,GBM,Permutation fallback (InvalidModelError)
live_diff_possession_share,5.364104783475015e-06,2.2404763860579184e-05,Task L outcome,GBM,Permutation fallback (InvalidModelError)
away_live_possession_share,3.899952155411607e-06,3.271827673444432e-05,Task L outcome,GBM,Permutation fallback (InvalidModelError)
snapshot_rank,3.6443684221459012e-06,1.5809444620543172e-06,Task L outcome,GBM,Permutation fallback (InvalidModelError)
away_live_final_third_entries,1.3663738403687138e-06,7.602324945174552e-06,Task L outcome,GBM,Permutation fallback (InvalidModelError)
home_live_xg_last5,5.341108609363543e-07,3.3508676538962564e-06,Task L outcome,GBM,Permutation fallback (InvalidModelError)
missingindicator_diff_points_l5,0.0,0.0,Task L outcome,GBM,Permutation fallback (InvalidModelError)
missingindicator_diff_shots_for_l5,0.0,0.0,Task L outcome,GBM,Permutation fallback (InvalidModelError)
missingindicator_diff_goal_difference_l5,0.0,0.0,Task L outcome,GBM,Permutation fallback (InvalidModelError)
missingindicator_diff_pass_completion_for_l5,0.0,5.09948939249104e-05,Task L outcome,GBM,Permutation fallback (InvalidModelError)
missingindicator_diff_xg_for_l5,0.0,0.0,Task L outcome,GBM,Permutation fallback (InvalidModelError)
missingindicator_diff_goal_difference_l3,0.0,0.0,Task L outcome,GBM,Permutation fallback (InvalidModelError)
missingindicator_diff_points_l3,0.0,0.0,Task L outcome,GBM,Permutation fallback (InvalidModelError)
away_missing_history_l3,0.0,0.0,Task L outcome,GBM,Permutation fallback (InvalidModelError)
away_missing_history_l5,0.0,4.0074497483244394e-06,Task L outcome,GBM,Permutation fallback (InvalidModelError)
away_red_cards_for_l3,0.0,2.156226829628074e-05,Task L outcome,GBM,Permutation fallback (InvalidModelError)
missingindicator_diff_pressures_for_l5,0.0,0.0,Task L outcome,GBM,Permutation fallback (InvalidModelError)
away_live_xg_last10,0.0,0.0,Task L outcome,GBM,Permutation fallback (InvalidModelError)
away_missing_history_l10,0.0,0.0,Task L outcome,GBM,Permutation fallback (InvalidModelError)
home_missing_history_l3,0.0,0.0,Task L outcome,GBM,Permutation fallback (InvalidModelError)
home_red_cards_for_l3,0.0,0.0,Task L outcome,GBM,Permutation fallback (InvalidModelError)
home_missing_history_l5,0.0,0.0,Task L outcome,GBM,Permutation fallback (InvalidModelError)
missingindicator_diff_possession_share_l3,0.0,0.0,Task L outcome,GBM,Permutation fallback (InvalidModelError)
missingindicator_diff_pressures_for_l3,0.0,0.0,Task L outcome,GBM,Permutation fallback (InvalidModelError)
missingindicator_diff_pass_completion_for_l3,0.0,8.973590677789742e-05,Task L outcome,GBM,Permutation fallback (InvalidModelError)
missingindicator_diff_xg_for_l3,0.0,0.0,Task L outcome,GBM,Permutation fallback (InvalidModelError)
missingindicator_diff_shots_for_l3,0.0,0.0,Task L outcome,GBM,Permutation fallback (InvalidModelError)
missingindicator_away_red_cards_for_l10,0.0,3.604929822835129e-05,Task L outcome,GBM,Permutation fallback (InvalidModelError)
missingindicator_away_possession_share_l10,0.0,0.0,Task L outcome,GBM,Permutation fallback (InvalidModelError)
snapshot_period,0.0,3.481268399765945e-05,Task L outcome,GBM,Permutation fallback (InvalidModelError)
missingindicator_away_final_third_entries_for_l10,0.0,0.0,Task L outcome,GBM,Permutation fallback (InvalidModelError)
reference_second,0.0,1.9789679730055668e-05,Task L outcome,GBM,Permutation fallback (InvalidModelError)
snapshot_minute,0.0,3.0617390905372947e-05,Task L outcome,GBM,Permutation fallback (InvalidModelError)
live_diff_pressures_last5,0.0,2.65623365048014e-06,Task L outcome,GBM,Permutation fallback (InvalidModelError)
live_diff_xg_last5,0.0,0.0,Task L outcome,GBM,Permutation fallback (InvalidModelError)
home_history_matches_before,0.0,0.00011093196134671468,Task L outcome,GBM,Permutation fallback (InvalidModelError)
away_live_pressures_last10,0.0,0.0,Task L outcome,GBM,Permutation fallback (InvalidModelError)
live_diff_shots,0.0,0.0007690783622780581,Task L outcome,GBM,Permutation fallback (InvalidModelError)
man_advantage_home,0.0,0.0,Task L outcome,GBM,Permutation fallback (InvalidModelError)
away_live_final_third_entries_last10,0.0,0.0,Task L outcome,GBM,Permutation fallback (InvalidModelError)
live_diff_shots_last5,0.0,1.3469755426876364e-06,Task L outcome,GBM,Permutation fallback (InvalidModelError)
away_history_matches_before,0.0,7.501810146992107e-05,Task L outcome,GBM,Permutation fallback (InvalidModelError)
home_missing_history_l10,0.0,0.0,Task L outcome,GBM,Permutation fallback (InvalidModelError)
home_final_third_entries_for_l10,0.0,0.0006233754183473984,Task L outcome,GBM,Permutation fallback (InvalidModelError)
away_live_pressures_last5,0.0,0.0,Task L outcome,GBM,Permutation fallback (InvalidModelError)
home_live_red_cards,0.0,0.00016497116921908065,Task L outcome,GBM,Permutation fallback (InvalidModelError)
away_live_xg_last5,0.0,0.0,Task L outcome,GBM,Permutation fallback (InvalidModelError)
away_live_shots_last5,0.0,0.0,Task L outcome,GBM,Permutation fallback (InvalidModelError)
away_live_red_cards,0.0,0.0,Task L outcome,GBM,Permutation fallback (InvalidModelError)
home_live_pressures_last5,0.0,2.353704942424886e-06,Task L outcome,GBM,Permutation fallback (InvalidModelError)
home_live_shots_last5,0.0,0.0,Task L outcome,GBM,Permutation fallback (InvalidModelError)
away_live_shots_last10,0.0,2.4215743989085825e-06,Task L outcome,GBM,Permutation fallback (InvalidModelError)
home_live_final_third_entries_last5,0.0,0.0,Task L outcome,GBM,Permutation fallback (InvalidModelError)
home_live_pressures_last10,0.0,0.0,Task L outcome,GBM,Permutation fallback (InvalidModelError)
home_live_shots_last10,0.0,0.0,Task L outcome,GBM,Permutation fallback (InvalidModelError)
missingindicator_home_live_pass_completion,0.0,0.0,Task L outcome,GBM,Permutation fallback (InvalidModelError)
missingindicator_away_live_pass_completion,0.0,0.0,Task L outcome,GBM,Permutation fallback (InvalidModelError)
missingindicator_home_rest_days,0.0,0.0,Task L outcome,GBM,Permutation fallback (InvalidModelError)
missingindicator_home_points_l3,0.0,5.763438849880365e-05,Task L outcome,GBM,Permutation fallback (InvalidModelError)
missingindicator_home_goals_for_l3,0.0,3.839164173630172e-06,Task L outcome,GBM,Permutation fallback (InvalidModelError)
missingindicator_home_goals_against_l3,0.0,0.0,Task L outcome,GBM,Permutation fallback (InvalidModelError)
missingindicator_home_goal_difference_l3,0.0,0.0,Task L outcome,GBM,Permutation fallback (InvalidModelError)
missingindicator_home_shots_for_l3,0.0,7.536237568201661e-05,Task L outcome,GBM,Permutation fallback (InvalidModelError)
missingindicator_home_shots_against_l3,0.0,0.0,Task L outcome,GBM,Permutation fallback (InvalidModelError)
missingindicator_home_shots_on_target_for_l3,0.0,0.0,Task L outcome,GBM,Permutation fallback (InvalidModelError)
missingindicator_home_shots_on_target_against_l3,0.0,0.0,Task L outcome,GBM,Permutation fallback (InvalidModelError)
missingindicator_home_xg_for_l3,0.0,0.0,Task L outcome,GBM,Permutation fallback (InvalidModelError)
missingindicator_home_xg_against_l3,0.0,0.00010669785041805625,Task L outcome,GBM,Permutation fallback (InvalidModelError)
missingindicator_home_passes_for_l3,0.0,0.0,Task L outcome,GBM,Permutation fallback (InvalidModelError)
missingindicator_home_pass_completion_for_l3,0.0,1.1886955545336574e-05,Task L outcome,GBM,Permutation fallback (InvalidModelError)
missingindicator_home_pressures_for_l3,0.0,9.126586570556774e-05,Task L outcome,GBM,Permutation fallback (InvalidModelError)
missingindicator_home_final_third_entries_for_l3,0.0,0.0,Task L outcome,GBM,Permutation fallback (InvalidModelError)
missingindicator_home_red_cards_for_l3,0.0,0.0,Task L outcome,GBM,Permutation fallback (InvalidModelError)
missingindicator_home_possession_share_l3,0.0,0.0,Task L outcome,GBM,Permutation fallback (InvalidModelError)
missingindicator_home_points_l5,0.0,0.0,Task L outcome,GBM,Permutation fallback (InvalidModelError)
missingindicator_home_goals_for_l5,0.0,0.0,Task L outcome,GBM,Permutation fallback (InvalidModelError)
missingindicator_home_goals_against_l5,0.0,0.0,Task L outcome,GBM,Permutation fallback (InvalidModelError)
missingindicator_home_goal_difference_l5,0.0,5.252787685990518e-06,Task L outcome,GBM,Permutation fallback (InvalidModelError)
missingindicator_home_shots_for_l5,0.0,0.0,Task L outcome,GBM,Permutation fallback (InvalidModelError)
missingindicator_home_shots_against_l5,0.0,6.79681739458137e-05,Task L outcome,GBM,Permutation fallback (InvalidModelError)
missingindicator_home_shots_on_target_for_l5,0.0,0.0,Task L outcome,GBM,Permutation fallback (InvalidModelError)
missingindicator_home_shots_on_target_against_l5,0.0,0.0,Task L outcome,GBM,Permutation fallback (InvalidModelError)
missingindicator_home_xg_for_l5,0.0,4.4452554468260165e-05,Task L outcome,GBM,Permutation fallback (InvalidModelError)
missingindicator_home_xg_against_l5,0.0,9.751937498233423e-05,Task L outcome,GBM,Permutation fallback (InvalidModelError)
missingindicator_home_passes_for_l5,0.0,5.8896883450655994e-05,Task L outcome,GBM,Permutation fallback (InvalidModelError)
missingindicator_home_pass_completion_for_l5,0.0,0.0,Task L outcome,GBM,Permutation fallback (InvalidModelError)
missingindicator_home_pressures_for_l5,0.0,0.0,Task L outcome,GBM,Permutation fallback (InvalidModelError)
missingindicator_home_final_third_entries_for_l5,0.0,0.0,Task L outcome,GBM,Permutation fallback (InvalidModelError)
missingindicator_home_red_cards_for_l5,0.0,0.0,Task L outcome,GBM,Permutation fallback (InvalidModelError)
missingindicator_home_possession_share_l5,0.0,0.0,Task L outcome,GBM,Permutation fallback (InvalidModelError)
missingindicator_home_points_l10,0.0,0.0,Task L outcome,GBM,Permutation fallback (InvalidModelError)
missingindicator_home_goals_for_l10,0.0,0.0,Task L outcome,GBM,Permutation fallback (InvalidModelError)
missingindicator_home_goals_against_l10,0.0,0.0,Task L outcome,GBM,Permutation fallback (InvalidModelError)
missingindicator_home_goal_difference_l10,0.0,0.0,Task L outcome,GBM,Permutation fallback (InvalidModelError)
missingindicator_home_shots_for_l10,0.0,0.0,Task L outcome,GBM,Permutation fallback (InvalidModelError)
missingindicator_home_shots_against_l10,0.0,0.0,Task L outcome,GBM,Permutation fallback (InvalidModelError)
missingindicator_home_shots_on_target_for_l10,0.0,0.0,Task L outcome,GBM,Permutation fallback (InvalidModelError)
missingindicator_home_shots_on_target_against_l10,0.0,0.0,Task L outcome,GBM,Permutation fallback (InvalidModelError)
missingindicator_home_xg_for_l10,0.0,0.0,Task L outcome,GBM,Permutation fallback (InvalidModelError)
missingindicator_home_xg_against_l10,0.0,0.0,Task L outcome,GBM,Permutation fallback (InvalidModelError)
missingindicator_home_passes_for_l10,0.0,0.0,Task L outcome,GBM,Permutation fallback (InvalidModelError)
missingindicator_home_pass_completion_for_l10,0.0,0.0,Task L outcome,GBM,Permutation fallback (InvalidModelError)
missingindicator_home_pressures_for_l10,0.0,7.705370102950259e-05,Task L outcome,GBM,Permutation fallback (InvalidModelError)
missingindicator_home_final_third_entries_for_l10,0.0,0.0,Task L outcome,GBM,Permutation fallback (InvalidModelError)
missingindicator_home_red_cards_for_l10,0.0,0.0,Task L outcome,GBM,Permutation fallback (InvalidModelError)
missingindicator_home_possession_share_l10,0.0,0.0,Task L outcome,GBM,Permutation fallback (InvalidModelError)
missingindicator_away_rest_days,0.0,6.347655360367962e-05,Task L outcome,GBM,Permutation fallback (InvalidModelError)
missingindicator_away_points_l3,0.0,5.5648637994319524e-05,Task L outcome,GBM,Permutation fallback (InvalidModelError)
missingindicator_away_goals_for_l3,0.0,3.9899556781483845e-05,Task L outcome,GBM,Permutation fallback (InvalidModelError)
missingindicator_away_goals_against_l3,0.0,0.0,Task L outcome,GBM,Permutation fallback (InvalidModelError)
missingindicator_away_goal_difference_l3,0.0,0.0,Task L outcome,GBM,Permutation fallback (InvalidModelError)
missingindicator_away_shots_for_l3,0.0,0.0,Task L outcome,GBM,Permutation fallback (InvalidModelError)
missingindicator_away_shots_against_l3,0.0,0.0,Task L outcome,GBM,Permutation fallback (InvalidModelError)
missingindicator_away_shots_on_target_for_l3,0.0,0.0,Task L outcome,GBM,Permutation fallback (InvalidModelError)
missingindicator_away_shots_on_target_against_l3,0.0,0.0,Task L outcome,GBM,Permutation fallback (InvalidModelError)
missingindicator_away_xg_for_l3,0.0,0.0,Task L outcome,GBM,Permutation fallback (InvalidModelError)
missingindicator_away_xg_against_l3,0.0,5.259213620415818e-05,Task L outcome,GBM,Permutation fallback (InvalidModelError)
missingindicator_away_passes_for_l3,0.0,8.216177524789217e-06,Task L outcome,GBM,Permutation fallback (InvalidModelError)
missingindicator_away_pass_completion_for_l3,0.0,0.0,Task L outcome,GBM,Permutation fallback (InvalidModelError)
missingindicator_away_pressures_for_l3,0.0,5.05988606027686e-05,Task L outcome,GBM,Permutation fallback (InvalidModelError)
missingindicator_away_final_third_entries_for_l3,0.0,6.932905867064401e-05,Task L outcome,GBM,Permutation fallback (InvalidModelError)
missingindicator_away_red_cards_for_l3,0.0,0.0,Task L outcome,GBM,Permutation fallback (InvalidModelError)
missingindicator_away_possession_share_l3,0.0,0.0,Task L outcome,GBM,Permutation fallback (InvalidModelError)
missingindicator_away_points_l5,0.0,0.0,Task L outcome,GBM,Permutation fallback (InvalidModelError)
missingindicator_away_goals_for_l5,0.0,0.0,Task L outcome,GBM,Permutation fallback (InvalidModelError)
missingindicator_away_goals_against_l5,0.0,0.0,Task L outcome,GBM,Permutation fallback (InvalidModelError)
missingindicator_away_goal_difference_l5,0.0,0.0,Task L outcome,GBM,Permutation fallback (InvalidModelError)
missingindicator_away_shots_for_l5,0.0,0.0,Task L outcome,GBM,Permutation fallback (InvalidModelError)
missingindicator_away_shots_against_l5,0.0,6.821786501695978e-05,Task L outcome,GBM,Permutation fallback (InvalidModelError)
missingindicator_away_shots_on_target_for_l5,0.0,3.512208196289236e-05,Task L outcome,GBM,Permutation fallback (InvalidModelError)
missingindicator_away_shots_on_target_against_l5,0.0,0.0,Task L outcome,GBM,Permutation fallback (InvalidModelError)
missingindicator_away_xg_for_l5,0.0,0.0,Task L outcome,GBM,Permutation fallback (InvalidModelError)
missingindicator_away_xg_against_l5,0.0,0.0,Task L outcome,GBM,Permutation fallback (InvalidModelError)
missingindicator_away_passes_for_l5,0.0,0.0,Task L outcome,GBM,Permutation fallback (InvalidModelError)
missingindicator_away_pass_completion_for_l5,0.0,0.0,Task L outcome,GBM,Permutation fallback (InvalidModelError)
missingindicator_away_pressures_for_l5,0.0,0.0,Task L outcome,GBM,Permutation fallback (InvalidModelError)
missingindicator_away_final_third_entries_for_l5,0.0,0.0,Task L outcome,GBM,Permutation fallback (InvalidModelError)
missingindicator_away_red_cards_for_l5,0.0,0.00010446289626029316,Task L outcome,GBM,Permutation fallback (InvalidModelError)
missingindicator_away_possession_share_l5,0.0,0.0,Task L outcome,GBM,Permutation fallback (InvalidModelError)
missingindicator_away_points_l10,0.0,0.0,Task L outcome,GBM,Permutation fallback (InvalidModelError)
missingindicator_away_goals_for_l10,0.0,7.171265661788794e-05,Task L outcome,GBM,Permutation fallback (InvalidModelError)
missingindicator_away_goals_against_l10,0.0,0.0,Task L outcome,GBM,Permutation fallback (InvalidModelError)
missingindicator_away_goal_difference_l10,0.0,0.0,Task L outcome,GBM,Permutation fallback (InvalidModelError)
missingindicator_away_shots_for_l10,0.0,0.0,Task L outcome,GBM,Permutation fallback (InvalidModelError)
missingindicator_away_shots_against_l10,0.0,0.0,Task L outcome,GBM,Permutation fallback (InvalidModelError)
missingindicator_away_shots_on_target_for_l10,0.0,0.0,Task L outcome,GBM,Permutation fallback (InvalidModelError)
missingindicator_away_shots_on_target_against_l10,0.0,0.0,Task L outcome,GBM,Permutation fallback (InvalidModelError)
missingindicator_away_xg_for_l10,0.0,0.0,Task L outcome,GBM,Permutation fallback (InvalidModelError)
missingindicator_away_xg_against_l10,0.0,0.0,Task L outcome,GBM,Permutation fallback (InvalidModelError)
missingindicator_away_passes_for_l10,0.0,0.0,Task L outcome,GBM,Permutation fallback (InvalidModelError)
missingindicator_away_pass_completion_for_l10,0.0,0.0,Task L outcome,GBM,Permutation fallback (InvalidModelError)
missingindicator_away_pressures_for_l10,0.0,0.0,Task L outcome,GBM,Permutation fallback (InvalidModelError)
missingindicator_diff_possession_share_l5,0.0,0.0,Task L outcome,GBM,Permutation fallback (InvalidModelError)
missingindicator_diff_points_l10,0.0,4.281890444015324e-05,Task L outcome,GBM,Permutation fallback (InvalidModelError)
missingindicator_diff_goal_difference_l10,0.0,0.0,Task L outcome,GBM,Permutation fallback (InvalidModelError)
missingindicator_diff_shots_for_l10,0.0,8.329893619852681e-05,Task L outcome,GBM,Permutation fallback (InvalidModelError)
missingindicator_diff_xg_for_l10,0.0,0.0,Task L outcome,GBM,Permutation fallback (InvalidModelError)
missingindicator_diff_pass_completion_for_l10,0.0,0.0,Task L outcome,GBM,Permutation fallback (InvalidModelError)
missingindicator_diff_pressures_for_l10,0.0,0.0,Task L outcome,GBM,Permutation fallback (InvalidModelError)
missingindicator_diff_possession_share_l10,0.0,3.2350865483582344e-05,Task L outcome,GBM,Permutation fallback (InvalidModelError)
missingindicator_rest_days_difference,0.0,1.6472942861525482e-05,Task L outcome,GBM,Permutation fallback (InvalidModelError)
current_goal_difference,0.1835090901007255,0.03290237486362457,Task L outcome,XGBoost,Permutation fallback (ValueError)
diff_xg_for_l3,0.03720394313397506,0.009729714132845402,Task L outcome,XGBoost,Permutation fallback (ValueError)
diff_pressures_for_l3,0.027693366978317493,0.008021451532840729,Task L outcome,XGBoost,Permutation fallback (ValueError)
current_away_score,0.02692402462599178,0.01412978395819664,Task L outcome,XGBoost,Permutation fallback (ValueError)
p1_away_con_total,0.019918860233699286,0.007452805060893297,Task L outcome,XGBoost,Permutation fallback (ValueError)
home_goals_for_l5,0.019694927930211017,0.006179193966090679,Task L outcome,XGBoost,Permutation fallback (ValueError)
p1_away_con_away,0.018802809623380497,0.005396383348852396,Task L outcome,XGBoost,Permutation fallback (ValueError)
home_final_third_entries_for_l3,0.018142218299210065,0.006261398550122976,Task L outcome,XGBoost,Permutation fallback (ValueError)
home_shots_on_target_for_l3,0.01658503418850402,0.005187444854527712,Task L outcome,XGBoost,Permutation fallback (ValueError)
away_pass_completion_for_l3,0.015499410346150396,0.0053029912523925304,Task L outcome,XGBoost,Permutation fallback (ValueError)
away_pass_completion_for_l10,0.013935138243560992,0.011347826570272446,Task L outcome,XGBoost,Permutation fallback (ValueError)
away_shots_on_target_for_l10,0.013534636295400563,0.011472227983176708,Task L outcome,XGBoost,Permutation fallback (ValueError)
away_goal_difference_l10,0.013402460997924205,0.006607634946703911,Task L outcome,XGBoost,Permutation fallback (ValueError)
home_shots_on_target_against_l3,0.013332743097717568,0.006391056347638369,Task L outcome,XGBoost,Permutation fallback (ValueError)
home_live_xg,0.01318695215508342,0.011550785042345524,Task L outcome,XGBoost,Permutation fallback (ValueError)
p1_away_scr_home,0.013137440184752153,0.0063183666206896305,Task L outcome,XGBoost,Permutation fallback (ValueError)
p1_home_con_away,0.0125036368118599,0.004282289184629917,Task L outcome,XGBoost,Permutation fallback (ValueError)
away_possession_share_l3,0.012241582375640669,0.0075760697945952415,Task L outcome,XGBoost,Permutation fallback (ValueError)
away_final_third_entries_for_l10,0.011068424510769547,0.007801331579685211,Task L outcome,XGBoost,Permutation fallback (ValueError)
away_shots_on_target_for_l5,0.010558541102334852,0.005264637526124716,Task L outcome,XGBoost,Permutation fallback (ValueError)
p1_home_con_total,0.01036908932278553,0.007448944728821516,Task L outcome,XGBoost,Permutation fallback (ValueError)
home_rest_days,0.010018774946530655,0.005831827875226736,Task L outcome,XGBoost,Permutation fallback (ValueError)
home_final_third_entries_for_l5,0.010007706906646492,0.005149639677256346,Task L outcome,XGBoost,Permutation fallback (ValueError)
away_xg_against_l3,0.009462209907670825,0.0066177332773804665,Task L outcome,XGBoost,Permutation fallback (ValueError)
home_pass_completion_for_l5,0.00901389388119181,0.0062840161845088005,Task L outcome,XGBoost,Permutation fallback (ValueError)
home_pass_completion_for_l3,0.00899963952725131,0.004700619261711836,Task L outcome,XGBoost,Permutation fallback (ValueError)
diff_possession_share_l10,0.008659942259391151,0.007915827445685863,Task L outcome,XGBoost,Permutation fallback (ValueError)
away_goals_against_l5,0.008107770050565403,0.005394625011831522,Task L outcome,XGBoost,Permutation fallback (ValueError)
home_xg_for_l3,0.007348781128724414,0.005769556853920221,Task L outcome,XGBoost,Permutation fallback (ValueError)
home_shots_on_target_against_l10,0.00730296311589579,0.0061127664521336555,Task L outcome,XGBoost,Permutation fallback (ValueError)
diff_possession_share_l5,0.00677232692142328,0.006551773753017187,Task L outcome,XGBoost,Permutation fallback (ValueError)
diff_possession_share_l3,0.006716061245960488,0.005731291137635708,Task L outcome,XGBoost,Permutation fallback (ValueError)
home_xg_against_l3,0.006540114050110185,0.004940214101225138,Task L outcome,XGBoost,Permutation fallback (ValueError)
away_shots_against_l3,0.006469367228448391,0.003678763983771205,Task L outcome,XGBoost,Permutation fallback (ValueError)
diff_pass_completion_for_l3,0.006255897954106334,0.006748210173100233,Task L outcome,XGBoost,Permutation fallback (ValueError)
home_shots_for_l3,0.006242857502152524,0.004395372234284878,Task L outcome,XGBoost,Permutation fallback (ValueError)
home_xg_for_l5,0.006235923237477737,0.007170697674155235,Task L outcome,XGBoost,Permutation fallback (ValueError)
away_pressures_for_l5,0.006130972687775891,0.008059714920818806,Task L outcome,XGBoost,Permutation fallback (ValueError)
home_shots_against_l5,0.005998399326577792,0.006374914199113846,Task L outcome,XGBoost,Permutation fallback (ValueError)
live_diff_xg,0.005911791782826184,0.016941364854574203,Task L outcome,XGBoost,Permutation fallback (ValueError)
diff_xg_for_l5,0.005724186159049469,0.0065731266513466835,Task L outcome,XGBoost,Permutation fallback (ValueError)
diff_goal_difference_l10,0.005565103551062446,0.0070551298558712006,Task L outcome,XGBoost,Permutation fallback (ValueError)
away_shots_on_target_against_l3,0.0052950519754861826,0.006010347977280617,Task L outcome,XGBoost,Permutation fallback (ValueError)
home_pressures_for_l5,0.005277765220652029,0.005292937159538269,Task L outcome,XGBoost,Permutation fallback (ValueError)
home_pass_completion_for_l10,0.005234624352927012,0.0043326979503035545,Task L outcome,XGBoost,Permutation fallback (ValueError)
away_live_xg,0.005229648408169549,0.01664755307137966,Task L outcome,XGBoost,Permutation fallback (ValueError)
away_possession_share_l5,0.005162737473224596,0.007777216378599405,Task L outcome,XGBoost,Permutation fallback (ValueError)
diff_points_l10,0.0049670736128464305,0.007511932402849197,Task L outcome,XGBoost,Permutation fallback (ValueError)
diff_points_l5,0.004898268582920234,0.005988744553178549,Task L outcome,XGBoost,Permutation fallback (ValueError)
current_home_score,0.004806516441827022,0.013139705173671246,Task L outcome,XGBoost,Permutation fallback (ValueError)
diff_xg_for_l10,0.004485970495889585,0.008339641615748405,Task L outcome,XGBoost,Permutation fallback (ValueError)
diff_goal_difference_l5,0.00435649610931675,0.005659259855747223,Task L outcome,XGBoost,Permutation fallback (ValueError)
away_xg_against_l10,0.00429110607877373,0.0071112471632659435,Task L outcome,XGBoost,Permutation fallback (ValueError)
home_goal_difference_l5,0.004146085261056818,0.005279413424432278,Task L outcome,XGBoost,Permutation fallback (ValueError)
home_passes_for_l3,0.004128334631522493,0.003549328539520502,Task L outcome,XGBoost,Permutation fallback (ValueError)
home_shots_on_target_for_l5,0.0038437163749088852,0.005867821164429188,Task L outcome,XGBoost,Permutation fallback (ValueError)
n_events_so_far,0.003833539313636719,0.019933903589844704,Task L outcome,XGBoost,Permutation fallback (ValueError)
diff_shots_for_l3,0.0037650449983775537,0.005799224134534597,Task L outcome,XGBoost,Permutation fallback (ValueError)
home_shots_against_l3,0.003666539155567679,0.008125857450067997,Task L outcome,XGBoost,Permutation fallback (ValueError)
away_passes_for_l10,0.0036636435184627825,0.003803516272455454,Task L outcome,XGBoost,Permutation fallback (ValueError)
diff_pass_completion_for_l10,0.0035021834683915064,0.005300566554069519,Task L outcome,XGBoost,Permutation fallback (ValueError)
diff_pressures_for_l10,0.0034338145864506596,0.0060438914224505424,Task L outcome,XGBoost,Permutation fallback (ValueError)
home_xg_against_l5,0.003360220851376647,0.006094376090914011,Task L outcome,XGBoost,Permutation fallback (ValueError)
away_pressures_for_l3,0.003274650968300803,0.004185996484011412,Task L outcome,XGBoost,Permutation fallback (ValueError)
p1_away_rank_home,0.003251051487401123,0.004871495999395847,Task L outcome,XGBoost,Permutation fallback (ValueError)
home_possession_share_l5,0.003221493281424048,0.010373634286224842,Task L outcome,XGBoost,Permutation fallback (ValueError)
p1_away_rank_total,0.0031259245704859523,0.005365812219679356,Task L outcome,XGBoost,Permutation fallback (ValueError)
home_goals_for_l10,0.0030737143891553086,0.005254086572676897,Task L outcome,XGBoost,Permutation fallback (ValueError)
away_xg_against_l5,0.002899172294264038,0.0057504018768668175,Task L outcome,XGBoost,Permutation fallback (ValueError)
p1_home_scr_home,0.0028444704093659946,0.005935254506766796,Task L outcome,XGBoost,Permutation fallback (ValueError)
diff_pass_completion_for_l5,0.002800990864324082,0.00566162308678031,Task L outcome,XGBoost,Permutation fallback (ValueError)
home_goals_for_l3,0.0027600163997461495,0.005278116092085838,Task L outcome,XGBoost,Permutation fallback (ValueError)
away_live_pressures,0.002741958987588678,0.009810831397771835,Task L outcome,XGBoost,Permutation fallback (ValueError)
away_shots_on_target_against_l5,0.00273517999735971,0.003369381884112954,Task L outcome,XGBoost,Permutation fallback (ValueError)
home_live_final_third_entries,0.0026882874816656008,0.0036454934161156416,Task L outcome,XGBoost,Permutation fallback (ValueError)
rest_days_difference,0.0026648314620057695,0.004452651832252741,Task L outcome,XGBoost,Permutation fallback (ValueError)
away_pressures_for_l10,0.002606270090987285,0.006532251834869385,Task L outcome,XGBoost,Permutation fallback (ValueError)
away_shots_for_l10,0.0025671787541359653,0.0047343759797513485,Task L outcome,XGBoost,Permutation fallback (ValueError)
away_shots_for_l5,0.0025616717295100246,0.00913388654589653,Task L outcome,XGBoost,Permutation fallback (ValueError)
away_goals_for_l10,0.0024495970206335252,0.007036161608994007,Task L outcome,XGBoost,Permutation fallback (ValueError)
away_xg_for_l3,0.0022162927798926755,0.0048497687093913555,Task L outcome,XGBoost,Permutation fallback (ValueError)
away_final_third_entries_for_l3,0.0021427173347522773,0.00563619751483202,Task L outcome,XGBoost,Permutation fallback (ValueError)
away_passes_for_l3,0.002129552832494187,0.003979526925832033,Task L outcome,XGBoost,Permutation fallback (ValueError)
home_goals_against_l3,0.0020872728725274447,0.006409914698451757,Task L outcome,XGBoost,Permutation fallback (ValueError)
diff_shots_for_l5,0.002071127938106657,0.005800020880997181,Task L outcome,XGBoost,Permutation fallback (ValueError)
p1_home_con_home,0.0020704733853538835,0.004011047072708607,Task L outcome,XGBoost,Permutation fallback (ValueError)
p1_away_scr_total,0.002050270941108469,0.005979306995868683,Task L outcome,XGBoost,Permutation fallback (ValueError)
p1_home_rank_away,0.002006110138570265,0.0047195060178637505,Task L outcome,XGBoost,Permutation fallback (ValueError)
home_shots_on_target_against_l5,0.0019705797809486626,0.0036532902158796787,Task L outcome,XGBoost,Permutation fallback (ValueError)
away_pass_completion_for_l5,0.0019612212584664388,0.0053381710313260555,Task L outcome,XGBoost,Permutation fallback (ValueError)
home_goal_difference_l3,0.0019451171594361534,0.007439464796334505,Task L outcome,XGBoost,Permutation fallback (ValueError)
home_shots_on_target_for_l10,0.001943142419991397,0.003941114991903305,Task L outcome,XGBoost,Permutation fallback (ValueError)
away_red_cards_for_l10,0.0019117678242425173,0.004122165963053703,Task L outcome,XGBoost,Permutation fallback (ValueError)
away_possession_share_l10,0.001896506410092119,0.010398906655609608,Task L outcome,XGBoost,Permutation fallback (ValueError)
diff_pressures_for_l5,0.0018840117081999747,0.0043816943652927876,Task L outcome,XGBoost,Permutation fallback (ValueError)
away_live_final_third_entries,0.001870398234265543,0.011945103295147419,Task L outcome,XGBoost,Permutation fallback (ValueError)
home_goal_difference_l10,0.0018172235774497176,0.0010425932705402374,Task L outcome,XGBoost,Permutation fallback (ValueError)
away_shots_on_target_against_l10,0.001785913729419309,0.005264605861157179,Task L outcome,XGBoost,Permutation fallback (ValueError)
away_goals_for_l5,0.001762875630520285,0.004522467497736216,Task L outcome,XGBoost,Permutation fallback (ValueError)
away_goal_difference_l3,0.0017591265396525372,0.005801762454211712,Task L outcome,XGBoost,Permutation fallback (ValueError)
away_live_shots,0.0017098024388154433,0.012777715921401978,Task L outcome,XGBoost,Permutation fallback (ValueError)
home_pressures_for_l10,0.0016508183783541157,0.004552974831312895,Task L outcome,XGBoost,Permutation fallback (ValueError)
home_shots_against_l10,0.0015884348787367378,0.006257571280002594,Task L outcome,XGBoost,Permutation fallback (ValueError)
home_shots_for_l5,0.0015681029905875556,0.004406330641359091,Task L outcome,XGBoost,Permutation fallback (ValueError)
away_xg_for_l10,0.001538892739141981,0.004136350471526384,Task L outcome,XGBoost,Permutation fallback (ValueError)
p1_home_scr_total,0.0015369748255858874,0.007419537752866745,Task L outcome,XGBoost,Permutation fallback (ValueError)
away_rest_days,0.0015125043280422674,0.0035424421075731516,Task L outcome,XGBoost,Permutation fallback (ValueError)
away_xg_for_l5,0.0014608733796824989,0.003862150711938739,Task L outcome,XGBoost,Permutation fallback (ValueError)
home_goals_against_l5,0.001422215751682715,0.006740779150277376,Task L outcome,XGBoost,Permutation fallback (ValueError)
away_goals_against_l10,0.0014044105634093216,0.006544298026710749,Task L outcome,XGBoost,Permutation fallback (ValueError)
away_passes_for_l5,0.0013718996575723108,0.00549731869250536,Task L outcome,XGBoost,Permutation fallback (ValueError)
home_points_l10,0.0013498538614561135,0.0054243216291069984,Task L outcome,XGBoost,Permutation fallback (ValueError)
home_possession_share_l3,0.001206560862561071,0.005479380488395691,Task L outcome,XGBoost,Permutation fallback (ValueError)
away_goal_difference_l5,0.0011628066226840063,0.005962768569588661,Task L outcome,XGBoost,Permutation fallback (ValueError)
p1_away_scr_away,0.0011434804188708457,0.0041925315745174885,Task L outcome,XGBoost,Permutation fallback (ValueError)
snapshot_minute,0.001103113769864041,0.008139427751302719,Task L outcome,XGBoost,Permutation fallback (ValueError)
away_points_l10,0.0010816652358820017,0.0029504778794944286,Task L outcome,XGBoost,Permutation fallback (ValueError)
away_shots_against_l5,0.0010603460147976887,0.0032223628368228674,Task L outcome,XGBoost,Permutation fallback (ValueError)
home_pressures_for_l3,0.0010481148920953266,0.003162198467180133,Task L outcome,XGBoost,Permutation fallback (ValueError)
home_passes_for_l5,0.00102027473226189,0.006675770040601492,Task L outcome,XGBoost,Permutation fallback (ValueError)
diff_points_l3,0.0008784969672560703,0.004388346802443266,Task L outcome,XGBoost,Permutation fallback (ValueError)
home_xg_for_l10,0.0008535485913356096,0.00348480511456728,Task L outcome,XGBoost,Permutation fallback (ValueError)
home_goals_against_l10,0.0008267025562624095,0.0052285767160356045,Task L outcome,XGBoost,Permutation fallback (ValueError)
diff_shots_for_l10,0.000793567663369079,0.00797413382679224,Task L outcome,XGBoost,Permutation fallback (ValueError)
home_points_l5,0.0007916682182500833,0.005696126259863377,Task L outcome,XGBoost,Permutation fallback (ValueError)
away_shots_on_target_for_l3,0.0007634891681373145,0.004653112031519413,Task L outcome,XGBoost,Permutation fallback (ValueError)
home_xg_against_l10,0.0007569176511218203,0.006101168692111969,Task L outcome,XGBoost,Permutation fallback (ValueError)
away_shots_for_l3,0.0007524743825197203,0.005887850187718868,Task L outcome,XGBoost,Permutation fallback (ValueError)
away_live_pass_completion,0.0007400461708505927,0.0007430250407196581,Task L outcome,XGBoost,Permutation fallback (ValueError)
away_goals_against_l3,0.0007236234669884036,0.004528540652245283,Task L outcome,XGBoost,Permutation fallback (ValueError)
live_diff_final_third_entries,0.0006883651294435103,0.0016338240820914507,Task L outcome,XGBoost,Permutation fallback (ValueError)
live_diff_pressures,0.0006708596522609323,0.0023937595542520285,Task L outcome,XGBoost,Permutation fallback (ValueError)
home_shots_for_l10,0.0006657740256438644,0.0039513991214334965,Task L outcome,XGBoost,Permutation fallback (ValueError)
home_passes_for_l10,0.0006627128068357676,0.004859397653490305,Task L outcome,XGBoost,Permutation fallback (ValueError)
p1_home_scr_away,0.00065384972964724,0.007035695016384125,Task L outcome,XGBoost,Permutation fallback (ValueError)
away_goals_for_l3,0.0006339479088783168,0.004538896959275007,Task L outcome,XGBoost,Permutation fallback (ValueError)
home_final_third_entries_for_l10,0.0006240657232701863,0.0037316277157515287,Task L outcome,XGBoost,Permutation fallback (ValueError)
home_possession_share_l10,0.0005910810387382866,0.006624999456107616,Task L outcome,XGBoost,Permutation fallback (ValueError)
away_points_l3,0.0005755054460217576,0.004966377280652523,Task L outcome,XGBoost,Permutation fallback (ValueError)
home_live_shots_on_target,0.0005665020067244737,0.005418847780674696,Task L outcome,XGBoost,Permutation fallback (ValueError)
away_points_l5,0.0005524070030078304,0.004399411845952272,Task L outcome,XGBoost,Permutation fallback (ValueError)
away_final_third_entries_for_l5,0.0005463029438008891,0.006980325095355511,Task L outcome,XGBoost,Permutation fallback (ValueError)
home_live_pressures,0.0005271249078214144,0.027767978608608246,Task L outcome,XGBoost,Permutation fallback (ValueError)
away_shots_against_l10,0.0004972276433060587,0.00443236343562603,Task L outcome,XGBoost,Permutation fallback (ValueError)
home_points_l3,0.00042538027279078437,0.0038432974833995104,Task L outcome,XGBoost,Permutation fallback (ValueError)
p1_home_rank_home,0.00037114503296712835,0.005646275822073221,Task L outcome,XGBoost,Permutation fallback (ValueError)
p1_away_rank_away,0.00035703864010672067,0.004159752745181322,Task L outcome,XGBoost,Permutation fallback (ValueError)
home_live_carries,0.0003296880138417051,0.008868860080838203,Task L outcome,XGBoost,Permutation fallback (ValueError)
diff_goal_difference_l3,0.0002601111400872513,0.0019684459548443556,Task L outcome,XGBoost,Permutation fallback (ValueError)
home_red_cards_for_l10,0.0002016217584411328,0.00442087696865201,Task L outcome,XGBoost,Permutation fallback (ValueError)
home_red_cards_for_l3,0.00019523219857365247,0.0034655025228857994,Task L outcome,XGBoost,Permutation fallback (ValueError)
p1_away_con_home,0.0001375641226768513,0.004306466784328222,Task L outcome,XGBoost,Permutation fallback (ValueError)
p1_home_rank_total,0.00010974204788605686,0.0020623074378818274,Task L outcome,XGBoost,Permutation fallback (ValueError)
home_live_pass_completion,7.823019350568736e-05,0.0007126100827008486,Task L outcome,XGBoost,Permutation fallback (ValueError)
live_diff_shots,6.485698620478283e-05,0.0031138004269450903,Task L outcome,XGBoost,Permutation fallback (ValueError)
home_live_shots,6.052631388108245e-05,3.4014290577033535e-05,Task L outcome,XGBoost,Permutation fallback (ValueError)
away_live_corners,5.382644509275697e-05,0.000984239624813199,Task L outcome,XGBoost,Permutation fallback (ValueError)
away_live_shots_on_target,5.3210851425929936e-05,0.0029919161461293697,Task L outcome,XGBoost,Permutation fallback (ValueError)
away_live_carries,4.315320650736439e-05,0.0005432390607893467,Task L outcome,XGBoost,Permutation fallback (ValueError)
live_diff_shots_on_target,2.123861014843298e-05,0.003402899019420147,Task L outcome,XGBoost,Permutation fallback (ValueError)
missingindicator_diff_possession_share_l3,0.0,0.0,Task L outcome,XGBoost,Permutation fallback (ValueError)
snapshot_period,0.0,0.0,Task L outcome,XGBoost,Permutation fallback (ValueError)
home_live_completed_passes,0.0,0.0,Task L outcome,XGBoost,Permutation fallback (ValueError)
time_remaining_minutes,0.0,0.0,Task L outcome,XGBoost,Permutation fallback (ValueError)
home_live_passes,0.0,0.0,Task L outcome,XGBoost,Permutation fallback (ValueError)
reference_second,0.0,0.0,Task L outcome,XGBoost,Permutation fallback (ValueError)
snapshot_rank,0.0,0.0,Task L outcome,XGBoost,Permutation fallback (ValueError)
missingindicator_diff_points_l5,0.0,0.0,Task L outcome,XGBoost,Permutation fallback (ValueError)
missingindicator_diff_goal_difference_l5,0.0,0.0,Task L outcome,XGBoost,Permutation fallback (ValueError)
missingindicator_diff_pressures_for_l5,0.0,0.0,Task L outcome,XGBoost,Permutation fallback (ValueError)
missingindicator_diff_pass_completion_for_l5,0.0,0.0,Task L outcome,XGBoost,Permutation fallback (ValueError)
missingindicator_diff_xg_for_l5,0.0,0.0,Task L outcome,XGBoost,Permutation fallback (ValueError)
missingindicator_diff_shots_for_l5,0.0,0.0,Task L outcome,XGBoost,Permutation fallback (ValueError)
away_missing_history_l5,0.0,0.0,Task L outcome,XGBoost,Permutation fallback (ValueError)
away_missing_history_l3,0.0,0.0,Task L outcome,XGBoost,Permutation fallback (ValueError)
away_history_matches_before,0.0,0.004908071365207434,Task L outcome,XGBoost,Permutation fallback (ValueError)
home_missing_history_l10,0.0,0.0,Task L outcome,XGBoost,Permutation fallback (ValueError)
home_missing_history_l5,0.0,0.0,Task L outcome,XGBoost,Permutation fallback (ValueError)
away_red_cards_for_l5,0.0,0.0,Task L outcome,XGBoost,Permutation fallback (ValueError)
home_missing_history_l3,0.0,0.0,Task L outcome,XGBoost,Permutation fallback (ValueError)
home_red_cards_for_l5,0.0,0.0,Task L outcome,XGBoost,Permutation fallback (ValueError)
away_red_cards_for_l3,0.0,0.0,Task L outcome,XGBoost,Permutation fallback (ValueError)
away_live_final_third_entries_last10,0.0,0.0,Task L outcome,XGBoost,Permutation fallback (ValueError)
man_advantage_home,0.0,0.0,Task L outcome,XGBoost,Permutation fallback (ValueError)
away_live_xg_last10,0.0,0.0,Task L outcome,XGBoost,Permutation fallback (ValueError)
home_history_matches_before,0.0,0.0033409367315471172,Task L outcome,XGBoost,Permutation fallback (ValueError)
live_diff_pressures_last5,0.0,0.0,Task L outcome,XGBoost,Permutation fallback (ValueError)
live_diff_xg_last5,0.0,0.0,Task L outcome,XGBoost,Permutation fallback (ValueError)
live_diff_shots_last5,0.0,0.0,Task L outcome,XGBoost,Permutation fallback (ValueError)
live_diff_possession_share,0.0,0.0,Task L outcome,XGBoost,Permutation fallback (ValueError)
away_live_pressures_last10,0.0,0.0,Task L outcome,XGBoost,Permutation fallback (ValueError)
away_live_completed_passes,0.0,0.0,Task L outcome,XGBoost,Permutation fallback (ValueError)
missingindicator_diff_pressures_for_l3,0.0,0.0,Task L outcome,XGBoost,Permutation fallback (ValueError)
missingindicator_diff_goal_difference_l3,0.0,0.0,Task L outcome,XGBoost,Permutation fallback (ValueError)
missingindicator_diff_pass_completion_for_l3,0.0,0.0,Task L outcome,XGBoost,Permutation fallback (ValueError)
missingindicator_diff_xg_for_l3,0.0,0.0,Task L outcome,XGBoost,Permutation fallback (ValueError)
missingindicator_diff_shots_for_l3,0.0,0.0,Task L outcome,XGBoost,Permutation fallback (ValueError)
missingindicator_away_possession_share_l10,0.0,0.0,Task L outcome,XGBoost,Permutation fallback (ValueError)
missingindicator_diff_points_l3,0.0,0.0,Task L outcome,XGBoost,Permutation fallback (ValueError)
missingindicator_away_red_cards_for_l10,0.0,0.0,Task L outcome,XGBoost,Permutation fallback (ValueError)
missingindicator_away_final_third_entries_for_l10,0.0,0.0,Task L outcome,XGBoost,Permutation fallback (ValueError)
away_live_final_third_entries_last5,0.0,0.0,Task L outcome,XGBoost,Permutation fallback (ValueError)
away_live_pressures_last5,0.0,0.0,Task L outcome,XGBoost,Permutation fallback (ValueError)
away_live_xg_last5,0.0,0.0,Task L outcome,XGBoost,Permutation fallback (ValueError)
away_live_shots_last5,0.0,0.0,Task L outcome,XGBoost,Permutation fallback (ValueError)
away_live_possession_share,0.0,0.0,Task L outcome,XGBoost,Permutation fallback (ValueError)
away_live_red_cards,0.0,0.0,Task L outcome,XGBoost,Permutation fallback (ValueError)
away_live_fouls,0.0,0.0,Task L outcome,XGBoost,Permutation fallback (ValueError)
away_live_passes,0.0,0.0,Task L outcome,XGBoost,Permutation fallback (ValueError)
away_missing_history_l10,0.0,0.0,Task L outcome,XGBoost,Permutation fallback (ValueError)
home_live_xg_last5,0.0,0.0,Task L outcome,XGBoost,Permutation fallback (ValueError)
home_live_shots_last5,0.0,0.0,Task L outcome,XGBoost,Permutation fallback (ValueError)
away_live_shots_last10,0.0,0.0,Task L outcome,XGBoost,Permutation fallback (ValueError)
home_live_fouls,0.0,0.0,Task L outcome,XGBoost,Permutation fallback (ValueError)
home_live_corners,0.0,0.0,Task L outcome,XGBoost,Permutation fallback (ValueError)
home_live_red_cards,0.0,0.0,Task L outcome,XGBoost,Permutation fallback (ValueError)
home_live_possession_share,0.0,0.0,Task L outcome,XGBoost,Permutation fallback (ValueError)
home_live_final_third_entries_last10,0.0,0.0,Task L outcome,XGBoost,Permutation fallback (ValueError)
home_live_pressures_last10,0.0,0.0,Task L outcome,XGBoost,Permutation fallback (ValueError)
home_live_xg_last10,0.0,0.0,Task L outcome,XGBoost,Permutation fallback (ValueError)
home_live_shots_last10,0.0,0.0,Task L outcome,XGBoost,Permutation fallback (ValueError)
home_live_final_third_entries_last5,0.0,0.0,Task L outcome,XGBoost,Permutation fallback (ValueError)
home_live_pressures_last5,0.0,0.0,Task L outcome,XGBoost,Permutation fallback (ValueError)
missingindicator_home_live_pass_completion,0.0,0.0,Task L outcome,XGBoost,Permutation fallback (ValueError)
missingindicator_away_live_pass_completion,0.0,0.0,Task L outcome,XGBoost,Permutation fallback (ValueError)
missingindicator_home_rest_days,0.0,0.0,Task L outcome,XGBoost,Permutation fallback (ValueError)
missingindicator_home_points_l3,0.0,0.0,Task L outcome,XGBoost,Permutation fallback (ValueError)
missingindicator_home_goals_for_l3,0.0,0.0,Task L outcome,XGBoost,Permutation fallback (ValueError)
missingindicator_home_goals_against_l3,0.0,0.0,Task L outcome,XGBoost,Permutation fallback (ValueError)
missingindicator_home_goal_difference_l3,0.0,0.0,Task L outcome,XGBoost,Permutation fallback (ValueError)
missingindicator_home_shots_for_l3,0.0,0.0,Task L outcome,XGBoost,Permutation fallback (ValueError)
missingindicator_home_shots_against_l3,0.0,0.0,Task L outcome,XGBoost,Permutation fallback (ValueError)
missingindicator_home_shots_on_target_for_l3,0.0,0.0,Task L outcome,XGBoost,Permutation fallback (ValueError)
missingindicator_home_shots_on_target_against_l3,0.0,0.0,Task L outcome,XGBoost,Permutation fallback (ValueError)
missingindicator_home_xg_for_l3,0.0,0.0,Task L outcome,XGBoost,Permutation fallback (ValueError)
missingindicator_home_xg_against_l3,0.0,0.0,Task L outcome,XGBoost,Permutation fallback (ValueError)
missingindicator_home_passes_for_l3,0.0,0.0,Task L outcome,XGBoost,Permutation fallback (ValueError)
missingindicator_home_pass_completion_for_l3,0.0,0.0,Task L outcome,XGBoost,Permutation fallback (ValueError)
missingindicator_home_pressures_for_l3,0.0,0.0,Task L outcome,XGBoost,Permutation fallback (ValueError)
missingindicator_home_final_third_entries_for_l3,0.0,0.0,Task L outcome,XGBoost,Permutation fallback (ValueError)
missingindicator_home_red_cards_for_l3,0.0,0.0,Task L outcome,XGBoost,Permutation fallback (ValueError)
missingindicator_home_possession_share_l3,0.0,0.0,Task L outcome,XGBoost,Permutation fallback (ValueError)
missingindicator_home_points_l5,0.0,0.0,Task L outcome,XGBoost,Permutation fallback (ValueError)
missingindicator_home_goals_for_l5,0.0,0.0,Task L outcome,XGBoost,Permutation fallback (ValueError)
missingindicator_home_goals_against_l5,0.0,0.0,Task L outcome,XGBoost,Permutation fallback (ValueError)
missingindicator_home_goal_difference_l5,0.0,0.0,Task L outcome,XGBoost,Permutation fallback (ValueError)
missingindicator_home_shots_for_l5,0.0,0.0,Task L outcome,XGBoost,Permutation fallback (ValueError)
missingindicator_home_shots_against_l5,0.0,0.0,Task L outcome,XGBoost,Permutation fallback (ValueError)
missingindicator_home_shots_on_target_for_l5,0.0,0.0,Task L outcome,XGBoost,Permutation fallback (ValueError)
missingindicator_home_shots_on_target_against_l5,0.0,0.0,Task L outcome,XGBoost,Permutation fallback (ValueError)
missingindicator_home_xg_for_l5,0.0,0.0,Task L outcome,XGBoost,Permutation fallback (ValueError)
missingindicator_home_xg_against_l5,0.0,0.0,Task L outcome,XGBoost,Permutation fallback (ValueError)
missingindicator_home_passes_for_l5,0.0,0.0,Task L outcome,XGBoost,Permutation fallback (ValueError)
missingindicator_home_pass_completion_for_l5,0.0,0.0,Task L outcome,XGBoost,Permutation fallback (ValueError)
missingindicator_home_pressures_for_l5,0.0,0.0,Task L outcome,XGBoost,Permutation fallback (ValueError)
missingindicator_home_final_third_entries_for_l5,0.0,0.0,Task L outcome,XGBoost,Permutation fallback (ValueError)
missingindicator_home_red_cards_for_l5,0.0,0.0,Task L outcome,XGBoost,Permutation fallback (ValueError)
missingindicator_home_possession_share_l5,0.0,0.0,Task L outcome,XGBoost,Permutation fallback (ValueError)
missingindicator_home_points_l10,0.0,0.0,Task L outcome,XGBoost,Permutation fallback (ValueError)
missingindicator_home_goals_for_l10,0.0,0.0,Task L outcome,XGBoost,Permutation fallback (ValueError)
missingindicator_home_goals_against_l10,0.0,0.0,Task L outcome,XGBoost,Permutation fallback (ValueError)
missingindicator_home_goal_difference_l10,0.0,0.0,Task L outcome,XGBoost,Permutation fallback (ValueError)
missingindicator_home_shots_for_l10,0.0,0.0,Task L outcome,XGBoost,Permutation fallback (ValueError)
missingindicator_home_shots_against_l10,0.0,0.0,Task L outcome,XGBoost,Permutation fallback (ValueError)
missingindicator_home_shots_on_target_for_l10,0.0,0.0,Task L outcome,XGBoost,Permutation fallback (ValueError)
missingindicator_home_shots_on_target_against_l10,0.0,0.0,Task L outcome,XGBoost,Permutation fallback (ValueError)
missingindicator_home_xg_for_l10,0.0,0.0,Task L outcome,XGBoost,Permutation fallback (ValueError)
missingindicator_home_xg_against_l10,0.0,0.0,Task L outcome,XGBoost,Permutation fallback (ValueError)
missingindicator_home_passes_for_l10,0.0,0.0,Task L outcome,XGBoost,Permutation fallback (ValueError)
missingindicator_home_pass_completion_for_l10,0.0,0.0,Task L outcome,XGBoost,Permutation fallback (ValueError)
missingindicator_home_pressures_for_l10,0.0,0.0,Task L outcome,XGBoost,Permutation fallback (ValueError)
missingindicator_home_final_third_entries_for_l10,0.0,0.0,Task L outcome,XGBoost,Permutation fallback (ValueError)
missingindicator_home_red_cards_for_l10,0.0,0.0,Task L outcome,XGBoost,Permutation fallback (ValueError)
missingindicator_home_possession_share_l10,0.0,0.0,Task L outcome,XGBoost,Permutation fallback (ValueError)
missingindicator_away_rest_days,0.0,0.0,Task L outcome,XGBoost,Permutation fallback (ValueError)
missingindicator_away_points_l3,0.0,0.0,Task L outcome,XGBoost,Permutation fallback (ValueError)
missingindicator_away_goals_for_l3,0.0,0.0,Task L outcome,XGBoost,Permutation fallback (ValueError)
missingindicator_away_goals_against_l3,0.0,0.0,Task L outcome,XGBoost,Permutation fallback (ValueError)
missingindicator_away_goal_difference_l3,0.0,0.0,Task L outcome,XGBoost,Permutation fallback (ValueError)
missingindicator_away_shots_for_l3,0.0,0.0,Task L outcome,XGBoost,Permutation fallback (ValueError)
missingindicator_away_shots_against_l3,0.0,0.0,Task L outcome,XGBoost,Permutation fallback (ValueError)
missingindicator_away_shots_on_target_for_l3,0.0,0.0,Task L outcome,XGBoost,Permutation fallback (ValueError)
missingindicator_away_shots_on_target_against_l3,0.0,0.0,Task L outcome,XGBoost,Permutation fallback (ValueError)
missingindicator_away_xg_for_l3,0.0,0.0,Task L outcome,XGBoost,Permutation fallback (ValueError)
missingindicator_away_xg_against_l3,0.0,0.0,Task L outcome,XGBoost,Permutation fallback (ValueError)
missingindicator_away_passes_for_l3,0.0,0.0,Task L outcome,XGBoost,Permutation fallback (ValueError)
missingindicator_away_pass_completion_for_l3,0.0,0.0,Task L outcome,XGBoost,Permutation fallback (ValueError)
missingindicator_away_pressures_for_l3,0.0,0.0,Task L outcome,XGBoost,Permutation fallback (ValueError)
missingindicator_away_final_third_entries_for_l3,0.0,0.0,Task L outcome,XGBoost,Permutation fallback (ValueError)
missingindicator_away_red_cards_for_l3,0.0,0.0,Task L outcome,XGBoost,Permutation fallback (ValueError)
missingindicator_away_possession_share_l3,0.0,0.0,Task L outcome,XGBoost,Permutation fallback (ValueError)
missingindicator_away_points_l5,0.0,0.0,Task L outcome,XGBoost,Permutation fallback (ValueError)
missingindicator_away_goals_for_l5,0.0,0.0,Task L outcome,XGBoost,Permutation fallback (ValueError)
missingindicator_away_goals_against_l5,0.0,0.0,Task L outcome,XGBoost,Permutation fallback (ValueError)
missingindicator_away_goal_difference_l5,0.0,0.0,Task L outcome,XGBoost,Permutation fallback (ValueError)
missingindicator_away_shots_for_l5,0.0,0.0,Task L outcome,XGBoost,Permutation fallback (ValueError)
missingindicator_away_shots_against_l5,0.0,0.0,Task L outcome,XGBoost,Permutation fallback (ValueError)
missingindicator_away_shots_on_target_for_l5,0.0,0.0,Task L outcome,XGBoost,Permutation fallback (ValueError)
missingindicator_away_shots_on_target_against_l5,0.0,0.0,Task L outcome,XGBoost,Permutation fallback (ValueError)
missingindicator_away_xg_for_l5,0.0,0.0,Task L outcome,XGBoost,Permutation fallback (ValueError)
missingindicator_away_xg_against_l5,0.0,0.0,Task L outcome,XGBoost,Permutation fallback (ValueError)
missingindicator_away_passes_for_l5,0.0,0.0,Task L outcome,XGBoost,Permutation fallback (ValueError)
missingindicator_away_pass_completion_for_l5,0.0,0.0,Task L outcome,XGBoost,Permutation fallback (ValueError)
missingindicator_away_pressures_for_l5,0.0,0.0,Task L outcome,XGBoost,Permutation fallback (ValueError)
missingindicator_away_final_third_entries_for_l5,0.0,0.0,Task L outcome,XGBoost,Permutation fallback (ValueError)
missingindicator_away_red_cards_for_l5,0.0,0.0,Task L outcome,XGBoost,Permutation fallback (ValueError)
missingindicator_away_possession_share_l5,0.0,0.0,Task L outcome,XGBoost,Permutation fallback (ValueError)
missingindicator_away_points_l10,0.0,0.0,Task L outcome,XGBoost,Permutation fallback (ValueError)
missingindicator_away_goals_for_l10,0.0,0.0,Task L outcome,XGBoost,Permutation fallback (ValueError)
missingindicator_away_goals_against_l10,0.0,0.0,Task L outcome,XGBoost,Permutation fallback (ValueError)
missingindicator_away_goal_difference_l10,0.0,0.0,Task L outcome,XGBoost,Permutation fallback (ValueError)
missingindicator_away_shots_for_l10,0.0,0.0,Task L outcome,XGBoost,Permutation fallback (ValueError)
missingindicator_away_shots_against_l10,0.0,0.0,Task L outcome,XGBoost,Permutation fallback (ValueError)
missingindicator_away_shots_on_target_for_l10,0.0,0.0,Task L outcome,XGBoost,Permutation fallback (ValueError)
missingindicator_away_shots_on_target_against_l10,0.0,0.0,Task L outcome,XGBoost,Permutation fallback (ValueError)
missingindicator_away_xg_for_l10,0.0,0.0,Task L outcome,XGBoost,Permutation fallback (ValueError)
missingindicator_away_xg_against_l10,0.0,0.0,Task L outcome,XGBoost,Permutation fallback (ValueError)
missingindicator_away_passes_for_l10,0.0,0.0,Task L outcome,XGBoost,Permutation fallback (ValueError)
missingindicator_away_pass_completion_for_l10,0.0,0.0,Task L outcome,XGBoost,Permutation fallback (ValueError)
missingindicator_away_pressures_for_l10,0.0,0.0,Task L outcome,XGBoost,Permutation fallback (ValueError)
missingindicator_diff_possession_share_l5,0.0,0.0,Task L outcome,XGBoost,Permutation fallback (ValueError)
missingindicator_diff_points_l10,0.0,0.0,Task L outcome,XGBoost,Permutation fallback (ValueError)
missingindicator_diff_goal_difference_l10,0.0,0.0,Task L outcome,XGBoost,Permutation fallback (ValueError)
missingindicator_diff_shots_for_l10,0.0,0.0,Task L outcome,XGBoost,Permutation fallback (ValueError)
missingindicator_diff_xg_for_l10,0.0,0.0,Task L outcome,XGBoost,Permutation fallback (ValueError)
missingindicator_diff_pass_completion_for_l10,0.0,0.0,Task L outcome,XGBoost,Permutation fallback (ValueError)
missingindicator_diff_pressures_for_l10,0.0,0.0,Task L outcome,XGBoost,Permutation fallback (ValueError)
missingindicator_diff_possession_share_l10,0.0,0.0,Task L outcome,XGBoost,Permutation fallback (ValueError)
missingindicator_rest_days_difference,0.0,0.0,Task L outcome,XGBoost,Permutation fallback (ValueError)
current_goal_difference,0.18111548266892144,202.0,Task L outcome,LightGBM,Permutation fallback (ExplainerError)
diff_xg_for_l3,0.05071019706761794,82.0,Task L outcome,LightGBM,Permutation fallback (ExplainerError)
current_away_score,0.03107306247561976,43.0,Task L outcome,LightGBM,Permutation fallback (ExplainerError)
diff_pressures_for_l3,0.02716503922859963,51.0,Task L outcome,LightGBM,Permutation fallback (ExplainerError)
away_pass_completion_for_l3,0.02496078787500981,80.0,Task L outcome,LightGBM,Permutation fallback (ExplainerError)
p1_away_con_total,0.0229300854421255,59.0,Task L outcome,LightGBM,Permutation fallback (ExplainerError)
home_shots_on_target_for_l3,0.022779898953900948,73.0,Task L outcome,LightGBM,Permutation fallback (ExplainerError)
away_goal_difference_l10,0.022180475465442984,58.0,Task L outcome,LightGBM,Permutation fallback (ExplainerError)
p1_away_con_away,0.021159610859232895,54.0,Task L outcome,LightGBM,Permutation fallback (ExplainerError)
home_goals_for_l5,0.021157032393074874,51.0,Task L outcome,LightGBM,Permutation fallback (ExplainerError)
home_shots_on_target_against_l3,0.02063427646738972,104.0,Task L outcome,LightGBM,Permutation fallback (ExplainerError)
p1_home_con_away,0.018951521760546722,78.0,Task L outcome,LightGBM,Permutation fallback (ExplainerError)
away_pressures_for_l5,0.018394163987639194,35.0,Task L outcome,LightGBM,Permutation fallback (ExplainerError)
away_pass_completion_for_l10,0.016764197418464112,30.0,Task L outcome,LightGBM,Permutation fallback (ExplainerError)
home_final_third_entries_for_l5,0.015461482998194703,58.0,Task L outcome,LightGBM,Permutation fallback (ExplainerError)
p1_away_scr_home,0.015153416706223489,42.0,Task L outcome,LightGBM,Permutation fallback (ExplainerError)
home_pressures_for_l5,0.013745581205242309,21.0,Task L outcome,LightGBM,Permutation fallback (ExplainerError)
home_pass_completion_for_l5,0.013273988543757841,33.0,Task L outcome,LightGBM,Permutation fallback (ExplainerError)
home_final_third_entries_for_l3,0.012844847759443678,38.0,Task L outcome,LightGBM,Permutation fallback (ExplainerError)
away_shots_on_target_for_l5,0.012666168435428575,45.0,Task L outcome,LightGBM,Permutation fallback (ExplainerError)
away_shots_on_target_for_l10,0.012611705807179834,28.0,Task L outcome,LightGBM,Permutation fallback (ExplainerError)
home_pass_completion_for_l10,0.01184283689435663,26.0,Task L outcome,LightGBM,Permutation fallback (ExplainerError)
away_goals_against_l5,0.011271042719503084,39.0,Task L outcome,LightGBM,Permutation fallback (ExplainerError)
home_live_xg,0.011164407818292308,28.0,Task L outcome,LightGBM,Permutation fallback (ExplainerError)
away_shots_against_l3,0.010869403320671486,31.0,Task L outcome,LightGBM,Permutation fallback (ExplainerError)
home_xg_against_l3,0.010037294262697088,65.0,Task L outcome,LightGBM,Permutation fallback (ExplainerError)
p1_home_con_total,0.009829366266111821,50.0,Task L outcome,LightGBM,Permutation fallback (ExplainerError)
away_xg_against_l3,0.009710493946125508,39.0,Task L outcome,LightGBM,Permutation fallback (ExplainerError)
home_pass_completion_for_l3,0.009506041404985236,47.0,Task L outcome,LightGBM,Permutation fallback (ExplainerError)
diff_xg_for_l10,0.008972210054574385,38.0,Task L outcome,LightGBM,Permutation fallback (ExplainerError)
home_rest_days,0.008374507229758818,76.0,Task L outcome,LightGBM,Permutation fallback (ExplainerError)
home_xg_for_l5,0.00836272597930358,50.0,Task L outcome,LightGBM,Permutation fallback (ExplainerError)
diff_goal_difference_l5,0.008142777032740148,44.0,Task L outcome,LightGBM,Permutation fallback (ExplainerError)
home_shots_on_target_for_l5,0.008007543389279902,55.0,Task L outcome,LightGBM,Permutation fallback (ExplainerError)
away_possession_share_l3,0.007902532877478352,56.0,Task L outcome,LightGBM,Permutation fallback (ExplainerError)
home_shots_for_l3,0.007865759727164497,42.0,Task L outcome,LightGBM,Permutation fallback (ExplainerError)
away_final_third_entries_for_l10,0.007753244791638491,30.0,Task L outcome,LightGBM,Permutation fallback (ExplainerError)
diff_possession_share_l3,0.007679834301138571,30.0,Task L outcome,LightGBM,Permutation fallback (ExplainerError)
diff_possession_share_l10,0.0076559425927422336,25.0,Task L outcome,LightGBM,Permutation fallback (ExplainerError)
home_shots_against_l5,0.0075178666743481535,55.0,Task L outcome,LightGBM,Permutation fallback (ExplainerError)
diff_possession_share_l5,0.0073559988299749576,47.0,Task L outcome,LightGBM,Permutation fallback (ExplainerError)
away_possession_share_l5,0.00677347300034575,26.0,Task L outcome,LightGBM,Permutation fallback (ExplainerError)
home_xg_for_l3,0.006661511415712485,44.0,Task L outcome,LightGBM,Permutation fallback (ExplainerError)
home_passes_for_l3,0.006569743920061252,45.0,Task L outcome,LightGBM,Permutation fallback (ExplainerError)
home_shots_on_target_against_l10,0.006471646163710292,13.0,Task L outcome,LightGBM,Permutation fallback (ExplainerError)
live_diff_xg,0.006406134173813773,19.0,Task L outcome,LightGBM,Permutation fallback (ExplainerError)
diff_pressures_for_l10,0.006338954585905386,30.0,Task L outcome,LightGBM,Permutation fallback (ExplainerError)
diff_goal_difference_l10,0.006187124512659415,42.0,Task L outcome,LightGBM,Permutation fallback (ExplainerError)
p1_home_scr_home,0.005688633741854474,54.0,Task L outcome,LightGBM,Permutation fallback (ExplainerError)
away_live_pressures,0.005638671224419727,9.0,Task L outcome,LightGBM,Permutation fallback (ExplainerError)
away_shots_on_target_against_l3,0.005548767521670772,58.0,Task L outcome,LightGBM,Permutation fallback (ExplainerError)
away_pressures_for_l3,0.005495223363699139,38.0,Task L outcome,LightGBM,Permutation fallback (ExplainerError)
p1_home_rank_away,0.005419354945484316,32.0,Task L outcome,LightGBM,Permutation fallback (ExplainerError)
away_shots_for_l10,0.005316018986487296,30.0,Task L outcome,LightGBM,Permutation fallback (ExplainerError)
away_xg_against_l10,0.005179275631235921,61.0,Task L outcome,LightGBM,Permutation fallback (ExplainerError)
p1_away_rank_total,0.005111082101008465,30.0,Task L outcome,LightGBM,Permutation fallback (ExplainerError)
diff_points_l5,0.0050647045707558494,24.0,Task L outcome,LightGBM,Permutation fallback (ExplainerError)
n_events_so_far,0.005055426539822646,17.0,Task L outcome,LightGBM,Permutation fallback (ExplainerError)
away_goals_for_l3,0.004947927307032156,23.0,Task L outcome,LightGBM,Permutation fallback (ExplainerError)
away_goals_for_l10,0.004867851216843641,38.0,Task L outcome,LightGBM,Permutation fallback (ExplainerError)
diff_shots_for_l5,0.004825217059165647,20.0,Task L outcome,LightGBM,Permutation fallback (ExplainerError)
diff_pass_completion_for_l5,0.004731689160175597,16.0,Task L outcome,LightGBM,Permutation fallback (ExplainerError)
away_shots_on_target_against_l5,0.004544533135539414,25.0,Task L outcome,LightGBM,Permutation fallback (ExplainerError)
away_xg_for_l3,0.004471445804529048,49.0,Task L outcome,LightGBM,Permutation fallback (ExplainerError)
away_goals_for_l5,0.004467185625511255,20.0,Task L outcome,LightGBM,Permutation fallback (ExplainerError)
away_live_xg,0.004271035522284689,10.0,Task L outcome,LightGBM,Permutation fallback (ExplainerError)
away_xg_for_l5,0.004227880412308532,22.0,Task L outcome,LightGBM,Permutation fallback (ExplainerError)
p1_home_con_home,0.004046522022668055,16.0,Task L outcome,LightGBM,Permutation fallback (ExplainerError)
home_goal_difference_l5,0.004033483312953722,15.0,Task L outcome,LightGBM,Permutation fallback (ExplainerError)
away_goals_against_l10,0.004018628852250702,23.0,Task L outcome,LightGBM,Permutation fallback (ExplainerError)
p1_home_scr_total,0.003993331134018677,18.0,Task L outcome,LightGBM,Permutation fallback (ExplainerError)
home_goal_difference_l10,0.003987160925043165,23.0,Task L outcome,LightGBM,Permutation fallback (ExplainerError)
diff_pass_completion_for_l3,0.003897483581283184,29.0,Task L outcome,LightGBM,Permutation fallback (ExplainerError)
p1_away_rank_home,0.0038240676539923585,34.0,Task L outcome,LightGBM,Permutation fallback (ExplainerError)
home_xg_against_l5,0.0038055255155886774,72.0,Task L outcome,LightGBM,Permutation fallback (ExplainerError)
home_possession_share_l5,0.003618151610028428,18.0,Task L outcome,LightGBM,Permutation fallback (ExplainerError)
away_xg_against_l5,0.003544015211714792,19.0,Task L outcome,LightGBM,Permutation fallback (ExplainerError)
rest_days_difference,0.003538204152247959,63.0,Task L outcome,LightGBM,Permutation fallback (ExplainerError)
home_shots_on_target_against_l5,0.003530612682895055,22.0,Task L outcome,LightGBM,Permutation fallback (ExplainerError)
home_possession_share_l3,0.0035173427866873903,38.0,Task L outcome,LightGBM,Permutation fallback (ExplainerError)
diff_pass_completion_for_l10,0.003497956642473669,24.0,Task L outcome,LightGBM,Permutation fallback (ExplainerError)
current_home_score,0.003491461642788193,5.0,Task L outcome,LightGBM,Permutation fallback (ExplainerError)
home_shots_on_target_for_l10,0.003482529764228836,31.0,Task L outcome,LightGBM,Permutation fallback (ExplainerError)
p1_away_scr_total,0.003384024358468479,11.0,Task L outcome,LightGBM,Permutation fallback (ExplainerError)
away_final_third_entries_for_l3,0.0032995264986992122,25.0,Task L outcome,LightGBM,Permutation fallback (ExplainerError)
home_live_final_third_entries,0.0032372595572256217,9.0,Task L outcome,LightGBM,Permutation fallback (ExplainerError)
home_goals_against_l3,0.003217304639278413,18.0,Task L outcome,LightGBM,Permutation fallback (ExplainerError)
home_shots_against_l3,0.0031836972377840512,28.0,Task L outcome,LightGBM,Permutation fallback (ExplainerError)
diff_points_l10,0.003152258102294467,38.0,Task L outcome,LightGBM,Permutation fallback (ExplainerError)
away_xg_for_l10,0.003088959163413227,15.0,Task L outcome,LightGBM,Permutation fallback (ExplainerError)
home_shots_for_l5,0.003066105125893885,30.0,Task L outcome,LightGBM,Permutation fallback (ExplainerError)
away_pressures_for_l10,0.002869582831694606,25.0,Task L outcome,LightGBM,Permutation fallback (ExplainerError)
diff_shots_for_l3,0.002829390364197389,18.0,Task L outcome,LightGBM,Permutation fallback (ExplainerError)
diff_pressures_for_l5,0.002740111616819694,6.0,Task L outcome,LightGBM,Permutation fallback (ExplainerError)
home_pressures_for_l3,0.0026791858809559156,30.0,Task L outcome,LightGBM,Permutation fallback (ExplainerError)
away_shots_for_l5,0.002649269358588252,22.0,Task L outcome,LightGBM,Permutation fallback (ExplainerError)
away_possession_share_l10,0.0024845965542830517,13.0,Task L outcome,LightGBM,Permutation fallback (ExplainerError)
home_points_l3,0.0024820303384156224,16.0,Task L outcome,LightGBM,Permutation fallback (ExplainerError)
p1_home_scr_away,0.002477232377718103,13.0,Task L outcome,LightGBM,Permutation fallback (ExplainerError)
home_goals_for_l3,0.002157755917289735,17.0,Task L outcome,LightGBM,Permutation fallback (ExplainerError)
diff_shots_for_l10,0.002120309719712071,8.0,Task L outcome,LightGBM,Permutation fallback (ExplainerError)
away_live_final_third_entries,0.002097886394471684,4.0,Task L outcome,LightGBM,Permutation fallback (ExplainerError)
home_goal_difference_l3,0.002077301071482821,20.0,Task L outcome,LightGBM,Permutation fallback (ExplainerError)
home_points_l5,0.0020457774438753062,26.0,Task L outcome,LightGBM,Permutation fallback (ExplainerError)
away_rest_days,0.0018855508318379613,9.0,Task L outcome,LightGBM,Permutation fallback (ExplainerError)
away_passes_for_l3,0.0018847647079844843,14.0,Task L outcome,LightGBM,Permutation fallback (ExplainerError)
away_passes_for_l5,0.0017936719005057942,27.0,Task L outcome,LightGBM,Permutation fallback (ExplainerError)
home_xg_for_l10,0.0017430515381630777,13.0,Task L outcome,LightGBM,Permutation fallback (ExplainerError)
live_diff_pressures,0.0017304523199439023,15.0,Task L outcome,LightGBM,Permutation fallback (ExplainerError)
home_goals_for_l10,0.0016617704003495182,11.0,Task L outcome,LightGBM,Permutation fallback (ExplainerError)
home_goals_against_l5,0.0015892991769717484,14.0,Task L outcome,LightGBM,Permutation fallback (ExplainerError)
home_goals_against_l10,0.0015757593627693518,10.0,Task L outcome,LightGBM,Permutation fallback (ExplainerError)
home_points_l10,0.0014934178725210115,10.0,Task L outcome,LightGBM,Permutation fallback (ExplainerError)
away_goal_difference_l5,0.0013751857344197576,3.0,Task L outcome,LightGBM,Permutation fallback (ExplainerError)
away_goal_difference_l3,0.0012713398955502356,6.0,Task L outcome,LightGBM,Permutation fallback (ExplainerError)
diff_xg_for_l5,0.0012526271088027876,5.0,Task L outcome,LightGBM,Permutation fallback (ExplainerError)
diff_points_l3,0.0011925460582273568,29.0,Task L outcome,LightGBM,Permutation fallback (ExplainerError)
home_passes_for_l10,0.0010097719726847403,5.0,Task L outcome,LightGBM,Permutation fallback (ExplainerError)
away_pass_completion_for_l5,0.000997161720309131,4.0,Task L outcome,LightGBM,Permutation fallback (ExplainerError)
home_live_pass_completion,0.0009550898802770907,9.0,Task L outcome,LightGBM,Permutation fallback (ExplainerError)
away_points_l5,0.0009383200169824392,10.0,Task L outcome,LightGBM,Permutation fallback (ExplainerError)
away_shots_against_l10,0.0009155866537792353,22.0,Task L outcome,LightGBM,Permutation fallback (ExplainerError)
away_final_third_entries_for_l5,0.0009141806264063621,18.0,Task L outcome,LightGBM,Permutation fallback (ExplainerError)
away_red_cards_for_l10,0.000904620673737992,2.0,Task L outcome,LightGBM,Permutation fallback (ExplainerError)
home_pressures_for_l10,0.0008025672510395492,26.0,Task L outcome,LightGBM,Permutation fallback (ExplainerError)
home_shots_for_l10,0.0007867181890253659,9.0,Task L outcome,LightGBM,Permutation fallback (ExplainerError)
away_points_l10,0.0007292975068345503,6.0,Task L outcome,LightGBM,Permutation fallback (ExplainerError)
away_passes_for_l10,0.0007221301326500089,6.0,Task L outcome,LightGBM,Permutation fallback (ExplainerError)
home_shots_against_l10,0.0007099335105136234,12.0,Task L outcome,LightGBM,Permutation fallback (ExplainerError)
away_shots_against_l5,0.0006881946030695951,3.0,Task L outcome,LightGBM,Permutation fallback (ExplainerError)
home_passes_for_l5,0.000635784978678236,3.0,Task L outcome,LightGBM,Permutation fallback (ExplainerError)
away_shots_on_target_for_l3,0.000580047962755541,5.0,Task L outcome,LightGBM,Permutation fallback (ExplainerError)
away_shots_for_l3,0.0005461716053267951,7.0,Task L outcome,LightGBM,Permutation fallback (ExplainerError)
home_red_cards_for_l10,0.00047339031445937766,3.0,Task L outcome,LightGBM,Permutation fallback (ExplainerError)
p1_away_scr_away,0.0004278989180118142,12.0,Task L outcome,LightGBM,Permutation fallback (ExplainerError)
p1_home_rank_total,0.0004194616110909058,4.0,Task L outcome,LightGBM,Permutation fallback (ExplainerError)
diff_goal_difference_l3,0.0004166183493213326,5.0,Task L outcome,LightGBM,Permutation fallback (ExplainerError)
p1_home_rank_home,0.0004149519923543015,3.0,Task L outcome,LightGBM,Permutation fallback (ExplainerError)
away_points_l3,0.0004037622972825036,4.0,Task L outcome,LightGBM,Permutation fallback (ExplainerError)
p1_away_rank_away,0.000403306887635616,2.0,Task L outcome,LightGBM,Permutation fallback (ExplainerError)
away_shots_on_target_against_l10,0.00037557532476954677,5.0,Task L outcome,LightGBM,Permutation fallback (ExplainerError)
home_live_shots_on_target,0.00032986226380222057,1.0,Task L outcome,LightGBM,Permutation fallback (ExplainerError)
home_possession_share_l10,0.0003286744923277287,5.0,Task L outcome,LightGBM,Permutation fallback (ExplainerError)
live_diff_shots_on_target,0.00026550129974122285,2.0,Task L outcome,LightGBM,Permutation fallback (ExplainerError)
away_live_corners,0.0002578072902571082,5.0,Task L outcome,LightGBM,Permutation fallback (ExplainerError)
away_goals_against_l3,0.0002497365143446459,3.0,Task L outcome,LightGBM,Permutation fallback (ExplainerError)
p1_away_con_home,0.00024438829294315124,5.0,Task L outcome,LightGBM,Permutation fallback (ExplainerError)
home_final_third_entries_for_l10,0.000203110710706411,2.0,Task L outcome,LightGBM,Permutation fallback (ExplainerError)
away_live_possession_share,0.00016221555640889422,2.0,Task L outcome,LightGBM,Permutation fallback (ExplainerError)
home_red_cards_for_l3,0.00012876046833275404,1.0,Task L outcome,LightGBM,Permutation fallback (ExplainerError)
home_live_possession_share,0.00010869258151374254,3.0,Task L outcome,LightGBM,Permutation fallback (ExplainerError)
home_xg_against_l10,9.748137758192414e-05,3.0,Task L outcome,LightGBM,Permutation fallback (ExplainerError)
home_live_fouls,5.6568277233779923e-05,4.0,Task L outcome,LightGBM,Permutation fallback (ExplainerError)
away_live_carries,5.5220356616430176e-05,1.0,Task L outcome,LightGBM,Permutation fallback (ExplainerError)
live_diff_final_third_entries,1.9734788406559436e-05,1.0,Task L outcome,LightGBM,Permutation fallback (ExplainerError)
away_live_pressures_last10,8.161850846048295e-07,0.0,Task L outcome,LightGBM,Permutation fallback (ExplainerError)
missingindicator_away_possession_share_l10,0.0,0.0,Task L outcome,LightGBM,Permutation fallback (ExplainerError)
home_live_completed_passes,0.0,0.0,Task L outcome,LightGBM,Permutation fallback (ExplainerError)
home_live_passes,0.0,0.0,Task L outcome,LightGBM,Permutation fallback (ExplainerError)
home_live_shots,0.0,0.0,Task L outcome,LightGBM,Permutation fallback (ExplainerError)
time_remaining_minutes,0.0,0.0,Task L outcome,LightGBM,Permutation fallback (ExplainerError)
away_history_matches_before,0.0,0.0,Task L outcome,LightGBM,Permutation fallback (ExplainerError)
missingindicator_away_red_cards_for_l10,0.0,0.0,Task L outcome,LightGBM,Permutation fallback (ExplainerError)
missingindicator_away_final_third_entries_for_l10,0.0,0.0,Task L outcome,LightGBM,Permutation fallback (ExplainerError)
home_live_pressures,0.0,0.0,Task L outcome,LightGBM,Permutation fallback (ExplainerError)
snapshot_minute,0.0,0.0,Task L outcome,LightGBM,Permutation fallback (ExplainerError)
reference_second,0.0,0.0,Task L outcome,LightGBM,Permutation fallback (ExplainerError)
snapshot_period,0.0,0.0,Task L outcome,LightGBM,Permutation fallback (ExplainerError)
snapshot_rank,0.0,0.0,Task L outcome,LightGBM,Permutation fallback (ExplainerError)
home_red_cards_for_l5,0.0,0.0,Task L outcome,LightGBM,Permutation fallback (ExplainerError)
away_red_cards_for_l3,0.0,0.0,Task L outcome,LightGBM,Permutation fallback (ExplainerError)
away_missing_history_l3,0.0,0.0,Task L outcome,LightGBM,Permutation fallback (ExplainerError)
home_missing_history_l5,0.0,0.0,Task L outcome,LightGBM,Permutation fallback (ExplainerError)
missingindicator_diff_pass_completion_for_l3,0.0,0.0,Task L outcome,LightGBM,Permutation fallback (ExplainerError)
missingindicator_diff_pressures_for_l3,0.0,0.0,Task L outcome,LightGBM,Permutation fallback (ExplainerError)
missingindicator_diff_possession_share_l3,0.0,0.0,Task L outcome,LightGBM,Permutation fallback (ExplainerError)
missingindicator_diff_xg_for_l3,0.0,0.0,Task L outcome,LightGBM,Permutation fallback (ExplainerError)
missingindicator_diff_points_l5,0.0,0.0,Task L outcome,LightGBM,Permutation fallback (ExplainerError)
missingindicator_diff_goal_difference_l5,0.0,0.0,Task L outcome,LightGBM,Permutation fallback (ExplainerError)
missingindicator_diff_xg_for_l5,0.0,0.0,Task L outcome,LightGBM,Permutation fallback (ExplainerError)
man_advantage_home,0.0,0.0,Task L outcome,LightGBM,Permutation fallback (ExplainerError)
away_live_xg_last10,0.0,0.0,Task L outcome,LightGBM,Permutation fallback (ExplainerError)
home_missing_history_l3,0.0,0.0,Task L outcome,LightGBM,Permutation fallback (ExplainerError)
away_missing_history_l5,0.0,0.0,Task L outcome,LightGBM,Permutation fallback (ExplainerError)
away_red_cards_for_l5,0.0,0.0,Task L outcome,LightGBM,Permutation fallback (ExplainerError)
live_diff_xg_last5,0.0,0.0,Task L outcome,LightGBM,Permutation fallback (ExplainerError)
live_diff_shots_last5,0.0,0.0,Task L outcome,LightGBM,Permutation fallback (ExplainerError)
live_diff_possession_share,0.0,0.0,Task L outcome,LightGBM,Permutation fallback (ExplainerError)
live_diff_shots,0.0,0.0,Task L outcome,LightGBM,Permutation fallback (ExplainerError)
away_live_final_third_entries_last10,0.0,0.0,Task L outcome,LightGBM,Permutation fallback (ExplainerError)
away_missing_history_l10,0.0,0.0,Task L outcome,LightGBM,Permutation fallback (ExplainerError)
home_history_matches_before,0.0,8.0,Task L outcome,LightGBM,Permutation fallback (ExplainerError)
live_diff_pressures_last5,0.0,0.0,Task L outcome,LightGBM,Permutation fallback (ExplainerError)
away_live_pass_completion,0.0,0.0,Task L outcome,LightGBM,Permutation fallback (ExplainerError)
home_missing_history_l10,0.0,0.0,Task L outcome,LightGBM,Permutation fallback (ExplainerError)
missingindicator_diff_pressures_for_l5,0.0,0.0,Task L outcome,LightGBM,Permutation fallback (ExplainerError)
missingindicator_diff_pass_completion_for_l5,0.0,0.0,Task L outcome,LightGBM,Permutation fallback (ExplainerError)
missingindicator_diff_shots_for_l5,0.0,0.0,Task L outcome,LightGBM,Permutation fallback (ExplainerError)
missingindicator_diff_points_l3,0.0,0.0,Task L outcome,LightGBM,Permutation fallback (ExplainerError)
missingindicator_diff_shots_for_l3,0.0,0.0,Task L outcome,LightGBM,Permutation fallback (ExplainerError)
missingindicator_diff_goal_difference_l3,0.0,0.0,Task L outcome,LightGBM,Permutation fallback (ExplainerError)
away_live_pressures_last5,0.0,0.0,Task L outcome,LightGBM,Permutation fallback (ExplainerError)
away_live_xg_last5,0.0,0.0,Task L outcome,LightGBM,Permutation fallback (ExplainerError)
away_live_shots_last5,0.0,0.0,Task L outcome,LightGBM,Permutation fallback (ExplainerError)
away_live_red_cards,0.0,0.0,Task L outcome,LightGBM,Permutation fallback (ExplainerError)
away_live_fouls,0.0,0.0,Task L outcome,LightGBM,Permutation fallback (ExplainerError)
away_live_passes,0.0,0.0,Task L outcome,LightGBM,Permutation fallback (ExplainerError)
away_live_completed_passes,0.0,0.0,Task L outcome,LightGBM,Permutation fallback (ExplainerError)
away_live_final_third_entries_last5,0.0,0.0,Task L outcome,LightGBM,Permutation fallback (ExplainerError)
home_live_shots_last5,0.0,0.0,Task L outcome,LightGBM,Permutation fallback (ExplainerError)
home_live_xg_last5,0.0,0.0,Task L outcome,LightGBM,Permutation fallback (ExplainerError)
home_live_pressures_last5,0.0,0.0,Task L outcome,LightGBM,Permutation fallback (ExplainerError)
home_live_final_third_entries_last5,0.0,0.0,Task L outcome,LightGBM,Permutation fallback (ExplainerError)
home_live_carries,0.0,0.0,Task L outcome,LightGBM,Permutation fallback (ExplainerError)
away_live_shots_last10,0.0,0.0,Task L outcome,LightGBM,Permutation fallback (ExplainerError)
home_live_corners,0.0,0.0,Task L outcome,LightGBM,Permutation fallback (ExplainerError)
home_live_red_cards,0.0,0.0,Task L outcome,LightGBM,Permutation fallback (ExplainerError)
home_live_final_third_entries_last10,0.0,0.0,Task L outcome,LightGBM,Permutation fallback (ExplainerError)
home_live_pressures_last10,0.0,0.0,Task L outcome,LightGBM,Permutation fallback (ExplainerError)
home_live_xg_last10,0.0,0.0,Task L outcome,LightGBM,Permutation fallback (ExplainerError)
home_live_shots_last10,0.0,0.0,Task L outcome,LightGBM,Permutation fallback (ExplainerError)
away_live_shots,0.0,0.0,Task L outcome,LightGBM,Permutation fallback (ExplainerError)
away_live_shots_on_target,0.0,0.0,Task L outcome,LightGBM,Permutation fallback (ExplainerError)
missingindicator_home_live_pass_completion,0.0,0.0,Task L outcome,LightGBM,Permutation fallback (ExplainerError)
missingindicator_away_live_pass_completion,0.0,0.0,Task L outcome,LightGBM,Permutation fallback (ExplainerError)
missingindicator_home_rest_days,0.0,0.0,Task L outcome,LightGBM,Permutation fallback (ExplainerError)
missingindicator_home_points_l3,0.0,0.0,Task L outcome,LightGBM,Permutation fallback (ExplainerError)
missingindicator_home_goals_for_l3,0.0,0.0,Task L outcome,LightGBM,Permutation fallback (ExplainerError)
missingindicator_home_goals_against_l3,0.0,0.0,Task L outcome,LightGBM,Permutation fallback (ExplainerError)
missingindicator_home_goal_difference_l3,0.0,0.0,Task L outcome,LightGBM,Permutation fallback (ExplainerError)
missingindicator_home_shots_for_l3,0.0,0.0,Task L outcome,LightGBM,Permutation fallback (ExplainerError)
missingindicator_home_shots_against_l3,0.0,0.0,Task L outcome,LightGBM,Permutation fallback (ExplainerError)
missingindicator_home_shots_on_target_for_l3,0.0,0.0,Task L outcome,LightGBM,Permutation fallback (ExplainerError)
missingindicator_home_shots_on_target_against_l3,0.0,0.0,Task L outcome,LightGBM,Permutation fallback (ExplainerError)
missingindicator_home_xg_for_l3,0.0,0.0,Task L outcome,LightGBM,Permutation fallback (ExplainerError)
missingindicator_home_xg_against_l3,0.0,0.0,Task L outcome,LightGBM,Permutation fallback (ExplainerError)
missingindicator_home_passes_for_l3,0.0,0.0,Task L outcome,LightGBM,Permutation fallback (ExplainerError)
missingindicator_home_pass_completion_for_l3,0.0,0.0,Task L outcome,LightGBM,Permutation fallback (ExplainerError)
missingindicator_home_pressures_for_l3,0.0,0.0,Task L outcome,LightGBM,Permutation fallback (ExplainerError)
missingindicator_home_final_third_entries_for_l3,0.0,0.0,Task L outcome,LightGBM,Permutation fallback (ExplainerError)
missingindicator_home_red_cards_for_l3,0.0,0.0,Task L outcome,LightGBM,Permutation fallback (ExplainerError)
missingindicator_home_possession_share_l3,0.0,0.0,Task L outcome,LightGBM,Permutation fallback (ExplainerError)
missingindicator_home_points_l5,0.0,0.0,Task L outcome,LightGBM,Permutation fallback (ExplainerError)
missingindicator_home_goals_for_l5,0.0,0.0,Task L outcome,LightGBM,Permutation fallback (ExplainerError)
missingindicator_home_goals_against_l5,0.0,0.0,Task L outcome,LightGBM,Permutation fallback (ExplainerError)
missingindicator_home_goal_difference_l5,0.0,0.0,Task L outcome,LightGBM,Permutation fallback (ExplainerError)
missingindicator_home_shots_for_l5,0.0,0.0,Task L outcome,LightGBM,Permutation fallback (ExplainerError)
missingindicator_home_shots_against_l5,0.0,0.0,Task L outcome,LightGBM,Permutation fallback (ExplainerError)
missingindicator_home_shots_on_target_for_l5,0.0,0.0,Task L outcome,LightGBM,Permutation fallback (ExplainerError)
missingindicator_home_shots_on_target_against_l5,0.0,0.0,Task L outcome,LightGBM,Permutation fallback (ExplainerError)
missingindicator_home_xg_for_l5,0.0,0.0,Task L outcome,LightGBM,Permutation fallback (ExplainerError)
missingindicator_home_xg_against_l5,0.0,0.0,Task L outcome,LightGBM,Permutation fallback (ExplainerError)
missingindicator_home_passes_for_l5,0.0,0.0,Task L outcome,LightGBM,Permutation fallback (ExplainerError)
missingindicator_home_pass_completion_for_l5,0.0,0.0,Task L outcome,LightGBM,Permutation fallback (ExplainerError)
missingindicator_home_pressures_for_l5,0.0,0.0,Task L outcome,LightGBM,Permutation fallback (ExplainerError)
missingindicator_home_final_third_entries_for_l5,0.0,0.0,Task L outcome,LightGBM,Permutation fallback (ExplainerError)
missingindicator_home_red_cards_for_l5,0.0,0.0,Task L outcome,LightGBM,Permutation fallback (ExplainerError)
missingindicator_home_possession_share_l5,0.0,0.0,Task L outcome,LightGBM,Permutation fallback (ExplainerError)
missingindicator_home_points_l10,0.0,0.0,Task L outcome,LightGBM,Permutation fallback (ExplainerError)
missingindicator_home_goals_for_l10,0.0,0.0,Task L outcome,LightGBM,Permutation fallback (ExplainerError)
missingindicator_home_goals_against_l10,0.0,0.0,Task L outcome,LightGBM,Permutation fallback (ExplainerError)
missingindicator_home_goal_difference_l10,0.0,0.0,Task L outcome,LightGBM,Permutation fallback (ExplainerError)
missingindicator_home_shots_for_l10,0.0,0.0,Task L outcome,LightGBM,Permutation fallback (ExplainerError)
missingindicator_home_shots_against_l10,0.0,0.0,Task L outcome,LightGBM,Permutation fallback (ExplainerError)
missingindicator_home_shots_on_target_for_l10,0.0,0.0,Task L outcome,LightGBM,Permutation fallback (ExplainerError)
missingindicator_home_shots_on_target_against_l10,0.0,0.0,Task L outcome,LightGBM,Permutation fallback (ExplainerError)
missingindicator_home_xg_for_l10,0.0,0.0,Task L outcome,LightGBM,Permutation fallback (ExplainerError)
missingindicator_home_xg_against_l10,0.0,0.0,Task L outcome,LightGBM,Permutation fallback (ExplainerError)
missingindicator_home_passes_for_l10,0.0,0.0,Task L outcome,LightGBM,Permutation fallback (ExplainerError)
missingindicator_home_pass_completion_for_l10,0.0,0.0,Task L outcome,LightGBM,Permutation fallback (ExplainerError)
missingindicator_home_pressures_for_l10,0.0,0.0,Task L outcome,LightGBM,Permutation fallback (ExplainerError)
missingindicator_home_final_third_entries_for_l10,0.0,0.0,Task L outcome,LightGBM,Permutation fallback (ExplainerError)
missingindicator_home_red_cards_for_l10,0.0,0.0,Task L outcome,LightGBM,Permutation fallback (ExplainerError)
missingindicator_home_possession_share_l10,0.0,0.0,Task L outcome,LightGBM,Permutation fallback (ExplainerError)
missingindicator_away_rest_days,0.0,0.0,Task L outcome,LightGBM,Permutation fallback (ExplainerError)
missingindicator_away_points_l3,0.0,0.0,Task L outcome,LightGBM,Permutation fallback (ExplainerError)
missingindicator_away_goals_for_l3,0.0,0.0,Task L outcome,LightGBM,Permutation fallback (ExplainerError)
missingindicator_away_goals_against_l3,0.0,0.0,Task L outcome,LightGBM,Permutation fallback (ExplainerError)
missingindicator_away_goal_difference_l3,0.0,0.0,Task L outcome,LightGBM,Permutation fallback (ExplainerError)
missingindicator_away_shots_for_l3,0.0,0.0,Task L outcome,LightGBM,Permutation fallback (ExplainerError)
missingindicator_away_shots_against_l3,0.0,0.0,Task L outcome,LightGBM,Permutation fallback (ExplainerError)
missingindicator_away_shots_on_target_for_l3,0.0,0.0,Task L outcome,LightGBM,Permutation fallback (ExplainerError)
missingindicator_away_shots_on_target_against_l3,0.0,0.0,Task L outcome,LightGBM,Permutation fallback (ExplainerError)
missingindicator_away_xg_for_l3,0.0,0.0,Task L outcome,LightGBM,Permutation fallback (ExplainerError)
missingindicator_away_xg_against_l3,0.0,0.0,Task L outcome,LightGBM,Permutation fallback (ExplainerError)
missingindicator_away_passes_for_l3,0.0,0.0,Task L outcome,LightGBM,Permutation fallback (ExplainerError)
missingindicator_away_pass_completion_for_l3,0.0,0.0,Task L outcome,LightGBM,Permutation fallback (ExplainerError)
missingindicator_away_pressures_for_l3,0.0,0.0,Task L outcome,LightGBM,Permutation fallback (ExplainerError)
missingindicator_away_final_third_entries_for_l3,0.0,0.0,Task L outcome,LightGBM,Permutation fallback (ExplainerError)
missingindicator_away_red_cards_for_l3,0.0,0.0,Task L outcome,LightGBM,Permutation fallback (ExplainerError)
missingindicator_away_possession_share_l3,0.0,0.0,Task L outcome,LightGBM,Permutation fallback (ExplainerError)
missingindicator_away_points_l5,0.0,0.0,Task L outcome,LightGBM,Permutation fallback (ExplainerError)
missingindicator_away_goals_for_l5,0.0,0.0,Task L outcome,LightGBM,Permutation fallback (ExplainerError)
missingindicator_away_goals_against_l5,0.0,0.0,Task L outcome,LightGBM,Permutation fallback (ExplainerError)
missingindicator_away_goal_difference_l5,0.0,0.0,Task L outcome,LightGBM,Permutation fallback (ExplainerError)
missingindicator_away_shots_for_l5,0.0,0.0,Task L outcome,LightGBM,Permutation fallback (ExplainerError)
missingindicator_away_shots_against_l5,0.0,0.0,Task L outcome,LightGBM,Permutation fallback (ExplainerError)
missingindicator_away_shots_on_target_for_l5,0.0,0.0,Task L outcome,LightGBM,Permutation fallback (ExplainerError)
missingindicator_away_shots_on_target_against_l5,0.0,0.0,Task L outcome,LightGBM,Permutation fallback (ExplainerError)
missingindicator_away_xg_for_l5,0.0,0.0,Task L outcome,LightGBM,Permutation fallback (ExplainerError)
missingindicator_away_xg_against_l5,0.0,0.0,Task L outcome,LightGBM,Permutation fallback (ExplainerError)
missingindicator_away_passes_for_l5,0.0,0.0,Task L outcome,LightGBM,Permutation fallback (ExplainerError)
missingindicator_away_pass_completion_for_l5,0.0,0.0,Task L outcome,LightGBM,Permutation fallback (ExplainerError)
missingindicator_away_pressures_for_l5,0.0,0.0,Task L outcome,LightGBM,Permutation fallback (ExplainerError)
missingindicator_away_final_third_entries_for_l5,0.0,0.0,Task L outcome,LightGBM,Permutation fallback (ExplainerError)
missingindicator_away_red_cards_for_l5,0.0,0.0,Task L outcome,LightGBM,Permutation fallback (ExplainerError)
missingindicator_away_possession_share_l5,0.0,0.0,Task L outcome,LightGBM,Permutation fallback (ExplainerError)
missingindicator_away_points_l10,0.0,0.0,Task L outcome,LightGBM,Permutation fallback (ExplainerError)
missingindicator_away_goals_for_l10,0.0,0.0,Task L outcome,LightGBM,Permutation fallback (ExplainerError)
missingindicator_away_goals_against_l10,0.0,0.0,Task L outcome,LightGBM,Permutation fallback (ExplainerError)
missingindicator_away_goal_difference_l10,0.0,0.0,Task L outcome,LightGBM,Permutation fallback (ExplainerError)
missingindicator_away_shots_for_l10,0.0,0.0,Task L outcome,LightGBM,Permutation fallback (ExplainerError)
missingindicator_away_shots_against_l10,0.0,0.0,Task L outcome,LightGBM,Permutation fallback (ExplainerError)
missingindicator_away_shots_on_target_for_l10,0.0,0.0,Task L outcome,LightGBM,Permutation fallback (ExplainerError)
missingindicator_away_shots_on_target_against_l10,0.0,0.0,Task L outcome,LightGBM,Permutation fallback (ExplainerError)
missingindicator_away_xg_for_l10,0.0,0.0,Task L outcome,LightGBM,Permutation fallback (ExplainerError)
missingindicator_away_xg_against_l10,0.0,0.0,Task L outcome,LightGBM,Permutation fallback (ExplainerError)
missingindicator_away_passes_for_l10,0.0,0.0,Task L outcome,LightGBM,Permutation fallback (ExplainerError)
missingindicator_away_pass_completion_for_l10,0.0,0.0,Task L outcome,LightGBM,Permutation fallback (ExplainerError)
missingindicator_away_pressures_for_l10,0.0,0.0,Task L outcome,LightGBM,Permutation fallback (ExplainerError)
missingindicator_diff_possession_share_l5,0.0,0.0,Task L outcome,LightGBM,Permutation fallback (ExplainerError)
missingindicator_diff_points_l10,0.0,0.0,Task L outcome,LightGBM,Permutation fallback (ExplainerError)
missingindicator_diff_goal_difference_l10,0.0,0.0,Task L outcome,LightGBM,Permutation fallback (ExplainerError)
missingindicator_diff_shots_for_l10,0.0,0.0,Task L outcome,LightGBM,Permutation fallback (ExplainerError)
missingindicator_diff_xg_for_l10,0.0,0.0,Task L outcome,LightGBM,Permutation fallback (ExplainerError)
missingindicator_diff_pass_completion_for_l10,0.0,0.0,Task L outcome,LightGBM,Permutation fallback (ExplainerError)
missingindicator_diff_pressures_for_l10,0.0,0.0,Task L outcome,LightGBM,Permutation fallback (ExplainerError)
missingindicator_diff_possession_share_l10,0.0,0.0,Task L outcome,LightGBM,Permutation fallback (ExplainerError)
missingindicator_rest_days_difference,0.0,0.0,Task L outcome,LightGBM,Permutation fallback (ExplainerError)
current_goal_difference,0.16066812028587293,0.0908127479848487,Task L margin,Random Forest,TreeExplainer
current_home_score,0.08549464857689917,0.03040073039417354,Task L margin,Random Forest,TreeExplainer
live_diff_xg,0.06536018028124568,0.03457906948835206,Task L margin,Random Forest,TreeExplainer
current_away_score,0.06522677209878568,0.03251271714046508,Task L margin,Random Forest,TreeExplainer
p1_away_rank_total,0.06143162948329205,0.020696198575319458,Task L margin,Random Forest,TreeExplainer
p1_away_con_total,0.05807433585624853,0.021298500839255458,Task L margin,Random Forest,TreeExplainer
p1_away_scr_total,0.03201661487621579,0.009950675127243937,Task L margin,Random Forest,TreeExplainer
diff_shots_for_l10,0.029762718287464195,0.014626544348023806,Task L margin,Random Forest,TreeExplainer
diff_xg_for_l3,0.029119606768999013,0.01094643153769501,Task L margin,Random Forest,TreeExplainer
p1_away_con_away,0.02891653500982811,0.0197872995353317,Task L margin,Random Forest,TreeExplainer
home_xg_for_l3,0.028548532321253272,0.00892495086098426,Task L margin,Random Forest,TreeExplainer
p1_away_scr_home,0.026618934492227558,0.01064221278950149,Task L margin,Random Forest,TreeExplainer
live_diff_shots_on_target,0.025174262396052784,0.018446368607369822,Task L margin,Random Forest,TreeExplainer
home_shots_on_target_for_l3,0.02057438269684912,0.007198939085012659,Task L margin,Random Forest,TreeExplainer
home_shots_for_l3,0.02037381345862326,0.010718292868058062,Task L margin,Random Forest,TreeExplainer
p1_away_rank_home,0.020192611506247068,0.010614023801248413,Task L margin,Random Forest,TreeExplainer
home_xg_for_l5,0.018866042978538444,0.006085806013570635,Task L margin,Random Forest,TreeExplainer
p1_away_rank_away,0.01777700694522548,0.013406513539515517,Task L margin,Random Forest,TreeExplainer
home_live_shots_on_target,0.017095429218688507,0.00524249158519551,Task L margin,Random Forest,TreeExplainer
away_final_third_entries_for_l10,0.01646824772691944,0.011485657828700866,Task L margin,Random Forest,TreeExplainer
diff_shots_for_l3,0.015716783309628415,0.012896249747299398,Task L margin,Random Forest,TreeExplainer
diff_xg_for_l10,0.014969767941063038,0.007809327576455456,Task L margin,Random Forest,TreeExplainer
home_xg_for_l10,0.014840306148201548,0.006138315127127715,Task L margin,Random Forest,TreeExplainer
home_live_xg,0.014779377776681445,0.006455667853973736,Task L margin,Random Forest,TreeExplainer
away_live_xg,0.014128834494723559,0.006180120963247726,Task L margin,Random Forest,TreeExplainer
home_shots_for_l10,0.01333541174404757,0.008775400215174733,Task L margin,Random Forest,TreeExplainer
away_shots_on_target_for_l10,0.012666302244452709,0.00691968855202542,Task L margin,Random Forest,TreeExplainer
away_final_third_entries_for_l5,0.012002500689320433,0.007727742047671655,Task L margin,Random Forest,TreeExplainer
home_shots_on_target_for_l5,0.011758522061654912,0.005232914206489037,Task L margin,Random Forest,TreeExplainer
away_shots_on_target_against_l3,0.011625158372176451,0.004045759356102735,Task L margin,Random Forest,TreeExplainer
home_shots_for_l5,0.010975311624091287,0.006240875823570545,Task L margin,Random Forest,TreeExplainer
diff_shots_for_l5,0.010711574861767603,0.011498919860063937,Task L margin,Random Forest,TreeExplainer
p1_home_scr_total,0.010705053175424898,0.004793535244169917,Task L margin,Random Forest,TreeExplainer
away_shots_for_l5,0.010671335787972323,0.006695813386727117,Task L margin,Random Forest,TreeExplainer
home_passes_for_l10,0.01066972866352625,0.00952292474431447,Task L margin,Random Forest,TreeExplainer
away_shots_for_l10,0.010612834138326432,0.006817450674712584,Task L margin,Random Forest,TreeExplainer
home_final_third_entries_for_l5,0.01056634719007009,0.005794976299411962,Task L margin,Random Forest,TreeExplainer
away_xg_against_l10,0.010554396873512995,0.007283791896087493,Task L margin,Random Forest,TreeExplainer
home_pass_completion_for_l5,0.010366213169183841,0.006765133618239063,Task L margin,Random Forest,TreeExplainer
away_shots_on_target_for_l5,0.010360623722259746,0.0066038610666385835,Task L margin,Random Forest,TreeExplainer
away_goals_for_l3,0.01023572769276801,0.004773673737499354,Task L margin,Random Forest,TreeExplainer
home_goals_for_l5,0.010235511815369802,0.00396896011835013,Task L margin,Random Forest,TreeExplainer
away_goals_against_l5,0.01018093785986988,0.004194853969086705,Task L margin,Random Forest,TreeExplainer
diff_pressures_for_l10,0.009909438468361257,0.005934711463791398,Task L margin,Random Forest,TreeExplainer
away_xg_against_l5,0.009484634182308398,0.006238067920561888,Task L margin,Random Forest,TreeExplainer
p1_home_scr_home,0.009392075506871822,0.005303227016852569,Task L margin,Random Forest,TreeExplainer
away_pass_completion_for_l3,0.00934911601403275,0.004438594362144948,Task L margin,Random Forest,TreeExplainer
p1_home_rank_home,0.009168003081501223,0.004885671236306989,Task L margin,Random Forest,TreeExplainer
home_pass_completion_for_l3,0.008934867524205099,0.007097847547420801,Task L margin,Random Forest,TreeExplainer
p1_home_con_total,0.008926407800100218,0.0057867887739676774,Task L margin,Random Forest,TreeExplainer
home_shots_on_target_for_l10,0.008906754318108626,0.006223629038713032,Task L margin,Random Forest,TreeExplainer
home_passes_for_l3,0.008874213729907683,0.006238042403132241,Task L margin,Random Forest,TreeExplainer
away_goal_difference_l5,0.008853583127272944,0.0033755460004958075,Task L margin,Random Forest,TreeExplainer
home_pressures_for_l5,0.0088420251240151,0.004624236818463597,Task L margin,Random Forest,TreeExplainer
diff_possession_share_l10,0.008763276403440191,0.008587406140862328,Task L margin,Random Forest,TreeExplainer
away_xg_against_l3,0.008314601078486278,0.005660431131509853,Task L margin,Random Forest,TreeExplainer
away_xg_for_l3,0.008191938122770926,0.005507389461529646,Task L margin,Random Forest,TreeExplainer
diff_pressures_for_l5,0.008009274616107658,0.0060612810670861526,Task L margin,Random Forest,TreeExplainer
away_shots_against_l10,0.007857141556318675,0.00653139141136086,Task L margin,Random Forest,TreeExplainer
away_xg_for_l5,0.007613453122371997,0.006295906919492189,Task L margin,Random Forest,TreeExplainer
diff_xg_for_l5,0.007558272805906506,0.005496756027840659,Task L margin,Random Forest,TreeExplainer
away_shots_on_target_against_l10,0.006720378213375624,0.004195761868236571,Task L margin,Random Forest,TreeExplainer
home_possession_share_l5,0.006659812483494961,0.00364471081267908,Task L margin,Random Forest,TreeExplainer
away_pass_completion_for_l5,0.006658278008992299,0.004095593376881812,Task L margin,Random Forest,TreeExplainer
home_pass_completion_for_l10,0.0065280576892875935,0.006129674330724806,Task L margin,Random Forest,TreeExplainer
diff_pressures_for_l3,0.006444985360711447,0.005363932860654344,Task L margin,Random Forest,TreeExplainer
away_goal_difference_l10,0.006391747509394068,0.006181348578026605,Task L margin,Random Forest,TreeExplainer
away_shots_on_target_for_l3,0.006031637040668708,0.005082966436963736,Task L margin,Random Forest,TreeExplainer
away_possession_share_l3,0.006014599289550274,0.0037778688508729686,Task L margin,Random Forest,TreeExplainer
away_shots_on_target_against_l5,0.005813713368442887,0.0035958326776957187,Task L margin,Random Forest,TreeExplainer
p1_away_con_home,0.00570262884195775,0.0035610980674016285,Task L margin,Random Forest,TreeExplainer
diff_possession_share_l5,0.0056122045492490264,0.005666235488251483,Task L margin,Random Forest,TreeExplainer
home_goals_against_l10,0.005531024205653842,0.0040907984879904056,Task L margin,Random Forest,TreeExplainer
diff_pass_completion_for_l10,0.005515998247872933,0.004065806532226376,Task L margin,Random Forest,TreeExplainer
diff_goal_difference_l5,0.005497397771281155,0.0047573344636995685,Task L margin,Random Forest,TreeExplainer
home_final_third_entries_for_l10,0.005468982898779965,0.00472854803166996,Task L margin,Random Forest,TreeExplainer
home_rest_days,0.005468981036674814,0.005582760328102382,Task L margin,Random Forest,TreeExplainer
away_passes_for_l10,0.005336362724893964,0.005420776097173968,Task L margin,Random Forest,TreeExplainer
diff_goal_difference_l10,0.005288657031702738,0.005307048277966428,Task L margin,Random Forest,TreeExplainer
diff_pass_completion_for_l5,0.005273508090592046,0.004404063350524096,Task L margin,Random Forest,TreeExplainer
home_passes_for_l5,0.005150792191606729,0.006024620832310434,Task L margin,Random Forest,TreeExplainer
home_shots_on_target_against_l3,0.005086730500252392,0.0037433513358264736,Task L margin,Random Forest,TreeExplainer
home_xg_against_l3,0.005073813172243745,0.004762076512327246,Task L margin,Random Forest,TreeExplainer
away_shots_for_l3,0.0048914910712574665,0.003947918586632824,Task L margin,Random Forest,TreeExplainer
away_xg_for_l10,0.0048525647651004285,0.004703570642850502,Task L margin,Random Forest,TreeExplainer
diff_points_l10,0.004816561243250606,0.004566665606074242,Task L margin,Random Forest,TreeExplainer
away_passes_for_l3,0.004684458772039819,0.005122879097913044,Task L margin,Random Forest,TreeExplainer
away_goal_difference_l3,0.004480108061957979,0.002426126195117786,Task L margin,Random Forest,TreeExplainer
away_goals_against_l10,0.004328441559422209,0.0054751573722368885,Task L margin,Random Forest,TreeExplainer
home_xg_against_l5,0.004244724937878313,0.003320759224200777,Task L margin,Random Forest,TreeExplainer
rest_days_difference,0.0042137066805332645,0.0040631368647483,Task L margin,Random Forest,TreeExplainer
home_xg_against_l10,0.004212139137989563,0.003799536761137887,Task L margin,Random Forest,TreeExplainer
home_possession_share_l10,0.004106829006760382,0.004075389835004938,Task L margin,Random Forest,TreeExplainer
home_pressures_for_l3,0.0040488030250400075,0.0036176655130271533,Task L margin,Random Forest,TreeExplainer
away_pressures_for_l5,0.004014179930444637,0.004049064626604579,Task L margin,Random Forest,TreeExplainer
home_goal_difference_l10,0.003975777772876669,0.0029896620910526985,Task L margin,Random Forest,TreeExplainer
away_shots_against_l5,0.0038434763077843533,0.004787216454734104,Task L margin,Random Forest,TreeExplainer
live_diff_shots,0.0038257276357867636,0.001825439405432733,Task L margin,Random Forest,TreeExplainer
p1_home_rank_total,0.0037601194001167957,0.0036324057532624203,Task L margin,Random Forest,TreeExplainer
p1_away_scr_away,0.003705730955395059,0.005149896464438955,Task L margin,Random Forest,TreeExplainer
p1_home_con_home,0.003696732915816816,0.003671471030034707,Task L margin,Random Forest,TreeExplainer
away_pressures_for_l3,0.0036794183297360478,0.004392825632065294,Task L margin,Random Forest,TreeExplainer
away_goals_for_l5,0.00359903918969018,0.002898931599021831,Task L margin,Random Forest,TreeExplainer
away_pass_completion_for_l10,0.0035980468539125775,0.0043713783075985755,Task L margin,Random Forest,TreeExplainer
home_shots_on_target_against_l5,0.0034882624112395812,0.003980789216609353,Task L margin,Random Forest,TreeExplainer
away_live_shots_on_target,0.0034860765444463438,0.0017344206651484925,Task L margin,Random Forest,TreeExplainer
away_possession_share_l5,0.003472808668892564,0.004949244285012662,Task L margin,Random Forest,TreeExplainer
away_red_cards_for_l10,0.00345436213277741,0.002446857044851736,Task L margin,Random Forest,TreeExplainer
home_goals_against_l5,0.0034134342155185257,0.003243215045615475,Task L margin,Random Forest,TreeExplainer
home_goals_for_l10,0.0033412250925781936,0.0033837872635598286,Task L margin,Random Forest,TreeExplainer
away_shots_against_l3,0.0033411484408313583,0.004550639856394761,Task L margin,Random Forest,TreeExplainer
diff_goal_difference_l3,0.0033001296512971154,0.0031560424301399666,Task L margin,Random Forest,TreeExplainer
p1_home_scr_away,0.003168212500901671,0.003195038720005059,Task L margin,Random Forest,TreeExplainer
diff_possession_share_l3,0.003103693325185244,0.004228169685219037,Task L margin,Random Forest,TreeExplainer
away_final_third_entries_for_l3,0.003031035309389092,0.006363994529242926,Task L margin,Random Forest,TreeExplainer
p1_home_rank_away,0.0029490355416881353,0.003001005464874688,Task L margin,Random Forest,TreeExplainer
home_pressures_for_l10,0.0029485424827480687,0.003961260206752433,Task L margin,Random Forest,TreeExplainer
home_goal_difference_l5,0.002842128535291219,0.0035736557807141108,Task L margin,Random Forest,TreeExplainer
away_goals_against_l3,0.0028406750299696188,0.0021763168698942428,Task L margin,Random Forest,TreeExplainer
diff_points_l5,0.00271875882841827,0.002754369646414605,Task L margin,Random Forest,TreeExplainer
home_shots_against_l10,0.002674643378862433,0.003959687155280674,Task L margin,Random Forest,TreeExplainer
p1_home_con_away,0.0026746093412543205,0.003772279434326445,Task L margin,Random Forest,TreeExplainer
home_red_cards_for_l3,0.0026369958993217226,0.0007037749268609041,Task L margin,Random Forest,TreeExplainer
home_goal_difference_l3,0.0026222578398334005,0.003189932386097275,Task L margin,Random Forest,TreeExplainer
home_possession_share_l3,0.0025732984279113833,0.0038580031779390147,Task L margin,Random Forest,TreeExplainer
home_goals_for_l3,0.002519702049929522,0.0022860338641125188,Task L margin,Random Forest,TreeExplainer
home_shots_on_target_against_l10,0.002505261353781498,0.0036413699780285563,Task L margin,Random Forest,TreeExplainer
home_shots_against_l5,0.002486186763163822,0.0041735036458842465,Task L margin,Random Forest,TreeExplainer
diff_pass_completion_for_l3,0.0024044598940525857,0.0030480825722143446,Task L margin,Random Forest,TreeExplainer
home_points_l5,0.00234175322710856,0.002279578832487795,Task L margin,Random Forest,TreeExplainer
away_points_l5,0.0022944869742575983,0.0028928908391332416,Task L margin,Random Forest,TreeExplainer
home_points_l10,0.0022744647146183228,0.0033224417162180902,Task L margin,Random Forest,TreeExplainer
away_points_l10,0.0022565609608299073,0.0026318917310038537,Task L margin,Random Forest,TreeExplainer
away_passes_for_l5,0.0022287557759734533,0.005793232432116585,Task L margin,Random Forest,TreeExplainer
home_shots_against_l3,0.002208938251865372,0.004911502682820185,Task L margin,Random Forest,TreeExplainer
diff_points_l3,0.0022028132650816893,0.0025413756154023266,Task L margin,Random Forest,TreeExplainer
away_possession_share_l10,0.002116255603664589,0.0036138116106704614,Task L margin,Random Forest,TreeExplainer
home_final_third_entries_for_l3,0.0020864080536290817,0.0046762171532082905,Task L margin,Random Forest,TreeExplainer
away_goals_for_l10,0.0020712386503790184,0.0026943554143283037,Task L margin,Random Forest,TreeExplainer
away_live_possession_share,0.001968386986062251,0.0009341064976529467,Task L margin,Random Forest,TreeExplainer
home_live_pass_completion,0.0019009548787235564,0.001293267801354213,Task L margin,Random Forest,TreeExplainer
live_diff_possession_share,0.001899867391235481,0.0006838065102644851,Task L margin,Random Forest,TreeExplainer
home_goals_against_l3,0.0018148638347997492,0.003529890734058863,Task L margin,Random Forest,TreeExplainer
away_pressures_for_l10,0.0018145301478083035,0.0042378793534019596,Task L margin,Random Forest,TreeExplainer
home_points_l3,0.001735345733762369,0.0015326353369731678,Task L margin,Random Forest,TreeExplainer
away_rest_days,0.0017047104708445057,0.003913234382254749,Task L margin,Random Forest,TreeExplainer
away_points_l3,0.001564287665899125,0.0016432366842818477,Task L margin,Random Forest,TreeExplainer
home_live_possession_share,0.0015548767152675578,0.0006906576086205378,Task L margin,Random Forest,TreeExplainer
away_live_final_third_entries,0.0015410897072588344,0.0006905404590864957,Task L margin,Random Forest,TreeExplainer
home_red_cards_for_l5,0.001528598303526451,0.0005190889318516395,Task L margin,Random Forest,TreeExplainer
home_live_corners,0.0015037520541702784,0.0005575458267940286,Task L margin,Random Forest,TreeExplainer
home_red_cards_for_l10,0.0014309644210286933,0.000934070465249986,Task L margin,Random Forest,TreeExplainer
away_red_cards_for_l5,0.0013540551435523717,0.0019284872077008795,Task L margin,Random Forest,TreeExplainer
away_live_shots,0.001339204038774171,0.0005312683546638975,Task L margin,Random Forest,TreeExplainer
home_live_pressures,0.0012912943325100671,0.0004542789096804158,Task L margin,Random Forest,TreeExplainer
away_red_cards_for_l3,0.0009039693806138531,0.001109354337379097,Task L margin,Random Forest,TreeExplainer
away_live_pass_completion,0.0008958012553099247,0.0006737537805440773,Task L margin,Random Forest,TreeExplainer
away_live_fouls,0.0008763153601990783,0.000274722440855793,Task L margin,Random Forest,TreeExplainer
home_live_shots,0.0008496097788422959,0.00048056061248930027,Task L margin,Random Forest,TreeExplainer
away_live_passes,0.0008205996874088062,0.00028279042441518577,Task L margin,Random Forest,TreeExplainer
snapshot_minute,0.000711525293763407,0.0002107030294695298,Task L margin,Random Forest,TreeExplainer
away_live_corners,0.0006906552820576811,0.0002003261927915021,Task L margin,Random Forest,TreeExplainer
live_diff_pressures,0.0006810236094746871,0.0005587321379469314,Task L margin,Random Forest,TreeExplainer
home_live_passes,0.0006279337974067557,0.00019896101727821396,Task L margin,Random Forest,TreeExplainer
time_remaining_minutes,0.0005688540296002127,0.00020195114026684975,Task L margin,Random Forest,TreeExplainer
snapshot_rank,0.000525272747749235,0.00019099216540203166,Task L margin,Random Forest,TreeExplainer
reference_second,0.000499155698317736,0.00016413912750238367,Task L margin,Random Forest,TreeExplainer
away_live_carries,0.00043863878640346864,0.00020373208432040383,Task L margin,Random Forest,TreeExplainer
live_diff_final_third_entries,0.00043142725170606947,0.0003783495851887898,Task L margin,Random Forest,TreeExplainer
away_live_pressures,0.00042425444367042163,0.00014069663377784682,Task L margin,Random Forest,TreeExplainer
home_live_carries,0.00042089176626626193,0.00018383242731981046,Task L margin,Random Forest,TreeExplainer
home_live_completed_passes,0.0004088452374068464,0.00026958889797140933,Task L margin,Random Forest,TreeExplainer
away_live_completed_passes,0.0004058690621282947,0.00024256795189504002,Task L margin,Random Forest,TreeExplainer
home_live_final_third_entries,0.0003367455031020655,0.0001444616869600718,Task L margin,Random Forest,TreeExplainer
snapshot_period,0.0003358990271758859,4.260856966461889e-05,Task L margin,Random Forest,TreeExplainer
home_live_fouls,0.00031720146813246777,0.00010575368688130448,Task L margin,Random Forest,TreeExplainer
home_live_xg_last10,0.0002866122909921615,8.32939519537944e-05,Task L margin,Random Forest,TreeExplainer
home_live_pressures_last10,0.00028122510306075125,0.00010988778331828621,Task L margin,Random Forest,TreeExplainer
man_advantage_home,0.00026271614948588344,0.00046328716744792125,Task L margin,Random Forest,TreeExplainer
n_events_so_far,0.0002619661959141316,0.00011060823693136335,Task L margin,Random Forest,TreeExplainer
away_live_red_cards,0.00020932487209599152,0.0003475615449636288,Task L margin,Random Forest,TreeExplainer
live_diff_pressures_last5,0.00011987945648997994,5.964026486322455e-05,Task L margin,Random Forest,TreeExplainer
home_live_pressures_last5,8.362875578920163e-05,4.1331285849535985e-05,Task L margin,Random Forest,TreeExplainer
away_live_pressures_last10,8.207871150567977e-05,3.651185480729968e-05,Task L margin,Random Forest,TreeExplainer
live_diff_xg_last5,7.761467884944674e-05,2.1882154048430707e-05,Task L margin,Random Forest,TreeExplainer
home_live_final_third_entries_last5,7.560251998509865e-05,1.1677772450194312e-05,Task L margin,Random Forest,TreeExplainer
away_live_xg_last5,5.940017661566039e-05,1.0679859462953916e-05,Task L margin,Random Forest,TreeExplainer
away_live_final_third_entries_last10,5.922333984890428e-05,1.785295468623397e-05,Task L margin,Random Forest,TreeExplainer
home_live_final_third_entries_last10,5.207609015199829e-05,3.234604663166958e-05,Task L margin,Random Forest,TreeExplainer
home_live_shots_last10,4.9070863863865576e-05,1.238677651048544e-05,Task L margin,Random Forest,TreeExplainer
away_live_xg_last10,4.2678858212032846e-05,5.227083307482049e-05,Task L margin,Random Forest,TreeExplainer
away_live_final_third_entries_last5,3.990695570755632e-05,1.2170281628536549e-05,Task L margin,Random Forest,TreeExplainer
home_live_xg_last5,3.5498134289082354e-05,1.2307108903828778e-05,Task L margin,Random Forest,TreeExplainer
away_live_pressures_last5,3.37457096278134e-05,1.375179215692991e-05,Task L margin,Random Forest,TreeExplainer
away_live_shots_last5,2.3615344029288574e-05,1.4813750716517286e-05,Task L margin,Random Forest,TreeExplainer
away_live_shots_last10,2.2632962655431287e-05,3.7820460197804737e-06,Task L margin,Random Forest,TreeExplainer
live_diff_shots_last5,1.636634738448872e-05,3.459203426112729e-06,Task L margin,Random Forest,TreeExplainer
home_live_shots_last5,1.1705408362710533e-05,2.9579928414052884e-06,Task L margin,Random Forest,TreeExplainer
missingindicator_home_live_pass_completion,1.1482143078562038e-06,3.316621724606184e-07,Task L margin,Random Forest,TreeExplainer
home_missing_history_l10,0.0,0.00027539602288995324,Task L margin,Random Forest,TreeExplainer
missingindicator_diff_pass_completion_for_l3,0.0,7.074765261823025e-07,Task L margin,Random Forest,TreeExplainer
home_history_matches_before,0.0,0.0032558100190834315,Task L margin,Random Forest,TreeExplainer
away_missing_history_l10,0.0,0.000528394492915581,Task L margin,Random Forest,TreeExplainer
home_missing_history_l3,0.0,0.0003450006428426663,Task L margin,Random Forest,TreeExplainer
home_missing_history_l5,0.0,0.0002528748923442908,Task L margin,Random Forest,TreeExplainer
away_history_matches_before,0.0,0.004039947359210295,Task L margin,Random Forest,TreeExplainer
away_missing_history_l3,0.0,0.00024261857281738998,Task L margin,Random Forest,TreeExplainer
away_missing_history_l5,0.0,0.0001922904242404598,Task L margin,Random Forest,TreeExplainer
missingindicator_diff_pressures_for_l3,0.0,3.4029286579707838e-06,Task L margin,Random Forest,TreeExplainer
missingindicator_diff_possession_share_l3,0.0,0.0,Task L margin,Random Forest,TreeExplainer
missingindicator_diff_points_l5,0.0,2.7053394209029755e-05,Task L margin,Random Forest,TreeExplainer
missingindicator_diff_goal_difference_l5,0.0,7.028558454258054e-06,Task L margin,Random Forest,TreeExplainer
missingindicator_diff_shots_for_l5,0.0,0.0,Task L margin,Random Forest,TreeExplainer
missingindicator_diff_xg_for_l5,0.0,1.841561069125872e-05,Task L margin,Random Forest,TreeExplainer
missingindicator_diff_pass_completion_for_l5,0.0,0.0,Task L margin,Random Forest,TreeExplainer
missingindicator_diff_pressures_for_l5,0.0,3.197098766241871e-05,Task L margin,Random Forest,TreeExplainer
missingindicator_away_final_third_entries_for_l10,0.0,7.4381075400238455e-06,Task L margin,Random Forest,TreeExplainer
missingindicator_away_red_cards_for_l10,0.0,0.0,Task L margin,Random Forest,TreeExplainer
missingindicator_away_possession_share_l10,0.0,1.4466234043077e-05,Task L margin,Random Forest,TreeExplainer
missingindicator_diff_points_l3,0.0,0.0,Task L margin,Random Forest,TreeExplainer
missingindicator_diff_goal_difference_l3,0.0,1.6160822097594565e-06,Task L margin,Random Forest,TreeExplainer
missingindicator_diff_shots_for_l3,0.0,2.9998451010508908e-05,Task L margin,Random Forest,TreeExplainer
missingindicator_diff_xg_for_l3,0.0,0.0,Task L margin,Random Forest,TreeExplainer
home_live_red_cards,0.0,7.48107276677252e-05,Task L margin,Random Forest,TreeExplainer
missingindicator_away_live_pass_completion,0.0,0.0,Task L margin,Random Forest,TreeExplainer
missingindicator_home_rest_days,0.0,2.6836817255343205e-05,Task L margin,Random Forest,TreeExplainer
missingindicator_home_points_l3,0.0,4.082076993953351e-05,Task L margin,Random Forest,TreeExplainer
missingindicator_home_goals_for_l3,0.0,0.0,Task L margin,Random Forest,TreeExplainer
missingindicator_home_goals_against_l3,0.0,9.417079466221587e-06,Task L margin,Random Forest,TreeExplainer
missingindicator_home_goal_difference_l3,0.0,6.253015675539396e-06,Task L margin,Random Forest,TreeExplainer
missingindicator_home_shots_for_l3,0.0,4.1051723064370135e-05,Task L margin,Random Forest,TreeExplainer
missingindicator_home_shots_against_l3,0.0,1.9498948981366595e-06,Task L margin,Random Forest,TreeExplainer
missingindicator_home_shots_on_target_for_l3,0.0,3.0443237725132998e-05,Task L margin,Random Forest,TreeExplainer
missingindicator_home_shots_on_target_against_l3,0.0,0.0,Task L margin,Random Forest,TreeExplainer
missingindicator_home_xg_for_l3,0.0,5.42232466556531e-06,Task L margin,Random Forest,TreeExplainer
missingindicator_home_xg_against_l3,0.0,2.9259004843820768e-05,Task L margin,Random Forest,TreeExplainer
missingindicator_home_passes_for_l3,0.0,2.1066944138524356e-07,Task L margin,Random Forest,TreeExplainer
missingindicator_home_pass_completion_for_l3,0.0,0.0,Task L margin,Random Forest,TreeExplainer
missingindicator_home_pressures_for_l3,0.0,0.0,Task L margin,Random Forest,TreeExplainer
missingindicator_home_final_third_entries_for_l3,0.0,1.210379290551951e-05,Task L margin,Random Forest,TreeExplainer
missingindicator_home_red_cards_for_l3,0.0,3.523807294760746e-05,Task L margin,Random Forest,TreeExplainer
missingindicator_home_possession_share_l3,0.0,0.0,Task L margin,Random Forest,TreeExplainer
missingindicator_home_points_l5,0.0,1.654868082695796e-05,Task L margin,Random Forest,TreeExplainer
missingindicator_home_goals_for_l5,0.0,0.00010441600762452339,Task L margin,Random Forest,TreeExplainer
missingindicator_home_goals_against_l5,0.0,1.2214376538982776e-06,Task L margin,Random Forest,TreeExplainer
missingindicator_home_goal_difference_l5,0.0,3.7783986035166285e-06,Task L margin,Random Forest,TreeExplainer
missingindicator_home_shots_for_l5,0.0,0.0,Task L margin,Random Forest,TreeExplainer
missingindicator_home_shots_against_l5,0.0,5.132181554665491e-06,Task L margin,Random Forest,TreeExplainer
missingindicator_home_shots_on_target_for_l5,0.0,2.8992378036193583e-05,Task L margin,Random Forest,TreeExplainer
missingindicator_home_shots_on_target_against_l5,0.0,5.456424578382423e-06,Task L margin,Random Forest,TreeExplainer
missingindicator_home_xg_for_l5,0.0,0.0,Task L margin,Random Forest,TreeExplainer
missingindicator_home_xg_against_l5,0.0,7.633542625720648e-07,Task L margin,Random Forest,TreeExplainer
missingindicator_home_passes_for_l5,0.0,2.570012951186436e-05,Task L margin,Random Forest,TreeExplainer
missingindicator_home_pass_completion_for_l5,0.0,0.0,Task L margin,Random Forest,TreeExplainer
missingindicator_home_pressures_for_l5,0.0,7.401681230151466e-06,Task L margin,Random Forest,TreeExplainer
missingindicator_home_final_third_entries_for_l5,0.0,0.0,Task L margin,Random Forest,TreeExplainer
missingindicator_home_red_cards_for_l5,0.0,0.0,Task L margin,Random Forest,TreeExplainer
missingindicator_home_possession_share_l5,0.0,0.0,Task L margin,Random Forest,TreeExplainer
missingindicator_home_points_l10,0.0,1.2201143026076224e-06,Task L margin,Random Forest,TreeExplainer
missingindicator_home_goals_for_l10,0.0,0.0,Task L margin,Random Forest,TreeExplainer
missingindicator_home_goals_against_l10,0.0,9.222691868567609e-06,Task L margin,Random Forest,TreeExplainer
missingindicator_home_goal_difference_l10,0.0,1.8772347293179663e-05,Task L margin,Random Forest,TreeExplainer
missingindicator_home_shots_for_l10,0.0,2.9996773699264514e-06,Task L margin,Random Forest,TreeExplainer
missingindicator_home_shots_against_l10,0.0,3.3371527345415785e-05,Task L margin,Random Forest,TreeExplainer
missingindicator_home_shots_on_target_for_l10,0.0,2.838932877393549e-06,Task L margin,Random Forest,TreeExplainer
missingindicator_home_shots_on_target_against_l10,0.0,3.8704104676927995e-06,Task L margin,Random Forest,TreeExplainer
missingindicator_home_xg_for_l10,0.0,3.824772402121288e-06,Task L margin,Random Forest,TreeExplainer
missingindicator_home_xg_against_l10,0.0,1.63551908351507e-05,Task L margin,Random Forest,TreeExplainer
missingindicator_home_passes_for_l10,0.0,4.098406698252096e-06,Task L margin,Random Forest,TreeExplainer
missingindicator_home_pass_completion_for_l10,0.0,0.0,Task L margin,Random Forest,TreeExplainer
missingindicator_home_pressures_for_l10,0.0,0.0,Task L margin,Random Forest,TreeExplainer
missingindicator_home_final_third_entries_for_l10,0.0,0.0,Task L margin,Random Forest,TreeExplainer
missingindicator_home_red_cards_for_l10,0.0,5.2036871348236865e-05,Task L margin,Random Forest,TreeExplainer
missingindicator_home_possession_share_l10,0.0,1.2086491359789417e-05,Task L margin,Random Forest,TreeExplainer
missingindicator_away_rest_days,0.0,2.9811961213647876e-06,Task L margin,Random Forest,TreeExplainer
missingindicator_away_points_l3,0.0,9.462908717066142e-06,Task L margin,Random Forest,TreeExplainer
missingindicator_away_goals_for_l3,0.0,0.0,Task L margin,Random Forest,TreeExplainer
missingindicator_away_goals_against_l3,0.0,6.36298471443496e-06,Task L margin,Random Forest,TreeExplainer
missingindicator_away_goal_difference_l3,0.0,2.7113232379686605e-05,Task L margin,Random Forest,TreeExplainer
missingindicator_away_shots_for_l3,0.0,0.0,Task L margin,Random Forest,TreeExplainer
missingindicator_away_shots_against_l3,0.0,9.2720642704487e-06,Task L margin,Random Forest,TreeExplainer
missingindicator_away_shots_on_target_for_l3,0.0,3.103530074792425e-05,Task L margin,Random Forest,TreeExplainer
missingindicator_away_shots_on_target_against_l3,0.0,2.6047208978937884e-05,Task L margin,Random Forest,TreeExplainer
missingindicator_away_xg_for_l3,0.0,0.0,Task L margin,Random Forest,TreeExplainer
missingindicator_away_xg_against_l3,0.0,1.627816963414785e-05,Task L margin,Random Forest,TreeExplainer
missingindicator_away_passes_for_l3,0.0,0.0,Task L margin,Random Forest,TreeExplainer
missingindicator_away_pass_completion_for_l3,0.0,0.0,Task L margin,Random Forest,TreeExplainer
missingindicator_away_pressures_for_l3,0.0,1.0666246134886658e-05,Task L margin,Random Forest,TreeExplainer
missingindicator_away_final_third_entries_for_l3,0.0,0.0,Task L margin,Random Forest,TreeExplainer
missingindicator_away_red_cards_for_l3,0.0,2.013114207502372e-05,Task L margin,Random Forest,TreeExplainer
missingindicator_away_possession_share_l3,0.0,2.9307709819956623e-06,Task L margin,Random Forest,TreeExplainer
missingindicator_away_points_l5,0.0,7.220973194819728e-07,Task L margin,Random Forest,TreeExplainer
missingindicator_away_goals_for_l5,0.0,2.3420417396005362e-05,Task L margin,Random Forest,TreeExplainer
missingindicator_away_goals_against_l5,0.0,1.153091733193706e-05,Task L margin,Random Forest,TreeExplainer
missingindicator_away_goal_difference_l5,0.0,2.8747806955489566e-05,Task L margin,Random Forest,TreeExplainer
missingindicator_away_shots_for_l5,0.0,4.533938185855822e-05,Task L margin,Random Forest,TreeExplainer
missingindicator_away_shots_against_l5,0.0,0.0,Task L margin,Random Forest,TreeExplainer
missingindicator_away_shots_on_target_for_l5,0.0,1.948518959818661e-05,Task L margin,Random Forest,TreeExplainer
missingindicator_away_shots_on_target_against_l5,0.0,2.6884753093567937e-05,Task L margin,Random Forest,TreeExplainer
missingindicator_away_xg_for_l5,0.0,0.0,Task L margin,Random Forest,TreeExplainer
missingindicator_away_xg_against_l5,0.0,1.324694827937125e-05,Task L margin,Random Forest,TreeExplainer
missingindicator_away_passes_for_l5,0.0,1.5167089774098797e-06,Task L margin,Random Forest,TreeExplainer
missingindicator_away_pass_completion_for_l5,0.0,1.7705346862100776e-06,Task L margin,Random Forest,TreeExplainer
missingindicator_away_pressures_for_l5,0.0,6.814251928192612e-06,Task L margin,Random Forest,TreeExplainer
missingindicator_away_final_third_entries_for_l5,0.0,4.005735958706021e-05,Task L margin,Random Forest,TreeExplainer
missingindicator_away_red_cards_for_l5,0.0,0.0,Task L margin,Random Forest,TreeExplainer
missingindicator_away_possession_share_l5,0.0,7.03714000829712e-05,Task L margin,Random Forest,TreeExplainer
missingindicator_away_points_l10,0.0,3.963064815814695e-05,Task L margin,Random Forest,TreeExplainer
missingindicator_away_goals_for_l10,0.0,1.2636274466499473e-06,Task L margin,Random Forest,TreeExplainer
missingindicator_away_goals_against_l10,0.0,1.5928814285709496e-05,Task L margin,Random Forest,TreeExplainer
missingindicator_away_goal_difference_l10,0.0,0.0,Task L margin,Random Forest,TreeExplainer
missingindicator_away_shots_for_l10,0.0,2.750914661703436e-06,Task L margin,Random Forest,TreeExplainer
missingindicator_away_shots_against_l10,0.0,0.0,Task L margin,Random Forest,TreeExplainer
missingindicator_away_shots_on_target_for_l10,0.0,0.0,Task L margin,Random Forest,TreeExplainer
missingindicator_away_shots_on_target_against_l10,0.0,4.292720138045525e-06,Task L margin,Random Forest,TreeExplainer
missingindicator_away_xg_for_l10,0.0,1.2708133963187044e-05,Task L margin,Random Forest,TreeExplainer
missingindicator_away_xg_against_l10,0.0,2.730884759680473e-06,Task L margin,Random Forest,TreeExplainer
missingindicator_away_passes_for_l10,0.0,0.0,Task L margin,Random Forest,TreeExplainer
missingindicator_away_pass_completion_for_l10,0.0,0.0,Task L margin,Random Forest,TreeExplainer
missingindicator_away_pressures_for_l10,0.0,2.8441821879045538e-05,Task L margin,Random Forest,TreeExplainer
missingindicator_diff_possession_share_l5,0.0,1.6937019852645953e-05,Task L margin,Random Forest,TreeExplainer
missingindicator_diff_points_l10,0.0,2.6755859155842692e-05,Task L margin,Random Forest,TreeExplainer
missingindicator_diff_goal_difference_l10,0.0,2.711818998552649e-05,Task L margin,Random Forest,TreeExplainer
missingindicator_diff_shots_for_l10,0.0,1.8418774083344243e-05,Task L margin,Random Forest,TreeExplainer
missingindicator_diff_xg_for_l10,0.0,0.0,Task L margin,Random Forest,TreeExplainer
missingindicator_diff_pass_completion_for_l10,0.0,6.372153017062309e-06,Task L margin,Random Forest,TreeExplainer
missingindicator_diff_pressures_for_l10,0.0,0.0,Task L margin,Random Forest,TreeExplainer
missingindicator_diff_possession_share_l10,0.0,3.161131597494793e-05,Task L margin,Random Forest,TreeExplainer
missingindicator_rest_days_difference,0.0,0.0,Task L margin,Random Forest,TreeExplainer
current_goal_difference,0.6960844182931043,0.5460739490799017,Task L margin,GBM,TreeExplainer
p1_away_rank_total,0.08910943022128973,0.020913221536968705,Task L margin,GBM,TreeExplainer
home_pass_completion_for_l3,0.06723605548647851,0.0083304211112511,Task L margin,GBM,TreeExplainer
home_pass_completion_for_l5,0.06701690573296508,0.006908570193024711,Task L margin,GBM,TreeExplainer
home_shots_for_l3,0.056087738635685926,0.012658725587813658,Task L margin,GBM,TreeExplainer
p1_away_scr_home,0.05407596456088746,0.01287051801209005,Task L margin,GBM,TreeExplainer
home_goals_against_l10,0.05131896143422537,0.0037664474929820506,Task L margin,GBM,TreeExplainer
away_xg_against_l3,0.04921693413459385,0.0065646758148013885,Task L margin,GBM,TreeExplainer
diff_xg_for_l3,0.048925393858862416,0.009911631414827244,Task L margin,GBM,TreeExplainer
home_passes_for_l10,0.047249640745607516,0.018400365193392578,Task L margin,GBM,TreeExplainer
p1_away_con_total,0.04674826337443667,0.011368353799263563,Task L margin,GBM,TreeExplainer
away_shots_on_target_against_l3,0.04584775154483508,0.00359021508224178,Task L margin,GBM,TreeExplainer
home_xg_for_l3,0.04493392788736768,0.0072004895158226355,Task L margin,GBM,TreeExplainer
diff_pressures_for_l5,0.040501915664117184,0.007348376556695019,Task L margin,GBM,TreeExplainer
diff_pressures_for_l10,0.04039010962959533,0.010982694858524832,Task L margin,GBM,TreeExplainer
home_pass_completion_for_l10,0.037128521859133595,0.008520241844244582,Task L margin,GBM,TreeExplainer
away_shots_on_target_for_l10,0.03601093577276911,0.013592217862790974,Task L margin,GBM,TreeExplainer
away_pressures_for_l3,0.03474518143841218,0.007194248724863258,Task L margin,GBM,TreeExplainer
away_shots_for_l5,0.0338684942960351,0.006858083446340074,Task L margin,GBM,TreeExplainer
away_shots_on_target_for_l5,0.03252131989003778,0.013879059474778837,Task L margin,GBM,TreeExplainer
p1_away_con_away,0.030375909465597956,0.010199954320109988,Task L margin,GBM,TreeExplainer
diff_shots_for_l5,0.029978370928205534,0.008632501753033255,Task L margin,GBM,TreeExplainer
away_shots_for_l10,0.0291068770008084,0.004401480904687349,Task L margin,GBM,TreeExplainer
away_xg_against_l10,0.028517841739075577,0.006745523747970169,Task L margin,GBM,TreeExplainer
home_shots_on_target_for_l3,0.025376966642898832,0.0018444360885950745,Task L margin,GBM,TreeExplainer
home_final_third_entries_for_l5,0.024295840258492782,0.004579506597307233,Task L margin,GBM,TreeExplainer
away_pass_completion_for_l3,0.023417355457755428,0.007103008788950744,Task L margin,GBM,TreeExplainer
p1_away_rank_away,0.022612176342122262,0.008182120565010614,Task L margin,GBM,TreeExplainer
away_shots_against_l10,0.021445766938353577,0.005162280869723927,Task L margin,GBM,TreeExplainer
away_shots_on_target_against_l5,0.021159577019140122,0.0021447246608056157,Task L margin,GBM,TreeExplainer
away_xg_for_l10,0.02049907955476083,0.005156930658247648,Task L margin,GBM,TreeExplainer
live_diff_xg,0.0204750748976289,0.006541100921856262,Task L margin,GBM,TreeExplainer
away_goals_against_l5,0.020324369971174747,0.0017241145619752392,Task L margin,GBM,TreeExplainer
away_goal_difference_l10,0.01955431484772514,0.013803919486206483,Task L margin,GBM,TreeExplainer
away_live_fouls,0.018225489158493778,0.001038116304741935,Task L margin,GBM,TreeExplainer
home_goals_for_l5,0.01765174515115407,0.001563227133322732,Task L margin,GBM,TreeExplainer
away_pressures_for_l5,0.01750927753062763,0.0012203064470063967,Task L margin,GBM,TreeExplainer
home_xg_against_l10,0.017033531469797417,0.003327160666488512,Task L margin,GBM,TreeExplainer
diff_pressures_for_l3,0.016758710805326708,0.004058401118186522,Task L margin,GBM,TreeExplainer
home_goal_difference_l10,0.016728208068323626,0.0032392863145071513,Task L margin,GBM,TreeExplainer
p1_away_scr_total,0.015249913243021978,0.0023243204715708756,Task L margin,GBM,TreeExplainer
away_possession_share_l3,0.014584870729409146,0.00230861677787671,Task L margin,GBM,TreeExplainer
diff_shots_for_l3,0.014372789537720383,0.009974272992590943,Task L margin,GBM,TreeExplainer
p1_home_con_total,0.014218747818904616,0.002668320215466771,Task L margin,GBM,TreeExplainer
diff_possession_share_l10,0.014190596331780174,0.007236432887707317,Task L margin,GBM,TreeExplainer
home_points_l3,0.012929351227482164,0.0022922689152661993,Task L margin,GBM,TreeExplainer
home_passes_for_l3,0.012773397802871967,0.003424561724460493,Task L margin,GBM,TreeExplainer
home_xg_against_l3,0.012114163547381757,0.0019954462954637083,Task L margin,GBM,TreeExplainer
away_shots_on_target_for_l3,0.01203093137809387,0.0024171379315123848,Task L margin,GBM,TreeExplainer
home_possession_share_l5,0.010828066420454219,0.0011842896854940773,Task L margin,GBM,TreeExplainer
diff_points_l10,0.010786420706488808,0.0024386642663907178,Task L margin,GBM,TreeExplainer
away_goals_for_l5,0.010661307326921563,0.0012636290607014476,Task L margin,GBM,TreeExplainer
away_shots_for_l3,0.010635414983487378,0.0017454521463773046,Task L margin,GBM,TreeExplainer
home_goal_difference_l3,0.009984538755752144,0.0019651365978194386,Task L margin,GBM,TreeExplainer
away_final_third_entries_for_l3,0.009954979358365142,0.0031678306324655243,Task L margin,GBM,TreeExplainer
current_away_score,0.00965984203796834,0.004005716493581703,Task L margin,GBM,TreeExplainer
home_goals_for_l10,0.009482205523177986,0.0011546104114921313,Task L margin,GBM,TreeExplainer
home_pressures_for_l3,0.009357031274602431,0.0010768979394263345,Task L margin,GBM,TreeExplainer
away_red_cards_for_l10,0.00918584024365991,0.0017533523148318643,Task L margin,GBM,TreeExplainer
away_xg_for_l5,0.008821157370971442,0.0019046166776032825,Task L margin,GBM,TreeExplainer
diff_shots_for_l10,0.0085847379257592,0.0027078054750020856,Task L margin,GBM,TreeExplainer
away_passes_for_l10,0.008457762681444485,0.004809346576831013,Task L margin,GBM,TreeExplainer
home_rest_days,0.008289400908669151,0.0037896891022758112,Task L margin,GBM,TreeExplainer
diff_possession_share_l5,0.00816152867705872,0.003344009030171629,Task L margin,GBM,TreeExplainer
home_xg_against_l5,0.008057493778783825,0.0061048287099468,Task L margin,GBM,TreeExplainer
diff_goal_difference_l10,0.007960369509582722,0.00391675713167046,Task L margin,GBM,TreeExplainer
home_live_xg,0.007800650132137044,0.0012097733680536881,Task L margin,GBM,TreeExplainer
away_goals_for_l3,0.007794448897382241,0.0027946048265626465,Task L margin,GBM,TreeExplainer
diff_goal_difference_l5,0.0075590030413121,0.0003221954795182016,Task L margin,GBM,TreeExplainer
home_shots_against_l3,0.0072696534999956725,0.003373128544387441,Task L margin,GBM,TreeExplainer
home_passes_for_l5,0.006835751027831193,0.00187887705544055,Task L margin,GBM,TreeExplainer
home_goals_for_l3,0.00663923369372884,0.00347884247253963,Task L margin,GBM,TreeExplainer
away_shots_against_l5,0.0066314761215976155,0.001400457298417674,Task L margin,GBM,TreeExplainer
home_pressures_for_l5,0.006412549106528359,0.0013841964752021123,Task L margin,GBM,TreeExplainer
diff_points_l5,0.006184022834741825,0.0022643476435026174,Task L margin,GBM,TreeExplainer
away_possession_share_l5,0.00605498484921021,0.0020835375255616874,Task L margin,GBM,TreeExplainer
home_shots_on_target_for_l5,0.00590678152944893,0.0011527336430229513,Task L margin,GBM,TreeExplainer
away_xg_for_l3,0.005584736232583725,0.0011588703841550294,Task L margin,GBM,TreeExplainer
home_shots_on_target_against_l3,0.0053832777222618455,0.0021263996598706518,Task L margin,GBM,TreeExplainer
away_shots_on_target_against_l10,0.005264006615399071,0.0015348305700623461,Task L margin,GBM,TreeExplainer
away_xg_against_l5,0.0050805534605557695,0.002582212998840224,Task L margin,GBM,TreeExplainer
home_final_third_entries_for_l10,0.004801497794113434,0.0009508014877612426,Task L margin,GBM,TreeExplainer
current_home_score,0.004580921246359749,0.001841180502197126,Task L margin,GBM,TreeExplainer
away_final_third_entries_for_l10,0.004251711687135198,0.0020234316475960744,Task L margin,GBM,TreeExplainer
home_xg_for_l10,0.004091437838692216,0.001499434162018896,Task L margin,GBM,TreeExplainer
p1_home_con_away,0.0038929386585950963,0.0008503815162246384,Task L margin,GBM,TreeExplainer
p1_away_scr_away,0.0035984004677583788,0.0009191372236607373,Task L margin,GBM,TreeExplainer
away_points_l3,0.003573346675994488,0.0014608950528935847,Task L margin,GBM,TreeExplainer
diff_xg_for_l5,0.0034984067678451563,0.0011009405864535016,Task L margin,GBM,TreeExplainer
home_shots_against_l10,0.0032066855199014152,0.0018053254270957858,Task L margin,GBM,TreeExplainer
home_final_third_entries_for_l3,0.0031902373516311195,0.0004771421870649411,Task L margin,GBM,TreeExplainer
diff_pass_completion_for_l5,0.003118252940165496,0.0015486238422455988,Task L margin,GBM,TreeExplainer
away_goals_for_l10,0.0031027573358888474,0.0011109659332233703,Task L margin,GBM,TreeExplainer
home_shots_for_l10,0.00303067555865273,0.001564617407657585,Task L margin,GBM,TreeExplainer
away_final_third_entries_for_l5,0.003024795754067603,0.005010261702370205,Task L margin,GBM,TreeExplainer
p1_away_rank_home,0.0027551454309374104,0.0005752824532597429,Task L margin,GBM,TreeExplainer
home_shots_on_target_against_l5,0.0027469313635180358,0.0002460093342293681,Task L margin,GBM,TreeExplainer
away_red_cards_for_l5,0.0027090765566875536,0.000779405033435837,Task L margin,GBM,TreeExplainer
rest_days_difference,0.00257582171832522,0.0001986755563935738,Task L margin,GBM,TreeExplainer
away_passes_for_l3,0.002497707462745408,0.0010637553315247445,Task L margin,GBM,TreeExplainer
home_shots_for_l5,0.0024280802899350694,0.0010922841158952654,Task L margin,GBM,TreeExplainer
away_live_passes,0.0024185024037025877,0.0007047383748662806,Task L margin,GBM,TreeExplainer
home_points_l10,0.0022773303945704034,0.001402631187492849,Task L margin,GBM,TreeExplainer
away_pass_completion_for_l10,0.002276472234066265,0.00041602678708086127,Task L margin,GBM,TreeExplainer
home_pressures_for_l10,0.0022531577765320717,0.0009046429030840123,Task L margin,GBM,TreeExplainer
diff_possession_share_l3,0.002111815419048072,0.0004305301177509885,Task L margin,GBM,TreeExplainer
away_points_l5,0.002104840340837839,0.0005923972392586936,Task L margin,GBM,TreeExplainer
home_points_l5,0.0019499400955935327,0.00012431319790787634,Task L margin,GBM,TreeExplainer
away_goals_against_l10,0.0018507984741280487,0.0007392595204330759,Task L margin,GBM,TreeExplainer
home_live_carries,0.001839846370679632,0.00022367894716752694,Task L margin,GBM,TreeExplainer
home_xg_for_l5,0.0017898864315201823,0.0015255236459227306,Task L margin,GBM,TreeExplainer
home_possession_share_l10,0.001627191856130956,0.0020284151828905187,Task L margin,GBM,TreeExplainer
home_possession_share_l3,0.001569671017459282,0.0005112995211987417,Task L margin,GBM,TreeExplainer
home_live_pressures,0.0015201966749814643,0.00042032764055246536,Task L margin,GBM,TreeExplainer
away_possession_share_l10,0.0015117466414968147,0.0006281568713114102,Task L margin,GBM,TreeExplainer
home_live_shots_on_target,0.001477092172081272,0.0001714185348562242,Task L margin,GBM,TreeExplainer
home_live_shots,0.001347579483191171,0.00011878162017977178,Task L margin,GBM,TreeExplainer
diff_pass_completion_for_l10,0.001303298747353255,0.0005765285746962334,Task L margin,GBM,TreeExplainer
home_live_final_third_entries,0.0012902656883622215,9.757417506780822e-05,Task L margin,GBM,TreeExplainer
away_live_pressures,0.0012369928294792781,0.0002546374183912209,Task L margin,GBM,TreeExplainer
away_live_xg,0.001160524053685366,0.00022264695639865679,Task L margin,GBM,TreeExplainer
diff_pass_completion_for_l3,0.0011462300295631107,0.00035369111570779003,Task L margin,GBM,TreeExplainer
home_live_fouls,0.0011151996416971064,0.0002921212683399165,Task L margin,GBM,TreeExplainer
home_shots_against_l5,0.000987877686073383,0.000805762110850371,Task L margin,GBM,TreeExplainer
away_points_l10,0.0009643652814129996,0.00023422226104497857,Task L margin,GBM,TreeExplainer
away_goals_against_l3,0.0009633121238400546,0.0006755906598906049,Task L margin,GBM,TreeExplainer
p1_home_con_home,0.0009196476714685559,0.00017770950786178018,Task L margin,GBM,TreeExplainer
away_live_carries,0.000917960249570508,0.0007003550656975926,Task L margin,GBM,TreeExplainer
p1_home_rank_away,0.0008778550129849451,0.00011721522030069287,Task L margin,GBM,TreeExplainer
away_pressures_for_l10,0.0008425072357524188,0.00016491910249806296,Task L margin,GBM,TreeExplainer
p1_home_scr_home,0.0008001882038389647,0.0009813019620331985,Task L margin,GBM,TreeExplainer
p1_home_rank_home,0.0005013820290565501,0.00020472322120395573,Task L margin,GBM,TreeExplainer
live_diff_final_third_entries,0.0004888825594137112,0.00011501809249113956,Task L margin,GBM,TreeExplainer
p1_home_scr_away,0.0004485983705768978,0.0009896894254902441,Task L margin,GBM,TreeExplainer
home_live_corners,0.0004463969757935655,0.00020328908536379646,Task L margin,GBM,TreeExplainer
diff_xg_for_l10,0.0004235396857062971,0.0004553653753448902,Task L margin,GBM,TreeExplainer
diff_goal_difference_l3,0.00042168387303439267,0.00026510717649160296,Task L margin,GBM,TreeExplainer
p1_home_rank_total,0.0004127094315520183,0.00012279446098519367,Task L margin,GBM,TreeExplainer
home_live_completed_passes,0.0003908949002002676,4.132611278386924e-05,Task L margin,GBM,TreeExplainer
n_events_so_far,0.000385778975284968,5.268864355978683e-05,Task L margin,GBM,TreeExplainer
away_live_shots,0.000384410896648963,2.1245818594085763e-05,Task L margin,GBM,TreeExplainer
away_live_final_third_entries,0.0003721277255564928,6.299382309670803e-05,Task L margin,GBM,TreeExplainer
away_live_completed_passes,0.00036474748899539345,8.775670130901862e-05,Task L margin,GBM,TreeExplainer
away_shots_against_l3,0.00029136510932197213,0.00026425278540554966,Task L margin,GBM,TreeExplainer
p1_away_con_home,0.00028020098898559853,5.735827560126152e-05,Task L margin,GBM,TreeExplainer
home_live_pass_completion,0.000227851348121961,0.00012893018003771564,Task L margin,GBM,TreeExplainer
away_rest_days,0.00016131653375923654,0.0021846758513797034,Task L margin,GBM,TreeExplainer
home_shots_on_target_for_l10,0.0001522807851433754,5.124422936503107e-06,Task L margin,GBM,TreeExplainer
home_goals_against_l5,0.0001403043481210868,1.629913782435647e-05,Task L margin,GBM,TreeExplainer
away_live_possession_share,0.00011625369985898325,0.0001494301092134832,Task L margin,GBM,TreeExplainer
home_shots_on_target_against_l10,6.444739839062095e-05,1.0042850017173164e-05,Task L margin,GBM,TreeExplainer
live_diff_pressures,6.370869837701321e-05,2.643733796412093e-05,Task L margin,GBM,TreeExplainer
home_goals_against_l3,5.924552263071132e-05,1.240853598389851e-05,Task L margin,GBM,TreeExplainer
away_live_pass_completion,5.379022347430387e-05,9.755058882940708e-05,Task L margin,GBM,TreeExplainer
away_live_corners,2.5489854129652205e-05,2.5172623950974735e-07,Task L margin,GBM,TreeExplainer
away_live_shots_on_target,2.060496558745702e-05,3.2212844977570114e-05,Task L margin,GBM,TreeExplainer
away_passes_for_l5,1.9688370311632756e-05,0.00012893440606569405,Task L margin,GBM,TreeExplainer
diff_points_l3,1.206262316554785e-05,0.001528643896544008,Task L margin,GBM,TreeExplainer
home_live_passes,7.224654903014501e-06,6.582289161262184e-05,Task L margin,GBM,TreeExplainer
home_red_cards_for_l5,4.117108633120853e-06,8.528895601207315e-08,Task L margin,GBM,TreeExplainer
time_remaining_minutes,0.0,1.4544113559040589e-05,Task L margin,GBM,TreeExplainer
missingindicator_diff_xg_for_l3,0.0,0.0,Task L margin,GBM,TreeExplainer
missingindicator_diff_pass_completion_for_l3,0.0,0.0,Task L margin,GBM,TreeExplainer
missingindicator_away_final_third_entries_for_l10,0.0,0.0,Task L margin,GBM,TreeExplainer
missingindicator_away_red_cards_for_l10,0.0,0.0,Task L margin,GBM,TreeExplainer
reference_second,0.0,5.0604221377237134e-06,Task L margin,GBM,TreeExplainer
missingindicator_diff_points_l3,0.0,0.0,Task L margin,GBM,TreeExplainer
missingindicator_diff_goal_difference_l3,0.0,0.0,Task L margin,GBM,TreeExplainer
missingindicator_diff_shots_for_l3,0.0,0.0,Task L margin,GBM,TreeExplainer
missingindicator_diff_xg_for_l5,0.0,0.0,Task L margin,GBM,TreeExplainer
missingindicator_diff_shots_for_l5,0.0,0.0,Task L margin,GBM,TreeExplainer
missingindicator_diff_goal_difference_l5,0.0,0.0,Task L margin,GBM,TreeExplainer
missingindicator_diff_points_l5,0.0,0.0,Task L margin,GBM,TreeExplainer
missingindicator_diff_possession_share_l3,0.0,0.0,Task L margin,GBM,TreeExplainer
missingindicator_diff_pressures_for_l3,0.0,0.0,Task L margin,GBM,TreeExplainer
away_missing_history_l5,0.0,0.0,Task L margin,GBM,TreeExplainer
missingindicator_diff_pass_completion_for_l5,0.0,0.0,Task L margin,GBM,TreeExplainer
away_goal_difference_l5,0.0,0.0,Task L margin,GBM,TreeExplainer
away_missing_history_l3,0.0,0.0,Task L margin,GBM,TreeExplainer
home_missing_history_l10,0.0,0.0,Task L margin,GBM,TreeExplainer
away_history_matches_before,0.0,0.0012870734194275644,Task L margin,GBM,TreeExplainer
home_missing_history_l5,0.0,0.0,Task L margin,GBM,TreeExplainer
away_red_cards_for_l3,0.0,0.00024990273829443777,Task L margin,GBM,TreeExplainer
away_pass_completion_for_l5,0.0,0.0,Task L margin,GBM,TreeExplainer
missingindicator_diff_pressures_for_l5,0.0,0.0,Task L margin,GBM,TreeExplainer
home_goal_difference_l5,0.0,0.0,Task L margin,GBM,TreeExplainer
home_red_cards_for_l10,0.0,3.080388848881367e-05,Task L margin,GBM,TreeExplainer
away_goal_difference_l3,0.0,0.0,Task L margin,GBM,TreeExplainer
home_missing_history_l3,0.0,0.0,Task L margin,GBM,TreeExplainer
away_missing_history_l10,0.0,0.0,Task L margin,GBM,TreeExplainer
away_live_xg_last10,0.0,3.24862903881982e-06,Task L margin,GBM,TreeExplainer
away_live_pressures_last10,0.0,0.0,Task L margin,GBM,TreeExplainer
home_red_cards_for_l3,0.0,0.0,Task L margin,GBM,TreeExplainer
away_live_final_third_entries_last10,0.0,0.0,Task L margin,GBM,TreeExplainer
man_advantage_home,0.0,0.0,Task L margin,GBM,TreeExplainer
live_diff_shots,0.0,3.695415704966568e-06,Task L margin,GBM,TreeExplainer
live_diff_shots_on_target,0.0,0.0,Task L margin,GBM,TreeExplainer
missingindicator_away_possession_share_l10,0.0,0.0,Task L margin,GBM,TreeExplainer
snapshot_minute,0.0,0.0,Task L margin,GBM,TreeExplainer
snapshot_period,0.0,0.0,Task L margin,GBM,TreeExplainer
snapshot_rank,0.0,1.908992599040372e-05,Task L margin,GBM,TreeExplainer
live_diff_pressures_last5,0.0,0.0,Task L margin,GBM,TreeExplainer
live_diff_xg_last5,0.0,0.0,Task L margin,GBM,TreeExplainer
live_diff_shots_last5,0.0,0.0,Task L margin,GBM,TreeExplainer
live_diff_possession_share,0.0,3.1980962573691744e-06,Task L margin,GBM,TreeExplainer
home_history_matches_before,0.0,0.0008604338861104807,Task L margin,GBM,TreeExplainer
away_live_red_cards,0.0,0.0,Task L margin,GBM,TreeExplainer
away_live_shots_last5,0.0,0.0,Task L margin,GBM,TreeExplainer
p1_home_scr_total,0.0,3.944627281737903e-05,Task L margin,GBM,TreeExplainer
away_live_pressures_last5,0.0,0.0,Task L margin,GBM,TreeExplainer
away_live_final_third_entries_last5,0.0,0.0,Task L margin,GBM,TreeExplainer
away_live_shots_last10,0.0,0.0,Task L margin,GBM,TreeExplainer
home_live_red_cards,0.0,0.0,Task L margin,GBM,TreeExplainer
home_live_possession_share,0.0,4.960936784491291e-06,Task L margin,GBM,TreeExplainer
home_live_shots_last5,0.0,0.0,Task L margin,GBM,TreeExplainer
home_live_xg_last5,0.0,0.0,Task L margin,GBM,TreeExplainer
away_live_xg_last5,0.0,0.0,Task L margin,GBM,TreeExplainer
home_live_pressures_last5,0.0,0.0,Task L margin,GBM,TreeExplainer
home_live_final_third_entries_last5,0.0,0.0,Task L margin,GBM,TreeExplainer
home_live_xg_last10,0.0,0.0,Task L margin,GBM,TreeExplainer
home_live_shots_last10,0.0,0.0,Task L margin,GBM,TreeExplainer
home_live_pressures_last10,0.0,0.0,Task L margin,GBM,TreeExplainer
home_live_final_third_entries_last10,0.0,9.181060114301697e-07,Task L margin,GBM,TreeExplainer
missingindicator_home_live_pass_completion,0.0,0.0,Task L margin,GBM,TreeExplainer
missingindicator_away_live_pass_completion,0.0,0.0,Task L margin,GBM,TreeExplainer
missingindicator_home_rest_days,0.0,0.0,Task L margin,GBM,TreeExplainer
missingindicator_home_points_l3,0.0,0.0,Task L margin,GBM,TreeExplainer
missingindicator_home_goals_for_l3,0.0,0.0,Task L margin,GBM,TreeExplainer
missingindicator_home_goals_against_l3,0.0,5.4949145174319626e-05,Task L margin,GBM,TreeExplainer
missingindicator_home_goal_difference_l3,0.0,0.0,Task L margin,GBM,TreeExplainer
missingindicator_home_shots_for_l3,0.0,0.0,Task L margin,GBM,TreeExplainer
missingindicator_home_shots_against_l3,0.0,0.0,Task L margin,GBM,TreeExplainer
missingindicator_home_shots_on_target_for_l3,0.0,0.0,Task L margin,GBM,TreeExplainer
missingindicator_home_shots_on_target_against_l3,0.0,0.0,Task L margin,GBM,TreeExplainer
missingindicator_home_xg_for_l3,0.0,0.0,Task L margin,GBM,TreeExplainer
missingindicator_home_xg_against_l3,0.0,0.0,Task L margin,GBM,TreeExplainer
missingindicator_home_passes_for_l3,0.0,0.0,Task L margin,GBM,TreeExplainer
missingindicator_home_pass_completion_for_l3,0.0,0.0,Task L margin,GBM,TreeExplainer
missingindicator_home_pressures_for_l3,0.0,0.0,Task L margin,GBM,TreeExplainer
missingindicator_home_final_third_entries_for_l3,0.0,0.0,Task L margin,GBM,TreeExplainer
missingindicator_home_red_cards_for_l3,0.0,0.0,Task L margin,GBM,TreeExplainer
missingindicator_home_possession_share_l3,0.0,0.0,Task L margin,GBM,TreeExplainer
missingindicator_home_points_l5,0.0,0.0,Task L margin,GBM,TreeExplainer
missingindicator_home_goals_for_l5,0.0,0.0,Task L margin,GBM,TreeExplainer
missingindicator_home_goals_against_l5,0.0,0.0,Task L margin,GBM,TreeExplainer
missingindicator_home_goal_difference_l5,0.0,0.0,Task L margin,GBM,TreeExplainer
missingindicator_home_shots_for_l5,0.0,0.0,Task L margin,GBM,TreeExplainer
missingindicator_home_shots_against_l5,0.0,0.0,Task L margin,GBM,TreeExplainer
missingindicator_home_shots_on_target_for_l5,0.0,5.762182347919141e-05,Task L margin,GBM,TreeExplainer
missingindicator_home_shots_on_target_against_l5,0.0,0.0,Task L margin,GBM,TreeExplainer
missingindicator_home_xg_for_l5,0.0,0.0,Task L margin,GBM,TreeExplainer
missingindicator_home_xg_against_l5,0.0,0.0,Task L margin,GBM,TreeExplainer
missingindicator_home_passes_for_l5,0.0,0.0,Task L margin,GBM,TreeExplainer
missingindicator_home_pass_completion_for_l5,0.0,0.0,Task L margin,GBM,TreeExplainer
missingindicator_home_pressures_for_l5,0.0,0.0,Task L margin,GBM,TreeExplainer
missingindicator_home_final_third_entries_for_l5,0.0,0.0,Task L margin,GBM,TreeExplainer
missingindicator_home_red_cards_for_l5,0.0,0.0,Task L margin,GBM,TreeExplainer
missingindicator_home_possession_share_l5,0.0,0.0,Task L margin,GBM,TreeExplainer
missingindicator_home_points_l10,0.0,0.0,Task L margin,GBM,TreeExplainer
missingindicator_home_goals_for_l10,0.0,0.0,Task L margin,GBM,TreeExplainer
missingindicator_home_goals_against_l10,0.0,0.0,Task L margin,GBM,TreeExplainer
missingindicator_home_goal_difference_l10,0.0,0.0,Task L margin,GBM,TreeExplainer
missingindicator_home_shots_for_l10,0.0,0.0,Task L margin,GBM,TreeExplainer
missingindicator_home_shots_against_l10,0.0,0.0,Task L margin,GBM,TreeExplainer
missingindicator_home_shots_on_target_for_l10,0.0,0.0,Task L margin,GBM,TreeExplainer
missingindicator_home_shots_on_target_against_l10,0.0,0.0,Task L margin,GBM,TreeExplainer
missingindicator_home_xg_for_l10,0.0,0.0,Task L margin,GBM,TreeExplainer
missingindicator_home_xg_against_l10,0.0,0.0,Task L margin,GBM,TreeExplainer
missingindicator_home_passes_for_l10,0.0,0.0,Task L margin,GBM,TreeExplainer
missingindicator_home_pass_completion_for_l10,0.0,0.0,Task L margin,GBM,TreeExplainer
missingindicator_home_pressures_for_l10,0.0,0.0,Task L margin,GBM,TreeExplainer
missingindicator_home_final_third_entries_for_l10,0.0,0.0,Task L margin,GBM,TreeExplainer
missingindicator_home_red_cards_for_l10,0.0,0.0,Task L margin,GBM,TreeExplainer
missingindicator_home_possession_share_l10,0.0,0.0,Task L margin,GBM,TreeExplainer
missingindicator_away_rest_days,0.0,0.0,Task L margin,GBM,TreeExplainer
missingindicator_away_points_l3,0.0,0.0,Task L margin,GBM,TreeExplainer
missingindicator_away_goals_for_l3,0.0,0.0,Task L margin,GBM,TreeExplainer
missingindicator_away_goals_against_l3,0.0,0.0,Task L margin,GBM,TreeExplainer
missingindicator_away_goal_difference_l3,0.0,0.0,Task L margin,GBM,TreeExplainer
missingindicator_away_shots_for_l3,0.0,0.0,Task L margin,GBM,TreeExplainer
missingindicator_away_shots_against_l3,0.0,0.0,Task L margin,GBM,TreeExplainer
missingindicator_away_shots_on_target_for_l3,0.0,0.0,Task L margin,GBM,TreeExplainer
missingindicator_away_shots_on_target_against_l3,0.0,0.0,Task L margin,GBM,TreeExplainer
missingindicator_away_xg_for_l3,0.0,0.0,Task L margin,GBM,TreeExplainer
missingindicator_away_xg_against_l3,0.0,0.0,Task L margin,GBM,TreeExplainer
missingindicator_away_passes_for_l3,0.0,0.0,Task L margin,GBM,TreeExplainer
missingindicator_away_pass_completion_for_l3,0.0,0.0,Task L margin,GBM,TreeExplainer
missingindicator_away_pressures_for_l3,0.0,0.0,Task L margin,GBM,TreeExplainer
missingindicator_away_final_third_entries_for_l3,0.0,0.0,Task L margin,GBM,TreeExplainer
missingindicator_away_red_cards_for_l3,0.0,0.0,Task L margin,GBM,TreeExplainer
missingindicator_away_possession_share_l3,0.0,0.0,Task L margin,GBM,TreeExplainer
missingindicator_away_points_l5,0.0,0.0,Task L margin,GBM,TreeExplainer
missingindicator_away_goals_for_l5,0.0,0.0,Task L margin,GBM,TreeExplainer
missingindicator_away_goals_against_l5,0.0,0.0,Task L margin,GBM,TreeExplainer
missingindicator_away_goal_difference_l5,0.0,0.0,Task L margin,GBM,TreeExplainer
missingindicator_away_shots_for_l5,0.0,0.0,Task L margin,GBM,TreeExplainer
missingindicator_away_shots_against_l5,0.0,0.0,Task L margin,GBM,TreeExplainer
missingindicator_away_shots_on_target_for_l5,0.0,0.0,Task L margin,GBM,TreeExplainer
missingindicator_away_shots_on_target_against_l5,0.0,0.0,Task L margin,GBM,TreeExplainer
missingindicator_away_xg_for_l5,0.0,0.0,Task L margin,GBM,TreeExplainer
missingindicator_away_xg_against_l5,0.0,0.0,Task L margin,GBM,TreeExplainer
missingindicator_away_passes_for_l5,0.0,0.0,Task L margin,GBM,TreeExplainer
missingindicator_away_pass_completion_for_l5,0.0,0.0,Task L margin,GBM,TreeExplainer
missingindicator_away_pressures_for_l5,0.0,0.0,Task L margin,GBM,TreeExplainer
missingindicator_away_final_third_entries_for_l5,0.0,0.0,Task L margin,GBM,TreeExplainer
missingindicator_away_red_cards_for_l5,0.0,0.0,Task L margin,GBM,TreeExplainer
missingindicator_away_possession_share_l5,0.0,0.0,Task L margin,GBM,TreeExplainer
missingindicator_away_points_l10,0.0,0.0,Task L margin,GBM,TreeExplainer
missingindicator_away_goals_for_l10,0.0,0.0,Task L margin,GBM,TreeExplainer
missingindicator_away_goals_against_l10,0.0,0.0,Task L margin,GBM,TreeExplainer
missingindicator_away_goal_difference_l10,0.0,0.0,Task L margin,GBM,TreeExplainer
missingindicator_away_shots_for_l10,0.0,0.0,Task L margin,GBM,TreeExplainer
missingindicator_away_shots_against_l10,0.0,0.0,Task L margin,GBM,TreeExplainer
missingindicator_away_shots_on_target_for_l10,0.0,0.0,Task L margin,GBM,TreeExplainer
missingindicator_away_shots_on_target_against_l10,0.0,0.0,Task L margin,GBM,TreeExplainer
missingindicator_away_xg_for_l10,0.0,0.0,Task L margin,GBM,TreeExplainer
missingindicator_away_xg_against_l10,0.0,0.0,Task L margin,GBM,TreeExplainer
missingindicator_away_passes_for_l10,0.0,0.0,Task L margin,GBM,TreeExplainer
missingindicator_away_pass_completion_for_l10,0.0,0.0,Task L margin,GBM,TreeExplainer
missingindicator_away_pressures_for_l10,0.0,0.0,Task L margin,GBM,TreeExplainer
missingindicator_diff_possession_share_l5,0.0,0.0,Task L margin,GBM,TreeExplainer
missingindicator_diff_points_l10,0.0,0.0,Task L margin,GBM,TreeExplainer
missingindicator_diff_goal_difference_l10,0.0,0.0,Task L margin,GBM,TreeExplainer
missingindicator_diff_shots_for_l10,0.0,0.0,Task L margin,GBM,TreeExplainer
missingindicator_diff_xg_for_l10,0.0,0.0,Task L margin,GBM,TreeExplainer
missingindicator_diff_pass_completion_for_l10,0.0,0.0,Task L margin,GBM,TreeExplainer
missingindicator_diff_pressures_for_l10,0.0,0.0,Task L margin,GBM,TreeExplainer
missingindicator_diff_possession_share_l10,0.0,0.0,Task L margin,GBM,TreeExplainer
missingindicator_rest_days_difference,0.0,0.0,Task L margin,GBM,TreeExplainer
current_goal_difference,0.5917344044966933,0.053936127573251724,Task L margin,XGBoost,Permutation fallback (ValueError)
p1_away_rank_total,0.12878591293306088,0.026100393384695053,Task L margin,XGBoost,Permutation fallback (ValueError)
home_pass_completion_for_l5,0.0858211028952695,0.004512883257120848,Task L margin,XGBoost,Permutation fallback (ValueError)
home_pass_completion_for_l3,0.07275758157406621,0.005413292441517115,Task L margin,XGBoost,Permutation fallback (ValueError)
current_home_score,0.06401125248568133,0.033965520560741425,Task L margin,XGBoost,Permutation fallback (ValueError)
home_passes_for_l10,0.06362318379928668,0.01474838238209486,Task L margin,XGBoost,Permutation fallback (ValueError)
p1_away_scr_home,0.06030857764452229,0.013117616064846516,Task L margin,XGBoost,Permutation fallback (ValueError)
p1_away_con_total,0.05657519666811761,0.013437832705676556,Task L margin,XGBoost,Permutation fallback (ValueError)
home_shots_for_l3,0.056335424319879784,0.011044792830944061,Task L margin,XGBoost,Permutation fallback (ValueError)
away_shots_on_target_against_l3,0.05541504399043817,0.007358065340667963,Task L margin,XGBoost,Permutation fallback (ValueError)
home_xg_for_l3,0.054019661351456326,0.008445222862064838,Task L margin,XGBoost,Permutation fallback (ValueError)
diff_pressures_for_l10,0.05228133135191939,0.006745434831827879,Task L margin,XGBoost,Permutation fallback (ValueError)
away_xg_against_l3,0.049083499597424335,0.005815346725285053,Task L margin,XGBoost,Permutation fallback (ValueError)
current_away_score,0.0483380581140518,0.03315367549657822,Task L margin,XGBoost,Permutation fallback (ValueError)
live_diff_xg,0.047189897752987854,0.02482239156961441,Task L margin,XGBoost,Permutation fallback (ValueError)
diff_xg_for_l3,0.0391294380748101,0.009197189472615719,Task L margin,XGBoost,Permutation fallback (ValueError)
diff_shots_for_l10,0.03714126875891815,0.014056994579732418,Task L margin,XGBoost,Permutation fallback (ValueError)
home_goals_against_l10,0.03692055576457642,0.0031581888906657696,Task L margin,XGBoost,Permutation fallback (ValueError)
diff_pressures_for_l5,0.035902891424523374,0.0044343979097902775,Task L margin,XGBoost,Permutation fallback (ValueError)
away_shots_on_target_for_l10,0.03327449998193574,0.017615746706724167,Task L margin,XGBoost,Permutation fallback (ValueError)
away_goals_against_l5,0.03236624779187454,0.003970105201005936,Task L margin,XGBoost,Permutation fallback (ValueError)
away_shots_on_target_for_l5,0.03218136256964256,0.010336574167013168,Task L margin,XGBoost,Permutation fallback (ValueError)
home_goals_for_l5,0.029231325288691237,0.004855010658502579,Task L margin,XGBoost,Permutation fallback (ValueError)
away_xg_for_l10,0.026985478273515284,0.0036969976499676704,Task L margin,XGBoost,Permutation fallback (ValueError)
p1_away_con_away,0.026597952785164435,0.008311763405799866,Task L margin,XGBoost,Permutation fallback (ValueError)
away_xg_against_l10,0.025048471269508207,0.0045041730627417564,Task L margin,XGBoost,Permutation fallback (ValueError)
away_shots_for_l5,0.024918996722398626,0.007157974876463413,Task L margin,XGBoost,Permutation fallback (ValueError)
diff_pressures_for_l3,0.024540209827867036,0.0037963746581226587,Task L margin,XGBoost,Permutation fallback (ValueError)
home_shots_on_target_for_l3,0.022638904583873232,0.004371557384729385,Task L margin,XGBoost,Permutation fallback (ValueError)
away_pressures_for_l3,0.021477886727700634,0.004454996436834335,Task L margin,XGBoost,Permutation fallback (ValueError)
home_goal_difference_l10,0.021199575688495915,0.005517392884939909,Task L margin,XGBoost,Permutation fallback (ValueError)
away_pass_completion_for_l3,0.020833327605699486,0.005980012938380241,Task L margin,XGBoost,Permutation fallback (ValueError)
home_points_l3,0.020330844771543826,0.005198728758841753,Task L margin,XGBoost,Permutation fallback (ValueError)
away_shots_on_target_against_l5,0.019155956923185526,0.002481897361576557,Task L margin,XGBoost,Permutation fallback (ValueError)
diff_shots_for_l5,0.019024725763748102,0.012577475979924202,Task L margin,XGBoost,Permutation fallback (ValueError)
home_xg_against_l3,0.01889218682333981,0.006433417554944754,Task L margin,XGBoost,Permutation fallback (ValueError)
home_shots_on_target_for_l5,0.01886601173524589,0.010665594600141048,Task L margin,XGBoost,Permutation fallback (ValueError)
home_final_third_entries_for_l5,0.01768462646275293,0.006591220386326313,Task L margin,XGBoost,Permutation fallback (ValueError)
away_goal_difference_l10,0.01728763459987628,0.012164034880697727,Task L margin,XGBoost,Permutation fallback (ValueError)
away_shots_against_l10,0.015935899188897276,0.0033292227890342474,Task L margin,XGBoost,Permutation fallback (ValueError)
home_pass_completion_for_l10,0.015373157828541794,0.006140425335615873,Task L margin,XGBoost,Permutation fallback (ValueError)
rest_days_difference,0.014377189904994645,0.004354792181402445,Task L margin,XGBoost,Permutation fallback (ValueError)
p1_away_scr_total,0.014319602885555165,0.004177089314907789,Task L margin,XGBoost,Permutation fallback (ValueError)
home_xg_for_l5,0.014196070734178645,0.005119871813803911,Task L margin,XGBoost,Permutation fallback (ValueError)
home_pressures_for_l5,0.013744598684716036,0.0035395438317209482,Task L margin,XGBoost,Permutation fallback (ValueError)
diff_shots_for_l3,0.013469079886718353,0.013510681688785553,Task L margin,XGBoost,Permutation fallback (ValueError)
p1_home_con_total,0.013176110855226082,0.003850288689136505,Task L margin,XGBoost,Permutation fallback (ValueError)
away_goals_for_l3,0.01315357376681642,0.004883714020252228,Task L margin,XGBoost,Permutation fallback (ValueError)
diff_possession_share_l10,0.012698058326418205,0.02537425607442856,Task L margin,XGBoost,Permutation fallback (ValueError)
away_xg_for_l3,0.012648645863907106,0.010670471005141735,Task L margin,XGBoost,Permutation fallback (ValueError)
away_possession_share_l5,0.012616471508867104,0.004286522511392832,Task L margin,XGBoost,Permutation fallback (ValueError)
away_possession_share_l3,0.01259748987958301,0.003958338405936956,Task L margin,XGBoost,Permutation fallback (ValueError)
p1_away_rank_away,0.012236410060664645,0.012748069129884243,Task L margin,XGBoost,Permutation fallback (ValueError)
away_xg_for_l5,0.012081628771654022,0.005384545773267746,Task L margin,XGBoost,Permutation fallback (ValueError)
away_shots_for_l10,0.011862864108135309,0.004479671362787485,Task L margin,XGBoost,Permutation fallback (ValueError)
away_shots_on_target_for_l3,0.011826133091895227,0.007168786134570837,Task L margin,XGBoost,Permutation fallback (ValueError)
away_final_third_entries_for_l10,0.01136839494563174,0.004138399846851826,Task L margin,XGBoost,Permutation fallback (ValueError)
home_rest_days,0.01112348396517336,0.0048217871226370335,Task L margin,XGBoost,Permutation fallback (ValueError)
diff_possession_share_l3,0.010881884179737733,0.0078559136018157,Task L margin,XGBoost,Permutation fallback (ValueError)
diff_goal_difference_l10,0.010354572781633268,0.01066333707422018,Task L margin,XGBoost,Permutation fallback (ValueError)
away_red_cards_for_l10,0.010324185923168753,0.006315324455499649,Task L margin,XGBoost,Permutation fallback (ValueError)
away_passes_for_l10,0.00951295861803616,0.01396127324551344,Task L margin,XGBoost,Permutation fallback (ValueError)
away_goals_for_l5,0.009001389266069344,0.004412450827658176,Task L margin,XGBoost,Permutation fallback (ValueError)
home_pressures_for_l3,0.008609685968142006,0.0027070818468928337,Task L margin,XGBoost,Permutation fallback (ValueError)
away_pressures_for_l5,0.008459424049166641,0.003316722111776471,Task L margin,XGBoost,Permutation fallback (ValueError)
home_goals_for_l10,0.008405436714179804,0.003445489564910531,Task L margin,XGBoost,Permutation fallback (ValueError)
away_shots_on_target_against_l10,0.008106376058150393,0.005874839145690203,Task L margin,XGBoost,Permutation fallback (ValueError)
home_passes_for_l3,0.007980027089981993,0.007873963564634323,Task L margin,XGBoost,Permutation fallback (ValueError)
home_xg_against_l10,0.007668708880276741,0.00472714938223362,Task L margin,XGBoost,Permutation fallback (ValueError)
diff_goal_difference_l5,0.007602441710148307,0.0019422087352722883,Task L margin,XGBoost,Permutation fallback (ValueError)
home_pressures_for_l10,0.007313051707305335,0.005063884891569614,Task L margin,XGBoost,Permutation fallback (ValueError)
away_xg_against_l5,0.0072052776743269905,0.008432500995695591,Task L margin,XGBoost,Permutation fallback (ValueError)
p1_away_rank_home,0.007167771330607743,0.007479443680495024,Task L margin,XGBoost,Permutation fallback (ValueError)
home_xg_against_l5,0.0068423846569300294,0.006859639659523964,Task L margin,XGBoost,Permutation fallback (ValueError)
home_shots_for_l10,0.006786934687251533,0.0057838126085698605,Task L margin,XGBoost,Permutation fallback (ValueError)
home_shots_for_l5,0.0064751253986808895,0.004937486723065376,Task L margin,XGBoost,Permutation fallback (ValueError)
away_live_fouls,0.006298620108088171,0.002351620700210333,Task L margin,XGBoost,Permutation fallback (ValueError)
diff_points_l5,0.005689204404208193,0.005314752925187349,Task L margin,XGBoost,Permutation fallback (ValueError)
home_goal_difference_l5,0.005629173026264952,0.005631584208458662,Task L margin,XGBoost,Permutation fallback (ValueError)
home_shots_against_l5,0.005455519538101125,0.006040152627974749,Task L margin,XGBoost,Permutation fallback (ValueError)
home_live_xg,0.005414110146850961,0.0015085042687132955,Task L margin,XGBoost,Permutation fallback (ValueError)
diff_xg_for_l10,0.00510259258033087,0.010218274779617786,Task L margin,XGBoost,Permutation fallback (ValueError)
away_rest_days,0.004869953231265148,0.00642681960016489,Task L margin,XGBoost,Permutation fallback (ValueError)
diff_pass_completion_for_l10,0.004858835834582946,0.0067675053142011166,Task L margin,XGBoost,Permutation fallback (ValueError)
diff_possession_share_l5,0.004847197323765926,0.003881909651681781,Task L margin,XGBoost,Permutation fallback (ValueError)
away_shots_for_l3,0.004697173378430311,0.006284876726567745,Task L margin,XGBoost,Permutation fallback (ValueError)
away_goals_against_l3,0.004612909350427802,0.0027130686212331057,Task L margin,XGBoost,Permutation fallback (ValueError)
home_shots_against_l3,0.004595984019494322,0.004515879321843386,Task L margin,XGBoost,Permutation fallback (ValueError)
home_goals_for_l3,0.004440276435110712,0.005466408561915159,Task L margin,XGBoost,Permutation fallback (ValueError)
diff_xg_for_l5,0.004221505830685291,0.011077333241701126,Task L margin,XGBoost,Permutation fallback (ValueError)
home_passes_for_l5,0.004213860006770114,0.0028112733270972967,Task L margin,XGBoost,Permutation fallback (ValueError)
home_possession_share_l5,0.004190834527835252,0.0035499681252986193,Task L margin,XGBoost,Permutation fallback (ValueError)
home_shots_on_target_for_l10,0.0041456402977540436,0.00475001335144043,Task L margin,XGBoost,Permutation fallback (ValueError)
diff_goal_difference_l3,0.004070276014079964,0.002765488810837269,Task L margin,XGBoost,Permutation fallback (ValueError)
home_goal_difference_l3,0.004037454330362377,0.002326475689187646,Task L margin,XGBoost,Permutation fallback (ValueError)
diff_pass_completion_for_l3,0.003990012926359966,0.009540130384266376,Task L margin,XGBoost,Permutation fallback (ValueError)
home_xg_for_l10,0.003832988352670027,0.008274623192846775,Task L margin,XGBoost,Permutation fallback (ValueError)
away_passes_for_l3,0.0038104329650522997,0.006413507740944624,Task L margin,XGBoost,Permutation fallback (ValueError)
home_final_third_entries_for_l10,0.0037848433906522852,0.0012786646839231253,Task L margin,XGBoost,Permutation fallback (ValueError)
away_final_third_entries_for_l3,0.00368265250391172,0.003640563925728202,Task L margin,XGBoost,Permutation fallback (ValueError)
diff_points_l10,0.003613017413609985,0.007758188061416149,Task L margin,XGBoost,Permutation fallback (ValueError)
away_shots_against_l3,0.003520311355280382,0.007647406775504351,Task L margin,XGBoost,Permutation fallback (ValueError)
home_goals_against_l5,0.0033965960596688016,0.003036977257579565,Task L margin,XGBoost,Permutation fallback (ValueError)
p1_home_scr_home,0.0032706885771282648,0.008916381746530533,Task L margin,XGBoost,Permutation fallback (ValueError)
away_goal_difference_l5,0.003260680535420168,0.0045257252641022205,Task L margin,XGBoost,Permutation fallback (ValueError)
away_final_third_entries_for_l5,0.0031391201987862522,0.0064786747097969055,Task L margin,XGBoost,Permutation fallback (ValueError)
snapshot_minute,0.002728444271332896,0.0007880110642872751,Task L margin,XGBoost,Permutation fallback (ValueError)
away_goals_for_l10,0.0025930799668809957,0.003413364291191101,Task L margin,XGBoost,Permutation fallback (ValueError)
n_events_so_far,0.002505903184413903,0.0013541670050472021,Task L margin,XGBoost,Permutation fallback (ValueError)
p1_home_scr_total,0.002489099786461648,0.004410288296639919,Task L margin,XGBoost,Permutation fallback (ValueError)
p1_home_rank_total,0.0024356538915696296,0.003234056057408452,Task L margin,XGBoost,Permutation fallback (ValueError)
away_live_passes,0.002387644457786032,0.0032651626970618963,Task L margin,XGBoost,Permutation fallback (ValueError)
p1_home_scr_away,0.0023539716701100836,0.0022036966402083635,Task L margin,XGBoost,Permutation fallback (ValueError)
home_live_completed_passes,0.002311702340414438,0.002016744576394558,Task L margin,XGBoost,Permutation fallback (ValueError)
home_shots_on_target_against_l3,0.002163289905603362,0.0024138102307915688,Task L margin,XGBoost,Permutation fallback (ValueError)
p1_home_rank_home,0.002055345300313384,0.0014517931267619133,Task L margin,XGBoost,Permutation fallback (ValueError)
away_possession_share_l10,0.0020415535936287458,0.004410671070218086,Task L margin,XGBoost,Permutation fallback (ValueError)
away_passes_for_l5,0.00201978621437835,0.0029456578195095062,Task L margin,XGBoost,Permutation fallback (ValueError)
home_final_third_entries_for_l3,0.00199826157224985,0.004911297000944614,Task L margin,XGBoost,Permutation fallback (ValueError)
p1_away_scr_away,0.0019032874174105471,0.002784374635666609,Task L margin,XGBoost,Permutation fallback (ValueError)
away_live_shots_on_target,0.0017955838401491444,0.0014649005606770515,Task L margin,XGBoost,Permutation fallback (ValueError)
away_points_l5,0.0017864233327175836,0.007526092231273651,Task L margin,XGBoost,Permutation fallback (ValueError)
away_live_completed_passes,0.00168284619506448,0.0017188065685331821,Task L margin,XGBoost,Permutation fallback (ValueError)
home_points_l10,0.0016324744199713091,0.007987940683960915,Task L margin,XGBoost,Permutation fallback (ValueError)
away_live_pressures,0.0016194062960178939,0.0006132658454589546,Task L margin,XGBoost,Permutation fallback (ValueError)
away_points_l3,0.0015608826316893087,0.0018147134687751532,Task L margin,XGBoost,Permutation fallback (ValueError)
diff_pass_completion_for_l5,0.0015464636798715255,0.002799409907311201,Task L margin,XGBoost,Permutation fallback (ValueError)
home_live_fouls,0.001440536543882146,0.0011606570333242416,Task L margin,XGBoost,Permutation fallback (ValueError)
p1_home_rank_away,0.0014381640587622963,0.002432480687275529,Task L margin,XGBoost,Permutation fallback (ValueError)
home_shots_on_target_against_l5,0.0013996769738150797,0.005822860635817051,Task L margin,XGBoost,Permutation fallback (ValueError)
home_live_pressures,0.0012994100973010092,0.0011222788598388433,Task L margin,XGBoost,Permutation fallback (ValueError)
home_live_passes,0.0012809600104422547,0.0013966402038931847,Task L margin,XGBoost,Permutation fallback (ValueError)
away_shots_against_l5,0.0012802518972506065,0.003442659042775631,Task L margin,XGBoost,Permutation fallback (ValueError)
p1_home_con_home,0.0012218618293603305,0.006808027625083923,Task L margin,XGBoost,Permutation fallback (ValueError)
p1_home_con_away,0.0011870378131667732,0.004763274919241667,Task L margin,XGBoost,Permutation fallback (ValueError)
home_live_shots_on_target,0.0011678343082312521,0.0007593952468596399,Task L margin,XGBoost,Permutation fallback (ValueError)
home_live_final_third_entries,0.001145126101250453,0.0005550129571929574,Task L margin,XGBoost,Permutation fallback (ValueError)
away_live_final_third_entries,0.0011398353309680985,0.001031384919770062,Task L margin,XGBoost,Permutation fallback (ValueError)
away_pass_completion_for_l5,0.0011346110218825496,0.004843403119593859,Task L margin,XGBoost,Permutation fallback (ValueError)
home_goals_against_l3,0.0011087928899408766,0.001997572835534811,Task L margin,XGBoost,Permutation fallback (ValueError)
away_live_xg,0.0010692017818801091,0.0013563722604885697,Task L margin,XGBoost,Permutation fallback (ValueError)
p1_away_con_home,0.0010376834087073802,0.0033062268048524857,Task L margin,XGBoost,Permutation fallback (ValueError)
home_live_pass_completion,0.0009789044950157394,0.0008191603701561689,Task L margin,XGBoost,Permutation fallback (ValueError)
home_shots_against_l10,0.0009724855472644234,0.007113555911928415,Task L margin,XGBoost,Permutation fallback (ValueError)
home_live_carries,0.0008288492163022402,0.0007853744318708777,Task L margin,XGBoost,Permutation fallback (ValueError)
away_pass_completion_for_l10,0.0007373814691479003,0.003778998740017414,Task L margin,XGBoost,Permutation fallback (ValueError)
live_diff_pressures,0.0006748797163212082,0.003047771053388715,Task L margin,XGBoost,Permutation fallback (ValueError)
home_points_l5,0.0006375447838800054,0.0016884858487173915,Task L margin,XGBoost,Permutation fallback (ValueError)
away_points_l10,0.0005641716610019401,0.0017151153879240155,Task L margin,XGBoost,Permutation fallback (ValueError)
away_goal_difference_l3,0.0005453471628328152,0.0009236439946107566,Task L margin,XGBoost,Permutation fallback (ValueError)
away_live_carries,0.0003558111707679988,0.0011777259642258286,Task L margin,XGBoost,Permutation fallback (ValueError)
home_live_corners,0.0001281587692598507,0.0008286645170301199,Task L margin,XGBoost,Permutation fallback (ValueError)
live_diff_final_third_entries,0.00011778790752092806,0.004835326690226793,Task L margin,XGBoost,Permutation fallback (ValueError)
away_live_shots,0.00011614333589872068,0.002933948300778866,Task L margin,XGBoost,Permutation fallback (ValueError)
home_live_shots,0.00011202526589235226,0.0008772324654273689,Task L margin,XGBoost,Permutation fallback (ValueError)
away_live_final_third_entries_last10,7.326575120290326e-05,1.54629597091116e-05,Task L margin,XGBoost,Permutation fallback (ValueError)
live_diff_shots_on_target,2.9663324356082876e-05,8.157445699907839e-05,Task L margin,XGBoost,Permutation fallback (ValueError)
time_remaining_minutes,0.0,0.0,Task L margin,XGBoost,Permutation fallback (ValueError)
missingindicator_away_final_third_entries_for_l10,0.0,0.0,Task L margin,XGBoost,Permutation fallback (ValueError)
snapshot_period,0.0,0.0,Task L margin,XGBoost,Permutation fallback (ValueError)
missingindicator_away_possession_share_l10,0.0,0.0,Task L margin,XGBoost,Permutation fallback (ValueError)
home_red_cards_for_l10,0.0,0.0,Task L margin,XGBoost,Permutation fallback (ValueError)
home_shots_on_target_against_l10,0.0,0.0,Task L margin,XGBoost,Permutation fallback (ValueError)
missingindicator_diff_pressures_for_l5,0.0,0.0,Task L margin,XGBoost,Permutation fallback (ValueError)
home_missing_history_l5,0.0,0.0,Task L margin,XGBoost,Permutation fallback (ValueError)
missingindicator_diff_pass_completion_for_l5,0.0,0.0,Task L margin,XGBoost,Permutation fallback (ValueError)
missingindicator_diff_goal_difference_l5,0.0,0.0,Task L margin,XGBoost,Permutation fallback (ValueError)
missingindicator_diff_shots_for_l5,0.0,0.0,Task L margin,XGBoost,Permutation fallback (ValueError)
missingindicator_diff_shots_for_l3,0.0,0.0,Task L margin,XGBoost,Permutation fallback (ValueError)
home_history_matches_before,0.0,0.0024543835315853357,Task L margin,XGBoost,Permutation fallback (ValueError)
live_diff_pressures_last5,0.0,0.0,Task L margin,XGBoost,Permutation fallback (ValueError)
live_diff_xg_last5,0.0,0.0,Task L margin,XGBoost,Permutation fallback (ValueError)
live_diff_shots_last5,0.0,0.0,Task L margin,XGBoost,Permutation fallback (ValueError)
live_diff_possession_share,0.0,0.0,Task L margin,XGBoost,Permutation fallback (ValueError)
away_live_pressures_last10,0.0,0.0,Task L margin,XGBoost,Permutation fallback (ValueError)
man_advantage_home,0.0,0.0,Task L margin,XGBoost,Permutation fallback (ValueError)
live_diff_shots,0.0,0.0,Task L margin,XGBoost,Permutation fallback (ValueError)
away_live_xg_last10,0.0,5.040380347054452e-05,Task L margin,XGBoost,Permutation fallback (ValueError)
home_red_cards_for_l5,0.0,0.0,Task L margin,XGBoost,Permutation fallback (ValueError)
home_possession_share_l10,0.0,0.0,Task L margin,XGBoost,Permutation fallback (ValueError)
home_red_cards_for_l3,0.0,0.0,Task L margin,XGBoost,Permutation fallback (ValueError)
home_possession_share_l3,0.0,0.0,Task L margin,XGBoost,Permutation fallback (ValueError)
home_missing_history_l3,0.0,0.0,Task L margin,XGBoost,Permutation fallback (ValueError)
away_red_cards_for_l3,0.0,0.0,Task L margin,XGBoost,Permutation fallback (ValueError)
away_missing_history_l3,0.0,0.0,Task L margin,XGBoost,Permutation fallback (ValueError)
home_missing_history_l10,0.0,0.0,Task L margin,XGBoost,Permutation fallback (ValueError)
away_live_pass_completion,0.0,0.0,Task L margin,XGBoost,Permutation fallback (ValueError)
away_missing_history_l10,0.0,0.0,Task L margin,XGBoost,Permutation fallback (ValueError)
away_pressures_for_l10,0.0,0.006672477815300226,Task L margin,XGBoost,Permutation fallback (ValueError)
missingindicator_away_red_cards_for_l10,0.0,0.0,Task L margin,XGBoost,Permutation fallback (ValueError)
reference_second,0.0,0.0,Task L margin,XGBoost,Permutation fallback (ValueError)
snapshot_rank,0.0,5.1742044888669625e-06,Task L margin,XGBoost,Permutation fallback (ValueError)
missingindicator_diff_xg_for_l5,0.0,0.0,Task L margin,XGBoost,Permutation fallback (ValueError)
missingindicator_diff_possession_share_l3,0.0,0.0,Task L margin,XGBoost,Permutation fallback (ValueError)
missingindicator_diff_pressures_for_l3,0.0,0.0,Task L margin,XGBoost,Permutation fallback (ValueError)
missingindicator_diff_pass_completion_for_l3,0.0,0.0,Task L margin,XGBoost,Permutation fallback (ValueError)
missingindicator_diff_points_l5,0.0,0.0,Task L margin,XGBoost,Permutation fallback (ValueError)
missingindicator_diff_xg_for_l3,0.0,0.0,Task L margin,XGBoost,Permutation fallback (ValueError)
missingindicator_diff_points_l3,0.0,0.0,Task L margin,XGBoost,Permutation fallback (ValueError)
missingindicator_diff_goal_difference_l3,0.0,0.0,Task L margin,XGBoost,Permutation fallback (ValueError)
away_history_matches_before,0.0,0.013257031328976154,Task L margin,XGBoost,Permutation fallback (ValueError)
away_live_final_third_entries_last5,0.0,0.0,Task L margin,XGBoost,Permutation fallback (ValueError)
away_live_pressures_last5,0.0,0.0,Task L margin,XGBoost,Permutation fallback (ValueError)
away_live_shots_last10,0.0,0.0,Task L margin,XGBoost,Permutation fallback (ValueError)
away_live_corners,0.0,0.00036823205300606787,Task L margin,XGBoost,Permutation fallback (ValueError)
away_live_red_cards,0.0,0.0,Task L margin,XGBoost,Permutation fallback (ValueError)
away_live_possession_share,0.0,0.0,Task L margin,XGBoost,Permutation fallback (ValueError)
away_live_shots_last5,0.0,0.0,Task L margin,XGBoost,Permutation fallback (ValueError)
away_live_xg_last5,0.0,0.0,Task L margin,XGBoost,Permutation fallback (ValueError)
diff_points_l3,0.0,0.002466650912538171,Task L margin,XGBoost,Permutation fallback (ValueError)
away_goals_against_l10,0.0,0.0,Task L margin,XGBoost,Permutation fallback (ValueError)
away_red_cards_for_l5,0.0,0.0,Task L margin,XGBoost,Permutation fallback (ValueError)
away_missing_history_l5,0.0,0.0,Task L margin,XGBoost,Permutation fallback (ValueError)
home_live_final_third_entries_last5,0.0,0.0,Task L margin,XGBoost,Permutation fallback (ValueError)
home_live_pressures_last5,0.0,0.0,Task L margin,XGBoost,Permutation fallback (ValueError)
home_live_red_cards,0.0,0.0,Task L margin,XGBoost,Permutation fallback (ValueError)
home_live_possession_share,0.0,0.00013062752259429544,Task L margin,XGBoost,Permutation fallback (ValueError)
home_live_shots_last10,0.0,0.0,Task L margin,XGBoost,Permutation fallback (ValueError)
home_live_xg_last10,0.0,0.0,Task L margin,XGBoost,Permutation fallback (ValueError)
home_live_pressures_last10,0.0,0.0,Task L margin,XGBoost,Permutation fallback (ValueError)
home_live_final_third_entries_last10,0.0,0.0,Task L margin,XGBoost,Permutation fallback (ValueError)
home_live_shots_last5,0.0,0.0,Task L margin,XGBoost,Permutation fallback (ValueError)
home_live_xg_last5,0.0,0.0,Task L margin,XGBoost,Permutation fallback (ValueError)
missingindicator_home_live_pass_completion,0.0,0.0,Task L margin,XGBoost,Permutation fallback (ValueError)
missingindicator_away_live_pass_completion,0.0,0.0,Task L margin,XGBoost,Permutation fallback (ValueError)
missingindicator_home_rest_days,0.0,0.0,Task L margin,XGBoost,Permutation fallback (ValueError)
missingindicator_home_points_l3,0.0,0.0,Task L margin,XGBoost,Permutation fallback (ValueError)
missingindicator_home_goals_for_l3,0.0,0.0,Task L margin,XGBoost,Permutation fallback (ValueError)
missingindicator_home_goals_against_l3,0.0,0.0,Task L margin,XGBoost,Permutation fallback (ValueError)
missingindicator_home_goal_difference_l3,0.0,0.0,Task L margin,XGBoost,Permutation fallback (ValueError)
missingindicator_home_shots_for_l3,0.0,0.0,Task L margin,XGBoost,Permutation fallback (ValueError)
missingindicator_home_shots_against_l3,0.0,0.0,Task L margin,XGBoost,Permutation fallback (ValueError)
missingindicator_home_shots_on_target_for_l3,0.0,0.0,Task L margin,XGBoost,Permutation fallback (ValueError)
missingindicator_home_shots_on_target_against_l3,0.0,0.0,Task L margin,XGBoost,Permutation fallback (ValueError)
missingindicator_home_xg_for_l3,0.0,0.0,Task L margin,XGBoost,Permutation fallback (ValueError)
missingindicator_home_xg_against_l3,0.0,0.0,Task L margin,XGBoost,Permutation fallback (ValueError)
missingindicator_home_passes_for_l3,0.0,0.0,Task L margin,XGBoost,Permutation fallback (ValueError)
missingindicator_home_pass_completion_for_l3,0.0,0.0,Task L margin,XGBoost,Permutation fallback (ValueError)
missingindicator_home_pressures_for_l3,0.0,0.0,Task L margin,XGBoost,Permutation fallback (ValueError)
missingindicator_home_final_third_entries_for_l3,0.0,0.0,Task L margin,XGBoost,Permutation fallback (ValueError)
missingindicator_home_red_cards_for_l3,0.0,0.0,Task L margin,XGBoost,Permutation fallback (ValueError)
missingindicator_home_possession_share_l3,0.0,0.0,Task L margin,XGBoost,Permutation fallback (ValueError)
missingindicator_home_points_l5,0.0,0.0,Task L margin,XGBoost,Permutation fallback (ValueError)
missingindicator_home_goals_for_l5,0.0,0.0,Task L margin,XGBoost,Permutation fallback (ValueError)
missingindicator_home_goals_against_l5,0.0,0.0,Task L margin,XGBoost,Permutation fallback (ValueError)
missingindicator_home_goal_difference_l5,0.0,0.0,Task L margin,XGBoost,Permutation fallback (ValueError)
missingindicator_home_shots_for_l5,0.0,0.0,Task L margin,XGBoost,Permutation fallback (ValueError)
missingindicator_home_shots_against_l5,0.0,0.0,Task L margin,XGBoost,Permutation fallback (ValueError)
missingindicator_home_shots_on_target_for_l5,0.0,0.0,Task L margin,XGBoost,Permutation fallback (ValueError)
missingindicator_home_shots_on_target_against_l5,0.0,0.0,Task L margin,XGBoost,Permutation fallback (ValueError)
missingindicator_home_xg_for_l5,0.0,0.0,Task L margin,XGBoost,Permutation fallback (ValueError)
missingindicator_home_xg_against_l5,0.0,0.0,Task L margin,XGBoost,Permutation fallback (ValueError)
missingindicator_home_passes_for_l5,0.0,0.0,Task L margin,XGBoost,Permutation fallback (ValueError)
missingindicator_home_pass_completion_for_l5,0.0,0.0,Task L margin,XGBoost,Permutation fallback (ValueError)
missingindicator_home_pressures_for_l5,0.0,0.0,Task L margin,XGBoost,Permutation fallback (ValueError)
missingindicator_home_final_third_entries_for_l5,0.0,0.0,Task L margin,XGBoost,Permutation fallback (ValueError)
missingindicator_home_red_cards_for_l5,0.0,0.0,Task L margin,XGBoost,Permutation fallback (ValueError)
missingindicator_home_possession_share_l5,0.0,0.0,Task L margin,XGBoost,Permutation fallback (ValueError)
missingindicator_home_points_l10,0.0,0.0,Task L margin,XGBoost,Permutation fallback (ValueError)
missingindicator_home_goals_for_l10,0.0,0.0,Task L margin,XGBoost,Permutation fallback (ValueError)
missingindicator_home_goals_against_l10,0.0,0.0,Task L margin,XGBoost,Permutation fallback (ValueError)
missingindicator_home_goal_difference_l10,0.0,0.0,Task L margin,XGBoost,Permutation fallback (ValueError)
missingindicator_home_shots_for_l10,0.0,0.0,Task L margin,XGBoost,Permutation fallback (ValueError)
missingindicator_home_shots_against_l10,0.0,0.0,Task L margin,XGBoost,Permutation fallback (ValueError)
missingindicator_home_shots_on_target_for_l10,0.0,0.0,Task L margin,XGBoost,Permutation fallback (ValueError)
missingindicator_home_shots_on_target_against_l10,0.0,0.0,Task L margin,XGBoost,Permutation fallback (ValueError)
missingindicator_home_xg_for_l10,0.0,0.0,Task L margin,XGBoost,Permutation fallback (ValueError)
missingindicator_home_xg_against_l10,0.0,0.0,Task L margin,XGBoost,Permutation fallback (ValueError)
missingindicator_home_passes_for_l10,0.0,0.0,Task L margin,XGBoost,Permutation fallback (ValueError)
missingindicator_home_pass_completion_for_l10,0.0,0.0,Task L margin,XGBoost,Permutation fallback (ValueError)
missingindicator_home_pressures_for_l10,0.0,0.0,Task L margin,XGBoost,Permutation fallback (ValueError)
missingindicator_home_final_third_entries_for_l10,0.0,0.0,Task L margin,XGBoost,Permutation fallback (ValueError)
missingindicator_home_red_cards_for_l10,0.0,0.0,Task L margin,XGBoost,Permutation fallback (ValueError)
missingindicator_home_possession_share_l10,0.0,0.0,Task L margin,XGBoost,Permutation fallback (ValueError)
missingindicator_away_rest_days,0.0,0.0,Task L margin,XGBoost,Permutation fallback (ValueError)
missingindicator_away_points_l3,0.0,0.0,Task L margin,XGBoost,Permutation fallback (ValueError)
missingindicator_away_goals_for_l3,0.0,0.0,Task L margin,XGBoost,Permutation fallback (ValueError)
missingindicator_away_goals_against_l3,0.0,0.0,Task L margin,XGBoost,Permutation fallback (ValueError)
missingindicator_away_goal_difference_l3,0.0,0.0,Task L margin,XGBoost,Permutation fallback (ValueError)
missingindicator_away_shots_for_l3,0.0,0.0,Task L margin,XGBoost,Permutation fallback (ValueError)
missingindicator_away_shots_against_l3,0.0,0.0,Task L margin,XGBoost,Permutation fallback (ValueError)
missingindicator_away_shots_on_target_for_l3,0.0,0.0,Task L margin,XGBoost,Permutation fallback (ValueError)
missingindicator_away_shots_on_target_against_l3,0.0,0.0,Task L margin,XGBoost,Permutation fallback (ValueError)
missingindicator_away_xg_for_l3,0.0,0.0,Task L margin,XGBoost,Permutation fallback (ValueError)
missingindicator_away_xg_against_l3,0.0,0.0,Task L margin,XGBoost,Permutation fallback (ValueError)
missingindicator_away_passes_for_l3,0.0,0.0,Task L margin,XGBoost,Permutation fallback (ValueError)
missingindicator_away_pass_completion_for_l3,0.0,0.0,Task L margin,XGBoost,Permutation fallback (ValueError)
missingindicator_away_pressures_for_l3,0.0,0.0,Task L margin,XGBoost,Permutation fallback (ValueError)
missingindicator_away_final_third_entries_for_l3,0.0,0.0,Task L margin,XGBoost,Permutation fallback (ValueError)
missingindicator_away_red_cards_for_l3,0.0,0.0,Task L margin,XGBoost,Permutation fallback (ValueError)
missingindicator_away_possession_share_l3,0.0,0.0,Task L margin,XGBoost,Permutation fallback (ValueError)
missingindicator_away_points_l5,0.0,0.0,Task L margin,XGBoost,Permutation fallback (ValueError)
missingindicator_away_goals_for_l5,0.0,0.0,Task L margin,XGBoost,Permutation fallback (ValueError)
missingindicator_away_goals_against_l5,0.0,0.0,Task L margin,XGBoost,Permutation fallback (ValueError)
missingindicator_away_goal_difference_l5,0.0,0.0,Task L margin,XGBoost,Permutation fallback (ValueError)
missingindicator_away_shots_for_l5,0.0,0.0,Task L margin,XGBoost,Permutation fallback (ValueError)
missingindicator_away_shots_against_l5,0.0,0.0,Task L margin,XGBoost,Permutation fallback (ValueError)
missingindicator_away_shots_on_target_for_l5,0.0,0.0,Task L margin,XGBoost,Permutation fallback (ValueError)
missingindicator_away_shots_on_target_against_l5,0.0,0.0,Task L margin,XGBoost,Permutation fallback (ValueError)
missingindicator_away_xg_for_l5,0.0,0.0,Task L margin,XGBoost,Permutation fallback (ValueError)
missingindicator_away_xg_against_l5,0.0,0.0,Task L margin,XGBoost,Permutation fallback (ValueError)
missingindicator_away_passes_for_l5,0.0,0.0,Task L margin,XGBoost,Permutation fallback (ValueError)
missingindicator_away_pass_completion_for_l5,0.0,0.0,Task L margin,XGBoost,Permutation fallback (ValueError)
missingindicator_away_pressures_for_l5,0.0,0.0,Task L margin,XGBoost,Permutation fallback (ValueError)
missingindicator_away_final_third_entries_for_l5,0.0,0.0,Task L margin,XGBoost,Permutation fallback (ValueError)
missingindicator_away_red_cards_for_l5,0.0,0.0,Task L margin,XGBoost,Permutation fallback (ValueError)
missingindicator_away_possession_share_l5,0.0,0.0,Task L margin,XGBoost,Permutation fallback (ValueError)
missingindicator_away_points_l10,0.0,0.0,Task L margin,XGBoost,Permutation fallback (ValueError)
missingindicator_away_goals_for_l10,0.0,0.0,Task L margin,XGBoost,Permutation fallback (ValueError)
missingindicator_away_goals_against_l10,0.0,0.0,Task L margin,XGBoost,Permutation fallback (ValueError)
missingindicator_away_goal_difference_l10,0.0,0.0,Task L margin,XGBoost,Permutation fallback (ValueError)
missingindicator_away_shots_for_l10,0.0,0.0,Task L margin,XGBoost,Permutation fallback (ValueError)
missingindicator_away_shots_against_l10,0.0,0.0,Task L margin,XGBoost,Permutation fallback (ValueError)
missingindicator_away_shots_on_target_for_l10,0.0,0.0,Task L margin,XGBoost,Permutation fallback (ValueError)
missingindicator_away_shots_on_target_against_l10,0.0,0.0,Task L margin,XGBoost,Permutation fallback (ValueError)
missingindicator_away_xg_for_l10,0.0,0.0,Task L margin,XGBoost,Permutation fallback (ValueError)
missingindicator_away_xg_against_l10,0.0,0.0,Task L margin,XGBoost,Permutation fallback (ValueError)
missingindicator_away_passes_for_l10,0.0,0.0,Task L margin,XGBoost,Permutation fallback (ValueError)
missingindicator_away_pass_completion_for_l10,0.0,0.0,Task L margin,XGBoost,Permutation fallback (ValueError)
missingindicator_away_pressures_for_l10,0.0,0.0,Task L margin,XGBoost,Permutation fallback (ValueError)
missingindicator_diff_possession_share_l5,0.0,0.0,Task L margin,XGBoost,Permutation fallback (ValueError)
missingindicator_diff_points_l10,0.0,0.0,Task L margin,XGBoost,Permutation fallback (ValueError)
missingindicator_diff_goal_difference_l10,0.0,0.0,Task L margin,XGBoost,Permutation fallback (ValueError)
missingindicator_diff_shots_for_l10,0.0,0.0,Task L margin,XGBoost,Permutation fallback (ValueError)
missingindicator_diff_xg_for_l10,0.0,0.0,Task L margin,XGBoost,Permutation fallback (ValueError)
missingindicator_diff_pass_completion_for_l10,0.0,0.0,Task L margin,XGBoost,Permutation fallback (ValueError)
missingindicator_diff_pressures_for_l10,0.0,0.0,Task L margin,XGBoost,Permutation fallback (ValueError)
missingindicator_diff_possession_share_l10,0.0,0.0,Task L margin,XGBoost,Permutation fallback (ValueError)
missingindicator_rest_days_difference,0.0,0.0,Task L margin,XGBoost,Permutation fallback (ValueError)
current_goal_difference,0.5603888088367486,132.0,Task L margin,LightGBM,Permutation fallback (ExplainerError)
p1_away_rank_total,0.11293192433744309,17.0,Task L margin,LightGBM,Permutation fallback (ExplainerError)
current_home_score,0.09182205639929011,10.0,Task L margin,LightGBM,Permutation fallback (ExplainerError)
home_pass_completion_for_l3,0.08217953978601861,38.0,Task L margin,LightGBM,Permutation fallback (ExplainerError)
home_pass_completion_for_l5,0.08202621783663072,31.0,Task L margin,LightGBM,Permutation fallback (ExplainerError)
home_passes_for_l10,0.07324428813958724,28.0,Task L margin,LightGBM,Permutation fallback (ExplainerError)
p1_away_con_total,0.07082287616446621,16.0,Task L margin,LightGBM,Permutation fallback (ExplainerError)
home_goals_against_l10,0.06763601768188192,27.0,Task L margin,LightGBM,Permutation fallback (ExplainerError)
current_away_score,0.06333152074683525,14.0,Task L margin,LightGBM,Permutation fallback (ExplainerError)
p1_away_scr_home,0.06057473423642003,21.0,Task L margin,LightGBM,Permutation fallback (ExplainerError)
diff_pressures_for_l10,0.057241754063597446,22.0,Task L margin,LightGBM,Permutation fallback (ExplainerError)
away_shots_on_target_against_l3,0.05140510594257609,17.0,Task L margin,LightGBM,Permutation fallback (ExplainerError)
home_xg_for_l3,0.049871014893170224,18.0,Task L margin,LightGBM,Permutation fallback (ExplainerError)
away_xg_against_l3,0.047963114265133715,18.0,Task L margin,LightGBM,Permutation fallback (ExplainerError)
home_shots_for_l3,0.045327597687326374,21.0,Task L margin,LightGBM,Permutation fallback (ExplainerError)
live_diff_xg,0.040916600805584145,7.0,Task L margin,LightGBM,Permutation fallback (ExplainerError)
diff_xg_for_l3,0.038023119974678575,14.0,Task L margin,LightGBM,Permutation fallback (ExplainerError)
away_shots_on_target_for_l10,0.03484927225022682,12.0,Task L margin,LightGBM,Permutation fallback (ExplainerError)
home_goal_difference_l10,0.032191052276907633,19.0,Task L margin,LightGBM,Permutation fallback (ExplainerError)
away_shots_on_target_for_l5,0.03059296726230465,28.0,Task L margin,LightGBM,Permutation fallback (ExplainerError)
diff_shots_for_l10,0.029972501384243826,7.0,Task L margin,LightGBM,Permutation fallback (ExplainerError)
diff_pressures_for_l5,0.029670166940121555,26.0,Task L margin,LightGBM,Permutation fallback (ExplainerError)
diff_shots_for_l3,0.029111643538870927,22.0,Task L margin,LightGBM,Permutation fallback (ExplainerError)
p1_away_con_away,0.029062978390966495,10.0,Task L margin,LightGBM,Permutation fallback (ExplainerError)
home_shots_on_target_for_l3,0.028787842480497337,12.0,Task L margin,LightGBM,Permutation fallback (ExplainerError)
away_goals_against_l5,0.025735228215852737,13.0,Task L margin,LightGBM,Permutation fallback (ExplainerError)
away_xg_against_l10,0.025024905438465073,33.0,Task L margin,LightGBM,Permutation fallback (ExplainerError)
home_xg_for_l5,0.024658787097788747,9.0,Task L margin,LightGBM,Permutation fallback (ExplainerError)
home_goals_for_l5,0.024465340525132565,14.0,Task L margin,LightGBM,Permutation fallback (ExplainerError)
away_shots_for_l5,0.02395969040593217,17.0,Task L margin,LightGBM,Permutation fallback (ExplainerError)
away_shots_on_target_against_l5,0.021631206797694938,12.0,Task L margin,LightGBM,Permutation fallback (ExplainerError)
diff_shots_for_l5,0.021361349019700684,16.0,Task L margin,LightGBM,Permutation fallback (ExplainerError)
away_xg_for_l5,0.021340604395127565,14.0,Task L margin,LightGBM,Permutation fallback (ExplainerError)
away_pressures_for_l3,0.021179579329469234,24.0,Task L margin,LightGBM,Permutation fallback (ExplainerError)
p1_home_con_total,0.020711094433317197,15.0,Task L margin,LightGBM,Permutation fallback (ExplainerError)
diff_goal_difference_l10,0.020002512160291856,7.0,Task L margin,LightGBM,Permutation fallback (ExplainerError)
away_final_third_entries_for_l3,0.01956850198214163,7.0,Task L margin,LightGBM,Permutation fallback (ExplainerError)
away_shots_against_l10,0.019190254156280995,38.0,Task L margin,LightGBM,Permutation fallback (ExplainerError)
diff_possession_share_l10,0.017191000799123782,11.0,Task L margin,LightGBM,Permutation fallback (ExplainerError)
home_pass_completion_for_l10,0.017059436036639432,21.0,Task L margin,LightGBM,Permutation fallback (ExplainerError)
away_shots_for_l10,0.01662402263245481,9.0,Task L margin,LightGBM,Permutation fallback (ExplainerError)
home_possession_share_l5,0.0157286750700227,4.0,Task L margin,LightGBM,Permutation fallback (ExplainerError)
away_goals_for_l5,0.014943372086969832,13.0,Task L margin,LightGBM,Permutation fallback (ExplainerError)
home_rest_days,0.01467205957349953,17.0,Task L margin,LightGBM,Permutation fallback (ExplainerError)
away_goal_difference_l10,0.014599249906065684,11.0,Task L margin,LightGBM,Permutation fallback (ExplainerError)
away_pass_completion_for_l3,0.013861568442367541,12.0,Task L margin,LightGBM,Permutation fallback (ExplainerError)
diff_pressures_for_l3,0.012714485931002566,10.0,Task L margin,LightGBM,Permutation fallback (ExplainerError)
home_shots_on_target_for_l5,0.01250837266537696,5.0,Task L margin,LightGBM,Permutation fallback (ExplainerError)
home_goal_difference_l3,0.012399408612477158,19.0,Task L margin,LightGBM,Permutation fallback (ExplainerError)
diff_goal_difference_l5,0.012163250952017864,6.0,Task L margin,LightGBM,Permutation fallback (ExplainerError)
p1_away_rank_away,0.01208571573674857,6.0,Task L margin,LightGBM,Permutation fallback (ExplainerError)
home_final_third_entries_for_l5,0.011697020119435004,8.0,Task L margin,LightGBM,Permutation fallback (ExplainerError)
away_xg_for_l10,0.01126352525635743,10.0,Task L margin,LightGBM,Permutation fallback (ExplainerError)
home_points_l10,0.011166459237637058,7.0,Task L margin,LightGBM,Permutation fallback (ExplainerError)
away_shots_on_target_for_l3,0.011124074971680312,7.0,Task L margin,LightGBM,Permutation fallback (ExplainerError)
p1_away_rank_home,0.010553007176436823,5.0,Task L margin,LightGBM,Permutation fallback (ExplainerError)
home_xg_against_l5,0.00906723151016125,7.0,Task L margin,LightGBM,Permutation fallback (ExplainerError)
home_xg_against_l3,0.008919353998963923,10.0,Task L margin,LightGBM,Permutation fallback (ExplainerError)
home_points_l3,0.008903483623549275,6.0,Task L margin,LightGBM,Permutation fallback (ExplainerError)
diff_points_l10,0.008681296343620144,7.0,Task L margin,LightGBM,Permutation fallback (ExplainerError)
home_shots_against_l10,0.008638904533227094,12.0,Task L margin,LightGBM,Permutation fallback (ExplainerError)
diff_points_l5,0.00852910305157042,7.0,Task L margin,LightGBM,Permutation fallback (ExplainerError)
home_shots_for_l10,0.008322307429288562,9.0,Task L margin,LightGBM,Permutation fallback (ExplainerError)
p1_away_scr_total,0.008218751934224697,7.0,Task L margin,LightGBM,Permutation fallback (ExplainerError)
away_xg_for_l3,0.007995386439665679,18.0,Task L margin,LightGBM,Permutation fallback (ExplainerError)
home_goals_for_l3,0.007805588312033249,6.0,Task L margin,LightGBM,Permutation fallback (ExplainerError)
away_red_cards_for_l10,0.007804321973503114,6.0,Task L margin,LightGBM,Permutation fallback (ExplainerError)
home_goal_difference_l5,0.007777655467568464,3.0,Task L margin,LightGBM,Permutation fallback (ExplainerError)
away_final_third_entries_for_l10,0.007608101167058706,7.0,Task L margin,LightGBM,Permutation fallback (ExplainerError)
away_goals_for_l3,0.0072089727058283586,9.0,Task L margin,LightGBM,Permutation fallback (ExplainerError)
rest_days_difference,0.0071132838733928535,3.0,Task L margin,LightGBM,Permutation fallback (ExplainerError)
away_passes_for_l10,0.007027106557367432,8.0,Task L margin,LightGBM,Permutation fallback (ExplainerError)
away_possession_share_l5,0.0069669316908360125,8.0,Task L margin,LightGBM,Permutation fallback (ExplainerError)
away_shots_against_l3,0.006771069296297184,9.0,Task L margin,LightGBM,Permutation fallback (ExplainerError)
home_passes_for_l3,0.006669124614921623,8.0,Task L margin,LightGBM,Permutation fallback (ExplainerError)
home_final_third_entries_for_l3,0.006383621146778517,5.0,Task L margin,LightGBM,Permutation fallback (ExplainerError)
away_possession_share_l3,0.00633028431731226,5.0,Task L margin,LightGBM,Permutation fallback (ExplainerError)
diff_xg_for_l5,0.00569619035507737,5.0,Task L margin,LightGBM,Permutation fallback (ExplainerError)
home_shots_on_target_for_l10,0.005567161147559739,5.0,Task L margin,LightGBM,Permutation fallback (ExplainerError)
home_xg_for_l10,0.005295543168380057,4.0,Task L margin,LightGBM,Permutation fallback (ExplainerError)
away_rest_days,0.005245735542436974,16.0,Task L margin,LightGBM,Permutation fallback (ExplainerError)
home_pressures_for_l3,0.005235957032703873,3.0,Task L margin,LightGBM,Permutation fallback (ExplainerError)
p1_home_rank_away,0.005015866778244334,5.0,Task L margin,LightGBM,Permutation fallback (ExplainerError)
away_pressures_for_l5,0.005013838625542822,5.0,Task L margin,LightGBM,Permutation fallback (ExplainerError)
home_pressures_for_l5,0.00461817672299572,2.0,Task L margin,LightGBM,Permutation fallback (ExplainerError)
away_live_fouls,0.004411122709326841,5.0,Task L margin,LightGBM,Permutation fallback (ExplainerError)
away_goal_difference_l3,0.004300147436409125,2.0,Task L margin,LightGBM,Permutation fallback (ExplainerError)
home_goals_against_l5,0.003940581223009712,1.0,Task L margin,LightGBM,Permutation fallback (ExplainerError)
away_goals_for_l10,0.0038438683769484927,8.0,Task L margin,LightGBM,Permutation fallback (ExplainerError)
away_pressures_for_l10,0.0037982915866855206,1.0,Task L margin,LightGBM,Permutation fallback (ExplainerError)
away_pass_completion_for_l5,0.003770969507986748,1.0,Task L margin,LightGBM,Permutation fallback (ExplainerError)
home_shots_for_l5,0.0035126398109745376,3.0,Task L margin,LightGBM,Permutation fallback (ExplainerError)
diff_xg_for_l10,0.0034235234358171627,2.0,Task L margin,LightGBM,Permutation fallback (ExplainerError)
away_goals_against_l3,0.0031785620693196215,1.0,Task L margin,LightGBM,Permutation fallback (ExplainerError)
home_shots_on_target_against_l3,0.0030794793130316635,12.0,Task L margin,LightGBM,Permutation fallback (ExplainerError)
away_final_third_entries_for_l5,0.002919528215716413,6.0,Task L margin,LightGBM,Permutation fallback (ExplainerError)
away_possession_share_l10,0.0027801377527270394,5.0,Task L margin,LightGBM,Permutation fallback (ExplainerError)
diff_pass_completion_for_l5,0.0027092497866229347,2.0,Task L margin,LightGBM,Permutation fallback (ExplainerError)
home_shots_on_target_against_l5,0.002703041557303847,4.0,Task L margin,LightGBM,Permutation fallback (ExplainerError)
home_xg_against_l10,0.002472219207656935,5.0,Task L margin,LightGBM,Permutation fallback (ExplainerError)
away_xg_against_l5,0.002415351499881241,3.0,Task L margin,LightGBM,Permutation fallback (ExplainerError)
away_pass_completion_for_l10,0.002279189098580615,1.0,Task L margin,LightGBM,Permutation fallback (ExplainerError)
home_live_final_third_entries,0.002261235345406971,2.0,Task L margin,LightGBM,Permutation fallback (ExplainerError)
away_live_xg,0.002060405315624513,4.0,Task L margin,LightGBM,Permutation fallback (ExplainerError)
home_final_third_entries_for_l10,0.0020331851903564843,3.0,Task L margin,LightGBM,Permutation fallback (ExplainerError)
away_shots_on_target_against_l10,0.001924368031680645,3.0,Task L margin,LightGBM,Permutation fallback (ExplainerError)
diff_pass_completion_for_l3,0.0018990981890523496,3.0,Task L margin,LightGBM,Permutation fallback (ExplainerError)
away_goals_against_l10,0.0017865422870510135,3.0,Task L margin,LightGBM,Permutation fallback (ExplainerError)
home_pressures_for_l10,0.0017550577224536726,3.0,Task L margin,LightGBM,Permutation fallback (ExplainerError)
home_red_cards_for_l5,0.0017151171405787875,1.0,Task L margin,LightGBM,Permutation fallback (ExplainerError)
p1_home_rank_home,0.0016290890983749987,1.0,Task L margin,LightGBM,Permutation fallback (ExplainerError)
diff_possession_share_l5,0.0015633765262049123,3.0,Task L margin,LightGBM,Permutation fallback (ExplainerError)
home_possession_share_l10,0.0015517708461961642,2.0,Task L margin,LightGBM,Permutation fallback (ExplainerError)
diff_goal_difference_l3,0.0015162691887836736,2.0,Task L margin,LightGBM,Permutation fallback (ExplainerError)
p1_home_scr_total,0.001495442740939703,1.0,Task L margin,LightGBM,Permutation fallback (ExplainerError)
home_live_pass_completion,0.0014504521573084478,1.0,Task L margin,LightGBM,Permutation fallback (ExplainerError)
home_live_shots_on_target,0.0013835847488618755,6.0,Task L margin,LightGBM,Permutation fallback (ExplainerError)
p1_away_scr_away,0.0013675265890888417,13.0,Task L margin,LightGBM,Permutation fallback (ExplainerError)
p1_home_con_away,0.0013620416234832043,7.0,Task L margin,LightGBM,Permutation fallback (ExplainerError)
home_live_xg,0.001333289258539074,12.0,Task L margin,LightGBM,Permutation fallback (ExplainerError)
away_shots_against_l5,0.001259502263910322,9.0,Task L margin,LightGBM,Permutation fallback (ExplainerError)
diff_possession_share_l3,0.0011617021355448853,3.0,Task L margin,LightGBM,Permutation fallback (ExplainerError)
p1_home_rank_total,0.0011247966331397025,1.0,Task L margin,LightGBM,Permutation fallback (ExplainerError)
away_live_carries,0.0011121640303680925,4.0,Task L margin,LightGBM,Permutation fallback (ExplainerError)
away_passes_for_l5,0.0011069543329397685,3.0,Task L margin,LightGBM,Permutation fallback (ExplainerError)
away_red_cards_for_l5,0.0009814620707372268,1.0,Task L margin,LightGBM,Permutation fallback (ExplainerError)
home_red_cards_for_l10,0.0009545272446203631,3.0,Task L margin,LightGBM,Permutation fallback (ExplainerError)
away_points_l3,0.0009409789130875757,1.0,Task L margin,LightGBM,Permutation fallback (ExplainerError)
home_live_fouls,0.0008636130195730368,3.0,Task L margin,LightGBM,Permutation fallback (ExplainerError)
home_points_l5,0.0008529246925844523,1.0,Task L margin,LightGBM,Permutation fallback (ExplainerError)
p1_home_scr_home,0.0007449246266555944,1.0,Task L margin,LightGBM,Permutation fallback (ExplainerError)
away_live_pressures,0.0006052687636520294,5.0,Task L margin,LightGBM,Permutation fallback (ExplainerError)
home_goals_for_l10,0.0004960879610677251,1.0,Task L margin,LightGBM,Permutation fallback (ExplainerError)
home_live_pressures,0.0004720656828438366,2.0,Task L margin,LightGBM,Permutation fallback (ExplainerError)
away_live_passes,0.00040543012364006544,1.0,Task L margin,LightGBM,Permutation fallback (ExplainerError)
home_possession_share_l3,0.0002482086409065736,1.0,Task L margin,LightGBM,Permutation fallback (ExplainerError)
home_live_corners,0.00022060432483853588,9.0,Task L margin,LightGBM,Permutation fallback (ExplainerError)
live_diff_shots,0.000162837103048911,2.0,Task L margin,LightGBM,Permutation fallback (ExplainerError)
away_shots_for_l3,0.00014823453817433736,2.0,Task L margin,LightGBM,Permutation fallback (ExplainerError)
away_live_shots,0.0001240169252207918,1.0,Task L margin,LightGBM,Permutation fallback (ExplainerError)
away_live_completed_passes,5.621075660906342e-05,2.0,Task L margin,LightGBM,Permutation fallback (ExplainerError)
home_red_cards_for_l3,1.219131312177139e-05,1.0,Task L margin,LightGBM,Permutation fallback (ExplainerError)
missingindicator_diff_possession_share_l3,0.0,0.0,Task L margin,LightGBM,Permutation fallback (ExplainerError)
missingindicator_diff_xg_for_l3,0.0,0.0,Task L margin,LightGBM,Permutation fallback (ExplainerError)
missingindicator_diff_pass_completion_for_l3,0.0,0.0,Task L margin,LightGBM,Permutation fallback (ExplainerError)
home_missing_history_l3,0.0,0.0,Task L margin,LightGBM,Permutation fallback (ExplainerError)
home_shots_against_l3,0.0,12.0,Task L margin,LightGBM,Permutation fallback (ExplainerError)
home_goals_against_l3,0.0,0.0,Task L margin,LightGBM,Permutation fallback (ExplainerError)
home_passes_for_l5,0.0,0.0,Task L margin,LightGBM,Permutation fallback (ExplainerError)
home_shots_against_l5,0.0,4.0,Task L margin,LightGBM,Permutation fallback (ExplainerError)
missingindicator_diff_pass_completion_for_l5,0.0,0.0,Task L margin,LightGBM,Permutation fallback (ExplainerError)
home_missing_history_l5,0.0,0.0,Task L margin,LightGBM,Permutation fallback (ExplainerError)
home_shots_on_target_against_l10,0.0,0.0,Task L margin,LightGBM,Permutation fallback (ExplainerError)
missingindicator_diff_shots_for_l3,0.0,0.0,Task L margin,LightGBM,Permutation fallback (ExplainerError)
missingindicator_diff_goal_difference_l3,0.0,0.0,Task L margin,LightGBM,Permutation fallback (ExplainerError)
missingindicator_diff_pressures_for_l3,0.0,0.0,Task L margin,LightGBM,Permutation fallback (ExplainerError)
snapshot_minute,0.0,0.0,Task L margin,LightGBM,Permutation fallback (ExplainerError)
n_events_so_far,0.0,0.0,Task L margin,LightGBM,Permutation fallback (ExplainerError)
reference_second,0.0,1.0,Task L margin,LightGBM,Permutation fallback (ExplainerError)
snapshot_rank,0.0,0.0,Task L margin,LightGBM,Permutation fallback (ExplainerError)
snapshot_period,0.0,0.0,Task L margin,LightGBM,Permutation fallback (ExplainerError)
missingindicator_diff_goal_difference_l5,0.0,0.0,Task L margin,LightGBM,Permutation fallback (ExplainerError)
missingindicator_diff_points_l5,0.0,0.0,Task L margin,LightGBM,Permutation fallback (ExplainerError)
missingindicator_diff_shots_for_l5,0.0,0.0,Task L margin,LightGBM,Permutation fallback (ExplainerError)
missingindicator_diff_xg_for_l5,0.0,0.0,Task L margin,LightGBM,Permutation fallback (ExplainerError)
missingindicator_diff_pressures_for_l5,0.0,0.0,Task L margin,LightGBM,Permutation fallback (ExplainerError)
away_red_cards_for_l3,0.0,0.0,Task L margin,LightGBM,Permutation fallback (ExplainerError)
away_missing_history_l3,0.0,0.0,Task L margin,LightGBM,Permutation fallback (ExplainerError)
away_passes_for_l3,0.0,0.0,Task L margin,LightGBM,Permutation fallback (ExplainerError)
away_points_l10,0.0,0.0,Task L margin,LightGBM,Permutation fallback (ExplainerError)
away_missing_history_l5,0.0,0.0,Task L margin,LightGBM,Permutation fallback (ExplainerError)
home_history_matches_before,0.0,11.0,Task L margin,LightGBM,Permutation fallback (ExplainerError)
live_diff_pressures_last5,0.0,0.0,Task L margin,LightGBM,Permutation fallback (ExplainerError)
live_diff_final_third_entries,0.0,0.0,Task L margin,LightGBM,Permutation fallback (ExplainerError)
live_diff_possession_share,0.0,0.0,Task L margin,LightGBM,Permutation fallback (ExplainerError)
live_diff_shots_last5,0.0,0.0,Task L margin,LightGBM,Permutation fallback (ExplainerError)
live_diff_xg_last5,0.0,0.0,Task L margin,LightGBM,Permutation fallback (ExplainerError)
live_diff_pressures,0.0,0.0,Task L margin,LightGBM,Permutation fallback (ExplainerError)
live_diff_shots_on_target,0.0,0.0,Task L margin,LightGBM,Permutation fallback (ExplainerError)
man_advantage_home,0.0,0.0,Task L margin,LightGBM,Permutation fallback (ExplainerError)
away_goal_difference_l5,0.0,0.0,Task L margin,LightGBM,Permutation fallback (ExplainerError)
away_points_l5,0.0,0.0,Task L margin,LightGBM,Permutation fallback (ExplainerError)
away_live_xg_last10,0.0,0.0,Task L margin,LightGBM,Permutation fallback (ExplainerError)
away_live_pressures_last10,0.0,0.0,Task L margin,LightGBM,Permutation fallback (ExplainerError)
away_live_final_third_entries_last10,0.0,0.0,Task L margin,LightGBM,Permutation fallback (ExplainerError)
away_history_matches_before,0.0,0.0,Task L margin,LightGBM,Permutation fallback (ExplainerError)
home_missing_history_l10,0.0,0.0,Task L margin,LightGBM,Permutation fallback (ExplainerError)
away_missing_history_l10,0.0,0.0,Task L margin,LightGBM,Permutation fallback (ExplainerError)
diff_points_l3,0.0,13.0,Task L margin,LightGBM,Permutation fallback (ExplainerError)
away_live_pass_completion,0.0,5.0,Task L margin,LightGBM,Permutation fallback (ExplainerError)
away_live_corners,0.0,2.0,Task L margin,LightGBM,Permutation fallback (ExplainerError)
away_live_red_cards,0.0,0.0,Task L margin,LightGBM,Permutation fallback (ExplainerError)
away_live_final_third_entries,0.0,0.0,Task L margin,LightGBM,Permutation fallback (ExplainerError)
time_remaining_minutes,0.0,0.0,Task L margin,LightGBM,Permutation fallback (ExplainerError)
home_live_shots,0.0,1.0,Task L margin,LightGBM,Permutation fallback (ExplainerError)
home_live_completed_passes,0.0,0.0,Task L margin,LightGBM,Permutation fallback (ExplainerError)
home_live_passes,0.0,0.0,Task L margin,LightGBM,Permutation fallback (ExplainerError)
missingindicator_away_final_third_entries_for_l10,0.0,0.0,Task L margin,LightGBM,Permutation fallback (ExplainerError)
missingindicator_diff_points_l3,0.0,0.0,Task L margin,LightGBM,Permutation fallback (ExplainerError)
missingindicator_away_red_cards_for_l10,0.0,0.0,Task L margin,LightGBM,Permutation fallback (ExplainerError)
missingindicator_away_possession_share_l10,0.0,0.0,Task L margin,LightGBM,Permutation fallback (ExplainerError)
home_live_carries,0.0,0.0,Task L margin,LightGBM,Permutation fallback (ExplainerError)
diff_pass_completion_for_l10,0.0,4.0,Task L margin,LightGBM,Permutation fallback (ExplainerError)
away_live_shots_last10,0.0,0.0,Task L margin,LightGBM,Permutation fallback (ExplainerError)
away_live_possession_share,0.0,0.0,Task L margin,LightGBM,Permutation fallback (ExplainerError)
away_live_shots_last5,0.0,0.0,Task L margin,LightGBM,Permutation fallback (ExplainerError)
away_live_xg_last5,0.0,0.0,Task L margin,LightGBM,Permutation fallback (ExplainerError)
away_live_pressures_last5,0.0,0.0,Task L margin,LightGBM,Permutation fallback (ExplainerError)
away_live_final_third_entries_last5,0.0,0.0,Task L margin,LightGBM,Permutation fallback (ExplainerError)
home_live_pressures_last5,0.0,0.0,Task L margin,LightGBM,Permutation fallback (ExplainerError)
home_live_xg_last5,0.0,0.0,Task L margin,LightGBM,Permutation fallback (ExplainerError)
home_live_final_third_entries_last5,0.0,0.0,Task L margin,LightGBM,Permutation fallback (ExplainerError)
home_live_shots_last10,0.0,0.0,Task L margin,LightGBM,Permutation fallback (ExplainerError)
home_live_pressures_last10,0.0,0.0,Task L margin,LightGBM,Permutation fallback (ExplainerError)
home_live_shots_last5,0.0,0.0,Task L margin,LightGBM,Permutation fallback (ExplainerError)
home_live_possession_share,0.0,0.0,Task L margin,LightGBM,Permutation fallback (ExplainerError)
home_live_red_cards,0.0,0.0,Task L margin,LightGBM,Permutation fallback (ExplainerError)
away_live_shots_on_target,0.0,2.0,Task L margin,LightGBM,Permutation fallback (ExplainerError)
home_live_final_third_entries_last10,0.0,0.0,Task L margin,LightGBM,Permutation fallback (ExplainerError)
home_live_xg_last10,0.0,0.0,Task L margin,LightGBM,Permutation fallback (ExplainerError)
p1_home_con_home,0.0,0.0,Task L margin,LightGBM,Permutation fallback (ExplainerError)
p1_home_scr_away,0.0,0.0,Task L margin,LightGBM,Permutation fallback (ExplainerError)
p1_away_con_home,0.0,0.0,Task L margin,LightGBM,Permutation fallback (ExplainerError)
missingindicator_home_live_pass_completion,0.0,0.0,Task L margin,LightGBM,Permutation fallback (ExplainerError)
missingindicator_away_live_pass_completion,0.0,0.0,Task L margin,LightGBM,Permutation fallback (ExplainerError)
missingindicator_home_rest_days,0.0,0.0,Task L margin,LightGBM,Permutation fallback (ExplainerError)
missingindicator_home_points_l3,0.0,0.0,Task L margin,LightGBM,Permutation fallback (ExplainerError)
missingindicator_home_goals_for_l3,0.0,0.0,Task L margin,LightGBM,Permutation fallback (ExplainerError)
missingindicator_home_goals_against_l3,0.0,0.0,Task L margin,LightGBM,Permutation fallback (ExplainerError)
missingindicator_home_goal_difference_l3,0.0,0.0,Task L margin,LightGBM,Permutation fallback (ExplainerError)
missingindicator_home_shots_for_l3,0.0,0.0,Task L margin,LightGBM,Permutation fallback (ExplainerError)
missingindicator_home_shots_against_l3,0.0,0.0,Task L margin,LightGBM,Permutation fallback (ExplainerError)
missingindicator_home_shots_on_target_for_l3,0.0,0.0,Task L margin,LightGBM,Permutation fallback (ExplainerError)
missingindicator_home_shots_on_target_against_l3,0.0,0.0,Task L margin,LightGBM,Permutation fallback (ExplainerError)
missingindicator_home_xg_for_l3,0.0,0.0,Task L margin,LightGBM,Permutation fallback (ExplainerError)
missingindicator_home_xg_against_l3,0.0,0.0,Task L margin,LightGBM,Permutation fallback (ExplainerError)
missingindicator_home_passes_for_l3,0.0,0.0,Task L margin,LightGBM,Permutation fallback (ExplainerError)
missingindicator_home_pass_completion_for_l3,0.0,0.0,Task L margin,LightGBM,Permutation fallback (ExplainerError)
missingindicator_home_pressures_for_l3,0.0,0.0,Task L margin,LightGBM,Permutation fallback (ExplainerError)
missingindicator_home_final_third_entries_for_l3,0.0,0.0,Task L margin,LightGBM,Permutation fallback (ExplainerError)
missingindicator_home_red_cards_for_l3,0.0,0.0,Task L margin,LightGBM,Permutation fallback (ExplainerError)
missingindicator_home_possession_share_l3,0.0,0.0,Task L margin,LightGBM,Permutation fallback (ExplainerError)
missingindicator_home_points_l5,0.0,0.0,Task L margin,LightGBM,Permutation fallback (ExplainerError)
missingindicator_home_goals_for_l5,0.0,0.0,Task L margin,LightGBM,Permutation fallback (ExplainerError)
missingindicator_home_goals_against_l5,0.0,0.0,Task L margin,LightGBM,Permutation fallback (ExplainerError)
missingindicator_home_goal_difference_l5,0.0,0.0,Task L margin,LightGBM,Permutation fallback (ExplainerError)
missingindicator_home_shots_for_l5,0.0,0.0,Task L margin,LightGBM,Permutation fallback (ExplainerError)
missingindicator_home_shots_against_l5,0.0,0.0,Task L margin,LightGBM,Permutation fallback (ExplainerError)
missingindicator_home_shots_on_target_for_l5,0.0,0.0,Task L margin,LightGBM,Permutation fallback (ExplainerError)
missingindicator_home_shots_on_target_against_l5,0.0,0.0,Task L margin,LightGBM,Permutation fallback (ExplainerError)
missingindicator_home_xg_for_l5,0.0,0.0,Task L margin,LightGBM,Permutation fallback (ExplainerError)
missingindicator_home_xg_against_l5,0.0,0.0,Task L margin,LightGBM,Permutation fallback (ExplainerError)
missingindicator_home_passes_for_l5,0.0,0.0,Task L margin,LightGBM,Permutation fallback (ExplainerError)
missingindicator_home_pass_completion_for_l5,0.0,0.0,Task L margin,LightGBM,Permutation fallback (ExplainerError)
missingindicator_home_pressures_for_l5,0.0,0.0,Task L margin,LightGBM,Permutation fallback (ExplainerError)
missingindicator_home_final_third_entries_for_l5,0.0,0.0,Task L margin,LightGBM,Permutation fallback (ExplainerError)
missingindicator_home_red_cards_for_l5,0.0,0.0,Task L margin,LightGBM,Permutation fallback (ExplainerError)
missingindicator_home_possession_share_l5,0.0,0.0,Task L margin,LightGBM,Permutation fallback (ExplainerError)
missingindicator_home_points_l10,0.0,0.0,Task L margin,LightGBM,Permutation fallback (ExplainerError)
missingindicator_home_goals_for_l10,0.0,0.0,Task L margin,LightGBM,Permutation fallback (ExplainerError)
missingindicator_home_goals_against_l10,0.0,0.0,Task L margin,LightGBM,Permutation fallback (ExplainerError)
missingindicator_home_goal_difference_l10,0.0,0.0,Task L margin,LightGBM,Permutation fallback (ExplainerError)
missingindicator_home_shots_for_l10,0.0,0.0,Task L margin,LightGBM,Permutation fallback (ExplainerError)
missingindicator_home_shots_against_l10,0.0,0.0,Task L margin,LightGBM,Permutation fallback (ExplainerError)
missingindicator_home_shots_on_target_for_l10,0.0,0.0,Task L margin,LightGBM,Permutation fallback (ExplainerError)
missingindicator_home_shots_on_target_against_l10,0.0,0.0,Task L margin,LightGBM,Permutation fallback (ExplainerError)
missingindicator_home_xg_for_l10,0.0,0.0,Task L margin,LightGBM,Permutation fallback (ExplainerError)
missingindicator_home_xg_against_l10,0.0,0.0,Task L margin,LightGBM,Permutation fallback (ExplainerError)
missingindicator_home_passes_for_l10,0.0,0.0,Task L margin,LightGBM,Permutation fallback (ExplainerError)
missingindicator_home_pass_completion_for_l10,0.0,0.0,Task L margin,LightGBM,Permutation fallback (ExplainerError)
missingindicator_home_pressures_for_l10,0.0,0.0,Task L margin,LightGBM,Permutation fallback (ExplainerError)
missingindicator_home_final_third_entries_for_l10,0.0,0.0,Task L margin,LightGBM,Permutation fallback (ExplainerError)
missingindicator_home_red_cards_for_l10,0.0,0.0,Task L margin,LightGBM,Permutation fallback (ExplainerError)
missingindicator_home_possession_share_l10,0.0,0.0,Task L margin,LightGBM,Permutation fallback (ExplainerError)
missingindicator_away_rest_days,0.0,0.0,Task L margin,LightGBM,Permutation fallback (ExplainerError)
missingindicator_away_points_l3,0.0,0.0,Task L margin,LightGBM,Permutation fallback (ExplainerError)
missingindicator_away_goals_for_l3,0.0,0.0,Task L margin,LightGBM,Permutation fallback (ExplainerError)
missingindicator_away_goals_against_l3,0.0,0.0,Task L margin,LightGBM,Permutation fallback (ExplainerError)
missingindicator_away_goal_difference_l3,0.0,0.0,Task L margin,LightGBM,Permutation fallback (ExplainerError)
missingindicator_away_shots_for_l3,0.0,0.0,Task L margin,LightGBM,Permutation fallback (ExplainerError)
missingindicator_away_shots_against_l3,0.0,0.0,Task L margin,LightGBM,Permutation fallback (ExplainerError)
missingindicator_away_shots_on_target_for_l3,0.0,0.0,Task L margin,LightGBM,Permutation fallback (ExplainerError)
missingindicator_away_shots_on_target_against_l3,0.0,0.0,Task L margin,LightGBM,Permutation fallback (ExplainerError)
missingindicator_away_xg_for_l3,0.0,0.0,Task L margin,LightGBM,Permutation fallback (ExplainerError)
missingindicator_away_xg_against_l3,0.0,0.0,Task L margin,LightGBM,Permutation fallback (ExplainerError)
missingindicator_away_passes_for_l3,0.0,0.0,Task L margin,LightGBM,Permutation fallback (ExplainerError)
missingindicator_away_pass_completion_for_l3,0.0,0.0,Task L margin,LightGBM,Permutation fallback (ExplainerError)
missingindicator_away_pressures_for_l3,0.0,0.0,Task L margin,LightGBM,Permutation fallback (ExplainerError)
missingindicator_away_final_third_entries_for_l3,0.0,0.0,Task L margin,LightGBM,Permutation fallback (ExplainerError)
missingindicator_away_red_cards_for_l3,0.0,0.0,Task L margin,LightGBM,Permutation fallback (ExplainerError)
missingindicator_away_possession_share_l3,0.0,0.0,Task L margin,LightGBM,Permutation fallback (ExplainerError)
missingindicator_away_points_l5,0.0,0.0,Task L margin,LightGBM,Permutation fallback (ExplainerError)
missingindicator_away_goals_for_l5,0.0,0.0,Task L margin,LightGBM,Permutation fallback (ExplainerError)
missingindicator_away_goals_against_l5,0.0,0.0,Task L margin,LightGBM,Permutation fallback (ExplainerError)
missingindicator_away_goal_difference_l5,0.0,0.0,Task L margin,LightGBM,Permutation fallback (ExplainerError)
missingindicator_away_shots_for_l5,0.0,0.0,Task L margin,LightGBM,Permutation fallback (ExplainerError)
missingindicator_away_shots_against_l5,0.0,0.0,Task L margin,LightGBM,Permutation fallback (ExplainerError)
missingindicator_away_shots_on_target_for_l5,0.0,0.0,Task L margin,LightGBM,Permutation fallback (ExplainerError)
missingindicator_away_shots_on_target_against_l5,0.0,0.0,Task L margin,LightGBM,Permutation fallback (ExplainerError)
missingindicator_away_xg_for_l5,0.0,0.0,Task L margin,LightGBM,Permutation fallback (ExplainerError)
missingindicator_away_xg_against_l5,0.0,0.0,Task L margin,LightGBM,Permutation fallback (ExplainerError)
missingindicator_away_passes_for_l5,0.0,0.0,Task L margin,LightGBM,Permutation fallback (ExplainerError)
missingindicator_away_pass_completion_for_l5,0.0,0.0,Task L margin,LightGBM,Permutation fallback (ExplainerError)
missingindicator_away_pressures_for_l5,0.0,0.0,Task L margin,LightGBM,Permutation fallback (ExplainerError)
missingindicator_away_final_third_entries_for_l5,0.0,0.0,Task L margin,LightGBM,Permutation fallback (ExplainerError)
missingindicator_away_red_cards_for_l5,0.0,0.0,Task L margin,LightGBM,Permutation fallback (ExplainerError)
missingindicator_away_possession_share_l5,0.0,0.0,Task L margin,LightGBM,Permutation fallback (ExplainerError)
missingindicator_away_points_l10,0.0,0.0,Task L margin,LightGBM,Permutation fallback (ExplainerError)
missingindicator_away_goals_for_l10,0.0,0.0,Task L margin,LightGBM,Permutation fallback (ExplainerError)
missingindicator_away_goals_against_l10,0.0,0.0,Task L margin,LightGBM,Permutation fallback (ExplainerError)
missingindicator_away_goal_difference_l10,0.0,0.0,Task L margin,LightGBM,Permutation fallback (ExplainerError)
missingindicator_away_shots_for_l10,0.0,0.0,Task L margin,LightGBM,Permutation fallback (ExplainerError)
missingindicator_away_shots_against_l10,0.0,0.0,Task L margin,LightGBM,Permutation fallback (ExplainerError)
missingindicator_away_shots_on_target_for_l10,0.0,0.0,Task L margin,LightGBM,Permutation fallback (ExplainerError)
missingindicator_away_shots_on_target_against_l10,0.0,0.0,Task L margin,LightGBM,Permutation fallback (ExplainerError)
missingindicator_away_xg_for_l10,0.0,0.0,Task L margin,LightGBM,Permutation fallback (ExplainerError)
missingindicator_away_xg_against_l10,0.0,0.0,Task L margin,LightGBM,Permutation fallback (ExplainerError)
missingindicator_away_passes_for_l10,0.0,0.0,Task L margin,LightGBM,Permutation fallback (ExplainerError)
missingindicator_away_pass_completion_for_l10,0.0,0.0,Task L margin,LightGBM,Permutation fallback (ExplainerError)
missingindicator_away_pressures_for_l10,0.0,0.0,Task L margin,LightGBM,Permutation fallback (ExplainerError)
missingindicator_diff_possession_share_l5,0.0,0.0,Task L margin,LightGBM,Permutation fallback (ExplainerError)
missingindicator_diff_points_l10,0.0,0.0,Task L margin,LightGBM,Permutation fallback (ExplainerError)
missingindicator_diff_goal_difference_l10,0.0,0.0,Task L margin,LightGBM,Permutation fallback (ExplainerError)
missingindicator_diff_shots_for_l10,0.0,0.0,Task L margin,LightGBM,Permutation fallback (ExplainerError)
missingindicator_diff_xg_for_l10,0.0,0.0,Task L margin,LightGBM,Permutation fallback (ExplainerError)
missingindicator_diff_pass_completion_for_l10,0.0,0.0,Task L margin,LightGBM,Permutation fallback (ExplainerError)
missingindicator_diff_pressures_for_l10,0.0,0.0,Task L margin,LightGBM,Permutation fallback (ExplainerError)
missingindicator_diff_possession_share_l10,0.0,0.0,Task L margin,LightGBM,Permutation fallback (ExplainerError)
missingindicator_rest_days_difference,0.0,0.0,Task L margin,LightGBM,Permutation fallback (ExplainerError)
