url,local_path,status,http_status,bytes,sha256,match_id,family
https://raw.githubusercontent.com/statsbomb/open-data/master/data/competitions.json,/content/drive/MyDrive/ml_project/code/data_pipeline/results/Premier_League_2015_16_DATA_ONLY_FULL_REAL/data/bronze/statsbomb/competitions.json,downloaded,200,34887,e6cd42f5d8956d6aa30fb917ce8d4c3b3df1879a93f02f8feba820930a6971fa,,
https://raw.githubusercontent.com/statsbomb/open-data/master/data/matches/2/27.json,/content/drive/MyDrive/ml_project/code/data_pipeline/results/Premier_League_2015_16_DATA_ONLY_FULL_REAL/data/bronze/statsbomb/matches/2/27.json,downloaded,200,698179,e07d6d360b30e0cd17f9aeea0db1502d2a5666d298f1b44b83a2d2f21ba3d21b,,
https://raw.githubusercontent.com/statsbomb/open-data/master/data/lineups/3754097.json,/content/drive/MyDrive/ml_project/code/data_pipeline/results/Premier_League_2015_16_DATA_ONLY_FULL_REAL/data/bronze/statsbomb/lineups/3754097.json,downloaded,200,16274,60b2d37a2ddd8e9ea25681c347ac05b5339d384d13568237fd6850f0001ba104,3754097.0,lineups
https://raw.githubusercontent.com/statsbomb/open-data/master/data/three-sixty/3754128.json,/content/drive/MyDrive/ml_project/code/data_pipeline/results/Premier_League_2015_16_DATA_ONLY_FULL_REAL/data/bronze/statsbomb/three-sixty/3754128.json,optional_missing,404,0,,3754128.0,three-sixty
https://raw.githubusercontent.com/statsbomb/open-data/master/data/three-sixty/3754097.json,/content/drive/MyDrive/ml_project/code/data_pipeline/results/Premier_League_2015_16_DATA_ONLY_FULL_REAL/data/bronze/statsbomb/three-sixty/3754097.json,optional_missing,404,0,,3754097.0,three-sixty
https://raw.githubusercontent.com/statsbomb/open-data/master/data/lineups/3754128.json,/content/drive/MyDrive/ml_project/code/data_pipeline/results/Premier_League_2015_16_DATA_ONLY_FULL_REAL/data/bronze/statsbomb/lineups/3754128.json,downloaded,200,16900,ced7d46c0a25d2a7bdf51245348ca7672df4040f3f2e3f2e578f5fba64121bf9,3754128.0,lineups
https://raw.githubusercontent.com/statsbomb/open-data/master/data/lineups/3754138.json,/content/drive/MyDrive/ml_project/code/data_pipeline/results/Premier_League_2015_16_DATA_ONLY_FULL_REAL/data/bronze/statsbomb/lineups/3754138.json,downloaded,200,15951,b8bb451355b2047a0450942a32f58e0f9089310c1c7dea8ab12dbe112ab8abf1,3754138.0,lineups
https://raw.githubusercontent.com/statsbomb/open-data/master/data/three-sixty/3754138.json,/content/drive/MyDrive/ml_project/code/data_pipeline/results/Premier_League_2015_16_DATA_ONLY_FULL_REAL/data/bronze/statsbomb/three-sixty/3754138.json,optional_missing,404,0,,3754138.0,three-sixty
https://raw.githubusercontent.com/statsbomb/open-data/master/data/three-sixty/3754237.json,/content/drive/MyDrive/ml_project/code/data_pipeline/results/Premier_League_2015_16_DATA_ONLY_FULL_REAL/data/bronze/statsbomb/three-sixty/3754237.json,optional_missing,404,0,,3754237.0,three-sixty
https://raw.githubusercontent.com/statsbomb/open-data/master/data/lineups/3754237.json,/content/drive/MyDrive/ml_project/code/data_pipeline/results/Premier_League_2015_16_DATA_ONLY_FULL_REAL/data/bronze/statsbomb/lineups/3754237.json,downloaded,200,16042,a7055544bcfed859280e8d1d17d53676dd8deb3a3724ea3a4265a42d460a54f3,3754237.0,lineups
https://raw.githubusercontent.com/statsbomb/open-data/master/data/events/3754138.json,/content/drive/MyDrive/ml_project/code/data_pipeline/results/Premier_League_2015_16_DATA_ONLY_FULL_REAL/data/bronze/statsbomb/events/3754138.json,downloaded,200,2631864,57834e59a3f5149d738542547b4401d7f8419844e5e7bd53c663cc699605ce87,3754138.0,events
https://raw.githubusercontent.com/statsbomb/open-data/master/data/three-sixty/3754300.json,/content/drive/MyDrive/ml_project/code/data_pipeline/results/Premier_League_2015_16_DATA_ONLY_FULL_REAL/data/bronze/statsbomb/three-sixty/3754300.json,optional_missing,404,0,,3754300.0,three-sixty
https://raw.githubusercontent.com/statsbomb/open-data/master/data/lineups/3754300.json,/content/drive/MyDrive/ml_project/code/data_pipeline/results/Premier_League_2015_16_DATA_ONLY_FULL_REAL/data/bronze/statsbomb/lineups/3754300.json,downloaded,200,17800,9dd9ec44dca68e257bd082f8193c57978b9007b5c7792a2d35bcd9056f736813,3754300.0,lineups
https://raw.githubusercontent.com/statsbomb/open-data/master/data/events/3754237.json,/content/drive/MyDrive/ml_project/code/data_pipeline/results/Premier_League_2015_16_DATA_ONLY_FULL_REAL/data/bronze/statsbomb/events/3754237.json,downloaded,200,2613853,58707895629af5a68e0fc13b1315c4c400a5f6487ea9d51ef1e30e1c2d9b1405,3754237.0,events
https://raw.githubusercontent.com/statsbomb/open-data/master/data/events/3754128.json,/content/drive/MyDrive/ml_project/code/data_pipeline/results/Premier_League_2015_16_DATA_ONLY_FULL_REAL/data/bronze/statsbomb/events/3754128.json,downloaded,200,3135918,2af9501d7b7526d124835f1913f69da21050d7356c9a56aeeea3af57b78fd932,3754128.0,events
https://raw.githubusercontent.com/statsbomb/open-data/master/data/events/3754097.json,/content/drive/MyDrive/ml_project/code/data_pipeline/results/Premier_League_2015_16_DATA_ONLY_FULL_REAL/data/bronze/statsbomb/events/3754097.json,downloaded,200,3247383,7d8736d1908c5d899e64074e761396960f64fdae9c5111463eea4622fb43d61c,3754097.0,events
https://raw.githubusercontent.com/statsbomb/open-data/master/data/three-sixty/3754078.json,/content/drive/MyDrive/ml_project/code/data_pipeline/results/Premier_League_2015_16_DATA_ONLY_FULL_REAL/data/bronze/statsbomb/three-sixty/3754078.json,optional_missing,404,0,,3754078.0,three-sixty
https://raw.githubusercontent.com/statsbomb/open-data/master/data/events/3754300.json,/content/drive/MyDrive/ml_project/code/data_pipeline/results/Premier_League_2015_16_DATA_ONLY_FULL_REAL/data/bronze/statsbomb/events/3754300.json,downloaded,200,3013289,9c8151ba8b993834c2fdd203b274b7fced1c9fa540b35df7f0dc3a383bd6cf7d,3754300.0,events
https://raw.githubusercontent.com/statsbomb/open-data/master/data/lineups/3754078.json,/content/drive/MyDrive/ml_project/code/data_pipeline/results/Premier_League_2015_16_DATA_ONLY_FULL_REAL/data/bronze/statsbomb/lineups/3754078.json,downloaded,200,17126,f60ff08f6388502f2069dca1ee6bdacc1a3c3aa064e60be4fe714a31910015ab,3754078.0,lineups
https://raw.githubusercontent.com/statsbomb/open-data/master/data/lineups/3754112.json,/content/drive/MyDrive/ml_project/code/data_pipeline/results/Premier_League_2015_16_DATA_ONLY_FULL_REAL/data/bronze/statsbomb/lineups/3754112.json,downloaded,200,16192,96dc4d1dd86c59e6275314f987762287e11f5740e2cb0411d92ce3098cfcade2,3754112.0,lineups
https://raw.githubusercontent.com/statsbomb/open-data/master/data/three-sixty/3754112.json,/content/drive/MyDrive/ml_project/code/data_pipeline/results/Premier_League_2015_16_DATA_ONLY_FULL_REAL/data/bronze/statsbomb/three-sixty/3754112.json,optional_missing,404,0,,3754112.0,three-sixty
https://raw.githubusercontent.com/statsbomb/open-data/master/data/three-sixty/3754141.json,/content/drive/MyDrive/ml_project/code/data_pipeline/results/Premier_League_2015_16_DATA_ONLY_FULL_REAL/data/bronze/statsbomb/three-sixty/3754141.json,optional_missing,404,0,,3754141.0,three-sixty
https://raw.githubusercontent.com/statsbomb/open-data/master/data/events/3754112.json,/content/drive/MyDrive/ml_project/code/data_pipeline/results/Premier_League_2015_16_DATA_ONLY_FULL_REAL/data/bronze/statsbomb/events/3754112.json,downloaded,200,2889781,66e280eefd6dac2b3aa974788a47a398eeae3c2f50a5bf83eb850732404e35ba,3754112.0,events
https://raw.githubusercontent.com/statsbomb/open-data/master/data/lineups/3754141.json,/content/drive/MyDrive/ml_project/code/data_pipeline/results/Premier_League_2015_16_DATA_ONLY_FULL_REAL/data/bronze/statsbomb/lineups/3754141.json,downloaded,200,17337,bb7866865c1d4ba92dbde73998191331f21dc3e7f4d017010afce7f86e5b0265,3754141.0,lineups
https://raw.githubusercontent.com/statsbomb/open-data/master/data/three-sixty/3753985.json,/content/drive/MyDrive/ml_project/code/data_pipeline/results/Premier_League_2015_16_DATA_ONLY_FULL_REAL/data/bronze/statsbomb/three-sixty/3753985.json,optional_missing,404,0,,3753985.0,three-sixty
https://raw.githubusercontent.com/statsbomb/open-data/master/data/events/3754078.json,/content/drive/MyDrive/ml_project/code/data_pipeline/results/Premier_League_2015_16_DATA_ONLY_FULL_REAL/data/bronze/statsbomb/events/3754078.json,downloaded,200,2849847,0db154ebd79ee2b79a3dcd805f1d0a54c0e23e2f2fba611cfe25d633458abad9,3754078.0,events
https://raw.githubusercontent.com/statsbomb/open-data/master/data/lineups/3753985.json,/content/drive/MyDrive/ml_project/code/data_pipeline/results/Premier_League_2015_16_DATA_ONLY_FULL_REAL/data/bronze/statsbomb/lineups/3753985.json,downloaded,200,17908,0c295bb8ed0b07b071622dbfcb4c07a3dc8424f3d6c7bd3c50f4cf182a93e59e,3753985.0,lineups
https://raw.githubusercontent.com/statsbomb/open-data/master/data/three-sixty/3754145.json,/content/drive/MyDrive/ml_project/code/data_pipeline/results/Premier_League_2015_16_DATA_ONLY_FULL_REAL/data/bronze/statsbomb/three-sixty/3754145.json,optional_missing,404,0,,3754145.0,three-sixty
https://raw.githubusercontent.com/statsbomb/open-data/master/data/lineups/3754145.json,/content/drive/MyDrive/ml_project/code/data_pipeline/results/Premier_League_2015_16_DATA_ONLY_FULL_REAL/data/bronze/statsbomb/lineups/3754145.json,downloaded,200,17653,4c49693d8e24bf8db338b90b5eef54d5bdb11a7c059b98c57a8f65388d7af931,3754145.0,lineups
https://raw.githubusercontent.com/statsbomb/open-data/master/data/events/3753985.json,/content/drive/MyDrive/ml_project/code/data_pipeline/results/Premier_League_2015_16_DATA_ONLY_FULL_REAL/data/bronze/statsbomb/events/3753985.json,downloaded,200,2866018,3c59a7a31ab432ed77d58e36fc41c5e00ad0264ad989897f50493985be3dbfc9,3753985.0,events
https://raw.githubusercontent.com/statsbomb/open-data/master/data/events/3754145.json,/content/drive/MyDrive/ml_project/code/data_pipeline/results/Premier_League_2015_16_DATA_ONLY_FULL_REAL/data/bronze/statsbomb/events/3754145.json,downloaded,200,3482690,01815a7824d621b72953f56a4348641b9833f346c1eac076bb8c239ecb5de631,3754145.0,events
https://raw.githubusercontent.com/statsbomb/open-data/master/data/three-sixty/3754107.json,/content/drive/MyDrive/ml_project/code/data_pipeline/results/Premier_League_2015_16_DATA_ONLY_FULL_REAL/data/bronze/statsbomb/three-sixty/3754107.json,optional_missing,404,0,,3754107.0,three-sixty
https://raw.githubusercontent.com/statsbomb/open-data/master/data/lineups/3754107.json,/content/drive/MyDrive/ml_project/code/data_pipeline/results/Premier_League_2015_16_DATA_ONLY_FULL_REAL/data/bronze/statsbomb/lineups/3754107.json,downloaded,200,15785,785aa12d1543828c6e095b1ec5ac2ea6301b39762db47fd575da834ec1da379b,3754107.0,lineups
https://raw.githubusercontent.com/statsbomb/open-data/master/data/events/3754141.json,/content/drive/MyDrive/ml_project/code/data_pipeline/results/Premier_League_2015_16_DATA_ONLY_FULL_REAL/data/bronze/statsbomb/events/3754141.json,downloaded,200,3052998,5547dbb2bd38fdc459c88ed74d6146e3da39fb037a73f4da813e1c1c2cedd4ac,3754141.0,events
https://raw.githubusercontent.com/statsbomb/open-data/master/data/lineups/3754034.json,/content/drive/MyDrive/ml_project/code/data_pipeline/results/Premier_League_2015_16_DATA_ONLY_FULL_REAL/data/bronze/statsbomb/lineups/3754034.json,downloaded,200,18394,c58bd3cd6349405986350046382f6a27f819b23a4530c8776d3f1bc964a2c2cd,3754034.0,lineups
https://raw.githubusercontent.com/statsbomb/open-data/master/data/three-sixty/3754034.json,/content/drive/MyDrive/ml_project/code/data_pipeline/results/Premier_League_2015_16_DATA_ONLY_FULL_REAL/data/bronze/statsbomb/three-sixty/3754034.json,optional_missing,404,0,,3754034.0,three-sixty
https://raw.githubusercontent.com/statsbomb/open-data/master/data/events/3754107.json,/content/drive/MyDrive/ml_project/code/data_pipeline/results/Premier_League_2015_16_DATA_ONLY_FULL_REAL/data/bronze/statsbomb/events/3754107.json,downloaded,200,3101645,7920144699948531a015db76b27500fbbd4597fd54323a186add39b4278aaa1a,3754107.0,events
https://raw.githubusercontent.com/statsbomb/open-data/master/data/three-sixty/3753993.json,/content/drive/MyDrive/ml_project/code/data_pipeline/results/Premier_League_2015_16_DATA_ONLY_FULL_REAL/data/bronze/statsbomb/three-sixty/3753993.json,optional_missing,404,0,,3753993.0,three-sixty
https://raw.githubusercontent.com/statsbomb/open-data/master/data/lineups/3754203.json,/content/drive/MyDrive/ml_project/code/data_pipeline/results/Premier_League_2015_16_DATA_ONLY_FULL_REAL/data/bronze/statsbomb/lineups/3754203.json,downloaded,200,19141,f1035c63cc1e345dde2815f0827def5d9b9eee27e4b0d28dda0d4361bfa20705,3754203.0,lineups
https://raw.githubusercontent.com/statsbomb/open-data/master/data/events/3754034.json,/content/drive/MyDrive/ml_project/code/data_pipeline/results/Premier_League_2015_16_DATA_ONLY_FULL_REAL/data/bronze/statsbomb/events/3754034.json,downloaded,200,2812792,d2f926389ed2c624fed85ce2ecc6931b22f319d5d026f6860fa96cb5c8907ff9,3754034.0,events
https://raw.githubusercontent.com/statsbomb/open-data/master/data/lineups/3753993.json,/content/drive/MyDrive/ml_project/code/data_pipeline/results/Premier_League_2015_16_DATA_ONLY_FULL_REAL/data/bronze/statsbomb/lineups/3753993.json,downloaded,200,15948,aa409b2b6d2222bd3d5eaea59837f96cc4cf39fce74ba491bd4db4fe2f0a701b,3753993.0,lineups
https://raw.githubusercontent.com/statsbomb/open-data/master/data/three-sixty/3754203.json,/content/drive/MyDrive/ml_project/code/data_pipeline/results/Premier_League_2015_16_DATA_ONLY_FULL_REAL/data/bronze/statsbomb/three-sixty/3754203.json,optional_missing,404,0,,3754203.0,three-sixty
https://raw.githubusercontent.com/statsbomb/open-data/master/data/lineups/3754267.json,/content/drive/MyDrive/ml_project/code/data_pipeline/results/Premier_League_2015_16_DATA_ONLY_FULL_REAL/data/bronze/statsbomb/lineups/3754267.json,downloaded,200,16819,7fc6956546b128175f100b2f43c5a1d96a5bb8cf596a9d89af16b983b46a067d,3754267.0,lineups
https://raw.githubusercontent.com/statsbomb/open-data/master/data/three-sixty/3754267.json,/content/drive/MyDrive/ml_project/code/data_pipeline/results/Premier_League_2015_16_DATA_ONLY_FULL_REAL/data/bronze/statsbomb/three-sixty/3754267.json,optional_missing,404,0,,3754267.0,three-sixty
https://raw.githubusercontent.com/statsbomb/open-data/master/data/events/3753993.json,/content/drive/MyDrive/ml_project/code/data_pipeline/results/Premier_League_2015_16_DATA_ONLY_FULL_REAL/data/bronze/statsbomb/events/3753993.json,downloaded,200,3050154,54e25a172f87cd97f0916ff3576f60fd0757d30d79775d829f0ddf24a7c5bae0,3753993.0,events
https://raw.githubusercontent.com/statsbomb/open-data/master/data/lineups/3754270.json,/content/drive/MyDrive/ml_project/code/data_pipeline/results/Premier_League_2015_16_DATA_ONLY_FULL_REAL/data/bronze/statsbomb/lineups/3754270.json,downloaded,200,17008,6137594565e6520eded603177b45f887c784478903fd88d2879121631ed11013,3754270.0,lineups
https://raw.githubusercontent.com/statsbomb/open-data/master/data/events/3754203.json,/content/drive/MyDrive/ml_project/code/data_pipeline/results/Premier_League_2015_16_DATA_ONLY_FULL_REAL/data/bronze/statsbomb/events/3754203.json,downloaded,200,2709294,84b9c4e7e1511fb64e417bd3b7ab71ee328d3f670f1ccd5b571b232b303765ce,3754203.0,events
https://raw.githubusercontent.com/statsbomb/open-data/master/data/three-sixty/3754270.json,/content/drive/MyDrive/ml_project/code/data_pipeline/results/Premier_League_2015_16_DATA_ONLY_FULL_REAL/data/bronze/statsbomb/three-sixty/3754270.json,optional_missing,404,0,,3754270.0,three-sixty
https://raw.githubusercontent.com/statsbomb/open-data/master/data/lineups/3754344.json,/content/drive/MyDrive/ml_project/code/data_pipeline/results/Premier_League_2015_16_DATA_ONLY_FULL_REAL/data/bronze/statsbomb/lineups/3754344.json,downloaded,200,18321,20fb1cbd23c8ba4cfe53be3e0dbf43123b93ea9b90541397d6f77937169ac740,3754344.0,lineups
https://raw.githubusercontent.com/statsbomb/open-data/master/data/three-sixty/3754344.json,/content/drive/MyDrive/ml_project/code/data_pipeline/results/Premier_League_2015_16_DATA_ONLY_FULL_REAL/data/bronze/statsbomb/three-sixty/3754344.json,optional_missing,404,0,,3754344.0,three-sixty
https://raw.githubusercontent.com/statsbomb/open-data/master/data/events/3754267.json,/content/drive/MyDrive/ml_project/code/data_pipeline/results/Premier_League_2015_16_DATA_ONLY_FULL_REAL/data/bronze/statsbomb/events/3754267.json,downloaded,200,2826517,e716bfe3e4c247bc2e77c582ae8548a29d86e37d0b5d489b42500f088410c57c,3754267.0,events
https://raw.githubusercontent.com/statsbomb/open-data/master/data/lineups/3754312.json,/content/drive/MyDrive/ml_project/code/data_pipeline/results/Premier_League_2015_16_DATA_ONLY_FULL_REAL/data/bronze/statsbomb/lineups/3754312.json,downloaded,200,18941,90dd0be739bb81397cd9e25aa735a65c951ed47435cfa5a21b902f8d050a5d80,3754312.0,lineups
https://raw.githubusercontent.com/statsbomb/open-data/master/data/three-sixty/3754312.json,/content/drive/MyDrive/ml_project/code/data_pipeline/results/Premier_League_2015_16_DATA_ONLY_FULL_REAL/data/bronze/statsbomb/three-sixty/3754312.json,optional_missing,404,0,,3754312.0,three-sixty
https://raw.githubusercontent.com/statsbomb/open-data/master/data/events/3754344.json,/content/drive/MyDrive/ml_project/code/data_pipeline/results/Premier_League_2015_16_DATA_ONLY_FULL_REAL/data/bronze/statsbomb/events/3754344.json,downloaded,200,3157377,e6b4faa514a51fc64020b282ae9e132c18fe8c56b65b67c9fd4890cc6a928e33,3754344.0,events
https://raw.githubusercontent.com/statsbomb/open-data/master/data/events/3754270.json,/content/drive/MyDrive/ml_project/code/data_pipeline/results/Premier_League_2015_16_DATA_ONLY_FULL_REAL/data/bronze/statsbomb/events/3754270.json,downloaded,200,3118086,591615d330cec7525b5f4bc91663c875518ef4bf4b286a34bdade76c0ac0fcf1,3754270.0,events
https://raw.githubusercontent.com/statsbomb/open-data/master/data/lineups/3754066.json,/content/drive/MyDrive/ml_project/code/data_pipeline/results/Premier_League_2015_16_DATA_ONLY_FULL_REAL/data/bronze/statsbomb/lineups/3754066.json,downloaded,200,18331,41bf3d1cc788bbd79c397a8714a24f441e399a1d6a00bd3b19c72ad605679656,3754066.0,lineups
https://raw.githubusercontent.com/statsbomb/open-data/master/data/three-sixty/3754066.json,/content/drive/MyDrive/ml_project/code/data_pipeline/results/Premier_League_2015_16_DATA_ONLY_FULL_REAL/data/bronze/statsbomb/three-sixty/3754066.json,optional_missing,404,0,,3754066.0,three-sixty
https://raw.githubusercontent.com/statsbomb/open-data/master/data/three-sixty/3754020.json,/content/drive/MyDrive/ml_project/code/data_pipeline/results/Premier_League_2015_16_DATA_ONLY_FULL_REAL/data/bronze/statsbomb/three-sixty/3754020.json,optional_missing,404,0,,3754020.0,three-sixty
https://raw.githubusercontent.com/statsbomb/open-data/master/data/events/3754066.json,/content/drive/MyDrive/ml_project/code/data_pipeline/results/Premier_League_2015_16_DATA_ONLY_FULL_REAL/data/bronze/statsbomb/events/3754066.json,downloaded,200,2935781,673697f55368ec78dc50cb1218d294057e4686049d723a85ba33d63feb2c1b27,3754066.0,events
https://raw.githubusercontent.com/statsbomb/open-data/master/data/lineups/3754020.json,/content/drive/MyDrive/ml_project/code/data_pipeline/results/Premier_League_2015_16_DATA_ONLY_FULL_REAL/data/bronze/statsbomb/lineups/3754020.json,downloaded,200,16756,55445d6011ff695349586166031d89989f50fa9da424c35b6ef848ea6b7b8072,3754020.0,lineups
https://raw.githubusercontent.com/statsbomb/open-data/master/data/events/3754312.json,/content/drive/MyDrive/ml_project/code/data_pipeline/results/Premier_League_2015_16_DATA_ONLY_FULL_REAL/data/bronze/statsbomb/events/3754312.json,downloaded,200,3237316,cf8f266a411239d26f20a264ab149493f366cf837095c841e906eb792903a3c0,3754312.0,events
https://raw.githubusercontent.com/statsbomb/open-data/master/data/three-sixty/3754254.json,/content/drive/MyDrive/ml_project/code/data_pipeline/results/Premier_League_2015_16_DATA_ONLY_FULL_REAL/data/bronze/statsbomb/three-sixty/3754254.json,optional_missing,404,0,,3754254.0,three-sixty
https://raw.githubusercontent.com/statsbomb/open-data/master/data/lineups/3753987.json,/content/drive/MyDrive/ml_project/code/data_pipeline/results/Premier_League_2015_16_DATA_ONLY_FULL_REAL/data/bronze/statsbomb/lineups/3753987.json,downloaded,200,16139,07ebc8420c7d1a703b92938068ba379551789a6d01447765fc85fa7fcebf5a15,3753987.0,lineups
https://raw.githubusercontent.com/statsbomb/open-data/master/data/three-sixty/3753987.json,/content/drive/MyDrive/ml_project/code/data_pipeline/results/Premier_League_2015_16_DATA_ONLY_FULL_REAL/data/bronze/statsbomb/three-sixty/3753987.json,optional_missing,404,0,,3753987.0,three-sixty
https://raw.githubusercontent.com/statsbomb/open-data/master/data/lineups/3754254.json,/content/drive/MyDrive/ml_project/code/data_pipeline/results/Premier_League_2015_16_DATA_ONLY_FULL_REAL/data/bronze/statsbomb/lineups/3754254.json,downloaded,200,17988,911ce1a292bf2dac9d1a6d84fefd5d4789fb499215347a0195812f97b23f912e,3754254.0,lineups
https://raw.githubusercontent.com/statsbomb/open-data/master/data/events/3754020.json,/content/drive/MyDrive/ml_project/code/data_pipeline/results/Premier_League_2015_16_DATA_ONLY_FULL_REAL/data/bronze/statsbomb/events/3754020.json,downloaded,200,3001143,0d45cd9de37898349861ba26dd953c82e8dcee16bc000a116ea0634ace83c032,3754020.0,events
https://raw.githubusercontent.com/statsbomb/open-data/master/data/three-sixty/3754104.json,/content/drive/MyDrive/ml_project/code/data_pipeline/results/Premier_League_2015_16_DATA_ONLY_FULL_REAL/data/bronze/statsbomb/three-sixty/3754104.json,optional_missing,404,0,,3754104.0,three-sixty
https://raw.githubusercontent.com/statsbomb/open-data/master/data/events/3753987.json,/content/drive/MyDrive/ml_project/code/data_pipeline/results/Premier_League_2015_16_DATA_ONLY_FULL_REAL/data/bronze/statsbomb/events/3753987.json,downloaded,200,2742913,11aec723d5f5eeadfde962b3ee8cd1a54e7d16399df32a87f383591101783bb9,3753987.0,events
https://raw.githubusercontent.com/statsbomb/open-data/master/data/lineups/3754104.json,/content/drive/MyDrive/ml_project/code/data_pipeline/results/Premier_League_2015_16_DATA_ONLY_FULL_REAL/data/bronze/statsbomb/lineups/3754104.json,downloaded,200,17192,370ca5e1a80fe28ee12f997833e3c3ea7cd248ebfd678257d24bc1fbe08b8eb7,3754104.0,lineups
https://raw.githubusercontent.com/statsbomb/open-data/master/data/events/3754104.json,/content/drive/MyDrive/ml_project/code/data_pipeline/results/Premier_League_2015_16_DATA_ONLY_FULL_REAL/data/bronze/statsbomb/events/3754104.json,downloaded,200,2777489,c67f508c4b0209320697bc30beb18d3ce13bb428fa7303c5d9c3b1ab3e759802,3754104.0,events
https://raw.githubusercontent.com/statsbomb/open-data/master/data/three-sixty/3754131.json,/content/drive/MyDrive/ml_project/code/data_pipeline/results/Premier_League_2015_16_DATA_ONLY_FULL_REAL/data/bronze/statsbomb/three-sixty/3754131.json,optional_missing,404,0,,3754131.0,three-sixty
https://raw.githubusercontent.com/statsbomb/open-data/master/data/lineups/3754131.json,/content/drive/MyDrive/ml_project/code/data_pipeline/results/Premier_League_2015_16_DATA_ONLY_FULL_REAL/data/bronze/statsbomb/lineups/3754131.json,downloaded,200,19508,ae930b0e2f87ac9a8db00048569a84777ebf14112c3280ec5b57d743ebe16435,3754131.0,lineups
https://raw.githubusercontent.com/statsbomb/open-data/master/data/events/3754254.json,/content/drive/MyDrive/ml_project/code/data_pipeline/results/Premier_League_2015_16_DATA_ONLY_FULL_REAL/data/bronze/statsbomb/events/3754254.json,downloaded,200,3211170,fd689c7dbd3be4e66c5e5041b76fe7dcdeac18d84f1990c1f62b1a9916f79d54,3754254.0,events
https://raw.githubusercontent.com/statsbomb/open-data/master/data/events/3754131.json,/content/drive/MyDrive/ml_project/code/data_pipeline/results/Premier_League_2015_16_DATA_ONLY_FULL_REAL/data/bronze/statsbomb/events/3754131.json,downloaded,200,2778801,dda4815918aab9328a8a6eae50259787b6b2c740a8525ee601715f2f43369ddd,3754131.0,events
https://raw.githubusercontent.com/statsbomb/open-data/master/data/lineups/3754180.json,/content/drive/MyDrive/ml_project/code/data_pipeline/results/Premier_League_2015_16_DATA_ONLY_FULL_REAL/data/bronze/statsbomb/lineups/3754180.json,downloaded,200,16311,eb9e677796a5257c5d4922103da4ab22b4797ff724820f0a43fd18214648c365,3754180.0,lineups
https://raw.githubusercontent.com/statsbomb/open-data/master/data/three-sixty/3754180.json,/content/drive/MyDrive/ml_project/code/data_pipeline/results/Premier_League_2015_16_DATA_ONLY_FULL_REAL/data/bronze/statsbomb/three-sixty/3754180.json,optional_missing,404,0,,3754180.0,three-sixty
https://raw.githubusercontent.com/statsbomb/open-data/master/data/three-sixty/3754190.json,/content/drive/MyDrive/ml_project/code/data_pipeline/results/Premier_League_2015_16_DATA_ONLY_FULL_REAL/data/bronze/statsbomb/three-sixty/3754190.json,optional_missing,404,0,,3754190.0,three-sixty
https://raw.githubusercontent.com/statsbomb/open-data/master/data/lineups/3754190.json,/content/drive/MyDrive/ml_project/code/data_pipeline/results/Premier_League_2015_16_DATA_ONLY_FULL_REAL/data/bronze/statsbomb/lineups/3754190.json,downloaded,200,15805,d8fdcc5fe2a2ee16269c498b7655b177abb58df9451fa8dcbe9acac776e1a6ce,3754190.0,lineups
https://raw.githubusercontent.com/statsbomb/open-data/master/data/three-sixty/3754059.json,/content/drive/MyDrive/ml_project/code/data_pipeline/results/Premier_League_2015_16_DATA_ONLY_FULL_REAL/data/bronze/statsbomb/three-sixty/3754059.json,optional_missing,404,0,,3754059.0,three-sixty
https://raw.githubusercontent.com/statsbomb/open-data/master/data/lineups/3754059.json,/content/drive/MyDrive/ml_project/code/data_pipeline/results/Premier_League_2015_16_DATA_ONLY_FULL_REAL/data/bronze/statsbomb/lineups/3754059.json,downloaded,200,17256,1cc7efbd877e3b053089877f486d233294f64e1b17fd261ea61b5014cb6eb7f2,3754059.0,lineups
https://raw.githubusercontent.com/statsbomb/open-data/master/data/events/3754180.json,/content/drive/MyDrive/ml_project/code/data_pipeline/results/Premier_League_2015_16_DATA_ONLY_FULL_REAL/data/bronze/statsbomb/events/3754180.json,downloaded,200,2925033,483da6adec4a4071c9fdeaeacfa3e0cb151da79c0ad911e26885d84f2110a298,3754180.0,events
https://raw.githubusercontent.com/statsbomb/open-data/master/data/events/3754190.json,/content/drive/MyDrive/ml_project/code/data_pipeline/results/Premier_League_2015_16_DATA_ONLY_FULL_REAL/data/bronze/statsbomb/events/3754190.json,downloaded,200,2554907,10b02d4014364549dd4f7e372ea0ffaa35664844485099ad12b2f2c69857fa2b,3754190.0,events
https://raw.githubusercontent.com/statsbomb/open-data/master/data/three-sixty/3754189.json,/content/drive/MyDrive/ml_project/code/data_pipeline/results/Premier_League_2015_16_DATA_ONLY_FULL_REAL/data/bronze/statsbomb/three-sixty/3754189.json,optional_missing,404,0,,3754189.0,three-sixty
https://raw.githubusercontent.com/statsbomb/open-data/master/data/three-sixty/3754233.json,/content/drive/MyDrive/ml_project/code/data_pipeline/results/Premier_League_2015_16_DATA_ONLY_FULL_REAL/data/bronze/statsbomb/three-sixty/3754233.json,optional_missing,404,0,,3754233.0,three-sixty
https://raw.githubusercontent.com/statsbomb/open-data/master/data/lineups/3754189.json,/content/drive/MyDrive/ml_project/code/data_pipeline/results/Premier_League_2015_16_DATA_ONLY_FULL_REAL/data/bronze/statsbomb/lineups/3754189.json,downloaded,200,16490,73064de56eb42868e4e3b7b57650e2978dd5309fd6f79ba13f4efd1777ec6d6e,3754189.0,lineups
https://raw.githubusercontent.com/statsbomb/open-data/master/data/lineups/3754233.json,/content/drive/MyDrive/ml_project/code/data_pipeline/results/Premier_League_2015_16_DATA_ONLY_FULL_REAL/data/bronze/statsbomb/lineups/3754233.json,downloaded,200,16404,fc5ef9680611d7253ba6513ec3e9631ecc9e3ebbef6faeae5fa34ada9f538a56,3754233.0,lineups
https://raw.githubusercontent.com/statsbomb/open-data/master/data/events/3754059.json,/content/drive/MyDrive/ml_project/code/data_pipeline/results/Premier_League_2015_16_DATA_ONLY_FULL_REAL/data/bronze/statsbomb/events/3754059.json,downloaded,200,2785224,fd664734a0c595a73a8429096326563f4c1b1811a13e3b9b0cc12438e807cd3b,3754059.0,events
https://raw.githubusercontent.com/statsbomb/open-data/master/data/events/3754189.json,/content/drive/MyDrive/ml_project/code/data_pipeline/results/Premier_League_2015_16_DATA_ONLY_FULL_REAL/data/bronze/statsbomb/events/3754189.json,downloaded,200,2853975,dfb65c122c57447432748d57d08d890affbaeaa71748f86983a158ad369d5490,3754189.0,events
https://raw.githubusercontent.com/statsbomb/open-data/master/data/events/3754233.json,/content/drive/MyDrive/ml_project/code/data_pipeline/results/Premier_League_2015_16_DATA_ONLY_FULL_REAL/data/bronze/statsbomb/events/3754233.json,downloaded,200,2997833,681992b84582208a627ef78fdd8a46aa9a02e4a1471fb88da1541b4323644850,3754233.0,events
https://raw.githubusercontent.com/statsbomb/open-data/master/data/three-sixty/3754129.json,/content/drive/MyDrive/ml_project/code/data_pipeline/results/Premier_League_2015_16_DATA_ONLY_FULL_REAL/data/bronze/statsbomb/three-sixty/3754129.json,optional_missing,404,0,,3754129.0,three-sixty
https://raw.githubusercontent.com/statsbomb/open-data/master/data/lineups/3754129.json,/content/drive/MyDrive/ml_project/code/data_pipeline/results/Premier_League_2015_16_DATA_ONLY_FULL_REAL/data/bronze/statsbomb/lineups/3754129.json,downloaded,200,16854,900cca349826f2a86053dceb59dd584561697b33acf9fc5ba532b14a4b44af7e,3754129.0,lineups
https://raw.githubusercontent.com/statsbomb/open-data/master/data/three-sixty/3754205.json,/content/drive/MyDrive/ml_project/code/data_pipeline/results/Premier_League_2015_16_DATA_ONLY_FULL_REAL/data/bronze/statsbomb/three-sixty/3754205.json,optional_missing,404,0,,3754205.0,three-sixty
https://raw.githubusercontent.com/statsbomb/open-data/master/data/lineups/3753984.json,/content/drive/MyDrive/ml_project/code/data_pipeline/results/Premier_League_2015_16_DATA_ONLY_FULL_REAL/data/bronze/statsbomb/lineups/3753984.json,downloaded,200,19479,806db9150dfc5156c86dbe37cd3d8a4e2f04471e87ef3711c24a8e3db1031ff2,3753984.0,lineups
https://raw.githubusercontent.com/statsbomb/open-data/master/data/lineups/3754205.json,/content/drive/MyDrive/ml_project/code/data_pipeline/results/Premier_League_2015_16_DATA_ONLY_FULL_REAL/data/bronze/statsbomb/lineups/3754205.json,downloaded,200,16486,9de96fe5b96ff5fe0eca5d96bf777395c6d45bdb24baa4d5109135e42d7f933c,3754205.0,lineups
https://raw.githubusercontent.com/statsbomb/open-data/master/data/three-sixty/3753984.json,/content/drive/MyDrive/ml_project/code/data_pipeline/results/Premier_League_2015_16_DATA_ONLY_FULL_REAL/data/bronze/statsbomb/three-sixty/3753984.json,optional_missing,404,0,,3753984.0,three-sixty
https://raw.githubusercontent.com/statsbomb/open-data/master/data/three-sixty/3754007.json,/content/drive/MyDrive/ml_project/code/data_pipeline/results/Premier_League_2015_16_DATA_ONLY_FULL_REAL/data/bronze/statsbomb/three-sixty/3754007.json,optional_missing,404,0,,3754007.0,three-sixty
https://raw.githubusercontent.com/statsbomb/open-data/master/data/lineups/3754007.json,/content/drive/MyDrive/ml_project/code/data_pipeline/results/Premier_League_2015_16_DATA_ONLY_FULL_REAL/data/bronze/statsbomb/lineups/3754007.json,downloaded,200,20048,24582f61218370eae38801935b62b62a7c97a2d18ebdb0547e357dc78b66bf9f,3754007.0,lineups
https://raw.githubusercontent.com/statsbomb/open-data/master/data/events/3754205.json,/content/drive/MyDrive/ml_project/code/data_pipeline/results/Premier_League_2015_16_DATA_ONLY_FULL_REAL/data/bronze/statsbomb/events/3754205.json,downloaded,200,3362380,dd000dfefb9e6cde7e24d93532ec1888e44213197062a52a5800bf7e01b467b5,3754205.0,events
https://raw.githubusercontent.com/statsbomb/open-data/master/data/three-sixty/3754023.json,/content/drive/MyDrive/ml_project/code/data_pipeline/results/Premier_League_2015_16_DATA_ONLY_FULL_REAL/data/bronze/statsbomb/three-sixty/3754023.json,optional_missing,404,0,,3754023.0,three-sixty
https://raw.githubusercontent.com/statsbomb/open-data/master/data/events/3754129.json,/content/drive/MyDrive/ml_project/code/data_pipeline/results/Premier_League_2015_16_DATA_ONLY_FULL_REAL/data/bronze/statsbomb/events/3754129.json,downloaded,200,3508554,70f504cb19bfeb5f6d4d7f7111c5fd45884ec4294f547b870671718de952305b,3754129.0,events
https://raw.githubusercontent.com/statsbomb/open-data/master/data/events/3753984.json,/content/drive/MyDrive/ml_project/code/data_pipeline/results/Premier_League_2015_16_DATA_ONLY_FULL_REAL/data/bronze/statsbomb/events/3753984.json,downloaded,200,2915306,7f4b0ab9cdc31ff65ab911e96c2feddb8c2481a9c97c22a0fa60637c1b313aed,3753984.0,events
https://raw.githubusercontent.com/statsbomb/open-data/master/data/lineups/3754023.json,/content/drive/MyDrive/ml_project/code/data_pipeline/results/Premier_League_2015_16_DATA_ONLY_FULL_REAL/data/bronze/statsbomb/lineups/3754023.json,downloaded,200,16921,76dbbdcf304e6a39881de728074826846a39130c577eb2b63714b0ce4e14274a,3754023.0,lineups
https://raw.githubusercontent.com/statsbomb/open-data/master/data/events/3754007.json,/content/drive/MyDrive/ml_project/code/data_pipeline/results/Premier_League_2015_16_DATA_ONLY_FULL_REAL/data/bronze/statsbomb/events/3754007.json,downloaded,200,2967194,e6ce19ffc0df5beaf16d45417e36478119a41e2062d3a8c41a78f17e1b7f360e,3754007.0,events
https://raw.githubusercontent.com/statsbomb/open-data/master/data/three-sixty/3754083.json,/content/drive/MyDrive/ml_project/code/data_pipeline/results/Premier_League_2015_16_DATA_ONLY_FULL_REAL/data/bronze/statsbomb/three-sixty/3754083.json,optional_missing,404,0,,3754083.0,three-sixty
https://raw.githubusercontent.com/statsbomb/open-data/master/data/lineups/3754083.json,/content/drive/MyDrive/ml_project/code/data_pipeline/results/Premier_League_2015_16_DATA_ONLY_FULL_REAL/data/bronze/statsbomb/lineups/3754083.json,downloaded,200,19190,266b2bcb251b35304e6539c5d5e816dd3e6b5146a793bd38e68a81f7e047e41a,3754083.0,lineups
https://raw.githubusercontent.com/statsbomb/open-data/master/data/lineups/3754204.json,/content/drive/MyDrive/ml_project/code/data_pipeline/results/Premier_League_2015_16_DATA_ONLY_FULL_REAL/data/bronze/statsbomb/lineups/3754204.json,downloaded,200,15324,54106af1508dcb50c2bfa9af7e6ccd2b466a9dd419cc1577b4a8713a8d24f6da,3754204.0,lineups
https://raw.githubusercontent.com/statsbomb/open-data/master/data/three-sixty/3754204.json,/content/drive/MyDrive/ml_project/code/data_pipeline/results/Premier_League_2015_16_DATA_ONLY_FULL_REAL/data/bronze/statsbomb/three-sixty/3754204.json,optional_missing,404,0,,3754204.0,three-sixty
https://raw.githubusercontent.com/statsbomb/open-data/master/data/events/3754023.json,/content/drive/MyDrive/ml_project/code/data_pipeline/results/Premier_League_2015_16_DATA_ONLY_FULL_REAL/data/bronze/statsbomb/events/3754023.json,downloaded,200,2658788,e336062b37e96ea83167fbaa9945c9b8faf6fc7eed2440942d4bc143626bf164,3754023.0,events
https://raw.githubusercontent.com/statsbomb/open-data/master/data/lineups/3754246.json,/content/drive/MyDrive/ml_project/code/data_pipeline/results/Premier_League_2015_16_DATA_ONLY_FULL_REAL/data/bronze/statsbomb/lineups/3754246.json,downloaded,200,16189,ef2f445dbd08ac6dae7808ffade3f28b3f40f5a7c39558013e706888688c29d9,3754246.0,lineups
https://raw.githubusercontent.com/statsbomb/open-data/master/data/events/3754083.json,/content/drive/MyDrive/ml_project/code/data_pipeline/results/Premier_League_2015_16_DATA_ONLY_FULL_REAL/data/bronze/statsbomb/events/3754083.json,downloaded,200,3048125,5b9d2633eceb7f10b6e088f67ee05d788a9e385ea86c58bea3400814b46d69ea,3754083.0,events
https://raw.githubusercontent.com/statsbomb/open-data/master/data/three-sixty/3754246.json,/content/drive/MyDrive/ml_project/code/data_pipeline/results/Premier_League_2015_16_DATA_ONLY_FULL_REAL/data/bronze/statsbomb/three-sixty/3754246.json,optional_missing,404,0,,3754246.0,three-sixty
https://raw.githubusercontent.com/statsbomb/open-data/master/data/lineups/3754268.json,/content/drive/MyDrive/ml_project/code/data_pipeline/results/Premier_League_2015_16_DATA_ONLY_FULL_REAL/data/bronze/statsbomb/lineups/3754268.json,downloaded,200,16112,e08e6e81e6879fd4a40690e0e71a09be94f8f5377af6f5027978168a74c9b662,3754268.0,lineups
https://raw.githubusercontent.com/statsbomb/open-data/master/data/three-sixty/3754268.json,/content/drive/MyDrive/ml_project/code/data_pipeline/results/Premier_League_2015_16_DATA_ONLY_FULL_REAL/data/bronze/statsbomb/three-sixty/3754268.json,optional_missing,404,0,,3754268.0,three-sixty
https://raw.githubusercontent.com/statsbomb/open-data/master/data/lineups/3754337.json,/content/drive/MyDrive/ml_project/code/data_pipeline/results/Premier_League_2015_16_DATA_ONLY_FULL_REAL/data/bronze/statsbomb/lineups/3754337.json,downloaded,200,17868,4b8dac2262c838d1a9e2c89705170a8000dd15539f9d4d01f8be1eded68dbec1,3754337.0,lineups
https://raw.githubusercontent.com/statsbomb/open-data/master/data/events/3754204.json,/content/drive/MyDrive/ml_project/code/data_pipeline/results/Premier_League_2015_16_DATA_ONLY_FULL_REAL/data/bronze/statsbomb/events/3754204.json,downloaded,200,2836619,4a66b1385b8fef46a857930d054838f603f6e6fdf2424a6b23b7508af15f681f,3754204.0,events
https://raw.githubusercontent.com/statsbomb/open-data/master/data/three-sixty/3754337.json,/content/drive/MyDrive/ml_project/code/data_pipeline/results/Premier_League_2015_16_DATA_ONLY_FULL_REAL/data/bronze/statsbomb/three-sixty/3754337.json,optional_missing,404,0,,3754337.0,three-sixty
https://raw.githubusercontent.com/statsbomb/open-data/master/data/events/3754268.json,/content/drive/MyDrive/ml_project/code/data_pipeline/results/Premier_League_2015_16_DATA_ONLY_FULL_REAL/data/bronze/statsbomb/events/3754268.json,downloaded,200,2859775,9ef5f8bbf965a5d382ed6f3df4a9de5cefbf772b83ec5fa9ecbdac9d9a792bb9,3754268.0,events
https://raw.githubusercontent.com/statsbomb/open-data/master/data/three-sixty/3754221.json,/content/drive/MyDrive/ml_project/code/data_pipeline/results/Premier_League_2015_16_DATA_ONLY_FULL_REAL/data/bronze/statsbomb/three-sixty/3754221.json,optional_missing,404,0,,3754221.0,three-sixty
https://raw.githubusercontent.com/statsbomb/open-data/master/data/lineups/3754221.json,/content/drive/MyDrive/ml_project/code/data_pipeline/results/Premier_League_2015_16_DATA_ONLY_FULL_REAL/data/bronze/statsbomb/lineups/3754221.json,downloaded,200,17743,f0a6709dc889778fc41640b6ad0e5530361577ea6fc21b2749e4f9c8755530f5,3754221.0,lineups
https://raw.githubusercontent.com/statsbomb/open-data/master/data/events/3754246.json,/content/drive/MyDrive/ml_project/code/data_pipeline/results/Premier_League_2015_16_DATA_ONLY_FULL_REAL/data/bronze/statsbomb/events/3754246.json,downloaded,200,3421298,881c1ab1603b328ad83e1deb47273263c7b72c1cb6a90f1ce15c68de58ca2dc3,3754246.0,events
https://raw.githubusercontent.com/statsbomb/open-data/master/data/three-sixty/3754336.json,/content/drive/MyDrive/ml_project/code/data_pipeline/results/Premier_League_2015_16_DATA_ONLY_FULL_REAL/data/bronze/statsbomb/three-sixty/3754336.json,optional_missing,404,0,,3754336.0,three-sixty
https://raw.githubusercontent.com/statsbomb/open-data/master/data/events/3754337.json,/content/drive/MyDrive/ml_project/code/data_pipeline/results/Premier_League_2015_16_DATA_ONLY_FULL_REAL/data/bronze/statsbomb/events/3754337.json,downloaded,200,2950018,a06a27b76639b1f974f6b3e58ab7562ce556421c344a5768bbae8141af8dbb78,3754337.0,events
https://raw.githubusercontent.com/statsbomb/open-data/master/data/lineups/3754336.json,/content/drive/MyDrive/ml_project/code/data_pipeline/results/Premier_League_2015_16_DATA_ONLY_FULL_REAL/data/bronze/statsbomb/lineups/3754336.json,downloaded,200,19241,879d5dc1e36edd908b3394c2ca62227aa64a96eea93d572d9a4cfe09b79b8c8b,3754336.0,lineups
https://raw.githubusercontent.com/statsbomb/open-data/master/data/events/3754221.json,/content/drive/MyDrive/ml_project/code/data_pipeline/results/Premier_League_2015_16_DATA_ONLY_FULL_REAL/data/bronze/statsbomb/events/3754221.json,downloaded,200,3197799,a821a518f3d059066c5872c04bfb1c3b990db1d3c5ae299dd4f2851813f28741,3754221.0,events
https://raw.githubusercontent.com/statsbomb/open-data/master/data/lineups/3754213.json,/content/drive/MyDrive/ml_project/code/data_pipeline/results/Premier_League_2015_16_DATA_ONLY_FULL_REAL/data/bronze/statsbomb/lineups/3754213.json,downloaded,200,17618,e2e69e2feae4bd25a038269532db14576481405f0570df95c147d50c71642322,3754213.0,lineups
https://raw.githubusercontent.com/statsbomb/open-data/master/data/three-sixty/3754213.json,/content/drive/MyDrive/ml_project/code/data_pipeline/results/Premier_League_2015_16_DATA_ONLY_FULL_REAL/data/bronze/statsbomb/three-sixty/3754213.json,optional_missing,404,0,,3754213.0,three-sixty
https://raw.githubusercontent.com/statsbomb/open-data/master/data/events/3754336.json,/content/drive/MyDrive/ml_project/code/data_pipeline/results/Premier_League_2015_16_DATA_ONLY_FULL_REAL/data/bronze/statsbomb/events/3754336.json,downloaded,200,3021693,fc8d541631505b0ab1a8904f12001f7e29130116b7cac034632fd3952e2c78ea,3754336.0,events
https://raw.githubusercontent.com/statsbomb/open-data/master/data/events/3754213.json,/content/drive/MyDrive/ml_project/code/data_pipeline/results/Premier_League_2015_16_DATA_ONLY_FULL_REAL/data/bronze/statsbomb/events/3754213.json,downloaded,200,2821936,f9f62934f586cba313626d783f108912a6ddc386790206d4ffe620cf2443d079,3754213.0,events
https://raw.githubusercontent.com/statsbomb/open-data/master/data/three-sixty/3754240.json,/content/drive/MyDrive/ml_project/code/data_pipeline/results/Premier_League_2015_16_DATA_ONLY_FULL_REAL/data/bronze/statsbomb/three-sixty/3754240.json,optional_missing,404,0,,3754240.0,three-sixty
https://raw.githubusercontent.com/statsbomb/open-data/master/data/lineups/3754240.json,/content/drive/MyDrive/ml_project/code/data_pipeline/results/Premier_League_2015_16_DATA_ONLY_FULL_REAL/data/bronze/statsbomb/lineups/3754240.json,downloaded,200,19177,1d417c30a8ca134dcb7863d3903d5e57e934c3647e97196a1559cfef18276194,3754240.0,lineups
https://raw.githubusercontent.com/statsbomb/open-data/master/data/lineups/3754257.json,/content/drive/MyDrive/ml_project/code/data_pipeline/results/Premier_League_2015_16_DATA_ONLY_FULL_REAL/data/bronze/statsbomb/lineups/3754257.json,downloaded,200,19123,36cbfe4b4b3bc36eacf087b5750b633dc69dc34ac5db4b4f496d588f8c06c1e0,3754257.0,lineups
https://raw.githubusercontent.com/statsbomb/open-data/master/data/three-sixty/3754257.json,/content/drive/MyDrive/ml_project/code/data_pipeline/results/Premier_League_2015_16_DATA_ONLY_FULL_REAL/data/bronze/statsbomb/three-sixty/3754257.json,optional_missing,404,0,,3754257.0,three-sixty
https://raw.githubusercontent.com/statsbomb/open-data/master/data/three-sixty/3754315.json,/content/drive/MyDrive/ml_project/code/data_pipeline/results/Premier_League_2015_16_DATA_ONLY_FULL_REAL/data/bronze/statsbomb/three-sixty/3754315.json,optional_missing,404,0,,3754315.0,three-sixty
https://raw.githubusercontent.com/statsbomb/open-data/master/data/lineups/3754315.json,/content/drive/MyDrive/ml_project/code/data_pipeline/results/Premier_League_2015_16_DATA_ONLY_FULL_REAL/data/bronze/statsbomb/lineups/3754315.json,downloaded,200,16163,a23907c2c777e3e230ef1edf581464f23836e76ecce30195ca74d6c477aa61d9,3754315.0,lineups
https://raw.githubusercontent.com/statsbomb/open-data/master/data/events/3754257.json,/content/drive/MyDrive/ml_project/code/data_pipeline/results/Premier_League_2015_16_DATA_ONLY_FULL_REAL/data/bronze/statsbomb/events/3754257.json,downloaded,200,2829962,f7c0b647e62e311f4628ce1afdf2b054c7ba096d18a89ec652f648c2a4344f67,3754257.0,events
https://raw.githubusercontent.com/statsbomb/open-data/master/data/three-sixty/3754325.json,/content/drive/MyDrive/ml_project/code/data_pipeline/results/Premier_League_2015_16_DATA_ONLY_FULL_REAL/data/bronze/statsbomb/three-sixty/3754325.json,optional_missing,404,0,,3754325.0,three-sixty
https://raw.githubusercontent.com/statsbomb/open-data/master/data/lineups/3754325.json,/content/drive/MyDrive/ml_project/code/data_pipeline/results/Premier_League_2015_16_DATA_ONLY_FULL_REAL/data/bronze/statsbomb/lineups/3754325.json,downloaded,200,16536,33a0fe8038e0060e4903d70368c4883dccd44e2b57722fbfe95b44d1cfd668f3,3754325.0,lineups
https://raw.githubusercontent.com/statsbomb/open-data/master/data/three-sixty/3754003.json,/content/drive/MyDrive/ml_project/code/data_pipeline/results/Premier_League_2015_16_DATA_ONLY_FULL_REAL/data/bronze/statsbomb/three-sixty/3754003.json,optional_missing,404,0,,3754003.0,three-sixty
https://raw.githubusercontent.com/statsbomb/open-data/master/data/lineups/3754003.json,/content/drive/MyDrive/ml_project/code/data_pipeline/results/Premier_League_2015_16_DATA_ONLY_FULL_REAL/data/bronze/statsbomb/lineups/3754003.json,downloaded,200,16151,7cba9fefd20b1150e13ac65daba7a27535145f819131fb50a4620011b4170288,3754003.0,lineups
https://raw.githubusercontent.com/statsbomb/open-data/master/data/lineups/3754148.json,/content/drive/MyDrive/ml_project/code/data_pipeline/results/Premier_League_2015_16_DATA_ONLY_FULL_REAL/data/bronze/statsbomb/lineups/3754148.json,downloaded,200,16868,653e916c78cc5434f685d5ed3299030f95d2719586bb5193538ad636bb7ba3fe,3754148.0,lineups
https://raw.githubusercontent.com/statsbomb/open-data/master/data/events/3754240.json,/content/drive/MyDrive/ml_project/code/data_pipeline/results/Premier_League_2015_16_DATA_ONLY_FULL_REAL/data/bronze/statsbomb/events/3754240.json,downloaded,200,3019428,2d5b4e4996b94706f550a13e3a76531ce3b431a295a25ad052238df0d61a775c,3754240.0,events
https://raw.githubusercontent.com/statsbomb/open-data/master/data/events/3754003.json,/content/drive/MyDrive/ml_project/code/data_pipeline/results/Premier_League_2015_16_DATA_ONLY_FULL_REAL/data/bronze/statsbomb/events/3754003.json,downloaded,200,3129017,7f824376f3d4dffaea0f9909155a7f07ed6e758e40f7521830eb5e49b4ff956f,3754003.0,events
https://raw.githubusercontent.com/statsbomb/open-data/master/data/three-sixty/3754148.json,/content/drive/MyDrive/ml_project/code/data_pipeline/results/Premier_League_2015_16_DATA_ONLY_FULL_REAL/data/bronze/statsbomb/three-sixty/3754148.json,optional_missing,404,0,,3754148.0,three-sixty
https://raw.githubusercontent.com/statsbomb/open-data/master/data/events/3754315.json,/content/drive/MyDrive/ml_project/code/data_pipeline/results/Premier_League_2015_16_DATA_ONLY_FULL_REAL/data/bronze/statsbomb/events/3754315.json,downloaded,200,2873378,0b502454c891129f9794d32dc7d14da90d8b03bad96746ec1a65edaaa61f4fcf,3754315.0,events
https://raw.githubusercontent.com/statsbomb/open-data/master/data/lineups/3754106.json,/content/drive/MyDrive/ml_project/code/data_pipeline/results/Premier_League_2015_16_DATA_ONLY_FULL_REAL/data/bronze/statsbomb/lineups/3754106.json,downloaded,200,17422,402f70ac79c527633b8763def341362c49aa7de25559e9b4846f8deef6de9c34,3754106.0,lineups
https://raw.githubusercontent.com/statsbomb/open-data/master/data/events/3754325.json,/content/drive/MyDrive/ml_project/code/data_pipeline/results/Premier_League_2015_16_DATA_ONLY_FULL_REAL/data/bronze/statsbomb/events/3754325.json,downloaded,200,3085933,7a7ce9be0f96c9992a7388d540ebe649eba9654ddfc4742e420b244369c31fe7,3754325.0,events
https://raw.githubusercontent.com/statsbomb/open-data/master/data/three-sixty/3754106.json,/content/drive/MyDrive/ml_project/code/data_pipeline/results/Premier_League_2015_16_DATA_ONLY_FULL_REAL/data/bronze/statsbomb/three-sixty/3754106.json,optional_missing,404,0,,3754106.0,three-sixty
https://raw.githubusercontent.com/statsbomb/open-data/master/data/lineups/3754329.json,/content/drive/MyDrive/ml_project/code/data_pipeline/results/Premier_League_2015_16_DATA_ONLY_FULL_REAL/data/bronze/statsbomb/lineups/3754329.json,downloaded,200,18119,68cfd45ac53c1bc19a5b67219e679cee1935f2a4f37b9e29e840a1d6bc9b1ddd,3754329.0,lineups
https://raw.githubusercontent.com/statsbomb/open-data/master/data/three-sixty/3754329.json,/content/drive/MyDrive/ml_project/code/data_pipeline/results/Premier_League_2015_16_DATA_ONLY_FULL_REAL/data/bronze/statsbomb/three-sixty/3754329.json,optional_missing,404,0,,3754329.0,three-sixty
https://raw.githubusercontent.com/statsbomb/open-data/master/data/lineups/3754217.json,/content/drive/MyDrive/ml_project/code/data_pipeline/results/Premier_League_2015_16_DATA_ONLY_FULL_REAL/data/bronze/statsbomb/lineups/3754217.json,downloaded,200,20023,f8e1da1befe392def2e2c3dbaf1b82e9ffea58c4701b4c2910de7ac28c3cfb73,3754217.0,lineups
https://raw.githubusercontent.com/statsbomb/open-data/master/data/events/3754148.json,/content/drive/MyDrive/ml_project/code/data_pipeline/results/Premier_League_2015_16_DATA_ONLY_FULL_REAL/data/bronze/statsbomb/events/3754148.json,downloaded,200,2582511,744b2ccfcc1200e89b06adc2da044492b40d6c877f5f83b24bd0ddd0041261ad,3754148.0,events
https://raw.githubusercontent.com/statsbomb/open-data/master/data/three-sixty/3754217.json,/content/drive/MyDrive/ml_project/code/data_pipeline/results/Premier_League_2015_16_DATA_ONLY_FULL_REAL/data/bronze/statsbomb/three-sixty/3754217.json,optional_missing,404,0,,3754217.0,three-sixty
https://raw.githubusercontent.com/statsbomb/open-data/master/data/three-sixty/3754010.json,/content/drive/MyDrive/ml_project/code/data_pipeline/results/Premier_League_2015_16_DATA_ONLY_FULL_REAL/data/bronze/statsbomb/three-sixty/3754010.json,optional_missing,404,0,,3754010.0,three-sixty
https://raw.githubusercontent.com/statsbomb/open-data/master/data/lineups/3754010.json,/content/drive/MyDrive/ml_project/code/data_pipeline/results/Premier_League_2015_16_DATA_ONLY_FULL_REAL/data/bronze/statsbomb/lineups/3754010.json,downloaded,200,17832,5744f931d1cb2921ab4ee6b4e7e88b2d62c5c73136830ff5ea31e3ea1813a915,3754010.0,lineups
https://raw.githubusercontent.com/statsbomb/open-data/master/data/events/3754010.json,/content/drive/MyDrive/ml_project/code/data_pipeline/results/Premier_League_2015_16_DATA_ONLY_FULL_REAL/data/bronze/statsbomb/events/3754010.json,downloaded,200,2908355,02b60fe013f80e7272c0ffbd001e13a17f5a611739c7247d18d35c9c467f1d72,3754010.0,events
https://raw.githubusercontent.com/statsbomb/open-data/master/data/events/3754329.json,/content/drive/MyDrive/ml_project/code/data_pipeline/results/Premier_League_2015_16_DATA_ONLY_FULL_REAL/data/bronze/statsbomb/events/3754329.json,downloaded,200,2893478,7def68fbf7bf614dd08a534b7a73383b3d84b10052a9ccf0f97ea32befce5963,3754329.0,events
https://raw.githubusercontent.com/statsbomb/open-data/master/data/events/3754106.json,/content/drive/MyDrive/ml_project/code/data_pipeline/results/Premier_League_2015_16_DATA_ONLY_FULL_REAL/data/bronze/statsbomb/events/3754106.json,downloaded,200,2905902,3f2b981eb765872ec5981ab496ae0e34ae9ada1ba1129237704aeabf0ef67738,3754106.0,events
https://raw.githubusercontent.com/statsbomb/open-data/master/data/events/3754217.json,/content/drive/MyDrive/ml_project/code/data_pipeline/results/Premier_League_2015_16_DATA_ONLY_FULL_REAL/data/bronze/statsbomb/events/3754217.json,downloaded,200,3186646,f909d746de044db2d61de61c3e4585769bd7cf430b2c30cf4c3bf097a9c2aeee,3754217.0,events
https://raw.githubusercontent.com/statsbomb/open-data/master/data/three-sixty/3754068.json,/content/drive/MyDrive/ml_project/code/data_pipeline/results/Premier_League_2015_16_DATA_ONLY_FULL_REAL/data/bronze/statsbomb/three-sixty/3754068.json,optional_missing,404,0,,3754068.0,three-sixty
https://raw.githubusercontent.com/statsbomb/open-data/master/data/three-sixty/3754146.json,/content/drive/MyDrive/ml_project/code/data_pipeline/results/Premier_League_2015_16_DATA_ONLY_FULL_REAL/data/bronze/statsbomb/three-sixty/3754146.json,optional_missing,404,0,,3754146.0,three-sixty
https://raw.githubusercontent.com/statsbomb/open-data/master/data/events/3754068.json,/content/drive/MyDrive/ml_project/code/data_pipeline/results/Premier_League_2015_16_DATA_ONLY_FULL_REAL/data/bronze/statsbomb/events/3754068.json,downloaded,200,2530183,126f872ff77de06ac97050e7d9c8e34b2a87be1160016318d920c2aa30c5bd55,3754068.0,events
https://raw.githubusercontent.com/statsbomb/open-data/master/data/lineups/3754068.json,/content/drive/MyDrive/ml_project/code/data_pipeline/results/Premier_League_2015_16_DATA_ONLY_FULL_REAL/data/bronze/statsbomb/lineups/3754068.json,downloaded,200,16321,4b544b718d8dcb496f0dd1ae58bf65e37dfe045467d5191e55eacfb96d5d6f1b,3754068.0,lineups
https://raw.githubusercontent.com/statsbomb/open-data/master/data/lineups/3754146.json,/content/drive/MyDrive/ml_project/code/data_pipeline/results/Premier_League_2015_16_DATA_ONLY_FULL_REAL/data/bronze/statsbomb/lineups/3754146.json,downloaded,200,16995,94a0fed552c33380ca2d0e523f6eda90fef47b2894de3a9849c25b738163af4e,3754146.0,lineups
https://raw.githubusercontent.com/statsbomb/open-data/master/data/three-sixty/3754169.json,/content/drive/MyDrive/ml_project/code/data_pipeline/results/Premier_League_2015_16_DATA_ONLY_FULL_REAL/data/bronze/statsbomb/three-sixty/3754169.json,optional_missing,404,0,,3754169.0,three-sixty
https://raw.githubusercontent.com/statsbomb/open-data/master/data/lineups/3754298.json,/content/drive/MyDrive/ml_project/code/data_pipeline/results/Premier_League_2015_16_DATA_ONLY_FULL_REAL/data/bronze/statsbomb/lineups/3754298.json,downloaded,200,16078,f5fb6127c12127b978f22c4650701590d17836ace4ddfdb4bdffcef654078830,3754298.0,lineups
https://raw.githubusercontent.com/statsbomb/open-data/master/data/lineups/3754169.json,/content/drive/MyDrive/ml_project/code/data_pipeline/results/Premier_League_2015_16_DATA_ONLY_FULL_REAL/data/bronze/statsbomb/lineups/3754169.json,downloaded,200,16556,0782d179301cd05165a8e884ecc623bcdc2397792b4f6598b284ab58fa0b2fb9,3754169.0,lineups
https://raw.githubusercontent.com/statsbomb/open-data/master/data/three-sixty/3754298.json,/content/drive/MyDrive/ml_project/code/data_pipeline/results/Premier_League_2015_16_DATA_ONLY_FULL_REAL/data/bronze/statsbomb/three-sixty/3754298.json,optional_missing,404,0,,3754298.0,three-sixty
https://raw.githubusercontent.com/statsbomb/open-data/master/data/lineups/3754077.json,/content/drive/MyDrive/ml_project/code/data_pipeline/results/Premier_League_2015_16_DATA_ONLY_FULL_REAL/data/bronze/statsbomb/lineups/3754077.json,downloaded,200,20603,ceae5b6bd6909c2c6f00beeb844dc5505c7b96928b09053a853dc9471aabb6b9,3754077.0,lineups
https://raw.githubusercontent.com/statsbomb/open-data/master/data/events/3754146.json,/content/drive/MyDrive/ml_project/code/data_pipeline/results/Premier_League_2015_16_DATA_ONLY_FULL_REAL/data/bronze/statsbomb/events/3754146.json,downloaded,200,2840241,91251741591eb91f6d176193baa8aacb0af91dad81594c011240d99f97937e34,3754146.0,events
https://raw.githubusercontent.com/statsbomb/open-data/master/data/three-sixty/3754077.json,/content/drive/MyDrive/ml_project/code/data_pipeline/results/Premier_League_2015_16_DATA_ONLY_FULL_REAL/data/bronze/statsbomb/three-sixty/3754077.json,optional_missing,404,0,,3754077.0,three-sixty
https://raw.githubusercontent.com/statsbomb/open-data/master/data/events/3754169.json,/content/drive/MyDrive/ml_project/code/data_pipeline/results/Premier_League_2015_16_DATA_ONLY_FULL_REAL/data/bronze/statsbomb/events/3754169.json,downloaded,200,2921677,b2f273b3abb8fe28e9005ef8fb2f94cd71d1e7c4acf9c6aaaeb8bc60570a90cb,3754169.0,events
https://raw.githubusercontent.com/statsbomb/open-data/master/data/events/3754298.json,/content/drive/MyDrive/ml_project/code/data_pipeline/results/Premier_League_2015_16_DATA_ONLY_FULL_REAL/data/bronze/statsbomb/events/3754298.json,downloaded,200,3000932,830087399709aca16abec982cceed8b788bc02b5414a5348d28e454964304491,3754298.0,events
https://raw.githubusercontent.com/statsbomb/open-data/master/data/three-sixty/3754222.json,/content/drive/MyDrive/ml_project/code/data_pipeline/results/Premier_League_2015_16_DATA_ONLY_FULL_REAL/data/bronze/statsbomb/three-sixty/3754222.json,optional_missing,404,0,,3754222.0,three-sixty
https://raw.githubusercontent.com/statsbomb/open-data/master/data/lineups/3754222.json,/content/drive/MyDrive/ml_project/code/data_pipeline/results/Premier_League_2015_16_DATA_ONLY_FULL_REAL/data/bronze/statsbomb/lineups/3754222.json,downloaded,200,17932,fa939adf1e3382f136f94e3668092c0d25e31861b7d3c6467f06d4def87ca56d,3754222.0,lineups
https://raw.githubusercontent.com/statsbomb/open-data/master/data/lineups/3754011.json,/content/drive/MyDrive/ml_project/code/data_pipeline/results/Premier_League_2015_16_DATA_ONLY_FULL_REAL/data/bronze/statsbomb/lineups/3754011.json,downloaded,200,17229,3eda7d0e44e42fbf7c13d3533e517c5f488fbd8483e81b672ee8d018c321d654,3754011.0,lineups
https://raw.githubusercontent.com/statsbomb/open-data/master/data/events/3754077.json,/content/drive/MyDrive/ml_project/code/data_pipeline/results/Premier_League_2015_16_DATA_ONLY_FULL_REAL/data/bronze/statsbomb/events/3754077.json,downloaded,200,3320317,24e0dc1ec49933861e1d22d3f51d909a43711bc94415d6ba4b2fb3ba541983f4,3754077.0,events
https://raw.githubusercontent.com/statsbomb/open-data/master/data/three-sixty/3754011.json,/content/drive/MyDrive/ml_project/code/data_pipeline/results/Premier_League_2015_16_DATA_ONLY_FULL_REAL/data/bronze/statsbomb/three-sixty/3754011.json,optional_missing,404,0,,3754011.0,three-sixty
https://raw.githubusercontent.com/statsbomb/open-data/master/data/events/3754011.json,/content/drive/MyDrive/ml_project/code/data_pipeline/results/Premier_League_2015_16_DATA_ONLY_FULL_REAL/data/bronze/statsbomb/events/3754011.json,downloaded,200,3045464,c4300b4e3dcbd4c6fd0551f65e4ea04f978bec14870d8a702f6640a70f256262,3754011.0,events
https://raw.githubusercontent.com/statsbomb/open-data/master/data/three-sixty/3754040.json,/content/drive/MyDrive/ml_project/code/data_pipeline/results/Premier_League_2015_16_DATA_ONLY_FULL_REAL/data/bronze/statsbomb/three-sixty/3754040.json,optional_missing,404,0,,3754040.0,three-sixty
https://raw.githubusercontent.com/statsbomb/open-data/master/data/events/3754222.json,/content/drive/MyDrive/ml_project/code/data_pipeline/results/Premier_League_2015_16_DATA_ONLY_FULL_REAL/data/bronze/statsbomb/events/3754222.json,downloaded,200,2928689,381636f9c98543dc46e86c92342c87c8d99d9854af4be6db6321573a4be854a0,3754222.0,events
https://raw.githubusercontent.com/statsbomb/open-data/master/data/three-sixty/3754197.json,/content/drive/MyDrive/ml_project/code/data_pipeline/results/Premier_League_2015_16_DATA_ONLY_FULL_REAL/data/bronze/statsbomb/three-sixty/3754197.json,optional_missing,404,0,,3754197.0,three-sixty
https://raw.githubusercontent.com/statsbomb/open-data/master/data/lineups/3754197.json,/content/drive/MyDrive/ml_project/code/data_pipeline/results/Premier_League_2015_16_DATA_ONLY_FULL_REAL/data/bronze/statsbomb/lineups/3754197.json,downloaded,200,18589,d9482d45986ed095847f89e2b3232a949dab95fa1a0d347fa1865122d7fd2e99,3754197.0,lineups
https://raw.githubusercontent.com/statsbomb/open-data/master/data/lineups/3754040.json,/content/drive/MyDrive/ml_project/code/data_pipeline/results/Premier_League_2015_16_DATA_ONLY_FULL_REAL/data/bronze/statsbomb/lineups/3754040.json,downloaded,200,17573,3f78d9fa357efb851e6bf37aacf4199f2be776133f7cbd5c3253dec0f8f1b476,3754040.0,lineups
https://raw.githubusercontent.com/statsbomb/open-data/master/data/three-sixty/3753978.json,/content/drive/MyDrive/ml_project/code/data_pipeline/results/Premier_League_2015_16_DATA_ONLY_FULL_REAL/data/bronze/statsbomb/three-sixty/3753978.json,optional_missing,404,0,,3753978.0,three-sixty
https://raw.githubusercontent.com/statsbomb/open-data/master/data/lineups/3753978.json,/content/drive/MyDrive/ml_project/code/data_pipeline/results/Premier_League_2015_16_DATA_ONLY_FULL_REAL/data/bronze/statsbomb/lineups/3753978.json,downloaded,200,16251,9d99a51b144aaf8e7777ec057b182ec538a9bc75778c44b112c9c2b3a1e59de7,3753978.0,lineups
https://raw.githubusercontent.com/statsbomb/open-data/master/data/three-sixty/3754008.json,/content/drive/MyDrive/ml_project/code/data_pipeline/results/Premier_League_2015_16_DATA_ONLY_FULL_REAL/data/bronze/statsbomb/three-sixty/3754008.json,optional_missing,404,0,,3754008.0,three-sixty
https://raw.githubusercontent.com/statsbomb/open-data/master/data/lineups/3754008.json,/content/drive/MyDrive/ml_project/code/data_pipeline/results/Premier_League_2015_16_DATA_ONLY_FULL_REAL/data/bronze/statsbomb/lineups/3754008.json,downloaded,200,18093,bd415ae204c327c6d4f1ae95dc0d73fb618be42afde3bfb405c384002eb467fd,3754008.0,lineups
https://raw.githubusercontent.com/statsbomb/open-data/master/data/events/3753978.json,/content/drive/MyDrive/ml_project/code/data_pipeline/results/Premier_League_2015_16_DATA_ONLY_FULL_REAL/data/bronze/statsbomb/events/3753978.json,downloaded,200,3007390,ff2287579dd3ba9ad4bab7b98d7759c91668bd153b3e0609465f081e9e685e40,3753978.0,events
https://raw.githubusercontent.com/statsbomb/open-data/master/data/events/3754197.json,/content/drive/MyDrive/ml_project/code/data_pipeline/results/Premier_League_2015_16_DATA_ONLY_FULL_REAL/data/bronze/statsbomb/events/3754197.json,downloaded,200,3223737,3bbfc67f42c9b00f9259b4e13bf809f6d60e9bcdec86db59dc23c0e8f8b88a8a,3754197.0,events
https://raw.githubusercontent.com/statsbomb/open-data/master/data/events/3754008.json,/content/drive/MyDrive/ml_project/code/data_pipeline/results/Premier_League_2015_16_DATA_ONLY_FULL_REAL/data/bronze/statsbomb/events/3754008.json,downloaded,200,2945710,82c6a1ca07769d949c46ce9d569df3ae7dd77bf6a24f13f2dc8396e02775d5b1,3754008.0,events
https://raw.githubusercontent.com/statsbomb/open-data/master/data/events/3754040.json,/content/drive/MyDrive/ml_project/code/data_pipeline/results/Premier_League_2015_16_DATA_ONLY_FULL_REAL/data/bronze/statsbomb/events/3754040.json,downloaded,200,3159698,cc0d4c1c7e8094cdee6254b05968f598f6b3763ace1bf5cab4780b7bd5654765,3754040.0,events
https://raw.githubusercontent.com/statsbomb/open-data/master/data/three-sixty/3754174.json,/content/drive/MyDrive/ml_project/code/data_pipeline/results/Premier_League_2015_16_DATA_ONLY_FULL_REAL/data/bronze/statsbomb/three-sixty/3754174.json,optional_missing,404,0,,3754174.0,three-sixty
https://raw.githubusercontent.com/statsbomb/open-data/master/data/lineups/3754212.json,/content/drive/MyDrive/ml_project/code/data_pipeline/results/Premier_League_2015_16_DATA_ONLY_FULL_REAL/data/bronze/statsbomb/lineups/3754212.json,downloaded,200,14917,6af3cba154b577db7ceda99420597a435df5aa92d94b63fe2de2c2a3a0de22ce,3754212.0,lineups
https://raw.githubusercontent.com/statsbomb/open-data/master/data/three-sixty/3754212.json,/content/drive/MyDrive/ml_project/code/data_pipeline/results/Premier_League_2015_16_DATA_ONLY_FULL_REAL/data/bronze/statsbomb/three-sixty/3754212.json,optional_missing,404,0,,3754212.0,three-sixty
https://raw.githubusercontent.com/statsbomb/open-data/master/data/lineups/3754174.json,/content/drive/MyDrive/ml_project/code/data_pipeline/results/Premier_League_2015_16_DATA_ONLY_FULL_REAL/data/bronze/statsbomb/lineups/3754174.json,downloaded,200,15879,12e947245818b1147ad8ca87c7cc2a76b8c3083b31488ddea73167e0c3783651,3754174.0,lineups
https://raw.githubusercontent.com/statsbomb/open-data/master/data/three-sixty/3754323.json,/content/drive/MyDrive/ml_project/code/data_pipeline/results/Premier_League_2015_16_DATA_ONLY_FULL_REAL/data/bronze/statsbomb/three-sixty/3754323.json,optional_missing,404,0,,3754323.0,three-sixty
https://raw.githubusercontent.com/statsbomb/open-data/master/data/events/3754174.json,/content/drive/MyDrive/ml_project/code/data_pipeline/results/Premier_League_2015_16_DATA_ONLY_FULL_REAL/data/bronze/statsbomb/events/3754174.json,downloaded,200,3033059,81e97c5d5bce45452a12a98a93ad0058b79ef7baed3b30d9b00160cf9ae588bd,3754174.0,events
https://raw.githubusercontent.com/statsbomb/open-data/master/data/events/3754212.json,/content/drive/MyDrive/ml_project/code/data_pipeline/results/Premier_League_2015_16_DATA_ONLY_FULL_REAL/data/bronze/statsbomb/events/3754212.json,downloaded,200,2954754,a107f667834dba30b2655f013cb8b47f64d88a1a620a25670875c27582012d4f,3754212.0,events
https://raw.githubusercontent.com/statsbomb/open-data/master/data/lineups/3754323.json,/content/drive/MyDrive/ml_project/code/data_pipeline/results/Premier_League_2015_16_DATA_ONLY_FULL_REAL/data/bronze/statsbomb/lineups/3754323.json,downloaded,200,15621,d2e360f796d1b078ddeb55d0439bde25ba77d6ea13ee8612c505f0e231bdbb99,3754323.0,lineups
https://raw.githubusercontent.com/statsbomb/open-data/master/data/three-sixty/3754339.json,/content/drive/MyDrive/ml_project/code/data_pipeline/results/Premier_League_2015_16_DATA_ONLY_FULL_REAL/data/bronze/statsbomb/three-sixty/3754339.json,optional_missing,404,0,,3754339.0,three-sixty
https://raw.githubusercontent.com/statsbomb/open-data/master/data/lineups/3754339.json,/content/drive/MyDrive/ml_project/code/data_pipeline/results/Premier_League_2015_16_DATA_ONLY_FULL_REAL/data/bronze/statsbomb/lineups/3754339.json,downloaded,200,16829,c9afbcc9bef39e541e2d0c7486e20619b10caf34342c23819d3f377259d117f1,3754339.0,lineups
https://raw.githubusercontent.com/statsbomb/open-data/master/data/three-sixty/3754001.json,/content/drive/MyDrive/ml_project/code/data_pipeline/results/Premier_League_2015_16_DATA_ONLY_FULL_REAL/data/bronze/statsbomb/three-sixty/3754001.json,optional_missing,404,0,,3754001.0,three-sixty
https://raw.githubusercontent.com/statsbomb/open-data/master/data/lineups/3754001.json,/content/drive/MyDrive/ml_project/code/data_pipeline/results/Premier_League_2015_16_DATA_ONLY_FULL_REAL/data/bronze/statsbomb/lineups/3754001.json,downloaded,200,16680,9cfa5914da0e41d1f1a22dad9a25efeb4f5ecaf9c39235daa24a828123c279e7,3754001.0,lineups
https://raw.githubusercontent.com/statsbomb/open-data/master/data/events/3754323.json,/content/drive/MyDrive/ml_project/code/data_pipeline/results/Premier_League_2015_16_DATA_ONLY_FULL_REAL/data/bronze/statsbomb/events/3754323.json,downloaded,200,2812593,9728ad8c63c91bf4be547c4e34c0310b4e4e64a3616b5c5baad8ab5733f3176b,3754323.0,events
https://raw.githubusercontent.com/statsbomb/open-data/master/data/three-sixty/3754266.json,/content/drive/MyDrive/ml_project/code/data_pipeline/results/Premier_League_2015_16_DATA_ONLY_FULL_REAL/data/bronze/statsbomb/three-sixty/3754266.json,optional_missing,404,0,,3754266.0,three-sixty
https://raw.githubusercontent.com/statsbomb/open-data/master/data/lineups/3754266.json,/content/drive/MyDrive/ml_project/code/data_pipeline/results/Premier_League_2015_16_DATA_ONLY_FULL_REAL/data/bronze/statsbomb/lineups/3754266.json,downloaded,200,17123,25df1bde01bfdca1a3ff15be2c8137929c2a0499b491f4dbd258b1ad6f3f5fa1,3754266.0,lineups
https://raw.githubusercontent.com/statsbomb/open-data/master/data/events/3754001.json,/content/drive/MyDrive/ml_project/code/data_pipeline/results/Premier_League_2015_16_DATA_ONLY_FULL_REAL/data/bronze/statsbomb/events/3754001.json,downloaded,200,2920886,5f022083b57595aeefd039b484787ac4a077f74fa0a1d53219f524edd15a05a5,3754001.0,events
https://raw.githubusercontent.com/statsbomb/open-data/master/data/events/3754266.json,/content/drive/MyDrive/ml_project/code/data_pipeline/results/Premier_League_2015_16_DATA_ONLY_FULL_REAL/data/bronze/statsbomb/events/3754266.json,downloaded,200,2527136,ffaf7efc3305ce479709ea61dc646b39c5dc18ecd27ca271733202511eafdd20,3754266.0,events
https://raw.githubusercontent.com/statsbomb/open-data/master/data/three-sixty/3754105.json,/content/drive/MyDrive/ml_project/code/data_pipeline/results/Premier_League_2015_16_DATA_ONLY_FULL_REAL/data/bronze/statsbomb/three-sixty/3754105.json,optional_missing,404,0,,3754105.0,three-sixty
https://raw.githubusercontent.com/statsbomb/open-data/master/data/events/3754339.json,/content/drive/MyDrive/ml_project/code/data_pipeline/results/Premier_League_2015_16_DATA_ONLY_FULL_REAL/data/bronze/statsbomb/events/3754339.json,downloaded,200,2789254,6ec735a4db51fc3d8ee871ea51681cec59cf8fa02b7e04d16816e10990610427,3754339.0,events
https://raw.githubusercontent.com/statsbomb/open-data/master/data/lineups/3754099.json,/content/drive/MyDrive/ml_project/code/data_pipeline/results/Premier_League_2015_16_DATA_ONLY_FULL_REAL/data/bronze/statsbomb/lineups/3754099.json,downloaded,200,17110,2787093cb4e1821c713de719bbd987b60cc62c0dc92ac9a126521f9177fe5a3b,3754099.0,lineups
https://raw.githubusercontent.com/statsbomb/open-data/master/data/lineups/3754105.json,/content/drive/MyDrive/ml_project/code/data_pipeline/results/Premier_League_2015_16_DATA_ONLY_FULL_REAL/data/bronze/statsbomb/lineups/3754105.json,downloaded,200,18812,6e9ca97d32012a40d457d6f4b772dcd7b53a17c72237d4a68b5d919043874d5f,3754105.0,lineups
https://raw.githubusercontent.com/statsbomb/open-data/master/data/events/3754105.json,/content/drive/MyDrive/ml_project/code/data_pipeline/results/Premier_League_2015_16_DATA_ONLY_FULL_REAL/data/bronze/statsbomb/events/3754105.json,downloaded,200,2889415,412d4893a680267979cd7599bea4088609642489ba7080f0bd9ec810031f19af,3754105.0,events
https://raw.githubusercontent.com/statsbomb/open-data/master/data/three-sixty/3754099.json,/content/drive/MyDrive/ml_project/code/data_pipeline/results/Premier_League_2015_16_DATA_ONLY_FULL_REAL/data/bronze/statsbomb/three-sixty/3754099.json,optional_missing,404,0,,3754099.0,three-sixty
https://raw.githubusercontent.com/statsbomb/open-data/master/data/three-sixty/3754076.json,/content/drive/MyDrive/ml_project/code/data_pipeline/results/Premier_League_2015_16_DATA_ONLY_FULL_REAL/data/bronze/statsbomb/three-sixty/3754076.json,optional_missing,404,0,,3754076.0,three-sixty
https://raw.githubusercontent.com/statsbomb/open-data/master/data/lineups/3754076.json,/content/drive/MyDrive/ml_project/code/data_pipeline/results/Premier_League_2015_16_DATA_ONLY_FULL_REAL/data/bronze/statsbomb/lineups/3754076.json,downloaded,200,20095,97b6a6f93509a143748b56c5b8bf6eddb51531feba52385feccec48d3de586a5,3754076.0,lineups
https://raw.githubusercontent.com/statsbomb/open-data/master/data/lineups/3754079.json,/content/drive/MyDrive/ml_project/code/data_pipeline/results/Premier_League_2015_16_DATA_ONLY_FULL_REAL/data/bronze/statsbomb/lineups/3754079.json,downloaded,200,17687,b6f3f2e8b0eef9208af6e9f0dd8ad2d7637aaebcc6ccd9db0d3bb20cea931df7,3754079.0,lineups
https://raw.githubusercontent.com/statsbomb/open-data/master/data/events/3754076.json,/content/drive/MyDrive/ml_project/code/data_pipeline/results/Premier_League_2015_16_DATA_ONLY_FULL_REAL/data/bronze/statsbomb/events/3754076.json,downloaded,200,2771318,50b1be653d0397991ab0350e759f7880a7f51745117b88674d8430091014e75d,3754076.0,events
https://raw.githubusercontent.com/statsbomb/open-data/master/data/three-sixty/3754079.json,/content/drive/MyDrive/ml_project/code/data_pipeline/results/Premier_League_2015_16_DATA_ONLY_FULL_REAL/data/bronze/statsbomb/three-sixty/3754079.json,optional_missing,404,0,,3754079.0,three-sixty
https://raw.githubusercontent.com/statsbomb/open-data/master/data/three-sixty/3754278.json,/content/drive/MyDrive/ml_project/code/data_pipeline/results/Premier_League_2015_16_DATA_ONLY_FULL_REAL/data/bronze/statsbomb/three-sixty/3754278.json,optional_missing,404,0,,3754278.0,three-sixty
https://raw.githubusercontent.com/statsbomb/open-data/master/data/lineups/3754278.json,/content/drive/MyDrive/ml_project/code/data_pipeline/results/Premier_League_2015_16_DATA_ONLY_FULL_REAL/data/bronze/statsbomb/lineups/3754278.json,downloaded,200,16059,92fb5fc2b05e27ee6895cf711fdf6b9d1bb7839d9bbd235fe2c8872e9b4319ac,3754278.0,lineups
https://raw.githubusercontent.com/statsbomb/open-data/master/data/events/3754079.json,/content/drive/MyDrive/ml_project/code/data_pipeline/results/Premier_League_2015_16_DATA_ONLY_FULL_REAL/data/bronze/statsbomb/events/3754079.json,downloaded,200,3004198,60f4eff7c499b875b86f83ab05de6bb3b4daad8cf7f66bee08078e86ca1e7bc0,3754079.0,events
https://raw.githubusercontent.com/statsbomb/open-data/master/data/events/3754099.json,/content/drive/MyDrive/ml_project/code/data_pipeline/results/Premier_League_2015_16_DATA_ONLY_FULL_REAL/data/bronze/statsbomb/events/3754099.json,downloaded,200,2671945,97da4773bd6e820772032ab9fba78ed363e011ad6213c9ea13289ee15b1874eb,3754099.0,events
https://raw.githubusercontent.com/statsbomb/open-data/master/data/three-sixty/3754330.json,/content/drive/MyDrive/ml_project/code/data_pipeline/results/Premier_League_2015_16_DATA_ONLY_FULL_REAL/data/bronze/statsbomb/three-sixty/3754330.json,optional_missing,404,0,,3754330.0,three-sixty
https://raw.githubusercontent.com/statsbomb/open-data/master/data/events/3754278.json,/content/drive/MyDrive/ml_project/code/data_pipeline/results/Premier_League_2015_16_DATA_ONLY_FULL_REAL/data/bronze/statsbomb/events/3754278.json,downloaded,200,2991241,b8b79594985296b9304c165e1c5eb3dee34326c7b6cb524051ab1fa5327b9813,3754278.0,events
https://raw.githubusercontent.com/statsbomb/open-data/master/data/three-sixty/3754335.json,/content/drive/MyDrive/ml_project/code/data_pipeline/results/Premier_League_2015_16_DATA_ONLY_FULL_REAL/data/bronze/statsbomb/three-sixty/3754335.json,optional_missing,404,0,,3754335.0,three-sixty
https://raw.githubusercontent.com/statsbomb/open-data/master/data/events/3754335.json,/content/drive/MyDrive/ml_project/code/data_pipeline/results/Premier_League_2015_16_DATA_ONLY_FULL_REAL/data/bronze/statsbomb/events/3754335.json,downloaded,200,2819865,40f00b41b3cd780de455ac177d85ac6ef0089521f117c97082b0da3946e3deb2,3754335.0,events
https://raw.githubusercontent.com/statsbomb/open-data/master/data/three-sixty/3753995.json,/content/drive/MyDrive/ml_project/code/data_pipeline/results/Premier_League_2015_16_DATA_ONLY_FULL_REAL/data/bronze/statsbomb/three-sixty/3753995.json,optional_missing,404,0,,3753995.0,three-sixty
https://raw.githubusercontent.com/statsbomb/open-data/master/data/lineups/3754330.json,/content/drive/MyDrive/ml_project/code/data_pipeline/results/Premier_League_2015_16_DATA_ONLY_FULL_REAL/data/bronze/statsbomb/lineups/3754330.json,downloaded,200,19276,19ba60a66ba506e836777c953dc241cbed160728d1c07dc43c934ff9de733202,3754330.0,lineups
https://raw.githubusercontent.com/statsbomb/open-data/master/data/lineups/3754335.json,/content/drive/MyDrive/ml_project/code/data_pipeline/results/Premier_League_2015_16_DATA_ONLY_FULL_REAL/data/bronze/statsbomb/lineups/3754335.json,downloaded,200,18217,e298ad6868f08085e8999b3472c13f32e64151ec60d506cf53e8563833bf83cb,3754335.0,lineups
https://raw.githubusercontent.com/statsbomb/open-data/master/data/lineups/3753995.json,/content/drive/MyDrive/ml_project/code/data_pipeline/results/Premier_League_2015_16_DATA_ONLY_FULL_REAL/data/bronze/statsbomb/lineups/3753995.json,downloaded,200,18340,dc8eda79ae3bbf1dbd9d241f1e6cb2dfc893d4eb0fef70340057e119c1e506fd,3753995.0,lineups
https://raw.githubusercontent.com/statsbomb/open-data/master/data/events/3753995.json,/content/drive/MyDrive/ml_project/code/data_pipeline/results/Premier_League_2015_16_DATA_ONLY_FULL_REAL/data/bronze/statsbomb/events/3753995.json,downloaded,200,3084192,b886efca8ebee3166edaf08a102a377465dca5118434ab57d127d26c9c03105a,3753995.0,events
https://raw.githubusercontent.com/statsbomb/open-data/master/data/events/3754330.json,/content/drive/MyDrive/ml_project/code/data_pipeline/results/Premier_League_2015_16_DATA_ONLY_FULL_REAL/data/bronze/statsbomb/events/3754330.json,downloaded,200,3061068,74424d7fb5f874750a4642f7151102cc5bb65c5627b80d6650b496d0442d06c3,3754330.0,events
https://raw.githubusercontent.com/statsbomb/open-data/master/data/three-sixty/3754060.json,/content/drive/MyDrive/ml_project/code/data_pipeline/results/Premier_League_2015_16_DATA_ONLY_FULL_REAL/data/bronze/statsbomb/three-sixty/3754060.json,optional_missing,404,0,,3754060.0,three-sixty
https://raw.githubusercontent.com/statsbomb/open-data/master/data/lineups/3754060.json,/content/drive/MyDrive/ml_project/code/data_pipeline/results/Premier_League_2015_16_DATA_ONLY_FULL_REAL/data/bronze/statsbomb/lineups/3754060.json,downloaded,200,15932,e92e2a03cfe615d5b2264415977af2b0a6b25104b84a1a176fb63e21d5d8d5c9,3754060.0,lineups
https://raw.githubusercontent.com/statsbomb/open-data/master/data/three-sixty/3754074.json,/content/drive/MyDrive/ml_project/code/data_pipeline/results/Premier_League_2015_16_DATA_ONLY_FULL_REAL/data/bronze/statsbomb/three-sixty/3754074.json,optional_missing,404,0,,3754074.0,three-sixty
https://raw.githubusercontent.com/statsbomb/open-data/master/data/lineups/3754074.json,/content/drive/MyDrive/ml_project/code/data_pipeline/results/Premier_League_2015_16_DATA_ONLY_FULL_REAL/data/bronze/statsbomb/lineups/3754074.json,downloaded,200,16988,a3914e1c3eaa512cd51089196f5f977107f2d28ff07f80ae07c19afdc46818cc,3754074.0,lineups
https://raw.githubusercontent.com/statsbomb/open-data/master/data/events/3754060.json,/content/drive/MyDrive/ml_project/code/data_pipeline/results/Premier_League_2015_16_DATA_ONLY_FULL_REAL/data/bronze/statsbomb/events/3754060.json,downloaded,200,2695969,e3100b0bae215be4e8af2d756568f66fe78a404426ddeaab56e7188c06faa474,3754060.0,events
https://raw.githubusercontent.com/statsbomb/open-data/master/data/three-sixty/3754171.json,/content/drive/MyDrive/ml_project/code/data_pipeline/results/Premier_League_2015_16_DATA_ONLY_FULL_REAL/data/bronze/statsbomb/three-sixty/3754171.json,optional_missing,404,0,,3754171.0,three-sixty
https://raw.githubusercontent.com/statsbomb/open-data/master/data/lineups/3754171.json,/content/drive/MyDrive/ml_project/code/data_pipeline/results/Premier_League_2015_16_DATA_ONLY_FULL_REAL/data/bronze/statsbomb/lineups/3754171.json,downloaded,200,16983,ea915925cc029d2f6152d93fbe75f62d2cc3e00a3f9555c63a04021ec040dc6c,3754171.0,lineups
https://raw.githubusercontent.com/statsbomb/open-data/master/data/events/3754074.json,/content/drive/MyDrive/ml_project/code/data_pipeline/results/Premier_League_2015_16_DATA_ONLY_FULL_REAL/data/bronze/statsbomb/events/3754074.json,downloaded,200,2870821,e2d9d6d867faad922d7be10a1b5c7dcd8b86bceb016670dfe519390e409eddcf,3754074.0,events
https://raw.githubusercontent.com/statsbomb/open-data/master/data/three-sixty/3754198.json,/content/drive/MyDrive/ml_project/code/data_pipeline/results/Premier_League_2015_16_DATA_ONLY_FULL_REAL/data/bronze/statsbomb/three-sixty/3754198.json,optional_missing,404,0,,3754198.0,three-sixty
https://raw.githubusercontent.com/statsbomb/open-data/master/data/lineups/3754067.json,/content/drive/MyDrive/ml_project/code/data_pipeline/results/Premier_League_2015_16_DATA_ONLY_FULL_REAL/data/bronze/statsbomb/lineups/3754067.json,downloaded,200,17998,aa29948ee7b61d449c4ad85e14709c6cf94a7a0443ef907f469882ed380ce031,3754067.0,lineups
https://raw.githubusercontent.com/statsbomb/open-data/master/data/events/3754171.json,/content/drive/MyDrive/ml_project/code/data_pipeline/results/Premier_League_2015_16_DATA_ONLY_FULL_REAL/data/bronze/statsbomb/events/3754171.json,downloaded,200,3213596,89f1c50d1302f5479cfec4cbd893ed51667f107409211489ce19e24470bd837a,3754171.0,events
https://raw.githubusercontent.com/statsbomb/open-data/master/data/lineups/3754198.json,/content/drive/MyDrive/ml_project/code/data_pipeline/results/Premier_League_2015_16_DATA_ONLY_FULL_REAL/data/bronze/statsbomb/lineups/3754198.json,downloaded,200,15488,9075485ce02bee9866345f1bb8407fa0608ed992b2fca23fbf421a74cd54a07c,3754198.0,lineups
https://raw.githubusercontent.com/statsbomb/open-data/master/data/events/3754198.json,/content/drive/MyDrive/ml_project/code/data_pipeline/results/Premier_League_2015_16_DATA_ONLY_FULL_REAL/data/bronze/statsbomb/events/3754198.json,downloaded,200,3082276,40ebac1d604d09afc2864f9a7e0b0f4bc74d43f8a39acea84ad8ce95a0a9af73,3754198.0,events
https://raw.githubusercontent.com/statsbomb/open-data/master/data/three-sixty/3754067.json,/content/drive/MyDrive/ml_project/code/data_pipeline/results/Premier_League_2015_16_DATA_ONLY_FULL_REAL/data/bronze/statsbomb/three-sixty/3754067.json,optional_missing,404,0,,3754067.0,three-sixty
https://raw.githubusercontent.com/statsbomb/open-data/master/data/lineups/3754115.json,/content/drive/MyDrive/ml_project/code/data_pipeline/results/Premier_League_2015_16_DATA_ONLY_FULL_REAL/data/bronze/statsbomb/lineups/3754115.json,downloaded,200,16978,bcd9a540dbd1712a309e318ac931dec34f4c7f2761efc46bc4b5a11506bc55e9,3754115.0,lineups
https://raw.githubusercontent.com/statsbomb/open-data/master/data/three-sixty/3754115.json,/content/drive/MyDrive/ml_project/code/data_pipeline/results/Premier_League_2015_16_DATA_ONLY_FULL_REAL/data/bronze/statsbomb/three-sixty/3754115.json,optional_missing,404,0,,3754115.0,three-sixty
https://raw.githubusercontent.com/statsbomb/open-data/master/data/three-sixty/3754193.json,/content/drive/MyDrive/ml_project/code/data_pipeline/results/Premier_League_2015_16_DATA_ONLY_FULL_REAL/data/bronze/statsbomb/three-sixty/3754193.json,optional_missing,404,0,,3754193.0,three-sixty
https://raw.githubusercontent.com/statsbomb/open-data/master/data/lineups/3754193.json,/content/drive/MyDrive/ml_project/code/data_pipeline/results/Premier_League_2015_16_DATA_ONLY_FULL_REAL/data/bronze/statsbomb/lineups/3754193.json,downloaded,200,16078,31effce39deffbb60c41dd7b4472ea73f891ddc6a5c1f1f1a2604105b1245000,3754193.0,lineups
https://raw.githubusercontent.com/statsbomb/open-data/master/data/three-sixty/3754245.json,/content/drive/MyDrive/ml_project/code/data_pipeline/results/Premier_League_2015_16_DATA_ONLY_FULL_REAL/data/bronze/statsbomb/three-sixty/3754245.json,optional_missing,404,0,,3754245.0,three-sixty
https://raw.githubusercontent.com/statsbomb/open-data/master/data/lineups/3754245.json,/content/drive/MyDrive/ml_project/code/data_pipeline/results/Premier_League_2015_16_DATA_ONLY_FULL_REAL/data/bronze/statsbomb/lineups/3754245.json,downloaded,200,16083,9efd6bfa31206114475b33cc7d36790ea48a7f1ab61e3c55036aa23b3f3031d9,3754245.0,lineups
https://raw.githubusercontent.com/statsbomb/open-data/master/data/events/3754115.json,/content/drive/MyDrive/ml_project/code/data_pipeline/results/Premier_League_2015_16_DATA_ONLY_FULL_REAL/data/bronze/statsbomb/events/3754115.json,downloaded,200,2831875,1c6e1becb9390e800e1892a0819e61444bc47aec43d7542ccbe60970872aae94,3754115.0,events
https://raw.githubusercontent.com/statsbomb/open-data/master/data/events/3754193.json,/content/drive/MyDrive/ml_project/code/data_pipeline/results/Premier_League_2015_16_DATA_ONLY_FULL_REAL/data/bronze/statsbomb/events/3754193.json,downloaded,200,3102775,6e754c26dcca0310d4c7fb9538ee52e5ab1fd9a428bf3604415dde4d9cfac1eb,3754193.0,events
https://raw.githubusercontent.com/statsbomb/open-data/master/data/events/3754067.json,/content/drive/MyDrive/ml_project/code/data_pipeline/results/Premier_League_2015_16_DATA_ONLY_FULL_REAL/data/bronze/statsbomb/events/3754067.json,downloaded,200,2894822,f6ad6a0c83f06a047f9ac5e94d3068ad58fcb8e0ac8220352c53b43d7ceb8f73,3754067.0,events
https://raw.githubusercontent.com/statsbomb/open-data/master/data/three-sixty/3754256.json,/content/drive/MyDrive/ml_project/code/data_pipeline/results/Premier_League_2015_16_DATA_ONLY_FULL_REAL/data/bronze/statsbomb/three-sixty/3754256.json,optional_missing,404,0,,3754256.0,three-sixty
https://raw.githubusercontent.com/statsbomb/open-data/master/data/lineups/3754256.json,/content/drive/MyDrive/ml_project/code/data_pipeline/results/Premier_League_2015_16_DATA_ONLY_FULL_REAL/data/bronze/statsbomb/lineups/3754256.json,downloaded,200,15951,b035fed6aa672707c2f840deff1d88c972e89f48cdb852699953732846fc6ecf,3754256.0,lineups
https://raw.githubusercontent.com/statsbomb/open-data/master/data/lineups/3754302.json,/content/drive/MyDrive/ml_project/code/data_pipeline/results/Premier_League_2015_16_DATA_ONLY_FULL_REAL/data/bronze/statsbomb/lineups/3754302.json,downloaded,200,16072,1eb101b8af5ef24e6aa2c19d2d869db213d6669151ab94727c4c0e51b5137a2e,3754302.0,lineups
https://raw.githubusercontent.com/statsbomb/open-data/master/data/three-sixty/3754302.json,/content/drive/MyDrive/ml_project/code/data_pipeline/results/Premier_League_2015_16_DATA_ONLY_FULL_REAL/data/bronze/statsbomb/three-sixty/3754302.json,optional_missing,404,0,,3754302.0,three-sixty
https://raw.githubusercontent.com/statsbomb/open-data/master/data/events/3754245.json,/content/drive/MyDrive/ml_project/code/data_pipeline/results/Premier_League_2015_16_DATA_ONLY_FULL_REAL/data/bronze/statsbomb/events/3754245.json,downloaded,200,2661077,faedc48f50a5e934919fe0b1b611e1ec4c8fe36378d5fc97324212395a80f816,3754245.0,events
https://raw.githubusercontent.com/statsbomb/open-data/master/data/events/3754302.json,/content/drive/MyDrive/ml_project/code/data_pipeline/results/Premier_League_2015_16_DATA_ONLY_FULL_REAL/data/bronze/statsbomb/events/3754302.json,downloaded,200,2602432,646d1785e3435e78e0ead67e005c074a391e0d8e4a144738517dab3ec05c34b7,3754302.0,events
https://raw.githubusercontent.com/statsbomb/open-data/master/data/events/3754256.json,/content/drive/MyDrive/ml_project/code/data_pipeline/results/Premier_League_2015_16_DATA_ONLY_FULL_REAL/data/bronze/statsbomb/events/3754256.json,downloaded,200,3171030,cdbf025785699427370547bfa4e84f0d5ca01d313fae8e725bd1cc101c07b667,3754256.0,events
https://raw.githubusercontent.com/statsbomb/open-data/master/data/three-sixty/3753999.json,/content/drive/MyDrive/ml_project/code/data_pipeline/results/Premier_League_2015_16_DATA_ONLY_FULL_REAL/data/bronze/statsbomb/three-sixty/3753999.json,optional_missing,404,0,,3753999.0,three-sixty
https://raw.githubusercontent.com/statsbomb/open-data/master/data/lineups/3754102.json,/content/drive/MyDrive/ml_project/code/data_pipeline/results/Premier_League_2015_16_DATA_ONLY_FULL_REAL/data/bronze/statsbomb/lineups/3754102.json,downloaded,200,16397,15fd1e80e674e27cece5a6569e818b033ca9d49d908cf050eadf58befdb3b475,3754102.0,lineups
https://raw.githubusercontent.com/statsbomb/open-data/master/data/three-sixty/3754102.json,/content/drive/MyDrive/ml_project/code/data_pipeline/results/Premier_League_2015_16_DATA_ONLY_FULL_REAL/data/bronze/statsbomb/three-sixty/3754102.json,optional_missing,404,0,,3754102.0,three-sixty
https://raw.githubusercontent.com/statsbomb/open-data/master/data/lineups/3753999.json,/content/drive/MyDrive/ml_project/code/data_pipeline/results/Premier_League_2015_16_DATA_ONLY_FULL_REAL/data/bronze/statsbomb/lineups/3753999.json,downloaded,200,16576,b2aeef6d82c8553b27756d0344170493679436322346c1c99d9388401c1172da,3753999.0,lineups
https://raw.githubusercontent.com/statsbomb/open-data/master/data/events/3753999.json,/content/drive/MyDrive/ml_project/code/data_pipeline/results/Premier_League_2015_16_DATA_ONLY_FULL_REAL/data/bronze/statsbomb/events/3753999.json,downloaded,200,3095200,fdb2cbb3631d5bb4b9b474199cce412aebc1e814b36d5f95671c41c8e82fa12a,3753999.0,events
https://raw.githubusercontent.com/statsbomb/open-data/master/data/lineups/3754269.json,/content/drive/MyDrive/ml_project/code/data_pipeline/results/Premier_League_2015_16_DATA_ONLY_FULL_REAL/data/bronze/statsbomb/lineups/3754269.json,downloaded,200,17685,762345b085587434db5046dc0cdb4f144d704da26f957eb534e10f0dc1b802ba,3754269.0,lineups
https://raw.githubusercontent.com/statsbomb/open-data/master/data/three-sixty/3754269.json,/content/drive/MyDrive/ml_project/code/data_pipeline/results/Premier_League_2015_16_DATA_ONLY_FULL_REAL/data/bronze/statsbomb/three-sixty/3754269.json,optional_missing,404,0,,3754269.0,three-sixty
https://raw.githubusercontent.com/statsbomb/open-data/master/data/lineups/3754017.json,/content/drive/MyDrive/ml_project/code/data_pipeline/results/Premier_League_2015_16_DATA_ONLY_FULL_REAL/data/bronze/statsbomb/lineups/3754017.json,downloaded,200,16088,df959e8c58049c41bc0d1ec7a693a058324fc7dd3af91a8f3b544ae5937c51d3,3754017.0,lineups
https://raw.githubusercontent.com/statsbomb/open-data/master/data/three-sixty/3754017.json,/content/drive/MyDrive/ml_project/code/data_pipeline/results/Premier_League_2015_16_DATA_ONLY_FULL_REAL/data/bronze/statsbomb/three-sixty/3754017.json,optional_missing,404,0,,3754017.0,three-sixty
https://raw.githubusercontent.com/statsbomb/open-data/master/data/lineups/3754091.json,/content/drive/MyDrive/ml_project/code/data_pipeline/results/Premier_League_2015_16_DATA_ONLY_FULL_REAL/data/bronze/statsbomb/lineups/3754091.json,downloaded,200,16399,babbb061e6be6deb4223b6ae40770b3b35fe6a864dd42aaf7a732e744fea628f,3754091.0,lineups
https://raw.githubusercontent.com/statsbomb/open-data/master/data/three-sixty/3754091.json,/content/drive/MyDrive/ml_project/code/data_pipeline/results/Premier_League_2015_16_DATA_ONLY_FULL_REAL/data/bronze/statsbomb/three-sixty/3754091.json,optional_missing,404,0,,3754091.0,three-sixty
https://raw.githubusercontent.com/statsbomb/open-data/master/data/events/3754017.json,/content/drive/MyDrive/ml_project/code/data_pipeline/results/Premier_League_2015_16_DATA_ONLY_FULL_REAL/data/bronze/statsbomb/events/3754017.json,downloaded,200,2706020,9c01b7beb2fd11c1533cb50a41d9375939947c9b70e7d715671261dc8d59f3ec,3754017.0,events
https://raw.githubusercontent.com/statsbomb/open-data/master/data/events/3754269.json,/content/drive/MyDrive/ml_project/code/data_pipeline/results/Premier_League_2015_16_DATA_ONLY_FULL_REAL/data/bronze/statsbomb/events/3754269.json,downloaded,200,3198046,2eb6a73bc40e6363a9b9908cf690dcb92349ca9bf96822f332cec1de98ac665e,3754269.0,events
https://raw.githubusercontent.com/statsbomb/open-data/master/data/events/3754102.json,/content/drive/MyDrive/ml_project/code/data_pipeline/results/Premier_League_2015_16_DATA_ONLY_FULL_REAL/data/bronze/statsbomb/events/3754102.json,downloaded,200,2855225,641f16ba3ea0ad0a5c7d292f2b871eb746ba7e3533e0904c51e02fff6bbdae17,3754102.0,events
https://raw.githubusercontent.com/statsbomb/open-data/master/data/three-sixty/3754133.json,/content/drive/MyDrive/ml_project/code/data_pipeline/results/Premier_League_2015_16_DATA_ONLY_FULL_REAL/data/bronze/statsbomb/three-sixty/3754133.json,optional_missing,404,0,,3754133.0,three-sixty
https://raw.githubusercontent.com/statsbomb/open-data/master/data/lineups/3754263.json,/content/drive/MyDrive/ml_project/code/data_pipeline/results/Premier_League_2015_16_DATA_ONLY_FULL_REAL/data/bronze/statsbomb/lineups/3754263.json,downloaded,200,15745,1f40de29e16fa26cf7aae9090a1c242e7ff9501d72cbec0e8f8964560da9f9a5,3754263.0,lineups
https://raw.githubusercontent.com/statsbomb/open-data/master/data/three-sixty/3754263.json,/content/drive/MyDrive/ml_project/code/data_pipeline/results/Premier_League_2015_16_DATA_ONLY_FULL_REAL/data/bronze/statsbomb/three-sixty/3754263.json,optional_missing,404,0,,3754263.0,three-sixty
https://raw.githubusercontent.com/statsbomb/open-data/master/data/events/3754133.json,/content/drive/MyDrive/ml_project/code/data_pipeline/results/Premier_League_2015_16_DATA_ONLY_FULL_REAL/data/bronze/statsbomb/events/3754133.json,downloaded,200,2612949,dd5c775aeb58ed22da57dcf9cee3a47cfdf385f997a7cf3cfbebadf38156eddf,3754133.0,events
https://raw.githubusercontent.com/statsbomb/open-data/master/data/events/3754091.json,/content/drive/MyDrive/ml_project/code/data_pipeline/results/Premier_League_2015_16_DATA_ONLY_FULL_REAL/data/bronze/statsbomb/events/3754091.json,downloaded,200,2673047,8d71df77e095e8a71f6a6c314108eff817268e60b5549a652ff73608faaf7480,3754091.0,events
https://raw.githubusercontent.com/statsbomb/open-data/master/data/lineups/3754133.json,/content/drive/MyDrive/ml_project/code/data_pipeline/results/Premier_League_2015_16_DATA_ONLY_FULL_REAL/data/bronze/statsbomb/lineups/3754133.json,downloaded,200,16547,4b574c9c63856bb8a3209cdb99125e0e93a463f9ec646c47fc57347320b7f04d,3754133.0,lineups
https://raw.githubusercontent.com/statsbomb/open-data/master/data/three-sixty/3754288.json,/content/drive/MyDrive/ml_project/code/data_pipeline/results/Premier_League_2015_16_DATA_ONLY_FULL_REAL/data/bronze/statsbomb/three-sixty/3754288.json,optional_missing,404,0,,3754288.0,three-sixty
https://raw.githubusercontent.com/statsbomb/open-data/master/data/lineups/3754288.json,/content/drive/MyDrive/ml_project/code/data_pipeline/results/Premier_League_2015_16_DATA_ONLY_FULL_REAL/data/bronze/statsbomb/lineups/3754288.json,downloaded,200,19046,ddb788e00b0ca6b2a68a37f5977b722305c671f37e150524644eb9ce89a50ed9,3754288.0,lineups
https://raw.githubusercontent.com/statsbomb/open-data/master/data/lineups/3754126.json,/content/drive/MyDrive/ml_project/code/data_pipeline/results/Premier_League_2015_16_DATA_ONLY_FULL_REAL/data/bronze/statsbomb/lineups/3754126.json,downloaded,200,16661,37f4c16fc24ad48eba237e8bce05e1b8aef6d88915a116171adc5da73d452bd6,3754126.0,lineups
https://raw.githubusercontent.com/statsbomb/open-data/master/data/events/3754288.json,/content/drive/MyDrive/ml_project/code/data_pipeline/results/Premier_League_2015_16_DATA_ONLY_FULL_REAL/data/bronze/statsbomb/events/3754288.json,downloaded,200,2719844,740ff49347291252a573a8e56e08bf48e997edfe99eeaee5d73b705b226ade9b,3754288.0,events
https://raw.githubusercontent.com/statsbomb/open-data/master/data/three-sixty/3754126.json,/content/drive/MyDrive/ml_project/code/data_pipeline/results/Premier_League_2015_16_DATA_ONLY_FULL_REAL/data/bronze/statsbomb/three-sixty/3754126.json,optional_missing,404,0,,3754126.0,three-sixty
https://raw.githubusercontent.com/statsbomb/open-data/master/data/events/3754263.json,/content/drive/MyDrive/ml_project/code/data_pipeline/results/Premier_League_2015_16_DATA_ONLY_FULL_REAL/data/bronze/statsbomb/events/3754263.json,downloaded,200,2869706,aa6aa0718a90687fc01c370a904bce764304252981689148dcbbdf638b91df29,3754263.0,events
https://raw.githubusercontent.com/statsbomb/open-data/master/data/lineups/3754119.json,/content/drive/MyDrive/ml_project/code/data_pipeline/results/Premier_League_2015_16_DATA_ONLY_FULL_REAL/data/bronze/statsbomb/lineups/3754119.json,downloaded,200,19331,4300eb68fff72d82e399f9e54d281ccee64d0ed473b793b13e2392009bee9505,3754119.0,lineups
https://raw.githubusercontent.com/statsbomb/open-data/master/data/three-sixty/3754119.json,/content/drive/MyDrive/ml_project/code/data_pipeline/results/Premier_League_2015_16_DATA_ONLY_FULL_REAL/data/bronze/statsbomb/three-sixty/3754119.json,optional_missing,404,0,,3754119.0,three-sixty
https://raw.githubusercontent.com/statsbomb/open-data/master/data/three-sixty/3754015.json,/content/drive/MyDrive/ml_project/code/data_pipeline/results/Premier_League_2015_16_DATA_ONLY_FULL_REAL/data/bronze/statsbomb/three-sixty/3754015.json,optional_missing,404,0,,3754015.0,three-sixty
https://raw.githubusercontent.com/statsbomb/open-data/master/data/lineups/3754015.json,/content/drive/MyDrive/ml_project/code/data_pipeline/results/Premier_League_2015_16_DATA_ONLY_FULL_REAL/data/bronze/statsbomb/lineups/3754015.json,downloaded,200,17625,a91a0c4837fb6e2c95a58478187975e01062845d965adb372c8bf72df0ebe714,3754015.0,lineups
https://raw.githubusercontent.com/statsbomb/open-data/master/data/events/3754126.json,/content/drive/MyDrive/ml_project/code/data_pipeline/results/Premier_League_2015_16_DATA_ONLY_FULL_REAL/data/bronze/statsbomb/events/3754126.json,downloaded,200,3199984,8bb13f04de8423645c8e317f59e2354946ac7f94a06b46235acbf3877ad25dce,3754126.0,events
https://raw.githubusercontent.com/statsbomb/open-data/master/data/events/3754119.json,/content/drive/MyDrive/ml_project/code/data_pipeline/results/Premier_League_2015_16_DATA_ONLY_FULL_REAL/data/bronze/statsbomb/events/3754119.json,downloaded,200,2610319,9a99f19bf9121862dba82152f80a396ed389548f8a3dec3e319b55c360942a2b,3754119.0,events
https://raw.githubusercontent.com/statsbomb/open-data/master/data/three-sixty/3754234.json,/content/drive/MyDrive/ml_project/code/data_pipeline/results/Premier_League_2015_16_DATA_ONLY_FULL_REAL/data/bronze/statsbomb/three-sixty/3754234.json,optional_missing,404,0,,3754234.0,three-sixty
https://raw.githubusercontent.com/statsbomb/open-data/master/data/events/3754015.json,/content/drive/MyDrive/ml_project/code/data_pipeline/results/Premier_League_2015_16_DATA_ONLY_FULL_REAL/data/bronze/statsbomb/events/3754015.json,downloaded,200,3125815,c77bfa7adc650909105809517f9a3020534d8ca90613883e200794bff49582e6,3754015.0,events
https://raw.githubusercontent.com/statsbomb/open-data/master/data/lineups/3754234.json,/content/drive/MyDrive/ml_project/code/data_pipeline/results/Premier_League_2015_16_DATA_ONLY_FULL_REAL/data/bronze/statsbomb/lineups/3754234.json,downloaded,200,15674,14291781f4d8c327436a9110c1d544e2bf62dcba2d5e36c24d6c64403f0d2feb,3754234.0,lineups
https://raw.githubusercontent.com/statsbomb/open-data/master/data/lineups/3754230.json,/content/drive/MyDrive/ml_project/code/data_pipeline/results/Premier_League_2015_16_DATA_ONLY_FULL_REAL/data/bronze/statsbomb/lineups/3754230.json,downloaded,200,16199,6a588cf0e8d624642c455e28f5ff0a84b1bc524adcac796d0ec2ce67aba94821,3754230.0,lineups
https://raw.githubusercontent.com/statsbomb/open-data/master/data/lineups/3754098.json,/content/drive/MyDrive/ml_project/code/data_pipeline/results/Premier_League_2015_16_DATA_ONLY_FULL_REAL/data/bronze/statsbomb/lineups/3754098.json,downloaded,200,18504,ac1d5b760a11ffcd0fc1496787bf071b6a1ec31fe17d1e18f0560169947edf35,3754098.0,lineups
https://raw.githubusercontent.com/statsbomb/open-data/master/data/three-sixty/3754098.json,/content/drive/MyDrive/ml_project/code/data_pipeline/results/Premier_League_2015_16_DATA_ONLY_FULL_REAL/data/bronze/statsbomb/three-sixty/3754098.json,optional_missing,404,0,,3754098.0,three-sixty
https://raw.githubusercontent.com/statsbomb/open-data/master/data/three-sixty/3754230.json,/content/drive/MyDrive/ml_project/code/data_pipeline/results/Premier_League_2015_16_DATA_ONLY_FULL_REAL/data/bronze/statsbomb/three-sixty/3754230.json,optional_missing,404,0,,3754230.0,three-sixty
https://raw.githubusercontent.com/statsbomb/open-data/master/data/events/3754234.json,/content/drive/MyDrive/ml_project/code/data_pipeline/results/Premier_League_2015_16_DATA_ONLY_FULL_REAL/data/bronze/statsbomb/events/3754234.json,downloaded,200,3026809,b4b7279a1325c11a428b1af74991d33cfb17ce6598846afc758e321a2efdaea4,3754234.0,events
https://raw.githubusercontent.com/statsbomb/open-data/master/data/events/3754230.json,/content/drive/MyDrive/ml_project/code/data_pipeline/results/Premier_League_2015_16_DATA_ONLY_FULL_REAL/data/bronze/statsbomb/events/3754230.json,downloaded,200,3087913,60366b4e5a736e40f4cdf62c8825f6d194d17c18c0ac65d9afeb1cfd003ef6af,3754230.0,events
https://raw.githubusercontent.com/statsbomb/open-data/master/data/lineups/3753983.json,/content/drive/MyDrive/ml_project/code/data_pipeline/results/Premier_League_2015_16_DATA_ONLY_FULL_REAL/data/bronze/statsbomb/lineups/3753983.json,downloaded,200,17203,cd7da4103ef4ff5756108203eda50681614bc5b7d7105443127d8d86011d799f,3753983.0,lineups
https://raw.githubusercontent.com/statsbomb/open-data/master/data/three-sixty/3753983.json,/content/drive/MyDrive/ml_project/code/data_pipeline/results/Premier_League_2015_16_DATA_ONLY_FULL_REAL/data/bronze/statsbomb/three-sixty/3753983.json,optional_missing,404,0,,3753983.0,three-sixty
https://raw.githubusercontent.com/statsbomb/open-data/master/data/lineups/3754006.json,/content/drive/MyDrive/ml_project/code/data_pipeline/results/Premier_League_2015_16_DATA_ONLY_FULL_REAL/data/bronze/statsbomb/lineups/3754006.json,downloaded,200,17158,22347b2e6372512943da2ac9c936a020986190f15690b1a1bf9e3e072be6fe0c,3754006.0,lineups
https://raw.githubusercontent.com/statsbomb/open-data/master/data/three-sixty/3754006.json,/content/drive/MyDrive/ml_project/code/data_pipeline/results/Premier_League_2015_16_DATA_ONLY_FULL_REAL/data/bronze/statsbomb/three-sixty/3754006.json,optional_missing,404,0,,3754006.0,three-sixty
https://raw.githubusercontent.com/statsbomb/open-data/master/data/lineups/3754090.json,/content/drive/MyDrive/ml_project/code/data_pipeline/results/Premier_League_2015_16_DATA_ONLY_FULL_REAL/data/bronze/statsbomb/lineups/3754090.json,downloaded,200,16559,e7b6109d6efd6ba392659de997752ccdc79c330ea7ee5dcdedbf2f6211c83197,3754090.0,lineups
https://raw.githubusercontent.com/statsbomb/open-data/master/data/events/3754006.json,/content/drive/MyDrive/ml_project/code/data_pipeline/results/Premier_League_2015_16_DATA_ONLY_FULL_REAL/data/bronze/statsbomb/events/3754006.json,downloaded,200,2467914,0b4e1d20660a86835e4faba4a5f428b318917be5824fd2550d5735e4fd7cfa81,3754006.0,events
https://raw.githubusercontent.com/statsbomb/open-data/master/data/events/3753983.json,/content/drive/MyDrive/ml_project/code/data_pipeline/results/Premier_League_2015_16_DATA_ONLY_FULL_REAL/data/bronze/statsbomb/events/3753983.json,downloaded,200,3144822,90615f80e3c6da5c35c6c2aeb7cd1337d83b46792bd1c3562abf1d85e7f1897b,3753983.0,events
https://raw.githubusercontent.com/statsbomb/open-data/master/data/three-sixty/3754090.json,/content/drive/MyDrive/ml_project/code/data_pipeline/results/Premier_League_2015_16_DATA_ONLY_FULL_REAL/data/bronze/statsbomb/three-sixty/3754090.json,optional_missing,404,0,,3754090.0,three-sixty
https://raw.githubusercontent.com/statsbomb/open-data/master/data/lineups/3754167.json,/content/drive/MyDrive/ml_project/code/data_pipeline/results/Premier_League_2015_16_DATA_ONLY_FULL_REAL/data/bronze/statsbomb/lineups/3754167.json,downloaded,200,17937,b2dea502371503dd23d4a6aee668c2c6c5b4f81753dd3af5b4bcd1b7b182c250,3754167.0,lineups
https://raw.githubusercontent.com/statsbomb/open-data/master/data/events/3754098.json,/content/drive/MyDrive/ml_project/code/data_pipeline/results/Premier_League_2015_16_DATA_ONLY_FULL_REAL/data/bronze/statsbomb/events/3754098.json,downloaded,200,3215003,7a5d6c1c6f86dcb18ec1e733363ff294d6dc3feea94536eb60fe6f70b482b7c5,3754098.0,events
https://raw.githubusercontent.com/statsbomb/open-data/master/data/three-sixty/3754167.json,/content/drive/MyDrive/ml_project/code/data_pipeline/results/Premier_League_2015_16_DATA_ONLY_FULL_REAL/data/bronze/statsbomb/three-sixty/3754167.json,optional_missing,404,0,,3754167.0,three-sixty
https://raw.githubusercontent.com/statsbomb/open-data/master/data/lineups/3754223.json,/content/drive/MyDrive/ml_project/code/data_pipeline/results/Premier_League_2015_16_DATA_ONLY_FULL_REAL/data/bronze/statsbomb/lineups/3754223.json,downloaded,200,16806,0fecc7b953534ffb6953612343a4bde6491b04c25d93e12ebbfbba043cd5b1ce,3754223.0,lineups
https://raw.githubusercontent.com/statsbomb/open-data/master/data/three-sixty/3754223.json,/content/drive/MyDrive/ml_project/code/data_pipeline/results/Premier_League_2015_16_DATA_ONLY_FULL_REAL/data/bronze/statsbomb/three-sixty/3754223.json,optional_missing,404,0,,3754223.0,three-sixty
https://raw.githubusercontent.com/statsbomb/open-data/master/data/events/3754090.json,/content/drive/MyDrive/ml_project/code/data_pipeline/results/Premier_League_2015_16_DATA_ONLY_FULL_REAL/data/bronze/statsbomb/events/3754090.json,downloaded,200,2649976,0b8a5c189bd029204f430268f33cd61e6907b11bf47f5170536b44f8a0f03c76,3754090.0,events
https://raw.githubusercontent.com/statsbomb/open-data/master/data/lineups/3754273.json,/content/drive/MyDrive/ml_project/code/data_pipeline/results/Premier_League_2015_16_DATA_ONLY_FULL_REAL/data/bronze/statsbomb/lineups/3754273.json,downloaded,200,19300,de2a3ea5891ce453c88c776583365e99b9992357c32dac9a21163c329911227f,3754273.0,lineups
https://raw.githubusercontent.com/statsbomb/open-data/master/data/three-sixty/3754273.json,/content/drive/MyDrive/ml_project/code/data_pipeline/results/Premier_League_2015_16_DATA_ONLY_FULL_REAL/data/bronze/statsbomb/three-sixty/3754273.json,optional_missing,404,0,,3754273.0,three-sixty
https://raw.githubusercontent.com/statsbomb/open-data/master/data/events/3754167.json,/content/drive/MyDrive/ml_project/code/data_pipeline/results/Premier_League_2015_16_DATA_ONLY_FULL_REAL/data/bronze/statsbomb/events/3754167.json,downloaded,200,3212591,53368f4d45b34882fb38249140e78c46f03795e1b2cbcc60f6c70dcbf2a565c2,3754167.0,events
https://raw.githubusercontent.com/statsbomb/open-data/master/data/lineups/3754082.json,/content/drive/MyDrive/ml_project/code/data_pipeline/results/Premier_League_2015_16_DATA_ONLY_FULL_REAL/data/bronze/statsbomb/lineups/3754082.json,downloaded,200,19024,cfbb29922feb7e2c61321a4786af68d2d66e38ff3baf1bfa63abf24934bc449a,3754082.0,lineups
https://raw.githubusercontent.com/statsbomb/open-data/master/data/events/3754223.json,/content/drive/MyDrive/ml_project/code/data_pipeline/results/Premier_League_2015_16_DATA_ONLY_FULL_REAL/data/bronze/statsbomb/events/3754223.json,downloaded,200,2739644,1a46d9a7f2e31fb730f0473ff3e3c801ea2f7ccdc63a789daa6ceaedd80362e5,3754223.0,events
https://raw.githubusercontent.com/statsbomb/open-data/master/data/three-sixty/3754082.json,/content/drive/MyDrive/ml_project/code/data_pipeline/results/Premier_League_2015_16_DATA_ONLY_FULL_REAL/data/bronze/statsbomb/three-sixty/3754082.json,optional_missing,404,0,,3754082.0,three-sixty
https://raw.githubusercontent.com/statsbomb/open-data/master/data/events/3754082.json,/content/drive/MyDrive/ml_project/code/data_pipeline/results/Premier_League_2015_16_DATA_ONLY_FULL_REAL/data/bronze/statsbomb/events/3754082.json,downloaded,200,3117257,d32371a6ba27f0cbb0f7abcfe19825e836b7a3d8547d6ce4520390acfadfc5d6,3754082.0,events
https://raw.githubusercontent.com/statsbomb/open-data/master/data/lineups/3754191.json,/content/drive/MyDrive/ml_project/code/data_pipeline/results/Premier_League_2015_16_DATA_ONLY_FULL_REAL/data/bronze/statsbomb/lineups/3754191.json,downloaded,200,17922,94dca741aceabdd406db78b02ec993082a36f821c351733aa7f30aee8243fe80,3754191.0,lineups
https://raw.githubusercontent.com/statsbomb/open-data/master/data/three-sixty/3754191.json,/content/drive/MyDrive/ml_project/code/data_pipeline/results/Premier_League_2015_16_DATA_ONLY_FULL_REAL/data/bronze/statsbomb/three-sixty/3754191.json,optional_missing,404,0,,3754191.0,three-sixty
https://raw.githubusercontent.com/statsbomb/open-data/master/data/three-sixty/3754029.json,/content/drive/MyDrive/ml_project/code/data_pipeline/results/Premier_League_2015_16_DATA_ONLY_FULL_REAL/data/bronze/statsbomb/three-sixty/3754029.json,optional_missing,404,0,,3754029.0,three-sixty
https://raw.githubusercontent.com/statsbomb/open-data/master/data/lineups/3754029.json,/content/drive/MyDrive/ml_project/code/data_pipeline/results/Premier_League_2015_16_DATA_ONLY_FULL_REAL/data/bronze/statsbomb/lineups/3754029.json,downloaded,200,17739,32556508aa1c8a132881e306034ac4ed5bb14639e6cc87d10a81faa69628ad84,3754029.0,lineups
https://raw.githubusercontent.com/statsbomb/open-data/master/data/events/3754191.json,/content/drive/MyDrive/ml_project/code/data_pipeline/results/Premier_League_2015_16_DATA_ONLY_FULL_REAL/data/bronze/statsbomb/events/3754191.json,downloaded,200,3233496,016f9e96b45d1ca4fe3e7b885a510dd16a19bf3e9008d18d08ab2e05641d8889,3754191.0,events
https://raw.githubusercontent.com/statsbomb/open-data/master/data/three-sixty/3754238.json,/content/drive/MyDrive/ml_project/code/data_pipeline/results/Premier_League_2015_16_DATA_ONLY_FULL_REAL/data/bronze/statsbomb/three-sixty/3754238.json,optional_missing,404,0,,3754238.0,three-sixty
https://raw.githubusercontent.com/statsbomb/open-data/master/data/events/3754273.json,/content/drive/MyDrive/ml_project/code/data_pipeline/results/Premier_League_2015_16_DATA_ONLY_FULL_REAL/data/bronze/statsbomb/events/3754273.json,downloaded,200,2757518,2f884b3d0c5e3fd16e370b3348f94a1410c21b33b0289398e34cc25a65f70d19,3754273.0,events
https://raw.githubusercontent.com/statsbomb/open-data/master/data/lineups/3754238.json,/content/drive/MyDrive/ml_project/code/data_pipeline/results/Premier_League_2015_16_DATA_ONLY_FULL_REAL/data/bronze/statsbomb/lineups/3754238.json,downloaded,200,18352,8653a8cc94b6546d92ebfae2a02405cdffa4a74a3b6bac1c44a8dfa925de3604,3754238.0,lineups
https://raw.githubusercontent.com/statsbomb/open-data/master/data/three-sixty/3754000.json,/content/drive/MyDrive/ml_project/code/data_pipeline/results/Premier_League_2015_16_DATA_ONLY_FULL_REAL/data/bronze/statsbomb/three-sixty/3754000.json,optional_missing,404,0,,3754000.0,three-sixty
https://raw.githubusercontent.com/statsbomb/open-data/master/data/events/3754029.json,/content/drive/MyDrive/ml_project/code/data_pipeline/results/Premier_League_2015_16_DATA_ONLY_FULL_REAL/data/bronze/statsbomb/events/3754029.json,downloaded,200,2969753,a74fb8b25d737f8b9880e347e755e8fe3d1380dc89097697272c85b725e22b25,3754029.0,events
https://raw.githubusercontent.com/statsbomb/open-data/master/data/lineups/3754000.json,/content/drive/MyDrive/ml_project/code/data_pipeline/results/Premier_League_2015_16_DATA_ONLY_FULL_REAL/data/bronze/statsbomb/lineups/3754000.json,downloaded,200,18184,b07517ce5e25b5a04e24f90a6255bfc855591497972e129c003af7de6216fae3,3754000.0,lineups
https://raw.githubusercontent.com/statsbomb/open-data/master/data/events/3754000.json,/content/drive/MyDrive/ml_project/code/data_pipeline/results/Premier_League_2015_16_DATA_ONLY_FULL_REAL/data/bronze/statsbomb/events/3754000.json,downloaded,200,2776269,16ee644dde9af15e5a32082dc961d57745ef25afbab12770861511815c57eca0,3754000.0,events
https://raw.githubusercontent.com/statsbomb/open-data/master/data/three-sixty/3754156.json,/content/drive/MyDrive/ml_project/code/data_pipeline/results/Premier_League_2015_16_DATA_ONLY_FULL_REAL/data/bronze/statsbomb/three-sixty/3754156.json,optional_missing,404,0,,3754156.0,three-sixty
https://raw.githubusercontent.com/statsbomb/open-data/master/data/lineups/3754156.json,/content/drive/MyDrive/ml_project/code/data_pipeline/results/Premier_League_2015_16_DATA_ONLY_FULL_REAL/data/bronze/statsbomb/lineups/3754156.json,downloaded,200,17236,ebf8816fcef3a81a8463063c4fc339c01f3849a333b7f27ebb9f3f9bcc181448,3754156.0,lineups
https://raw.githubusercontent.com/statsbomb/open-data/master/data/lineups/3754194.json,/content/drive/MyDrive/ml_project/code/data_pipeline/results/Premier_League_2015_16_DATA_ONLY_FULL_REAL/data/bronze/statsbomb/lineups/3754194.json,downloaded,200,15738,7fa77b5ff329461540944e147d6e5ed617c33b934282bac49c0afccb3e59ff4b,3754194.0,lineups
https://raw.githubusercontent.com/statsbomb/open-data/master/data/three-sixty/3754194.json,/content/drive/MyDrive/ml_project/code/data_pipeline/results/Premier_League_2015_16_DATA_ONLY_FULL_REAL/data/bronze/statsbomb/three-sixty/3754194.json,optional_missing,404,0,,3754194.0,three-sixty
https://raw.githubusercontent.com/statsbomb/open-data/master/data/lineups/3754297.json,/content/drive/MyDrive/ml_project/code/data_pipeline/results/Premier_League_2015_16_DATA_ONLY_FULL_REAL/data/bronze/statsbomb/lineups/3754297.json,downloaded,200,18105,7489505299c6c7f21cc8be3ecdfed083c6253a17f9b12e4ec0a5b7a520576c30,3754297.0,lineups
https://raw.githubusercontent.com/statsbomb/open-data/master/data/three-sixty/3754297.json,/content/drive/MyDrive/ml_project/code/data_pipeline/results/Premier_League_2015_16_DATA_ONLY_FULL_REAL/data/bronze/statsbomb/three-sixty/3754297.json,optional_missing,404,0,,3754297.0,three-sixty
https://raw.githubusercontent.com/statsbomb/open-data/master/data/events/3754238.json,/content/drive/MyDrive/ml_project/code/data_pipeline/results/Premier_League_2015_16_DATA_ONLY_FULL_REAL/data/bronze/statsbomb/events/3754238.json,downloaded,200,2974393,114057f169d8e055d385d13c0e8a8a06b2fc5482f274ee8c7d55f7d854c33b91,3754238.0,events
https://raw.githubusercontent.com/statsbomb/open-data/master/data/events/3754156.json,/content/drive/MyDrive/ml_project/code/data_pipeline/results/Premier_League_2015_16_DATA_ONLY_FULL_REAL/data/bronze/statsbomb/events/3754156.json,downloaded,200,2791613,e48e7678f0311c57c581623c2a2ae13c7b96dee6d3f72886b1bcb400e0039c0d,3754156.0,events
https://raw.githubusercontent.com/statsbomb/open-data/master/data/lineups/3754311.json,/content/drive/MyDrive/ml_project/code/data_pipeline/results/Premier_League_2015_16_DATA_ONLY_FULL_REAL/data/bronze/statsbomb/lineups/3754311.json,downloaded,200,17337,f3c1ebb1d7d4070f338ecc5c69406ed419f01cdc564e1e7941875fb4738ad6cf,3754311.0,lineups
https://raw.githubusercontent.com/statsbomb/open-data/master/data/three-sixty/3754311.json,/content/drive/MyDrive/ml_project/code/data_pipeline/results/Premier_League_2015_16_DATA_ONLY_FULL_REAL/data/bronze/statsbomb/three-sixty/3754311.json,optional_missing,404,0,,3754311.0,three-sixty
https://raw.githubusercontent.com/statsbomb/open-data/master/data/events/3754297.json,/content/drive/MyDrive/ml_project/code/data_pipeline/results/Premier_League_2015_16_DATA_ONLY_FULL_REAL/data/bronze/statsbomb/events/3754297.json,downloaded,200,3094339,7d8e7b9f130fa002a7df0b2b772794f15f9d9cb6139f2b28c602d32ae85719b6,3754297.0,events
https://raw.githubusercontent.com/statsbomb/open-data/master/data/three-sixty/3754293.json,/content/drive/MyDrive/ml_project/code/data_pipeline/results/Premier_League_2015_16_DATA_ONLY_FULL_REAL/data/bronze/statsbomb/three-sixty/3754293.json,optional_missing,404,0,,3754293.0,three-sixty
https://raw.githubusercontent.com/statsbomb/open-data/master/data/events/3754194.json,/content/drive/MyDrive/ml_project/code/data_pipeline/results/Premier_League_2015_16_DATA_ONLY_FULL_REAL/data/bronze/statsbomb/events/3754194.json,downloaded,200,2909991,76c7dd0ed134ede71afe73b9aa16a43dbf68e72d68a09cdba84a2c951ed44d87,3754194.0,events
https://raw.githubusercontent.com/statsbomb/open-data/master/data/events/3754311.json,/content/drive/MyDrive/ml_project/code/data_pipeline/results/Premier_League_2015_16_DATA_ONLY_FULL_REAL/data/bronze/statsbomb/events/3754311.json,downloaded,200,3124507,d1e3299408b4a2f8d9c370ed7a13a267abd9d8f2a79afcac4e7d0836b410da97,3754311.0,events
https://raw.githubusercontent.com/statsbomb/open-data/master/data/lineups/3754293.json,/content/drive/MyDrive/ml_project/code/data_pipeline/results/Premier_League_2015_16_DATA_ONLY_FULL_REAL/data/bronze/statsbomb/lineups/3754293.json,downloaded,200,20572,bdef9e37d82bd11b295d13d23367437e4300f52133331355e24df4164dd964fb,3754293.0,lineups
https://raw.githubusercontent.com/statsbomb/open-data/master/data/three-sixty/3754258.json,/content/drive/MyDrive/ml_project/code/data_pipeline/results/Premier_League_2015_16_DATA_ONLY_FULL_REAL/data/bronze/statsbomb/three-sixty/3754258.json,optional_missing,404,0,,3754258.0,three-sixty
https://raw.githubusercontent.com/statsbomb/open-data/master/data/lineups/3754258.json,/content/drive/MyDrive/ml_project/code/data_pipeline/results/Premier_League_2015_16_DATA_ONLY_FULL_REAL/data/bronze/statsbomb/lineups/3754258.json,downloaded,200,17678,229a7fdc96b7befc4ad5308d91fcb745b17ba719565341d29242d89b3c1d47f5,3754258.0,lineups
https://raw.githubusercontent.com/statsbomb/open-data/master/data/events/3754258.json,/content/drive/MyDrive/ml_project/code/data_pipeline/results/Premier_League_2015_16_DATA_ONLY_FULL_REAL/data/bronze/statsbomb/events/3754258.json,downloaded,200,3134245,e0c8d30f2d256fe124a46214559531dc916cbd9897648d1b94d6ec813720f9fb,3754258.0,events
https://raw.githubusercontent.com/statsbomb/open-data/master/data/events/3754293.json,/content/drive/MyDrive/ml_project/code/data_pipeline/results/Premier_League_2015_16_DATA_ONLY_FULL_REAL/data/bronze/statsbomb/events/3754293.json,downloaded,200,2643608,e547e259563b1f43243d0b84905b40946db8da989c5a28418bf074151a13b5ac,3754293.0,events
https://raw.githubusercontent.com/statsbomb/open-data/master/data/lineups/3754265.json,/content/drive/MyDrive/ml_project/code/data_pipeline/results/Premier_League_2015_16_DATA_ONLY_FULL_REAL/data/bronze/statsbomb/lineups/3754265.json,downloaded,200,16751,7a7535c759afc6a3c620ca9145a9bc8cd9c44c74f2cbd01c5a9e8314a80fbbb6,3754265.0,lineups
https://raw.githubusercontent.com/statsbomb/open-data/master/data/three-sixty/3754265.json,/content/drive/MyDrive/ml_project/code/data_pipeline/results/Premier_League_2015_16_DATA_ONLY_FULL_REAL/data/bronze/statsbomb/three-sixty/3754265.json,optional_missing,404,0,,3754265.0,three-sixty
https://raw.githubusercontent.com/statsbomb/open-data/master/data/three-sixty/3754351.json,/content/drive/MyDrive/ml_project/code/data_pipeline/results/Premier_League_2015_16_DATA_ONLY_FULL_REAL/data/bronze/statsbomb/three-sixty/3754351.json,optional_missing,404,0,,3754351.0,three-sixty
https://raw.githubusercontent.com/statsbomb/open-data/master/data/lineups/3754351.json,/content/drive/MyDrive/ml_project/code/data_pipeline/results/Premier_League_2015_16_DATA_ONLY_FULL_REAL/data/bronze/statsbomb/lineups/3754351.json,downloaded,200,16053,f97af7799387540f7de61d3a54e6f81e8da2e376666dec1897366de15394b6c1,3754351.0,lineups
https://raw.githubusercontent.com/statsbomb/open-data/master/data/events/3754265.json,/content/drive/MyDrive/ml_project/code/data_pipeline/results/Premier_League_2015_16_DATA_ONLY_FULL_REAL/data/bronze/statsbomb/events/3754265.json,downloaded,200,2962453,8f6dc32e555f78daf1c97d41f79920a51a5102b7eff310496364b87da17af2a7,3754265.0,events
https://raw.githubusercontent.com/statsbomb/open-data/master/data/three-sixty/3754185.json,/content/drive/MyDrive/ml_project/code/data_pipeline/results/Premier_League_2015_16_DATA_ONLY_FULL_REAL/data/bronze/statsbomb/three-sixty/3754185.json,optional_missing,404,0,,3754185.0,three-sixty
https://raw.githubusercontent.com/statsbomb/open-data/master/data/lineups/3754185.json,/content/drive/MyDrive/ml_project/code/data_pipeline/results/Premier_League_2015_16_DATA_ONLY_FULL_REAL/data/bronze/statsbomb/lineups/3754185.json,downloaded,200,18485,1b47ad3ca418957088b3f351152172ba50289287e77e76a51e94e2c7ede018e6,3754185.0,lineups
https://raw.githubusercontent.com/statsbomb/open-data/master/data/events/3754351.json,/content/drive/MyDrive/ml_project/code/data_pipeline/results/Premier_League_2015_16_DATA_ONLY_FULL_REAL/data/bronze/statsbomb/events/3754351.json,downloaded,200,2721330,3d6b31469c7b65b2093ef938d99a90d93a2b414292d0000a212b7b8825c6e159,3754351.0,events
https://raw.githubusercontent.com/statsbomb/open-data/master/data/events/3754185.json,/content/drive/MyDrive/ml_project/code/data_pipeline/results/Premier_League_2015_16_DATA_ONLY_FULL_REAL/data/bronze/statsbomb/events/3754185.json,downloaded,200,2908627,03a0ae6f34b4386d4cf48b1dd9981c4ec5e4157b03f638caefcde5655d4b216c,3754185.0,events
https://raw.githubusercontent.com/statsbomb/open-data/master/data/lineups/3753972.json,/content/drive/MyDrive/ml_project/code/data_pipeline/results/Premier_League_2015_16_DATA_ONLY_FULL_REAL/data/bronze/statsbomb/lineups/3753972.json,downloaded,200,16945,3a0a8b81b5598623528aa11a03db5106237be4fbabd7be083af31c0494430161,3753972.0,lineups
https://raw.githubusercontent.com/statsbomb/open-data/master/data/events/3753972.json,/content/drive/MyDrive/ml_project/code/data_pipeline/results/Premier_League_2015_16_DATA_ONLY_FULL_REAL/data/bronze/statsbomb/events/3753972.json,downloaded,200,3156528,245dc37d4dd3b562e3834d62c7844e7b61b64565dbf22e596d461be64b10724b,3753972.0,events
https://raw.githubusercontent.com/statsbomb/open-data/master/data/three-sixty/3753996.json,/content/drive/MyDrive/ml_project/code/data_pipeline/results/Premier_League_2015_16_DATA_ONLY_FULL_REAL/data/bronze/statsbomb/three-sixty/3753996.json,optional_missing,404,0,,3753996.0,three-sixty
https://raw.githubusercontent.com/statsbomb/open-data/master/data/three-sixty/3753972.json,/content/drive/MyDrive/ml_project/code/data_pipeline/results/Premier_League_2015_16_DATA_ONLY_FULL_REAL/data/bronze/statsbomb/three-sixty/3753972.json,optional_missing,404,0,,3753972.0,three-sixty
https://raw.githubusercontent.com/statsbomb/open-data/master/data/lineups/3753996.json,/content/drive/MyDrive/ml_project/code/data_pipeline/results/Premier_League_2015_16_DATA_ONLY_FULL_REAL/data/bronze/statsbomb/lineups/3753996.json,downloaded,200,16388,230d71ac16e3c1fa915976fa325a42b9a6de6500db40d7ca17bc277b1261783e,3753996.0,lineups
https://raw.githubusercontent.com/statsbomb/open-data/master/data/lineups/3754211.json,/content/drive/MyDrive/ml_project/code/data_pipeline/results/Premier_League_2015_16_DATA_ONLY_FULL_REAL/data/bronze/statsbomb/lineups/3754211.json,downloaded,200,16508,90a3be0b3beb19ce5601637e682f2222584f9af880fbd4b1c463d2880684589e,3754211.0,lineups
https://raw.githubusercontent.com/statsbomb/open-data/master/data/events/3753996.json,/content/drive/MyDrive/ml_project/code/data_pipeline/results/Premier_League_2015_16_DATA_ONLY_FULL_REAL/data/bronze/statsbomb/events/3753996.json,downloaded,200,3087488,f16b522dd1749ab5b33d1cb952659fc3f0be3517de233761cfa5a423cba428a2,3753996.0,events
https://raw.githubusercontent.com/statsbomb/open-data/master/data/three-sixty/3754211.json,/content/drive/MyDrive/ml_project/code/data_pipeline/results/Premier_League_2015_16_DATA_ONLY_FULL_REAL/data/bronze/statsbomb/three-sixty/3754211.json,optional_missing,404,0,,3754211.0,three-sixty
https://raw.githubusercontent.com/statsbomb/open-data/master/data/lineups/3754247.json,/content/drive/MyDrive/ml_project/code/data_pipeline/results/Premier_League_2015_16_DATA_ONLY_FULL_REAL/data/bronze/statsbomb/lineups/3754247.json,downloaded,200,17880,6b2d126b1e4fd0cbbc23c15a4f86c0798b43cd2d78a674e3fe9fc866a758cd76,3754247.0,lineups
https://raw.githubusercontent.com/statsbomb/open-data/master/data/three-sixty/3754247.json,/content/drive/MyDrive/ml_project/code/data_pipeline/results/Premier_League_2015_16_DATA_ONLY_FULL_REAL/data/bronze/statsbomb/three-sixty/3754247.json,optional_missing,404,0,,3754247.0,three-sixty
https://raw.githubusercontent.com/statsbomb/open-data/master/data/lineups/3754283.json,/content/drive/MyDrive/ml_project/code/data_pipeline/results/Premier_League_2015_16_DATA_ONLY_FULL_REAL/data/bronze/statsbomb/lineups/3754283.json,downloaded,200,16640,6abea06b484b556ee77fd3148a82e4d12fc53a6cb3e7bb7788630b8ed809613d,3754283.0,lineups
https://raw.githubusercontent.com/statsbomb/open-data/master/data/three-sixty/3754283.json,/content/drive/MyDrive/ml_project/code/data_pipeline/results/Premier_League_2015_16_DATA_ONLY_FULL_REAL/data/bronze/statsbomb/three-sixty/3754283.json,optional_missing,404,0,,3754283.0,three-sixty
https://raw.githubusercontent.com/statsbomb/open-data/master/data/events/3754283.json,/content/drive/MyDrive/ml_project/code/data_pipeline/results/Premier_League_2015_16_DATA_ONLY_FULL_REAL/data/bronze/statsbomb/events/3754283.json,downloaded,200,3124564,6ba82602af1877eb78da5bbabce585d60e9c0962d15953725bfd5be1c7a49b85,3754283.0,events
https://raw.githubusercontent.com/statsbomb/open-data/master/data/events/3754247.json,/content/drive/MyDrive/ml_project/code/data_pipeline/results/Premier_League_2015_16_DATA_ONLY_FULL_REAL/data/bronze/statsbomb/events/3754247.json,downloaded,200,2983565,4b13a363a789eab5501f5db37ceeea332a297b07f564852a3abf043c214f0613,3754247.0,events
https://raw.githubusercontent.com/statsbomb/open-data/master/data/three-sixty/3754301.json,/content/drive/MyDrive/ml_project/code/data_pipeline/results/Premier_League_2015_16_DATA_ONLY_FULL_REAL/data/bronze/statsbomb/three-sixty/3754301.json,optional_missing,404,0,,3754301.0,three-sixty
https://raw.githubusercontent.com/statsbomb/open-data/master/data/lineups/3754301.json,/content/drive/MyDrive/ml_project/code/data_pipeline/results/Premier_League_2015_16_DATA_ONLY_FULL_REAL/data/bronze/statsbomb/lineups/3754301.json,downloaded,200,17407,8fb6087302d39dab02209aa4f6af139742605d9790d85715bfded3bfcc39ead4,3754301.0,lineups
https://raw.githubusercontent.com/statsbomb/open-data/master/data/lineups/3754208.json,/content/drive/MyDrive/ml_project/code/data_pipeline/results/Premier_League_2015_16_DATA_ONLY_FULL_REAL/data/bronze/statsbomb/lineups/3754208.json,downloaded,200,18577,aeef2408f28513a9bca2bc2a40cc99e038914d7ab89a7bf446b16d1b0fc25657,3754208.0,lineups
https://raw.githubusercontent.com/statsbomb/open-data/master/data/three-sixty/3754208.json,/content/drive/MyDrive/ml_project/code/data_pipeline/results/Premier_League_2015_16_DATA_ONLY_FULL_REAL/data/bronze/statsbomb/three-sixty/3754208.json,optional_missing,404,0,,3754208.0,three-sixty
https://raw.githubusercontent.com/statsbomb/open-data/master/data/events/3754211.json,/content/drive/MyDrive/ml_project/code/data_pipeline/results/Premier_League_2015_16_DATA_ONLY_FULL_REAL/data/bronze/statsbomb/events/3754211.json,downloaded,200,2866192,9e6e5f71eef1ebd9adb8d2902868741f53bcaaac18e1ca89c913c725306c7ed1,3754211.0,events
https://raw.githubusercontent.com/statsbomb/open-data/master/data/lineups/3754109.json,/content/drive/MyDrive/ml_project/code/data_pipeline/results/Premier_League_2015_16_DATA_ONLY_FULL_REAL/data/bronze/statsbomb/lineups/3754109.json,downloaded,200,16092,23ae25b401d4616780efb128e8d5c5623ece128068f775e0b969fe08eebf3d1b,3754109.0,lineups
https://raw.githubusercontent.com/statsbomb/open-data/master/data/three-sixty/3754109.json,/content/drive/MyDrive/ml_project/code/data_pipeline/results/Premier_League_2015_16_DATA_ONLY_FULL_REAL/data/bronze/statsbomb/three-sixty/3754109.json,optional_missing,404,0,,3754109.0,three-sixty
https://raw.githubusercontent.com/statsbomb/open-data/master/data/events/3754109.json,/content/drive/MyDrive/ml_project/code/data_pipeline/results/Premier_League_2015_16_DATA_ONLY_FULL_REAL/data/bronze/statsbomb/events/3754109.json,downloaded,200,3030191,57d217b4e18713ae59ed4d8db3c8aa05cacfe5faacf26278a24c4ab34a63e091,3754109.0,events
https://raw.githubusercontent.com/statsbomb/open-data/master/data/lineups/3753979.json,/content/drive/MyDrive/ml_project/code/data_pipeline/results/Premier_League_2015_16_DATA_ONLY_FULL_REAL/data/bronze/statsbomb/lineups/3753979.json,downloaded,200,16149,735069b63ac831337d5614fff310cc263135073cdfdc3083635fe22639b93ce4,3753979.0,lineups
https://raw.githubusercontent.com/statsbomb/open-data/master/data/events/3754208.json,/content/drive/MyDrive/ml_project/code/data_pipeline/results/Premier_League_2015_16_DATA_ONLY_FULL_REAL/data/bronze/statsbomb/events/3754208.json,downloaded,200,3212528,14d0ba497b3de4254fe23e985d0dfac47b7ae8d83d55efb4ecd8afe9a77146d9,3754208.0,events
https://raw.githubusercontent.com/statsbomb/open-data/master/data/events/3754301.json,/content/drive/MyDrive/ml_project/code/data_pipeline/results/Premier_League_2015_16_DATA_ONLY_FULL_REAL/data/bronze/statsbomb/events/3754301.json,downloaded,200,2979995,d04ec065b3ba570dc5d0ff8aa712d90b2f589ce0b3fbd590a8fe974ad16a6175,3754301.0,events
https://raw.githubusercontent.com/statsbomb/open-data/master/data/three-sixty/3753979.json,/content/drive/MyDrive/ml_project/code/data_pipeline/results/Premier_League_2015_16_DATA_ONLY_FULL_REAL/data/bronze/statsbomb/three-sixty/3753979.json,optional_missing,404,0,,3753979.0,three-sixty
https://raw.githubusercontent.com/statsbomb/open-data/master/data/three-sixty/3754028.json,/content/drive/MyDrive/ml_project/code/data_pipeline/results/Premier_League_2015_16_DATA_ONLY_FULL_REAL/data/bronze/statsbomb/three-sixty/3754028.json,optional_missing,404,0,,3754028.0,three-sixty
https://raw.githubusercontent.com/statsbomb/open-data/master/data/lineups/3754028.json,/content/drive/MyDrive/ml_project/code/data_pipeline/results/Premier_League_2015_16_DATA_ONLY_FULL_REAL/data/bronze/statsbomb/lineups/3754028.json,downloaded,200,20159,41aacac5cbd1c5c1d7fd1880eea51e1c3ea87e93292e549becff694e56a67f87,3754028.0,lineups
https://raw.githubusercontent.com/statsbomb/open-data/master/data/three-sixty/3754150.json,/content/drive/MyDrive/ml_project/code/data_pipeline/results/Premier_League_2015_16_DATA_ONLY_FULL_REAL/data/bronze/statsbomb/three-sixty/3754150.json,optional_missing,404,0,,3754150.0,three-sixty
https://raw.githubusercontent.com/statsbomb/open-data/master/data/events/3754028.json,/content/drive/MyDrive/ml_project/code/data_pipeline/results/Premier_League_2015_16_DATA_ONLY_FULL_REAL/data/bronze/statsbomb/events/3754028.json,downloaded,200,2901660,63188489fdcfebc36a7a3602cf7007b0dded58d772066477065cb2798f79cd3e,3754028.0,events
https://raw.githubusercontent.com/statsbomb/open-data/master/data/lineups/3754150.json,/content/drive/MyDrive/ml_project/code/data_pipeline/results/Premier_League_2015_16_DATA_ONLY_FULL_REAL/data/bronze/statsbomb/lineups/3754150.json,downloaded,200,20602,4f0b7ae6edcf877034e457571a21c48984f2570ec54b20fed29ae70846bd5f80,3754150.0,lineups
https://raw.githubusercontent.com/statsbomb/open-data/master/data/events/3753979.json,/content/drive/MyDrive/ml_project/code/data_pipeline/results/Premier_League_2015_16_DATA_ONLY_FULL_REAL/data/bronze/statsbomb/events/3753979.json,downloaded,200,2676402,a697c69db7b3d8f919db9c3f399a1a8a9052831f186fa58fa18c64009fc29b8c,3753979.0,events
https://raw.githubusercontent.com/statsbomb/open-data/master/data/three-sixty/3754157.json,/content/drive/MyDrive/ml_project/code/data_pipeline/results/Premier_League_2015_16_DATA_ONLY_FULL_REAL/data/bronze/statsbomb/three-sixty/3754157.json,optional_missing,404,0,,3754157.0,three-sixty
https://raw.githubusercontent.com/statsbomb/open-data/master/data/events/3754157.json,/content/drive/MyDrive/ml_project/code/data_pipeline/results/Premier_League_2015_16_DATA_ONLY_FULL_REAL/data/bronze/statsbomb/events/3754157.json,downloaded,200,3165589,6b68021ada0cf60f26a1d20f6586335a508c9722ec201ee9951ef2bca0360502,3754157.0,events
https://raw.githubusercontent.com/statsbomb/open-data/master/data/lineups/3754157.json,/content/drive/MyDrive/ml_project/code/data_pipeline/results/Premier_League_2015_16_DATA_ONLY_FULL_REAL/data/bronze/statsbomb/lineups/3754157.json,downloaded,200,17401,0f71efc17e37f699203681b33e27d036a862df014924d882d7261c0e821e301f,3754157.0,lineups
https://raw.githubusercontent.com/statsbomb/open-data/master/data/lineups/3754178.json,/content/drive/MyDrive/ml_project/code/data_pipeline/results/Premier_League_2015_16_DATA_ONLY_FULL_REAL/data/bronze/statsbomb/lineups/3754178.json,downloaded,200,17082,4baf8f9220106a1c34cd3f73535be2b449b2b86f71f551a627dc220d332a18be,3754178.0,lineups
https://raw.githubusercontent.com/statsbomb/open-data/master/data/three-sixty/3754178.json,/content/drive/MyDrive/ml_project/code/data_pipeline/results/Premier_League_2015_16_DATA_ONLY_FULL_REAL/data/bronze/statsbomb/three-sixty/3754178.json,optional_missing,404,0,,3754178.0,three-sixty
https://raw.githubusercontent.com/statsbomb/open-data/master/data/three-sixty/3754304.json,/content/drive/MyDrive/ml_project/code/data_pipeline/results/Premier_League_2015_16_DATA_ONLY_FULL_REAL/data/bronze/statsbomb/three-sixty/3754304.json,optional_missing,404,0,,3754304.0,three-sixty
https://raw.githubusercontent.com/statsbomb/open-data/master/data/lineups/3754304.json,/content/drive/MyDrive/ml_project/code/data_pipeline/results/Premier_League_2015_16_DATA_ONLY_FULL_REAL/data/bronze/statsbomb/lineups/3754304.json,downloaded,200,17899,6eb27567c23e26caf514718b66fd4864189cbd3b4cafca4c901d7288e17bf213,3754304.0,lineups
https://raw.githubusercontent.com/statsbomb/open-data/master/data/three-sixty/3754186.json,/content/drive/MyDrive/ml_project/code/data_pipeline/results/Premier_League_2015_16_DATA_ONLY_FULL_REAL/data/bronze/statsbomb/three-sixty/3754186.json,optional_missing,404,0,,3754186.0,three-sixty
https://raw.githubusercontent.com/statsbomb/open-data/master/data/events/3754304.json,/content/drive/MyDrive/ml_project/code/data_pipeline/results/Premier_League_2015_16_DATA_ONLY_FULL_REAL/data/bronze/statsbomb/events/3754304.json,downloaded,200,2839944,36950b0d2333ce8ded73b464e9e82b579a3983442dc87fed78ec4f476c137b0a,3754304.0,events
https://raw.githubusercontent.com/statsbomb/open-data/master/data/events/3754150.json,/content/drive/MyDrive/ml_project/code/data_pipeline/results/Premier_League_2015_16_DATA_ONLY_FULL_REAL/data/bronze/statsbomb/events/3754150.json,downloaded,200,2871409,b67dc7780aaacf3839f2bb15b40b678e2f383dc41c25d961b534d46d4aeb26c6,3754150.0,events
https://raw.githubusercontent.com/statsbomb/open-data/master/data/three-sixty/3754093.json,/content/drive/MyDrive/ml_project/code/data_pipeline/results/Premier_League_2015_16_DATA_ONLY_FULL_REAL/data/bronze/statsbomb/three-sixty/3754093.json,optional_missing,404,0,,3754093.0,three-sixty
https://raw.githubusercontent.com/statsbomb/open-data/master/data/lineups/3754186.json,/content/drive/MyDrive/ml_project/code/data_pipeline/results/Premier_League_2015_16_DATA_ONLY_FULL_REAL/data/bronze/statsbomb/lineups/3754186.json,downloaded,200,15263,73dfaafd71ecfe273c3801f8a0e65f5b92d979eda49ab5e170285c23d2edfda1,3754186.0,lineups
https://raw.githubusercontent.com/statsbomb/open-data/master/data/lineups/3754093.json,/content/drive/MyDrive/ml_project/code/data_pipeline/results/Premier_League_2015_16_DATA_ONLY_FULL_REAL/data/bronze/statsbomb/lineups/3754093.json,downloaded,200,17663,74f897a5b545e8b1a01d5595e03594b2ebd6efa790216c4e397db59c48bdbed0,3754093.0,lineups
https://raw.githubusercontent.com/statsbomb/open-data/master/data/events/3754178.json,/content/drive/MyDrive/ml_project/code/data_pipeline/results/Premier_League_2015_16_DATA_ONLY_FULL_REAL/data/bronze/statsbomb/events/3754178.json,downloaded,200,2610330,c0f57258e18056c144ef65218cffdac6616101f31af02353956f50fc1cb7eb54,3754178.0,events
https://raw.githubusercontent.com/statsbomb/open-data/master/data/events/3754186.json,/content/drive/MyDrive/ml_project/code/data_pipeline/results/Premier_League_2015_16_DATA_ONLY_FULL_REAL/data/bronze/statsbomb/events/3754186.json,downloaded,200,2814191,0e58874662aa0350301b805a79dd12c944fc93e1bbded846a65eef5f93358db1,3754186.0,events
https://raw.githubusercontent.com/statsbomb/open-data/master/data/three-sixty/3754235.json,/content/drive/MyDrive/ml_project/code/data_pipeline/results/Premier_League_2015_16_DATA_ONLY_FULL_REAL/data/bronze/statsbomb/three-sixty/3754235.json,optional_missing,404,0,,3754235.0,three-sixty
https://raw.githubusercontent.com/statsbomb/open-data/master/data/lineups/3754235.json,/content/drive/MyDrive/ml_project/code/data_pipeline/results/Premier_League_2015_16_DATA_ONLY_FULL_REAL/data/bronze/statsbomb/lineups/3754235.json,downloaded,200,16717,5229fbbe9172e4688fe0b552a8cd5dc93200b8192a3f0b48c583548ae36b8d2c,3754235.0,lineups
https://raw.githubusercontent.com/statsbomb/open-data/master/data/three-sixty/3754047.json,/content/drive/MyDrive/ml_project/code/data_pipeline/results/Premier_League_2015_16_DATA_ONLY_FULL_REAL/data/bronze/statsbomb/three-sixty/3754047.json,optional_missing,404,0,,3754047.0,three-sixty
https://raw.githubusercontent.com/statsbomb/open-data/master/data/lineups/3754047.json,/content/drive/MyDrive/ml_project/code/data_pipeline/results/Premier_League_2015_16_DATA_ONLY_FULL_REAL/data/bronze/statsbomb/lineups/3754047.json,downloaded,200,20043,7c46f6f1647506da86c46efac31db36b8b0cc1430d9c7989f3391bc5ac770f78,3754047.0,lineups
https://raw.githubusercontent.com/statsbomb/open-data/master/data/three-sixty/3754038.json,/content/drive/MyDrive/ml_project/code/data_pipeline/results/Premier_League_2015_16_DATA_ONLY_FULL_REAL/data/bronze/statsbomb/three-sixty/3754038.json,optional_missing,404,0,,3754038.0,three-sixty
https://raw.githubusercontent.com/statsbomb/open-data/master/data/lineups/3754038.json,/content/drive/MyDrive/ml_project/code/data_pipeline/results/Premier_League_2015_16_DATA_ONLY_FULL_REAL/data/bronze/statsbomb/lineups/3754038.json,downloaded,200,16929,e8da5bc2b32d651c97db9fae5554a3185d9a18be03f2cbc6fdc22304a9259558,3754038.0,lineups
https://raw.githubusercontent.com/statsbomb/open-data/master/data/events/3754235.json,/content/drive/MyDrive/ml_project/code/data_pipeline/results/Premier_League_2015_16_DATA_ONLY_FULL_REAL/data/bronze/statsbomb/events/3754235.json,downloaded,200,2534035,ea30026264ae1412d391c95c8d4f0aad2986c2e4529793b06edd1258f38723e1,3754235.0,events
https://raw.githubusercontent.com/statsbomb/open-data/master/data/events/3754047.json,/content/drive/MyDrive/ml_project/code/data_pipeline/results/Premier_League_2015_16_DATA_ONLY_FULL_REAL/data/bronze/statsbomb/events/3754047.json,downloaded,200,3198595,7a4f89a7d787e68026fa224252e241fc15ddb0e25b25776f66dc7809dc19e41d,3754047.0,events
https://raw.githubusercontent.com/statsbomb/open-data/master/data/events/3754093.json,/content/drive/MyDrive/ml_project/code/data_pipeline/results/Premier_League_2015_16_DATA_ONLY_FULL_REAL/data/bronze/statsbomb/events/3754093.json,downloaded,200,2914796,84b5af264e6e213512c8b0045cafd80b59ca60a95eaf48b3edfdda016d62b80c,3754093.0,events
https://raw.githubusercontent.com/statsbomb/open-data/master/data/three-sixty/3754135.json,/content/drive/MyDrive/ml_project/code/data_pipeline/results/Premier_League_2015_16_DATA_ONLY_FULL_REAL/data/bronze/statsbomb/three-sixty/3754135.json,optional_missing,404,0,,3754135.0,three-sixty
https://raw.githubusercontent.com/statsbomb/open-data/master/data/lineups/3754135.json,/content/drive/MyDrive/ml_project/code/data_pipeline/results/Premier_League_2015_16_DATA_ONLY_FULL_REAL/data/bronze/statsbomb/lineups/3754135.json,downloaded,200,17410,ea7eca3d75a4f151845d32dcd1233f598287671e6e6b0d459b45b6da3ae7d5db,3754135.0,lineups
https://raw.githubusercontent.com/statsbomb/open-data/master/data/lineups/3754160.json,/content/drive/MyDrive/ml_project/code/data_pipeline/results/Premier_League_2015_16_DATA_ONLY_FULL_REAL/data/bronze/statsbomb/lineups/3754160.json,downloaded,200,16881,8840a8fd1591589f059a2b043332de2d612b1ceb61de32ee84d49014846bce68,3754160.0,lineups
https://raw.githubusercontent.com/statsbomb/open-data/master/data/three-sixty/3754160.json,/content/drive/MyDrive/ml_project/code/data_pipeline/results/Premier_League_2015_16_DATA_ONLY_FULL_REAL/data/bronze/statsbomb/three-sixty/3754160.json,optional_missing,404,0,,3754160.0,three-sixty
https://raw.githubusercontent.com/statsbomb/open-data/master/data/three-sixty/3754085.json,/content/drive/MyDrive/ml_project/code/data_pipeline/results/Premier_League_2015_16_DATA_ONLY_FULL_REAL/data/bronze/statsbomb/three-sixty/3754085.json,optional_missing,404,0,,3754085.0,three-sixty
https://raw.githubusercontent.com/statsbomb/open-data/master/data/lineups/3754085.json,/content/drive/MyDrive/ml_project/code/data_pipeline/results/Premier_League_2015_16_DATA_ONLY_FULL_REAL/data/bronze/statsbomb/lineups/3754085.json,downloaded,200,17741,16b545369821f7ba149e546b76e1ca867a3cc5c3cba8f652dd49c83c9def74d6,3754085.0,lineups
https://raw.githubusercontent.com/statsbomb/open-data/master/data/events/3754038.json,/content/drive/MyDrive/ml_project/code/data_pipeline/results/Premier_League_2015_16_DATA_ONLY_FULL_REAL/data/bronze/statsbomb/events/3754038.json,downloaded,200,3194177,b88313cac06eae62d09b22e078ff46f1e128a4bcc1231ff959391bc4dce2318a,3754038.0,events
https://raw.githubusercontent.com/statsbomb/open-data/master/data/events/3754160.json,/content/drive/MyDrive/ml_project/code/data_pipeline/results/Premier_League_2015_16_DATA_ONLY_FULL_REAL/data/bronze/statsbomb/events/3754160.json,downloaded,200,2966733,98870591435bc2e09d938d14966c32974870bf7fa4b0837f4d2e6482bbfb9be6,3754160.0,events
https://raw.githubusercontent.com/statsbomb/open-data/master/data/lineups/3754113.json,/content/drive/MyDrive/ml_project/code/data_pipeline/results/Premier_League_2015_16_DATA_ONLY_FULL_REAL/data/bronze/statsbomb/lineups/3754113.json,downloaded,200,17336,2f7439a089011ad36b4ea478bf85bee7cf264280d445dd622c06d92207b37df4,3754113.0,lineups
https://raw.githubusercontent.com/statsbomb/open-data/master/data/three-sixty/3754113.json,/content/drive/MyDrive/ml_project/code/data_pipeline/results/Premier_League_2015_16_DATA_ONLY_FULL_REAL/data/bronze/statsbomb/three-sixty/3754113.json,optional_missing,404,0,,3754113.0,three-sixty
https://raw.githubusercontent.com/statsbomb/open-data/master/data/events/3754085.json,/content/drive/MyDrive/ml_project/code/data_pipeline/results/Premier_League_2015_16_DATA_ONLY_FULL_REAL/data/bronze/statsbomb/events/3754085.json,downloaded,200,3140823,96244a3a300838d589ea1928195fa8ecd709600971243a5ad450937a7afae710,3754085.0,events
https://raw.githubusercontent.com/statsbomb/open-data/master/data/events/3754135.json,/content/drive/MyDrive/ml_project/code/data_pipeline/results/Premier_League_2015_16_DATA_ONLY_FULL_REAL/data/bronze/statsbomb/events/3754135.json,downloaded,200,2978884,cdd0ea81c1173630242eb89eb42e4b4473f9b77d1944cd689717d3059eace2f4,3754135.0,events
https://raw.githubusercontent.com/statsbomb/open-data/master/data/lineups/3754215.json,/content/drive/MyDrive/ml_project/code/data_pipeline/results/Premier_League_2015_16_DATA_ONLY_FULL_REAL/data/bronze/statsbomb/lineups/3754215.json,downloaded,200,16483,13a9c0b3f7f63e73c16102eee7da7209e0e0bc81f6f4faa85db733ed8b97ada8,3754215.0,lineups
https://raw.githubusercontent.com/statsbomb/open-data/master/data/lineups/3754286.json,/content/drive/MyDrive/ml_project/code/data_pipeline/results/Premier_League_2015_16_DATA_ONLY_FULL_REAL/data/bronze/statsbomb/lineups/3754286.json,downloaded,200,16502,69421e1166035e18438a573f045f7541d654d18fbb7a7fd98194f991269104a1,3754286.0,lineups
https://raw.githubusercontent.com/statsbomb/open-data/master/data/three-sixty/3754215.json,/content/drive/MyDrive/ml_project/code/data_pipeline/results/Premier_League_2015_16_DATA_ONLY_FULL_REAL/data/bronze/statsbomb/three-sixty/3754215.json,optional_missing,404,0,,3754215.0,three-sixty
https://raw.githubusercontent.com/statsbomb/open-data/master/data/events/3754286.json,/content/drive/MyDrive/ml_project/code/data_pipeline/results/Premier_League_2015_16_DATA_ONLY_FULL_REAL/data/bronze/statsbomb/events/3754286.json,downloaded,200,2564751,f262a8471cb0658fba2c929bf62f24f6cf68ea4e0fcfa42d2b9413611461f754,3754286.0,events
https://raw.githubusercontent.com/statsbomb/open-data/master/data/three-sixty/3754286.json,/content/drive/MyDrive/ml_project/code/data_pipeline/results/Premier_League_2015_16_DATA_ONLY_FULL_REAL/data/bronze/statsbomb/three-sixty/3754286.json,optional_missing,404,0,,3754286.0,three-sixty
https://raw.githubusercontent.com/statsbomb/open-data/master/data/three-sixty/3754347.json,/content/drive/MyDrive/ml_project/code/data_pipeline/results/Premier_League_2015_16_DATA_ONLY_FULL_REAL/data/bronze/statsbomb/three-sixty/3754347.json,optional_missing,404,0,,3754347.0,three-sixty
https://raw.githubusercontent.com/statsbomb/open-data/master/data/events/3754113.json,/content/drive/MyDrive/ml_project/code/data_pipeline/results/Premier_League_2015_16_DATA_ONLY_FULL_REAL/data/bronze/statsbomb/events/3754113.json,downloaded,200,2930541,5284572ceb3a8c0fee1b449df6bc8861df220e157c9b68f344cfa742d50aefc4,3754113.0,events
https://raw.githubusercontent.com/statsbomb/open-data/master/data/lineups/3754347.json,/content/drive/MyDrive/ml_project/code/data_pipeline/results/Premier_League_2015_16_DATA_ONLY_FULL_REAL/data/bronze/statsbomb/lineups/3754347.json,downloaded,200,16867,4b44138b8b5bea4f297bff71b88cf313016660221682c680d1e6c9158d064eea,3754347.0,lineups
https://raw.githubusercontent.com/statsbomb/open-data/master/data/events/3754215.json,/content/drive/MyDrive/ml_project/code/data_pipeline/results/Premier_League_2015_16_DATA_ONLY_FULL_REAL/data/bronze/statsbomb/events/3754215.json,downloaded,200,2909507,92a7a26ea6dfdc976726f570b50547f536591cbec3f478a4940c0b2f614b5204,3754215.0,events
https://raw.githubusercontent.com/statsbomb/open-data/master/data/three-sixty/3754073.json,/content/drive/MyDrive/ml_project/code/data_pipeline/results/Premier_League_2015_16_DATA_ONLY_FULL_REAL/data/bronze/statsbomb/three-sixty/3754073.json,optional_missing,404,0,,3754073.0,three-sixty
https://raw.githubusercontent.com/statsbomb/open-data/master/data/three-sixty/3754143.json,/content/drive/MyDrive/ml_project/code/data_pipeline/results/Premier_League_2015_16_DATA_ONLY_FULL_REAL/data/bronze/statsbomb/three-sixty/3754143.json,optional_missing,404,0,,3754143.0,three-sixty
https://raw.githubusercontent.com/statsbomb/open-data/master/data/lineups/3754073.json,/content/drive/MyDrive/ml_project/code/data_pipeline/results/Premier_League_2015_16_DATA_ONLY_FULL_REAL/data/bronze/statsbomb/lineups/3754073.json,downloaded,200,19184,af015564f65743ad1c966ba02d2781f2a8d24666d1e0817687db2ff0c9f52bf0,3754073.0,lineups
https://raw.githubusercontent.com/statsbomb/open-data/master/data/lineups/3754143.json,/content/drive/MyDrive/ml_project/code/data_pipeline/results/Premier_League_2015_16_DATA_ONLY_FULL_REAL/data/bronze/statsbomb/lineups/3754143.json,downloaded,200,22026,b180040288fb2f3e0e1f0fe786cf678f115628677ccb14ecd30dfe5355fdbd7b,3754143.0,lineups
https://raw.githubusercontent.com/statsbomb/open-data/master/data/events/3754347.json,/content/drive/MyDrive/ml_project/code/data_pipeline/results/Premier_League_2015_16_DATA_ONLY_FULL_REAL/data/bronze/statsbomb/events/3754347.json,downloaded,200,2884028,128afe055010c9d86e5104734e02e2a39af35dc573dda7badb2d866a46d8a26c,3754347.0,events
https://raw.githubusercontent.com/statsbomb/open-data/master/data/events/3754073.json,/content/drive/MyDrive/ml_project/code/data_pipeline/results/Premier_League_2015_16_DATA_ONLY_FULL_REAL/data/bronze/statsbomb/events/3754073.json,downloaded,200,2987933,64d00e8e6f0e8b24a5168f55674c2a20fdd94427f537bac418eaa5fba994f403,3754073.0,events
https://raw.githubusercontent.com/statsbomb/open-data/master/data/three-sixty/3754046.json,/content/drive/MyDrive/ml_project/code/data_pipeline/results/Premier_League_2015_16_DATA_ONLY_FULL_REAL/data/bronze/statsbomb/three-sixty/3754046.json,optional_missing,404,0,,3754046.0,three-sixty
https://raw.githubusercontent.com/statsbomb/open-data/master/data/lineups/3754046.json,/content/drive/MyDrive/ml_project/code/data_pipeline/results/Premier_League_2015_16_DATA_ONLY_FULL_REAL/data/bronze/statsbomb/lineups/3754046.json,downloaded,200,15889,d1277c3813935906927a1024c8acf00b5d93ae58373a8b0fde8ad5cea0302842,3754046.0,lineups
https://raw.githubusercontent.com/statsbomb/open-data/master/data/events/3754143.json,/content/drive/MyDrive/ml_project/code/data_pipeline/results/Premier_League_2015_16_DATA_ONLY_FULL_REAL/data/bronze/statsbomb/events/3754143.json,downloaded,200,3070880,f582e739badc7d43878d54b858e1139e5863b7a2b1eaf33a443071f10ba5ed68,3754143.0,events
https://raw.githubusercontent.com/statsbomb/open-data/master/data/three-sixty/3754182.json,/content/drive/MyDrive/ml_project/code/data_pipeline/results/Premier_League_2015_16_DATA_ONLY_FULL_REAL/data/bronze/statsbomb/three-sixty/3754182.json,optional_missing,404,0,,3754182.0,three-sixty
https://raw.githubusercontent.com/statsbomb/open-data/master/data/events/3754182.json,/content/drive/MyDrive/ml_project/code/data_pipeline/results/Premier_League_2015_16_DATA_ONLY_FULL_REAL/data/bronze/statsbomb/events/3754182.json,downloaded,200,3122471,ceae0d3f76187a0fb7f6e3b47283ae318334c66bd7ea6d7f32c2977b9ad13c48,3754182.0,events
https://raw.githubusercontent.com/statsbomb/open-data/master/data/lineups/3754182.json,/content/drive/MyDrive/ml_project/code/data_pipeline/results/Premier_League_2015_16_DATA_ONLY_FULL_REAL/data/bronze/statsbomb/lineups/3754182.json,downloaded,200,16265,29c837a3542219ee93a0917a32a1bc2fd7f919e4a300f0a98493a6a9ab4db357,3754182.0,lineups
https://raw.githubusercontent.com/statsbomb/open-data/master/data/events/3754046.json,/content/drive/MyDrive/ml_project/code/data_pipeline/results/Premier_League_2015_16_DATA_ONLY_FULL_REAL/data/bronze/statsbomb/events/3754046.json,downloaded,200,3090587,854cfb0dc9ae7788d184be38deea7b374de40eec63d98be6018999dda649073f,3754046.0,events
https://raw.githubusercontent.com/statsbomb/open-data/master/data/three-sixty/3754072.json,/content/drive/MyDrive/ml_project/code/data_pipeline/results/Premier_League_2015_16_DATA_ONLY_FULL_REAL/data/bronze/statsbomb/three-sixty/3754072.json,optional_missing,404,0,,3754072.0,three-sixty
https://raw.githubusercontent.com/statsbomb/open-data/master/data/lineups/3754072.json,/content/drive/MyDrive/ml_project/code/data_pipeline/results/Premier_League_2015_16_DATA_ONLY_FULL_REAL/data/bronze/statsbomb/lineups/3754072.json,downloaded,200,17813,5d213bc7e6c60b82672e81f7090851b19c53ea4e4459d31647a5cfc4d1cb5b71,3754072.0,lineups
https://raw.githubusercontent.com/statsbomb/open-data/master/data/three-sixty/3754096.json,/content/drive/MyDrive/ml_project/code/data_pipeline/results/Premier_League_2015_16_DATA_ONLY_FULL_REAL/data/bronze/statsbomb/three-sixty/3754096.json,optional_missing,404,0,,3754096.0,three-sixty
https://raw.githubusercontent.com/statsbomb/open-data/master/data/lineups/3754096.json,/content/drive/MyDrive/ml_project/code/data_pipeline/results/Premier_League_2015_16_DATA_ONLY_FULL_REAL/data/bronze/statsbomb/lineups/3754096.json,downloaded,200,17524,736cdd5dca409b582f23964b86813c4b3519a936e14dba60f43f1b4e6704ef9e,3754096.0,lineups
https://raw.githubusercontent.com/statsbomb/open-data/master/data/three-sixty/3754218.json,/content/drive/MyDrive/ml_project/code/data_pipeline/results/Premier_League_2015_16_DATA_ONLY_FULL_REAL/data/bronze/statsbomb/three-sixty/3754218.json,optional_missing,404,0,,3754218.0,three-sixty
https://raw.githubusercontent.com/statsbomb/open-data/master/data/lineups/3754218.json,/content/drive/MyDrive/ml_project/code/data_pipeline/results/Premier_League_2015_16_DATA_ONLY_FULL_REAL/data/bronze/statsbomb/lineups/3754218.json,downloaded,200,15868,7048af21c016d0ac21e4cff5d7faa42cc0c3e6817439e99e1cc3c5bf9168188c,3754218.0,lineups
https://raw.githubusercontent.com/statsbomb/open-data/master/data/events/3754096.json,/content/drive/MyDrive/ml_project/code/data_pipeline/results/Premier_League_2015_16_DATA_ONLY_FULL_REAL/data/bronze/statsbomb/events/3754096.json,downloaded,200,2744500,e288b30e9386a5c97b085bf46fc5c0f24bdb814915ad9046298ce77eab2026eb,3754096.0,events
https://raw.githubusercontent.com/statsbomb/open-data/master/data/events/3754072.json,/content/drive/MyDrive/ml_project/code/data_pipeline/results/Premier_League_2015_16_DATA_ONLY_FULL_REAL/data/bronze/statsbomb/events/3754072.json,downloaded,200,2969616,7eba7c1370f04e89565785b6f97520910188a566dde944e914da7f7b51982e1d,3754072.0,events
https://raw.githubusercontent.com/statsbomb/open-data/master/data/three-sixty/3754328.json,/content/drive/MyDrive/ml_project/code/data_pipeline/results/Premier_League_2015_16_DATA_ONLY_FULL_REAL/data/bronze/statsbomb/three-sixty/3754328.json,optional_missing,404,0,,3754328.0,three-sixty
https://raw.githubusercontent.com/statsbomb/open-data/master/data/lineups/3754328.json,/content/drive/MyDrive/ml_project/code/data_pipeline/results/Premier_League_2015_16_DATA_ONLY_FULL_REAL/data/bronze/statsbomb/lineups/3754328.json,downloaded,200,17258,f2861b59d7884acc77bb200aca83a20102b32a751bffa1836faf9bacecf9c160,3754328.0,lineups
https://raw.githubusercontent.com/statsbomb/open-data/master/data/lineups/3754162.json,/content/drive/MyDrive/ml_project/code/data_pipeline/results/Premier_League_2015_16_DATA_ONLY_FULL_REAL/data/bronze/statsbomb/lineups/3754162.json,downloaded,200,17189,2d844f1f4dd9a547055e3058c0bf70316b5445a0486cac6134c09fba45aa4adc,3754162.0,lineups
https://raw.githubusercontent.com/statsbomb/open-data/master/data/three-sixty/3754162.json,/content/drive/MyDrive/ml_project/code/data_pipeline/results/Premier_League_2015_16_DATA_ONLY_FULL_REAL/data/bronze/statsbomb/three-sixty/3754162.json,optional_missing,404,0,,3754162.0,three-sixty
https://raw.githubusercontent.com/statsbomb/open-data/master/data/events/3754162.json,/content/drive/MyDrive/ml_project/code/data_pipeline/results/Premier_League_2015_16_DATA_ONLY_FULL_REAL/data/bronze/statsbomb/events/3754162.json,downloaded,200,2847333,99c707ad4c8c2989f16214553daf101fbb00d8e09827bc8936090b2e0f2e2bf8,3754162.0,events
https://raw.githubusercontent.com/statsbomb/open-data/master/data/events/3754218.json,/content/drive/MyDrive/ml_project/code/data_pipeline/results/Premier_League_2015_16_DATA_ONLY_FULL_REAL/data/bronze/statsbomb/events/3754218.json,downloaded,200,2661545,599db42cbb4a483287cdba8aeb6db330116d2098e8b51935614a397e9f5be62b,3754218.0,events
https://raw.githubusercontent.com/statsbomb/open-data/master/data/three-sixty/3754117.json,/content/drive/MyDrive/ml_project/code/data_pipeline/results/Premier_League_2015_16_DATA_ONLY_FULL_REAL/data/bronze/statsbomb/three-sixty/3754117.json,optional_missing,404,0,,3754117.0,three-sixty
https://raw.githubusercontent.com/statsbomb/open-data/master/data/lineups/3754117.json,/content/drive/MyDrive/ml_project/code/data_pipeline/results/Premier_League_2015_16_DATA_ONLY_FULL_REAL/data/bronze/statsbomb/lineups/3754117.json,downloaded,200,18882,74814185cab0eb5b1e95e8e14f46f2273561b7ce9c4b8dfba0b0429f57a88ff2,3754117.0,lineups
https://raw.githubusercontent.com/statsbomb/open-data/master/data/three-sixty/3754255.json,/content/drive/MyDrive/ml_project/code/data_pipeline/results/Premier_League_2015_16_DATA_ONLY_FULL_REAL/data/bronze/statsbomb/three-sixty/3754255.json,optional_missing,404,0,,3754255.0,three-sixty
https://raw.githubusercontent.com/statsbomb/open-data/master/data/lineups/3754255.json,/content/drive/MyDrive/ml_project/code/data_pipeline/results/Premier_League_2015_16_DATA_ONLY_FULL_REAL/data/bronze/statsbomb/lineups/3754255.json,downloaded,200,17729,7bbbbe0fcb6c1745c67c49e83f9e6b2a6b45d790d07505e38620a19363160e4a,3754255.0,lineups
https://raw.githubusercontent.com/statsbomb/open-data/master/data/events/3754328.json,/content/drive/MyDrive/ml_project/code/data_pipeline/results/Premier_League_2015_16_DATA_ONLY_FULL_REAL/data/bronze/statsbomb/events/3754328.json,downloaded,200,3352423,4f84621d7c23437b4220367e639b72ed685aa9ea94e5c9a9e14b348af068054c,3754328.0,events
https://raw.githubusercontent.com/statsbomb/open-data/master/data/events/3754255.json,/content/drive/MyDrive/ml_project/code/data_pipeline/results/Premier_League_2015_16_DATA_ONLY_FULL_REAL/data/bronze/statsbomb/events/3754255.json,downloaded,200,3011273,8d0cfd3379d416788beff17cc859a59982213bfdf45aff51dd406fe27258e69d,3754255.0,events
https://raw.githubusercontent.com/statsbomb/open-data/master/data/three-sixty/3754276.json,/content/drive/MyDrive/ml_project/code/data_pipeline/results/Premier_League_2015_16_DATA_ONLY_FULL_REAL/data/bronze/statsbomb/three-sixty/3754276.json,optional_missing,404,0,,3754276.0,three-sixty
https://raw.githubusercontent.com/statsbomb/open-data/master/data/events/3754117.json,/content/drive/MyDrive/ml_project/code/data_pipeline/results/Premier_League_2015_16_DATA_ONLY_FULL_REAL/data/bronze/statsbomb/events/3754117.json,downloaded,200,2945944,4fb78870d220b25d547ff7b73f5c72f293249f3aea9e18bc41a66e32a7c609f8,3754117.0,events
https://raw.githubusercontent.com/statsbomb/open-data/master/data/lineups/3754276.json,/content/drive/MyDrive/ml_project/code/data_pipeline/results/Premier_League_2015_16_DATA_ONLY_FULL_REAL/data/bronze/statsbomb/lineups/3754276.json,downloaded,200,15827,cef114248f7d0907cd2b130b1beaa8458a872d195a8566573ff069c486ce944a,3754276.0,lineups
https://raw.githubusercontent.com/statsbomb/open-data/master/data/three-sixty/3754013.json,/content/drive/MyDrive/ml_project/code/data_pipeline/results/Premier_League_2015_16_DATA_ONLY_FULL_REAL/data/bronze/statsbomb/three-sixty/3754013.json,optional_missing,404,0,,3754013.0,three-sixty
https://raw.githubusercontent.com/statsbomb/open-data/master/data/events/3754276.json,/content/drive/MyDrive/ml_project/code/data_pipeline/results/Premier_League_2015_16_DATA_ONLY_FULL_REAL/data/bronze/statsbomb/events/3754276.json,downloaded,200,2738066,0b5e0a3c2368d9c518b3afdbed3bd896848a045189b78455ef03bb262577bce7,3754276.0,events
https://raw.githubusercontent.com/statsbomb/open-data/master/data/lineups/3754013.json,/content/drive/MyDrive/ml_project/code/data_pipeline/results/Premier_League_2015_16_DATA_ONLY_FULL_REAL/data/bronze/statsbomb/lineups/3754013.json,downloaded,200,19468,4d009e4add3557201855f35acf7f8e70a188931aee537a066a679066a2fc9280,3754013.0,lineups
https://raw.githubusercontent.com/statsbomb/open-data/master/data/three-sixty/3754025.json,/content/drive/MyDrive/ml_project/code/data_pipeline/results/Premier_League_2015_16_DATA_ONLY_FULL_REAL/data/bronze/statsbomb/three-sixty/3754025.json,optional_missing,404,0,,3754025.0,three-sixty
https://raw.githubusercontent.com/statsbomb/open-data/master/data/lineups/3754025.json,/content/drive/MyDrive/ml_project/code/data_pipeline/results/Premier_League_2015_16_DATA_ONLY_FULL_REAL/data/bronze/statsbomb/lineups/3754025.json,downloaded,200,18801,69218e3c20355576ae09a82885b0a34e55b02e09c1f923dd3b69cc8a8e375b17,3754025.0,lineups
https://raw.githubusercontent.com/statsbomb/open-data/master/data/lineups/3754044.json,/content/drive/MyDrive/ml_project/code/data_pipeline/results/Premier_League_2015_16_DATA_ONLY_FULL_REAL/data/bronze/statsbomb/lineups/3754044.json,downloaded,200,18501,205de2035a28b36db76456b2e91d05369d4c289890396aeabafb6a9179a5fd40,3754044.0,lineups
https://raw.githubusercontent.com/statsbomb/open-data/master/data/events/3754013.json,/content/drive/MyDrive/ml_project/code/data_pipeline/results/Premier_League_2015_16_DATA_ONLY_FULL_REAL/data/bronze/statsbomb/events/3754013.json,downloaded,200,2771059,e148a96760e1318228fc42402a3338deeba8cec152e00a7384da7f1e09c448aa,3754013.0,events
https://raw.githubusercontent.com/statsbomb/open-data/master/data/events/3754025.json,/content/drive/MyDrive/ml_project/code/data_pipeline/results/Premier_League_2015_16_DATA_ONLY_FULL_REAL/data/bronze/statsbomb/events/3754025.json,downloaded,200,2874008,7e2ebcb1d0a50f7d50e084e3c6718460263efc787a663f883c14ec66c0dead46,3754025.0,events
https://raw.githubusercontent.com/statsbomb/open-data/master/data/three-sixty/3754153.json,/content/drive/MyDrive/ml_project/code/data_pipeline/results/Premier_League_2015_16_DATA_ONLY_FULL_REAL/data/bronze/statsbomb/three-sixty/3754153.json,optional_missing,404,0,,3754153.0,three-sixty
https://raw.githubusercontent.com/statsbomb/open-data/master/data/lineups/3754153.json,/content/drive/MyDrive/ml_project/code/data_pipeline/results/Premier_League_2015_16_DATA_ONLY_FULL_REAL/data/bronze/statsbomb/lineups/3754153.json,downloaded,200,15582,b34ad98f701a69aa9e9a2fab898b29abc9aa3e9ff95ce507b0bf5d7a15f1d522,3754153.0,lineups
https://raw.githubusercontent.com/statsbomb/open-data/master/data/three-sixty/3754044.json,/content/drive/MyDrive/ml_project/code/data_pipeline/results/Premier_League_2015_16_DATA_ONLY_FULL_REAL/data/bronze/statsbomb/three-sixty/3754044.json,optional_missing,404,0,,3754044.0,three-sixty
https://raw.githubusercontent.com/statsbomb/open-data/master/data/three-sixty/3754166.json,/content/drive/MyDrive/ml_project/code/data_pipeline/results/Premier_League_2015_16_DATA_ONLY_FULL_REAL/data/bronze/statsbomb/three-sixty/3754166.json,optional_missing,404,0,,3754166.0,three-sixty
https://raw.githubusercontent.com/statsbomb/open-data/master/data/lineups/3754166.json,/content/drive/MyDrive/ml_project/code/data_pipeline/results/Premier_League_2015_16_DATA_ONLY_FULL_REAL/data/bronze/statsbomb/lineups/3754166.json,downloaded,200,15755,7cf05c7f0cb5c9d3257c215725bba9f00dd55fb07f34146fec63c454acc34ef0,3754166.0,lineups
https://raw.githubusercontent.com/statsbomb/open-data/master/data/events/3754044.json,/content/drive/MyDrive/ml_project/code/data_pipeline/results/Premier_League_2015_16_DATA_ONLY_FULL_REAL/data/bronze/statsbomb/events/3754044.json,downloaded,200,2989604,1f1fbf58fde3a09a10e797436eb6d0d6a3c7439df9ea093e03ff41238c43eefd,3754044.0,events
https://raw.githubusercontent.com/statsbomb/open-data/master/data/events/3754153.json,/content/drive/MyDrive/ml_project/code/data_pipeline/results/Premier_League_2015_16_DATA_ONLY_FULL_REAL/data/bronze/statsbomb/events/3754153.json,downloaded,200,2590983,2791a9ecda75c1614417ab7fb7ac3e0984865fee0683f57de9f354dafa7fd8e1,3754153.0,events
https://raw.githubusercontent.com/statsbomb/open-data/master/data/three-sixty/3754188.json,/content/drive/MyDrive/ml_project/code/data_pipeline/results/Premier_League_2015_16_DATA_ONLY_FULL_REAL/data/bronze/statsbomb/three-sixty/3754188.json,optional_missing,404,0,,3754188.0,three-sixty
https://raw.githubusercontent.com/statsbomb/open-data/master/data/events/3754166.json,/content/drive/MyDrive/ml_project/code/data_pipeline/results/Premier_League_2015_16_DATA_ONLY_FULL_REAL/data/bronze/statsbomb/events/3754166.json,downloaded,200,2726335,4c35d60ad184409141856171b48df57dde2a6b7d4906852840422fd3ddadc930,3754166.0,events
https://raw.githubusercontent.com/statsbomb/open-data/master/data/lineups/3754188.json,/content/drive/MyDrive/ml_project/code/data_pipeline/results/Premier_League_2015_16_DATA_ONLY_FULL_REAL/data/bronze/statsbomb/lineups/3754188.json,downloaded,200,15863,c433b2654b957470a22a33baa511ce89672a347a70849884eba15d4675f5f664,3754188.0,lineups
https://raw.githubusercontent.com/statsbomb/open-data/master/data/three-sixty/3754219.json,/content/drive/MyDrive/ml_project/code/data_pipeline/results/Premier_League_2015_16_DATA_ONLY_FULL_REAL/data/bronze/statsbomb/three-sixty/3754219.json,optional_missing,404,0,,3754219.0,three-sixty
https://raw.githubusercontent.com/statsbomb/open-data/master/data/lineups/3754219.json,/content/drive/MyDrive/ml_project/code/data_pipeline/results/Premier_League_2015_16_DATA_ONLY_FULL_REAL/data/bronze/statsbomb/lineups/3754219.json,downloaded,200,16264,134047d04fcd6738c9ff552f5b3300f09c756bcbbc28abd87536c45784fbaf36,3754219.0,lineups
https://raw.githubusercontent.com/statsbomb/open-data/master/data/lineups/3754136.json,/content/drive/MyDrive/ml_project/code/data_pipeline/results/Premier_League_2015_16_DATA_ONLY_FULL_REAL/data/bronze/statsbomb/lineups/3754136.json,downloaded,200,16919,e62acb4a56eae2de8b57b4cb5dfefb98b8acd610b67d2380f33d591da308710a,3754136.0,lineups
https://raw.githubusercontent.com/statsbomb/open-data/master/data/events/3754219.json,/content/drive/MyDrive/ml_project/code/data_pipeline/results/Premier_League_2015_16_DATA_ONLY_FULL_REAL/data/bronze/statsbomb/events/3754219.json,downloaded,200,2632427,e27d04fa170869efc6984422806d8c43f686fe89d8b62e0b290f1b18f59a5453,3754219.0,events
https://raw.githubusercontent.com/statsbomb/open-data/master/data/three-sixty/3754136.json,/content/drive/MyDrive/ml_project/code/data_pipeline/results/Premier_League_2015_16_DATA_ONLY_FULL_REAL/data/bronze/statsbomb/three-sixty/3754136.json,optional_missing,404,0,,3754136.0,three-sixty
https://raw.githubusercontent.com/statsbomb/open-data/master/data/three-sixty/3754051.json,/content/drive/MyDrive/ml_project/code/data_pipeline/results/Premier_League_2015_16_DATA_ONLY_FULL_REAL/data/bronze/statsbomb/three-sixty/3754051.json,optional_missing,404,0,,3754051.0,three-sixty
https://raw.githubusercontent.com/statsbomb/open-data/master/data/lineups/3754051.json,/content/drive/MyDrive/ml_project/code/data_pipeline/results/Premier_League_2015_16_DATA_ONLY_FULL_REAL/data/bronze/statsbomb/lineups/3754051.json,downloaded,200,18683,b40df6d8b3635b9af9096d3cda0f0038ff2fc3f808d879dd5cfb23ce594414ac,3754051.0,lineups
https://raw.githubusercontent.com/statsbomb/open-data/master/data/lineups/3754259.json,/content/drive/MyDrive/ml_project/code/data_pipeline/results/Premier_League_2015_16_DATA_ONLY_FULL_REAL/data/bronze/statsbomb/lineups/3754259.json,downloaded,200,15899,d909629cedf264a44a636c50ea89514a9006f3fb4b5aca2ea13178c9a2c54902,3754259.0,lineups
https://raw.githubusercontent.com/statsbomb/open-data/master/data/events/3754051.json,/content/drive/MyDrive/ml_project/code/data_pipeline/results/Premier_League_2015_16_DATA_ONLY_FULL_REAL/data/bronze/statsbomb/events/3754051.json,downloaded,200,2534084,098c09357e379faf2ec36b88fbbdc2666d6002f8050638779bed763178adb0b7,3754051.0,events
https://raw.githubusercontent.com/statsbomb/open-data/master/data/events/3754136.json,/content/drive/MyDrive/ml_project/code/data_pipeline/results/Premier_League_2015_16_DATA_ONLY_FULL_REAL/data/bronze/statsbomb/events/3754136.json,downloaded,200,2832223,0a475bb9931d516afa9afc22fdda82e36398759f2dbc45d1780e8874dde93178,3754136.0,events
https://raw.githubusercontent.com/statsbomb/open-data/master/data/events/3754188.json,/content/drive/MyDrive/ml_project/code/data_pipeline/results/Premier_League_2015_16_DATA_ONLY_FULL_REAL/data/bronze/statsbomb/events/3754188.json,downloaded,200,2785271,ea2adbcbfcc44cdb20b31b56738667733131be1533fca772e7366aaf4d6a10c1,3754188.0,events
https://raw.githubusercontent.com/statsbomb/open-data/master/data/three-sixty/3754259.json,/content/drive/MyDrive/ml_project/code/data_pipeline/results/Premier_League_2015_16_DATA_ONLY_FULL_REAL/data/bronze/statsbomb/three-sixty/3754259.json,optional_missing,404,0,,3754259.0,three-sixty
https://raw.githubusercontent.com/statsbomb/open-data/master/data/three-sixty/3754296.json,/content/drive/MyDrive/ml_project/code/data_pipeline/results/Premier_League_2015_16_DATA_ONLY_FULL_REAL/data/bronze/statsbomb/three-sixty/3754296.json,optional_missing,404,0,,3754296.0,three-sixty
https://raw.githubusercontent.com/statsbomb/open-data/master/data/lineups/3754296.json,/content/drive/MyDrive/ml_project/code/data_pipeline/results/Premier_League_2015_16_DATA_ONLY_FULL_REAL/data/bronze/statsbomb/lineups/3754296.json,downloaded,200,16580,383d7f62097d8c768c57e081e333cdfe7b6f0b1a47b9c062103e52ba69c307db,3754296.0,lineups
https://raw.githubusercontent.com/statsbomb/open-data/master/data/three-sixty/3754014.json,/content/drive/MyDrive/ml_project/code/data_pipeline/results/Premier_League_2015_16_DATA_ONLY_FULL_REAL/data/bronze/statsbomb/three-sixty/3754014.json,optional_missing,404,0,,3754014.0,three-sixty
https://raw.githubusercontent.com/statsbomb/open-data/master/data/lineups/3754014.json,/content/drive/MyDrive/ml_project/code/data_pipeline/results/Premier_League_2015_16_DATA_ONLY_FULL_REAL/data/bronze/statsbomb/lineups/3754014.json,downloaded,200,17244,18874187f5491550461b1ba56f87f2b23c6bdfadd60e651cf5413e0be92366a0,3754014.0,lineups
https://raw.githubusercontent.com/statsbomb/open-data/master/data/three-sixty/3754054.json,/content/drive/MyDrive/ml_project/code/data_pipeline/results/Premier_League_2015_16_DATA_ONLY_FULL_REAL/data/bronze/statsbomb/three-sixty/3754054.json,optional_missing,404,0,,3754054.0,three-sixty
https://raw.githubusercontent.com/statsbomb/open-data/master/data/events/3754259.json,/content/drive/MyDrive/ml_project/code/data_pipeline/results/Premier_League_2015_16_DATA_ONLY_FULL_REAL/data/bronze/statsbomb/events/3754259.json,downloaded,200,3054440,b5d39a784b3f9d1a4b41f48fff7ad001d57de8b46cfc4fcaf910151ab7aa67bd,3754259.0,events
https://raw.githubusercontent.com/statsbomb/open-data/master/data/events/3754296.json,/content/drive/MyDrive/ml_project/code/data_pipeline/results/Premier_League_2015_16_DATA_ONLY_FULL_REAL/data/bronze/statsbomb/events/3754296.json,downloaded,200,3303247,392a2af6232982127b65c14dab1dc52643afbe2c0969d9dc82f2e009e4947ce6,3754296.0,events
https://raw.githubusercontent.com/statsbomb/open-data/master/data/lineups/3754054.json,/content/drive/MyDrive/ml_project/code/data_pipeline/results/Premier_League_2015_16_DATA_ONLY_FULL_REAL/data/bronze/statsbomb/lineups/3754054.json,downloaded,200,16029,f5e33dc895a1c6a96a8a42dc5d183f032d38a33d494629a7e0bcd06c23612567,3754054.0,lineups
https://raw.githubusercontent.com/statsbomb/open-data/master/data/events/3754014.json,/content/drive/MyDrive/ml_project/code/data_pipeline/results/Premier_League_2015_16_DATA_ONLY_FULL_REAL/data/bronze/statsbomb/events/3754014.json,downloaded,200,2661703,e3e58db70637f7a4a0684efaedc9e5dc3042638db8ba30baa2a77c654b64123c,3754014.0,events
https://raw.githubusercontent.com/statsbomb/open-data/master/data/three-sixty/3754057.json,/content/drive/MyDrive/ml_project/code/data_pipeline/results/Premier_League_2015_16_DATA_ONLY_FULL_REAL/data/bronze/statsbomb/three-sixty/3754057.json,optional_missing,404,0,,3754057.0,three-sixty
https://raw.githubusercontent.com/statsbomb/open-data/master/data/events/3754054.json,/content/drive/MyDrive/ml_project/code/data_pipeline/results/Premier_League_2015_16_DATA_ONLY_FULL_REAL/data/bronze/statsbomb/events/3754054.json,downloaded,200,3008857,a2fd7382dd4742e54468f6d2bae140dbce6fc7c8966d38dc999976d51d6fbc06,3754054.0,events
https://raw.githubusercontent.com/statsbomb/open-data/master/data/lineups/3754057.json,/content/drive/MyDrive/ml_project/code/data_pipeline/results/Premier_League_2015_16_DATA_ONLY_FULL_REAL/data/bronze/statsbomb/lineups/3754057.json,downloaded,200,17257,77f8aa275780da2454084ce75e34d8353fedf9e47561847404916200ca4481ea,3754057.0,lineups
https://raw.githubusercontent.com/statsbomb/open-data/master/data/three-sixty/3754248.json,/content/drive/MyDrive/ml_project/code/data_pipeline/results/Premier_League_2015_16_DATA_ONLY_FULL_REAL/data/bronze/statsbomb/three-sixty/3754248.json,optional_missing,404,0,,3754248.0,three-sixty
https://raw.githubusercontent.com/statsbomb/open-data/master/data/lineups/3754248.json,/content/drive/MyDrive/ml_project/code/data_pipeline/results/Premier_League_2015_16_DATA_ONLY_FULL_REAL/data/bronze/statsbomb/lineups/3754248.json,downloaded,200,15649,0e58cbe1acc1000e8695c803780e287958ac82da8b93ef804975e382cb330d3a,3754248.0,lineups
https://raw.githubusercontent.com/statsbomb/open-data/master/data/lineups/3754279.json,/content/drive/MyDrive/ml_project/code/data_pipeline/results/Premier_League_2015_16_DATA_ONLY_FULL_REAL/data/bronze/statsbomb/lineups/3754279.json,downloaded,200,18962,137c652672fc9da7906d3450c9106a3f8924d43fae4ece1d72f55f8dc38a75b9,3754279.0,lineups
https://raw.githubusercontent.com/statsbomb/open-data/master/data/three-sixty/3754279.json,/content/drive/MyDrive/ml_project/code/data_pipeline/results/Premier_League_2015_16_DATA_ONLY_FULL_REAL/data/bronze/statsbomb/three-sixty/3754279.json,optional_missing,404,0,,3754279.0,three-sixty
https://raw.githubusercontent.com/statsbomb/open-data/master/data/lineups/3754285.json,/content/drive/MyDrive/ml_project/code/data_pipeline/results/Premier_League_2015_16_DATA_ONLY_FULL_REAL/data/bronze/statsbomb/lineups/3754285.json,downloaded,200,18652,f05c0ffec18c67c518b6d73cdeb0dbc1004013e64d260470de37b59919fcd264,3754285.0,lineups
https://raw.githubusercontent.com/statsbomb/open-data/master/data/three-sixty/3754285.json,/content/drive/MyDrive/ml_project/code/data_pipeline/results/Premier_League_2015_16_DATA_ONLY_FULL_REAL/data/bronze/statsbomb/three-sixty/3754285.json,optional_missing,404,0,,3754285.0,three-sixty
https://raw.githubusercontent.com/statsbomb/open-data/master/data/events/3754057.json,/content/drive/MyDrive/ml_project/code/data_pipeline/results/Premier_League_2015_16_DATA_ONLY_FULL_REAL/data/bronze/statsbomb/events/3754057.json,downloaded,200,2885116,45e8b16c8f7ae5e6cbbe96034cfc579a3fbb0facf9f68b2cf14bd2350c1ef849,3754057.0,events
https://raw.githubusercontent.com/statsbomb/open-data/master/data/events/3754285.json,/content/drive/MyDrive/ml_project/code/data_pipeline/results/Premier_League_2015_16_DATA_ONLY_FULL_REAL/data/bronze/statsbomb/events/3754285.json,downloaded,200,2706130,490d990f5d7070dd618deb908a22484bfad949b86623d569a350b0cb9e3ada98,3754285.0,events
https://raw.githubusercontent.com/statsbomb/open-data/master/data/three-sixty/3754287.json,/content/drive/MyDrive/ml_project/code/data_pipeline/results/Premier_League_2015_16_DATA_ONLY_FULL_REAL/data/bronze/statsbomb/three-sixty/3754287.json,optional_missing,404,0,,3754287.0,three-sixty
https://raw.githubusercontent.com/statsbomb/open-data/master/data/lineups/3754287.json,/content/drive/MyDrive/ml_project/code/data_pipeline/results/Premier_League_2015_16_DATA_ONLY_FULL_REAL/data/bronze/statsbomb/lineups/3754287.json,downloaded,200,16624,111374398516339b9bab7e709056244c027ad5d35a9405cc2dc6a340bbf47bac,3754287.0,lineups
https://raw.githubusercontent.com/statsbomb/open-data/master/data/events/3754248.json,/content/drive/MyDrive/ml_project/code/data_pipeline/results/Premier_League_2015_16_DATA_ONLY_FULL_REAL/data/bronze/statsbomb/events/3754248.json,downloaded,200,2808167,63efb9e2140869791cf242633d962fb0e67e066caef1b5da2b17ef394f047caf,3754248.0,events
https://raw.githubusercontent.com/statsbomb/open-data/master/data/events/3754279.json,/content/drive/MyDrive/ml_project/code/data_pipeline/results/Premier_League_2015_16_DATA_ONLY_FULL_REAL/data/bronze/statsbomb/events/3754279.json,downloaded,200,2891210,b78531c7813a61deff4dc81e67d07f0084d78d1d0b75aa21899347e148ffe9ea,3754279.0,events
https://raw.githubusercontent.com/statsbomb/open-data/master/data/three-sixty/3754343.json,/content/drive/MyDrive/ml_project/code/data_pipeline/results/Premier_League_2015_16_DATA_ONLY_FULL_REAL/data/bronze/statsbomb/three-sixty/3754343.json,optional_missing,404,0,,3754343.0,three-sixty
https://raw.githubusercontent.com/statsbomb/open-data/master/data/lineups/3754343.json,/content/drive/MyDrive/ml_project/code/data_pipeline/results/Premier_League_2015_16_DATA_ONLY_FULL_REAL/data/bronze/statsbomb/lineups/3754343.json,downloaded,200,16874,a25d5b85612af6fabdd49240e1dd70fbb00d583cebad6dbd148254a69ecbc1b5,3754343.0,lineups
https://raw.githubusercontent.com/statsbomb/open-data/master/data/lineups/3753974.json,/content/drive/MyDrive/ml_project/code/data_pipeline/results/Premier_League_2015_16_DATA_ONLY_FULL_REAL/data/bronze/statsbomb/lineups/3753974.json,downloaded,200,16146,aa379ab7490468094285b5af425bd7de85067577fe2e6a63e73bc95c17d492eb,3753974.0,lineups
https://raw.githubusercontent.com/statsbomb/open-data/master/data/events/3754343.json,/content/drive/MyDrive/ml_project/code/data_pipeline/results/Premier_League_2015_16_DATA_ONLY_FULL_REAL/data/bronze/statsbomb/events/3754343.json,downloaded,200,2793584,fa938cf1e9a2366f349148a65a7affd2e1e24e9d3de0203a34526b55dabc6027,3754343.0,events
https://raw.githubusercontent.com/statsbomb/open-data/master/data/three-sixty/3753974.json,/content/drive/MyDrive/ml_project/code/data_pipeline/results/Premier_League_2015_16_DATA_ONLY_FULL_REAL/data/bronze/statsbomb/three-sixty/3753974.json,optional_missing,404,0,,3753974.0,three-sixty
https://raw.githubusercontent.com/statsbomb/open-data/master/data/events/3754287.json,/content/drive/MyDrive/ml_project/code/data_pipeline/results/Premier_League_2015_16_DATA_ONLY_FULL_REAL/data/bronze/statsbomb/events/3754287.json,downloaded,200,2794873,e252aa155f74130e1c4d905d12fa697f6f6fa5960d27e9ffb1b01f13f9180a62,3754287.0,events
https://raw.githubusercontent.com/statsbomb/open-data/master/data/lineups/3754309.json,/content/drive/MyDrive/ml_project/code/data_pipeline/results/Premier_League_2015_16_DATA_ONLY_FULL_REAL/data/bronze/statsbomb/lineups/3754309.json,downloaded,200,18299,0e9b492d355bbb7401fad1abed18abdf1e201a7c1b91588ae7a34011425399cd,3754309.0,lineups
https://raw.githubusercontent.com/statsbomb/open-data/master/data/three-sixty/3754309.json,/content/drive/MyDrive/ml_project/code/data_pipeline/results/Premier_League_2015_16_DATA_ONLY_FULL_REAL/data/bronze/statsbomb/three-sixty/3754309.json,optional_missing,404,0,,3754309.0,three-sixty
https://raw.githubusercontent.com/statsbomb/open-data/master/data/lineups/3754056.json,/content/drive/MyDrive/ml_project/code/data_pipeline/results/Premier_League_2015_16_DATA_ONLY_FULL_REAL/data/bronze/statsbomb/lineups/3754056.json,downloaded,200,16520,6b856ebb186e8a7dc6c475138c3853d4df265d51092565996242036bdfba811a,3754056.0,lineups
https://raw.githubusercontent.com/statsbomb/open-data/master/data/three-sixty/3754056.json,/content/drive/MyDrive/ml_project/code/data_pipeline/results/Premier_League_2015_16_DATA_ONLY_FULL_REAL/data/bronze/statsbomb/three-sixty/3754056.json,optional_missing,404,0,,3754056.0,three-sixty
https://raw.githubusercontent.com/statsbomb/open-data/master/data/three-sixty/3754130.json,/content/drive/MyDrive/ml_project/code/data_pipeline/results/Premier_League_2015_16_DATA_ONLY_FULL_REAL/data/bronze/statsbomb/three-sixty/3754130.json,optional_missing,404,0,,3754130.0,three-sixty
https://raw.githubusercontent.com/statsbomb/open-data/master/data/events/3753974.json,/content/drive/MyDrive/ml_project/code/data_pipeline/results/Premier_League_2015_16_DATA_ONLY_FULL_REAL/data/bronze/statsbomb/events/3753974.json,downloaded,200,3052513,3184d7d498f10a20af5033172917f35f2a2c0b0afebe8f8efecb5d8a605c21cd,3753974.0,events
https://raw.githubusercontent.com/statsbomb/open-data/master/data/lineups/3754130.json,/content/drive/MyDrive/ml_project/code/data_pipeline/results/Premier_League_2015_16_DATA_ONLY_FULL_REAL/data/bronze/statsbomb/lineups/3754130.json,downloaded,200,17224,032e1072876d6ecb878965b70c67fe5788597de1e766022174fa776417d46dd1,3754130.0,lineups
https://raw.githubusercontent.com/statsbomb/open-data/master/data/events/3754309.json,/content/drive/MyDrive/ml_project/code/data_pipeline/results/Premier_League_2015_16_DATA_ONLY_FULL_REAL/data/bronze/statsbomb/events/3754309.json,downloaded,200,2813182,71ccb3fd15ad468ce04e5b0056c0013dce558234d2640197283ebcacfc39d5ea,3754309.0,events
https://raw.githubusercontent.com/statsbomb/open-data/master/data/three-sixty/3754195.json,/content/drive/MyDrive/ml_project/code/data_pipeline/results/Premier_League_2015_16_DATA_ONLY_FULL_REAL/data/bronze/statsbomb/three-sixty/3754195.json,optional_missing,404,0,,3754195.0,three-sixty
https://raw.githubusercontent.com/statsbomb/open-data/master/data/events/3754056.json,/content/drive/MyDrive/ml_project/code/data_pipeline/results/Premier_League_2015_16_DATA_ONLY_FULL_REAL/data/bronze/statsbomb/events/3754056.json,downloaded,200,2995043,f53baa44ce3d3fba715a84ef08d7d5dddee0e07c993656260ab0aedb90330b3b,3754056.0,events
https://raw.githubusercontent.com/statsbomb/open-data/master/data/events/3754130.json,/content/drive/MyDrive/ml_project/code/data_pipeline/results/Premier_League_2015_16_DATA_ONLY_FULL_REAL/data/bronze/statsbomb/events/3754130.json,downloaded,200,2538292,7631269baba6d593fb4383c30ed53fbc79d03d7364e9f07aab1e0903d5ffe28a,3754130.0,events
https://raw.githubusercontent.com/statsbomb/open-data/master/data/lineups/3754195.json,/content/drive/MyDrive/ml_project/code/data_pipeline/results/Premier_League_2015_16_DATA_ONLY_FULL_REAL/data/bronze/statsbomb/lineups/3754195.json,downloaded,200,16505,9eb63589ae516cf41895e440c68f926cf19fe13c09d71dbffe42593046086dec,3754195.0,lineups
https://raw.githubusercontent.com/statsbomb/open-data/master/data/three-sixty/3754291.json,/content/drive/MyDrive/ml_project/code/data_pipeline/results/Premier_League_2015_16_DATA_ONLY_FULL_REAL/data/bronze/statsbomb/three-sixty/3754291.json,optional_missing,404,0,,3754291.0,three-sixty
https://raw.githubusercontent.com/statsbomb/open-data/master/data/lineups/3754291.json,/content/drive/MyDrive/ml_project/code/data_pipeline/results/Premier_League_2015_16_DATA_ONLY_FULL_REAL/data/bronze/statsbomb/lineups/3754291.json,downloaded,200,18213,68b5c7efea7960d24c5598b605bcd7b1f6e880f865a0ed85657bc36ea586cc0e,3754291.0,lineups
https://raw.githubusercontent.com/statsbomb/open-data/master/data/three-sixty/3754326.json,/content/drive/MyDrive/ml_project/code/data_pipeline/results/Premier_League_2015_16_DATA_ONLY_FULL_REAL/data/bronze/statsbomb/three-sixty/3754326.json,optional_missing,404,0,,3754326.0,three-sixty
https://raw.githubusercontent.com/statsbomb/open-data/master/data/lineups/3754326.json,/content/drive/MyDrive/ml_project/code/data_pipeline/results/Premier_League_2015_16_DATA_ONLY_FULL_REAL/data/bronze/statsbomb/lineups/3754326.json,downloaded,200,17461,91a6ff9137a7ebe89f5e2c73dcaa56a4e3da3882b537e444a85fa1f32152db80,3754326.0,lineups
https://raw.githubusercontent.com/statsbomb/open-data/master/data/three-sixty/3754173.json,/content/drive/MyDrive/ml_project/code/data_pipeline/results/Premier_League_2015_16_DATA_ONLY_FULL_REAL/data/bronze/statsbomb/three-sixty/3754173.json,optional_missing,404,0,,3754173.0,three-sixty
https://raw.githubusercontent.com/statsbomb/open-data/master/data/events/3754195.json,/content/drive/MyDrive/ml_project/code/data_pipeline/results/Premier_League_2015_16_DATA_ONLY_FULL_REAL/data/bronze/statsbomb/events/3754195.json,downloaded,200,2526163,bb239c4d507a989e27065bd80ad4681b6a98b2dc88a4edd1f2c554b54d936686,3754195.0,events
https://raw.githubusercontent.com/statsbomb/open-data/master/data/lineups/3754173.json,/content/drive/MyDrive/ml_project/code/data_pipeline/results/Premier_League_2015_16_DATA_ONLY_FULL_REAL/data/bronze/statsbomb/lineups/3754173.json,downloaded,200,17070,3c24cf4d9fce8dd02f83e88206c09782c8bcaac3f212e51b78cad8c601211c6c,3754173.0,lineups
https://raw.githubusercontent.com/statsbomb/open-data/master/data/events/3754173.json,/content/drive/MyDrive/ml_project/code/data_pipeline/results/Premier_League_2015_16_DATA_ONLY_FULL_REAL/data/bronze/statsbomb/events/3754173.json,downloaded,200,3397301,2444cd9d6ff9da7332b2b7790280c19fde0c8b9b55d27f68111cf10c7a7a2f10,3754173.0,events
https://raw.githubusercontent.com/statsbomb/open-data/master/data/events/3754291.json,/content/drive/MyDrive/ml_project/code/data_pipeline/results/Premier_League_2015_16_DATA_ONLY_FULL_REAL/data/bronze/statsbomb/events/3754291.json,downloaded,200,2810802,0053b999f13d64f3a0ebfa1b699ace7d89c6738e7f393183a8ade1a3755a561d,3754291.0,events
https://raw.githubusercontent.com/statsbomb/open-data/master/data/three-sixty/3753998.json,/content/drive/MyDrive/ml_project/code/data_pipeline/results/Premier_League_2015_16_DATA_ONLY_FULL_REAL/data/bronze/statsbomb/three-sixty/3753998.json,optional_missing,404,0,,3753998.0,three-sixty
https://raw.githubusercontent.com/statsbomb/open-data/master/data/lineups/3753998.json,/content/drive/MyDrive/ml_project/code/data_pipeline/results/Premier_League_2015_16_DATA_ONLY_FULL_REAL/data/bronze/statsbomb/lineups/3753998.json,downloaded,200,17900,15f837167a59c2270d62bada70c415cf8c2d7539c6405c20405d76ed5cf6933a,3753998.0,lineups
https://raw.githubusercontent.com/statsbomb/open-data/master/data/events/3754326.json,/content/drive/MyDrive/ml_project/code/data_pipeline/results/Premier_League_2015_16_DATA_ONLY_FULL_REAL/data/bronze/statsbomb/events/3754326.json,downloaded,200,2686295,4d15eb5c8662012f03b50bcd6c7db5a01d432b5d775cc0d1d6cd7c965d57ffec,3754326.0,events
https://raw.githubusercontent.com/statsbomb/open-data/master/data/three-sixty/3754019.json,/content/drive/MyDrive/ml_project/code/data_pipeline/results/Premier_League_2015_16_DATA_ONLY_FULL_REAL/data/bronze/statsbomb/three-sixty/3754019.json,optional_missing,404,0,,3754019.0,three-sixty
https://raw.githubusercontent.com/statsbomb/open-data/master/data/lineups/3754019.json,/content/drive/MyDrive/ml_project/code/data_pipeline/results/Premier_League_2015_16_DATA_ONLY_FULL_REAL/data/bronze/statsbomb/lineups/3754019.json,downloaded,200,17278,1802c9a14ca86a836c06d0bad046c2b000ecd37530f5d1e2db81144ee1a42fe0,3754019.0,lineups
https://raw.githubusercontent.com/statsbomb/open-data/master/data/events/3753998.json,/content/drive/MyDrive/ml_project/code/data_pipeline/results/Premier_League_2015_16_DATA_ONLY_FULL_REAL/data/bronze/statsbomb/events/3753998.json,downloaded,200,2866452,5b4b0b4bf3975a35195c25020327bd24919298a7e54db3778cbc7ae98a6de40f,3753998.0,events
https://raw.githubusercontent.com/statsbomb/open-data/master/data/lineups/3754045.json,/content/drive/MyDrive/ml_project/code/data_pipeline/results/Premier_League_2015_16_DATA_ONLY_FULL_REAL/data/bronze/statsbomb/lineups/3754045.json,downloaded,200,18342,eff2c00c02c8184657d00a3272f4b9e8628dee22b4620f3274df84771a423d2f,3754045.0,lineups
https://raw.githubusercontent.com/statsbomb/open-data/master/data/three-sixty/3754045.json,/content/drive/MyDrive/ml_project/code/data_pipeline/results/Premier_League_2015_16_DATA_ONLY_FULL_REAL/data/bronze/statsbomb/three-sixty/3754045.json,optional_missing,404,0,,3754045.0,three-sixty
https://raw.githubusercontent.com/statsbomb/open-data/master/data/lineups/3754226.json,/content/drive/MyDrive/ml_project/code/data_pipeline/results/Premier_League_2015_16_DATA_ONLY_FULL_REAL/data/bronze/statsbomb/lineups/3754226.json,downloaded,200,21503,58d0bb1729946cb2e5bf22583078ab56ed640abb8abda9ec7ed5426f949bc5fd,3754226.0,lineups
https://raw.githubusercontent.com/statsbomb/open-data/master/data/three-sixty/3754226.json,/content/drive/MyDrive/ml_project/code/data_pipeline/results/Premier_League_2015_16_DATA_ONLY_FULL_REAL/data/bronze/statsbomb/three-sixty/3754226.json,optional_missing,404,0,,3754226.0,three-sixty
https://raw.githubusercontent.com/statsbomb/open-data/master/data/lineups/3754251.json,/content/drive/MyDrive/ml_project/code/data_pipeline/results/Premier_League_2015_16_DATA_ONLY_FULL_REAL/data/bronze/statsbomb/lineups/3754251.json,downloaded,200,16544,e6e38c60b43ec4aa7cf2600e3b339ed151766e1c505e05f762d53d6503776d3b,3754251.0,lineups
https://raw.githubusercontent.com/statsbomb/open-data/master/data/three-sixty/3754251.json,/content/drive/MyDrive/ml_project/code/data_pipeline/results/Premier_League_2015_16_DATA_ONLY_FULL_REAL/data/bronze/statsbomb/three-sixty/3754251.json,optional_missing,404,0,,3754251.0,three-sixty
https://raw.githubusercontent.com/statsbomb/open-data/master/data/events/3754226.json,/content/drive/MyDrive/ml_project/code/data_pipeline/results/Premier_League_2015_16_DATA_ONLY_FULL_REAL/data/bronze/statsbomb/events/3754226.json,downloaded,200,2739692,d9729b66ed7663e5f5146ca2c2dde9f9bfd2290668540d216f2a8842ab6b51fa,3754226.0,events
https://raw.githubusercontent.com/statsbomb/open-data/master/data/events/3754251.json,/content/drive/MyDrive/ml_project/code/data_pipeline/results/Premier_League_2015_16_DATA_ONLY_FULL_REAL/data/bronze/statsbomb/events/3754251.json,downloaded,200,2933479,ec98701ac305eba86c7cb3c63f8e8ecc6ae20a3ad16e7c0dbbc1101df0414866,3754251.0,events
https://raw.githubusercontent.com/statsbomb/open-data/master/data/events/3754045.json,/content/drive/MyDrive/ml_project/code/data_pipeline/results/Premier_League_2015_16_DATA_ONLY_FULL_REAL/data/bronze/statsbomb/events/3754045.json,downloaded,200,2956205,5ac5647bd5b4ab17d6072cc6b033478976d09137233da9976992792038130534,3754045.0,events
https://raw.githubusercontent.com/statsbomb/open-data/master/data/lineups/3754069.json,/content/drive/MyDrive/ml_project/code/data_pipeline/results/Premier_League_2015_16_DATA_ONLY_FULL_REAL/data/bronze/statsbomb/lineups/3754069.json,downloaded,200,17396,f1f643ddfe5818be92565208b62907413a1b2958648ac58875f61e40d2c14407,3754069.0,lineups
https://raw.githubusercontent.com/statsbomb/open-data/master/data/three-sixty/3754069.json,/content/drive/MyDrive/ml_project/code/data_pipeline/results/Premier_League_2015_16_DATA_ONLY_FULL_REAL/data/bronze/statsbomb/three-sixty/3754069.json,optional_missing,404,0,,3754069.0,three-sixty
https://raw.githubusercontent.com/statsbomb/open-data/master/data/events/3754069.json,/content/drive/MyDrive/ml_project/code/data_pipeline/results/Premier_League_2015_16_DATA_ONLY_FULL_REAL/data/bronze/statsbomb/events/3754069.json,downloaded,200,3073080,8e5da3f845c4c814d9ea4fc9b539aedde9f02dfbe382e6ef4a6689a0dbf678bd,3754069.0,events
https://raw.githubusercontent.com/statsbomb/open-data/master/data/three-sixty/3754036.json,/content/drive/MyDrive/ml_project/code/data_pipeline/results/Premier_League_2015_16_DATA_ONLY_FULL_REAL/data/bronze/statsbomb/three-sixty/3754036.json,optional_missing,404,0,,3754036.0,three-sixty
https://raw.githubusercontent.com/statsbomb/open-data/master/data/lineups/3754036.json,/content/drive/MyDrive/ml_project/code/data_pipeline/results/Premier_League_2015_16_DATA_ONLY_FULL_REAL/data/bronze/statsbomb/lineups/3754036.json,downloaded,200,21436,98144268bffcfa9780011c4df585cacb2dd760f12b1d1ac8105026cc83ec2dde,3754036.0,lineups
https://raw.githubusercontent.com/statsbomb/open-data/master/data/three-sixty/3754058.json,/content/drive/MyDrive/ml_project/code/data_pipeline/results/Premier_League_2015_16_DATA_ONLY_FULL_REAL/data/bronze/statsbomb/three-sixty/3754058.json,optional_missing,404,0,,3754058.0,three-sixty
https://raw.githubusercontent.com/statsbomb/open-data/master/data/events/3754019.json,/content/drive/MyDrive/ml_project/code/data_pipeline/results/Premier_League_2015_16_DATA_ONLY_FULL_REAL/data/bronze/statsbomb/events/3754019.json,downloaded,200,3083768,8ab57ae0a7cfdd775a01a31a3a77b676df73f5fbf6c4efb55e87588c41bda1ab,3754019.0,events
https://raw.githubusercontent.com/statsbomb/open-data/master/data/lineups/3754058.json,/content/drive/MyDrive/ml_project/code/data_pipeline/results/Premier_League_2015_16_DATA_ONLY_FULL_REAL/data/bronze/statsbomb/lineups/3754058.json,downloaded,200,16370,59707d4246c334cace0ca83903556e1bdbda61c9cadbe36accbd4f1ae18d6039,3754058.0,lineups
https://raw.githubusercontent.com/statsbomb/open-data/master/data/events/3754036.json,/content/drive/MyDrive/ml_project/code/data_pipeline/results/Premier_League_2015_16_DATA_ONLY_FULL_REAL/data/bronze/statsbomb/events/3754036.json,downloaded,200,2915296,8e9c4e1c656d49c947c7c5d7f72b09ff6f37027f61af3c4d71715ecac1c94f0b,3754036.0,events
https://raw.githubusercontent.com/statsbomb/open-data/master/data/three-sixty/3754101.json,/content/drive/MyDrive/ml_project/code/data_pipeline/results/Premier_League_2015_16_DATA_ONLY_FULL_REAL/data/bronze/statsbomb/three-sixty/3754101.json,optional_missing,404,0,,3754101.0,three-sixty
https://raw.githubusercontent.com/statsbomb/open-data/master/data/lineups/3754122.json,/content/drive/MyDrive/ml_project/code/data_pipeline/results/Premier_League_2015_16_DATA_ONLY_FULL_REAL/data/bronze/statsbomb/lineups/3754122.json,downloaded,200,16758,8732edd426c71045ded368534776f7d7284bde3372981a149c6e5b1feaa00f8a,3754122.0,lineups
https://raw.githubusercontent.com/statsbomb/open-data/master/data/lineups/3754101.json,/content/drive/MyDrive/ml_project/code/data_pipeline/results/Premier_League_2015_16_DATA_ONLY_FULL_REAL/data/bronze/statsbomb/lineups/3754101.json,downloaded,200,17052,f80d80bd12b129b29a93808e5fabd0d57691fc89facb7a335d77a66a14856fe1,3754101.0,lineups
https://raw.githubusercontent.com/statsbomb/open-data/master/data/three-sixty/3754122.json,/content/drive/MyDrive/ml_project/code/data_pipeline/results/Premier_League_2015_16_DATA_ONLY_FULL_REAL/data/bronze/statsbomb/three-sixty/3754122.json,optional_missing,404,0,,3754122.0,three-sixty
https://raw.githubusercontent.com/statsbomb/open-data/master/data/events/3754058.json,/content/drive/MyDrive/ml_project/code/data_pipeline/results/Premier_League_2015_16_DATA_ONLY_FULL_REAL/data/bronze/statsbomb/events/3754058.json,downloaded,200,3076831,be0c6f91bef3bc5813f08b22b88d665f1254f8f97d6368e84adeeb75d17eab98,3754058.0,events
https://raw.githubusercontent.com/statsbomb/open-data/master/data/events/3754101.json,/content/drive/MyDrive/ml_project/code/data_pipeline/results/Premier_League_2015_16_DATA_ONLY_FULL_REAL/data/bronze/statsbomb/events/3754101.json,downloaded,200,2761539,3ed6324e6deffa4627193324e9852befeb53910c4accde2554350eb351168b0a,3754101.0,events
https://raw.githubusercontent.com/statsbomb/open-data/master/data/events/3754122.json,/content/drive/MyDrive/ml_project/code/data_pipeline/results/Premier_League_2015_16_DATA_ONLY_FULL_REAL/data/bronze/statsbomb/events/3754122.json,downloaded,200,2777641,82d5f89302510608011cafdb9be707526a75df7974e23912baa42bd44ab7dc0a,3754122.0,events
https://raw.githubusercontent.com/statsbomb/open-data/master/data/lineups/3754319.json,/content/drive/MyDrive/ml_project/code/data_pipeline/results/Premier_League_2015_16_DATA_ONLY_FULL_REAL/data/bronze/statsbomb/lineups/3754319.json,downloaded,200,19083,6653c97a75418c61687df2a1b14ce87fe673be542a6aa8a8acdff515ed2e3804,3754319.0,lineups
https://raw.githubusercontent.com/statsbomb/open-data/master/data/three-sixty/3754319.json,/content/drive/MyDrive/ml_project/code/data_pipeline/results/Premier_League_2015_16_DATA_ONLY_FULL_REAL/data/bronze/statsbomb/three-sixty/3754319.json,optional_missing,404,0,,3754319.0,three-sixty
https://raw.githubusercontent.com/statsbomb/open-data/master/data/three-sixty/3754346.json,/content/drive/MyDrive/ml_project/code/data_pipeline/results/Premier_League_2015_16_DATA_ONLY_FULL_REAL/data/bronze/statsbomb/three-sixty/3754346.json,optional_missing,404,0,,3754346.0,three-sixty
https://raw.githubusercontent.com/statsbomb/open-data/master/data/lineups/3754346.json,/content/drive/MyDrive/ml_project/code/data_pipeline/results/Premier_League_2015_16_DATA_ONLY_FULL_REAL/data/bronze/statsbomb/lineups/3754346.json,downloaded,200,22685,511ef7a6fed090e357bbd26e80227e769991953eff6df1fd395624ca3d096f1b,3754346.0,lineups
https://raw.githubusercontent.com/statsbomb/open-data/master/data/events/3754319.json,/content/drive/MyDrive/ml_project/code/data_pipeline/results/Premier_League_2015_16_DATA_ONLY_FULL_REAL/data/bronze/statsbomb/events/3754319.json,downloaded,200,3148495,eba87bc83f735740efe996a5d31d41a09c31cdd94c31a882faad45ff4c05d480,3754319.0,events
https://raw.githubusercontent.com/statsbomb/open-data/master/data/lineups/3754114.json,/content/drive/MyDrive/ml_project/code/data_pipeline/results/Premier_League_2015_16_DATA_ONLY_FULL_REAL/data/bronze/statsbomb/lineups/3754114.json,downloaded,200,16563,a5c7cead6c3d6a6a379d35ac7714869c8fde5f51b84ef045241cea408ab11db2,3754114.0,lineups
https://raw.githubusercontent.com/statsbomb/open-data/master/data/events/3754346.json,/content/drive/MyDrive/ml_project/code/data_pipeline/results/Premier_League_2015_16_DATA_ONLY_FULL_REAL/data/bronze/statsbomb/events/3754346.json,downloaded,200,2937234,e5d46433f79a21ae2b5833bd7c9db78b499eb10063411d35045592e7671c819e,3754346.0,events
https://raw.githubusercontent.com/statsbomb/open-data/master/data/three-sixty/3754114.json,/content/drive/MyDrive/ml_project/code/data_pipeline/results/Premier_League_2015_16_DATA_ONLY_FULL_REAL/data/bronze/statsbomb/three-sixty/3754114.json,optional_missing,404,0,,3754114.0,three-sixty
https://raw.githubusercontent.com/statsbomb/open-data/master/data/three-sixty/3754140.json,/content/drive/MyDrive/ml_project/code/data_pipeline/results/Premier_League_2015_16_DATA_ONLY_FULL_REAL/data/bronze/statsbomb/three-sixty/3754140.json,optional_missing,404,0,,3754140.0,three-sixty
https://raw.githubusercontent.com/statsbomb/open-data/master/data/lineups/3754140.json,/content/drive/MyDrive/ml_project/code/data_pipeline/results/Premier_League_2015_16_DATA_ONLY_FULL_REAL/data/bronze/statsbomb/lineups/3754140.json,downloaded,200,16188,410ccfcd8892f36ccafad0580466da02a458c33fb5a58a3e6c3dc1bb00eee4ce,3754140.0,lineups
https://raw.githubusercontent.com/statsbomb/open-data/master/data/three-sixty/3753981.json,/content/drive/MyDrive/ml_project/code/data_pipeline/results/Premier_League_2015_16_DATA_ONLY_FULL_REAL/data/bronze/statsbomb/three-sixty/3753981.json,optional_missing,404,0,,3753981.0,three-sixty
https://raw.githubusercontent.com/statsbomb/open-data/master/data/lineups/3753981.json,/content/drive/MyDrive/ml_project/code/data_pipeline/results/Premier_League_2015_16_DATA_ONLY_FULL_REAL/data/bronze/statsbomb/lineups/3753981.json,downloaded,200,18349,6c6ea046e710472353beaf7f8f2642543321c022e88998c4d7b97aac2e936457,3753981.0,lineups
https://raw.githubusercontent.com/statsbomb/open-data/master/data/events/3753981.json,/content/drive/MyDrive/ml_project/code/data_pipeline/results/Premier_League_2015_16_DATA_ONLY_FULL_REAL/data/bronze/statsbomb/events/3753981.json,downloaded,200,2976536,e42cbccdea214a087120a11c5cb1d7298c1e172f28c96858cb3f82cfa6cea74f,3753981.0,events
https://raw.githubusercontent.com/statsbomb/open-data/master/data/three-sixty/3754021.json,/content/drive/MyDrive/ml_project/code/data_pipeline/results/Premier_League_2015_16_DATA_ONLY_FULL_REAL/data/bronze/statsbomb/three-sixty/3754021.json,optional_missing,404,0,,3754021.0,three-sixty
https://raw.githubusercontent.com/statsbomb/open-data/master/data/lineups/3754021.json,/content/drive/MyDrive/ml_project/code/data_pipeline/results/Premier_League_2015_16_DATA_ONLY_FULL_REAL/data/bronze/statsbomb/lineups/3754021.json,downloaded,200,15839,09f5b19fa4191acffd0a8ca1340a067240b785e41fb0646e1b44fbd0aee5356a,3754021.0,lineups
https://raw.githubusercontent.com/statsbomb/open-data/master/data/events/3754114.json,/content/drive/MyDrive/ml_project/code/data_pipeline/results/Premier_League_2015_16_DATA_ONLY_FULL_REAL/data/bronze/statsbomb/events/3754114.json,downloaded,200,3200953,43a6479bb9080b75a882960f942f62f4ac7a9bd4c1313f28c3ac389ed8c167f1,3754114.0,events
https://raw.githubusercontent.com/statsbomb/open-data/master/data/events/3754140.json,/content/drive/MyDrive/ml_project/code/data_pipeline/results/Premier_League_2015_16_DATA_ONLY_FULL_REAL/data/bronze/statsbomb/events/3754140.json,downloaded,200,3319154,fb4e284f48d9b6c9a43179be23afdf1fa1c6437c51d009854dd6995513a4c858,3754140.0,events
https://raw.githubusercontent.com/statsbomb/open-data/master/data/three-sixty/3754088.json,/content/drive/MyDrive/ml_project/code/data_pipeline/results/Premier_League_2015_16_DATA_ONLY_FULL_REAL/data/bronze/statsbomb/three-sixty/3754088.json,optional_missing,404,0,,3754088.0,three-sixty
https://raw.githubusercontent.com/statsbomb/open-data/master/data/lineups/3754088.json,/content/drive/MyDrive/ml_project/code/data_pipeline/results/Premier_League_2015_16_DATA_ONLY_FULL_REAL/data/bronze/statsbomb/lineups/3754088.json,downloaded,200,17197,d9829e41d7be5f748548d21b15b5bd33699a538984007d6b6e2ee6508fe34976,3754088.0,lineups
https://raw.githubusercontent.com/statsbomb/open-data/master/data/events/3754021.json,/content/drive/MyDrive/ml_project/code/data_pipeline/results/Premier_League_2015_16_DATA_ONLY_FULL_REAL/data/bronze/statsbomb/events/3754021.json,downloaded,200,3096545,7a8b0d927e2571773f1941f61053343fad29d193d394f69a07f6ffe0ca04f449,3754021.0,events
https://raw.githubusercontent.com/statsbomb/open-data/master/data/three-sixty/3754032.json,/content/drive/MyDrive/ml_project/code/data_pipeline/results/Premier_League_2015_16_DATA_ONLY_FULL_REAL/data/bronze/statsbomb/three-sixty/3754032.json,optional_missing,404,0,,3754032.0,three-sixty
https://raw.githubusercontent.com/statsbomb/open-data/master/data/lineups/3754032.json,/content/drive/MyDrive/ml_project/code/data_pipeline/results/Premier_League_2015_16_DATA_ONLY_FULL_REAL/data/bronze/statsbomb/lineups/3754032.json,downloaded,200,17346,c46c57b35b3233116163d0fb42851a79a6a64422b5ace591d54b96d203ca6d4a,3754032.0,lineups
https://raw.githubusercontent.com/statsbomb/open-data/master/data/three-sixty/3754062.json,/content/drive/MyDrive/ml_project/code/data_pipeline/results/Premier_League_2015_16_DATA_ONLY_FULL_REAL/data/bronze/statsbomb/three-sixty/3754062.json,optional_missing,404,0,,3754062.0,three-sixty
https://raw.githubusercontent.com/statsbomb/open-data/master/data/lineups/3754062.json,/content/drive/MyDrive/ml_project/code/data_pipeline/results/Premier_League_2015_16_DATA_ONLY_FULL_REAL/data/bronze/statsbomb/lineups/3754062.json,downloaded,200,16292,af8aa5e40d2e74a161ff81701680d620423411e21a4eaf554c31f8b45e0ce506,3754062.0,lineups
https://raw.githubusercontent.com/statsbomb/open-data/master/data/events/3754088.json,/content/drive/MyDrive/ml_project/code/data_pipeline/results/Premier_League_2015_16_DATA_ONLY_FULL_REAL/data/bronze/statsbomb/events/3754088.json,downloaded,200,3193859,981ea81170d14b61ec8ee40528b00e8eace7fcb5a755d191adf5376d08d1c66e,3754088.0,events
https://raw.githubusercontent.com/statsbomb/open-data/master/data/three-sixty/3754071.json,/content/drive/MyDrive/ml_project/code/data_pipeline/results/Premier_League_2015_16_DATA_ONLY_FULL_REAL/data/bronze/statsbomb/three-sixty/3754071.json,optional_missing,404,0,,3754071.0,three-sixty
https://raw.githubusercontent.com/statsbomb/open-data/master/data/lineups/3754071.json,/content/drive/MyDrive/ml_project/code/data_pipeline/results/Premier_League_2015_16_DATA_ONLY_FULL_REAL/data/bronze/statsbomb/lineups/3754071.json,downloaded,200,18265,c0d7fbed5ff39cb028a5a0a590db65ab28c58e434061a91c5357b22ede8fe91b,3754071.0,lineups
https://raw.githubusercontent.com/statsbomb/open-data/master/data/three-sixty/3754142.json,/content/drive/MyDrive/ml_project/code/data_pipeline/results/Premier_League_2015_16_DATA_ONLY_FULL_REAL/data/bronze/statsbomb/three-sixty/3754142.json,optional_missing,404,0,,3754142.0,three-sixty
https://raw.githubusercontent.com/statsbomb/open-data/master/data/events/3754062.json,/content/drive/MyDrive/ml_project/code/data_pipeline/results/Premier_League_2015_16_DATA_ONLY_FULL_REAL/data/bronze/statsbomb/events/3754062.json,downloaded,200,2919140,ab313f579a793ea7ab2e3351cc5e3e8b765691a4b30e821ca61484a5cfeee243,3754062.0,events
https://raw.githubusercontent.com/statsbomb/open-data/master/data/events/3754032.json,/content/drive/MyDrive/ml_project/code/data_pipeline/results/Premier_League_2015_16_DATA_ONLY_FULL_REAL/data/bronze/statsbomb/events/3754032.json,downloaded,200,3134537,779fe875daf95f93727a090b0bd2bd52fba0682f550183382e65f3b1a988bca0,3754032.0,events
https://raw.githubusercontent.com/statsbomb/open-data/master/data/events/3754071.json,/content/drive/MyDrive/ml_project/code/data_pipeline/results/Premier_League_2015_16_DATA_ONLY_FULL_REAL/data/bronze/statsbomb/events/3754071.json,downloaded,200,2823412,97b3d273b9f9a408a440ffdde1d9b171f1f8b24e52068093ad701f9d4b390bd6,3754071.0,events
https://raw.githubusercontent.com/statsbomb/open-data/master/data/lineups/3754142.json,/content/drive/MyDrive/ml_project/code/data_pipeline/results/Premier_League_2015_16_DATA_ONLY_FULL_REAL/data/bronze/statsbomb/lineups/3754142.json,downloaded,200,17152,d200b451dcf2c9b14c86222a8e392309791826a1a516ec0e67bb070272977646,3754142.0,lineups
https://raw.githubusercontent.com/statsbomb/open-data/master/data/three-sixty/3754183.json,/content/drive/MyDrive/ml_project/code/data_pipeline/results/Premier_League_2015_16_DATA_ONLY_FULL_REAL/data/bronze/statsbomb/three-sixty/3754183.json,optional_missing,404,0,,3754183.0,three-sixty
https://raw.githubusercontent.com/statsbomb/open-data/master/data/lineups/3754183.json,/content/drive/MyDrive/ml_project/code/data_pipeline/results/Premier_League_2015_16_DATA_ONLY_FULL_REAL/data/bronze/statsbomb/lineups/3754183.json,downloaded,200,16597,bd84aeda91ec9fc8110a8e7dd03369c5b06afa4c2b2a2f1ce2ccff4c25b38cad,3754183.0,lineups
https://raw.githubusercontent.com/statsbomb/open-data/master/data/lineups/3754065.json,/content/drive/MyDrive/ml_project/code/data_pipeline/results/Premier_League_2015_16_DATA_ONLY_FULL_REAL/data/bronze/statsbomb/lineups/3754065.json,downloaded,200,17227,3925768899c13ddd80730da1e3e3c1b420f51b958ba82b723e7c833a76e5c576,3754065.0,lineups
https://raw.githubusercontent.com/statsbomb/open-data/master/data/events/3754142.json,/content/drive/MyDrive/ml_project/code/data_pipeline/results/Premier_League_2015_16_DATA_ONLY_FULL_REAL/data/bronze/statsbomb/events/3754142.json,downloaded,200,3434914,5454d9d56b7614622cf2880c7d677204d3fa69289d55bb44b7334911e3303181,3754142.0,events
https://raw.githubusercontent.com/statsbomb/open-data/master/data/three-sixty/3754065.json,/content/drive/MyDrive/ml_project/code/data_pipeline/results/Premier_League_2015_16_DATA_ONLY_FULL_REAL/data/bronze/statsbomb/three-sixty/3754065.json,optional_missing,404,0,,3754065.0,three-sixty
https://raw.githubusercontent.com/statsbomb/open-data/master/data/three-sixty/3754305.json,/content/drive/MyDrive/ml_project/code/data_pipeline/results/Premier_League_2015_16_DATA_ONLY_FULL_REAL/data/bronze/statsbomb/three-sixty/3754305.json,optional_missing,404,0,,3754305.0,three-sixty
https://raw.githubusercontent.com/statsbomb/open-data/master/data/lineups/3754305.json,/content/drive/MyDrive/ml_project/code/data_pipeline/results/Premier_League_2015_16_DATA_ONLY_FULL_REAL/data/bronze/statsbomb/lineups/3754305.json,downloaded,200,17741,c86f9bad51de8e52977b3108cd0beee55e2768b401a2a096147aa2aaf5f326b1,3754305.0,lineups
https://raw.githubusercontent.com/statsbomb/open-data/master/data/events/3754183.json,/content/drive/MyDrive/ml_project/code/data_pipeline/results/Premier_League_2015_16_DATA_ONLY_FULL_REAL/data/bronze/statsbomb/events/3754183.json,downloaded,200,2991900,98e15e9d7ec956529ca9bc3af161db5eebed464ad8298793b51ec2e94b2c4e5a,3754183.0,events
https://raw.githubusercontent.com/statsbomb/open-data/master/data/events/3754065.json,/content/drive/MyDrive/ml_project/code/data_pipeline/results/Premier_League_2015_16_DATA_ONLY_FULL_REAL/data/bronze/statsbomb/events/3754065.json,downloaded,200,2719383,4cfdb907bfda0be2da5698b519d8da89d32542e4d1d493fb531c4c7b3bcf98d9,3754065.0,events
https://raw.githubusercontent.com/statsbomb/open-data/master/data/events/3754305.json,/content/drive/MyDrive/ml_project/code/data_pipeline/results/Premier_League_2015_16_DATA_ONLY_FULL_REAL/data/bronze/statsbomb/events/3754305.json,downloaded,200,3053472,d1d5f8f54c7e2235d8f95c5a17793fc3e66f7017d2ddc3e3a05dba85b18bdd1f,3754305.0,events
https://raw.githubusercontent.com/statsbomb/open-data/master/data/three-sixty/3754027.json,/content/drive/MyDrive/ml_project/code/data_pipeline/results/Premier_League_2015_16_DATA_ONLY_FULL_REAL/data/bronze/statsbomb/three-sixty/3754027.json,optional_missing,404,0,,3754027.0,three-sixty
https://raw.githubusercontent.com/statsbomb/open-data/master/data/lineups/3754027.json,/content/drive/MyDrive/ml_project/code/data_pipeline/results/Premier_League_2015_16_DATA_ONLY_FULL_REAL/data/bronze/statsbomb/lineups/3754027.json,downloaded,200,18055,8ed518d65a940b74baa7850a10c881cd4002a286f19be0e4458f9ae1951c5ed2,3754027.0,lineups
https://raw.githubusercontent.com/statsbomb/open-data/master/data/lineups/3754004.json,/content/drive/MyDrive/ml_project/code/data_pipeline/results/Premier_League_2015_16_DATA_ONLY_FULL_REAL/data/bronze/statsbomb/lineups/3754004.json,downloaded,200,16347,40357fd73f25f72edfcf225240c1d1d45cc8cfabf9c46c5e44d8dcc675ec8b46,3754004.0,lineups
https://raw.githubusercontent.com/statsbomb/open-data/master/data/three-sixty/3754004.json,/content/drive/MyDrive/ml_project/code/data_pipeline/results/Premier_League_2015_16_DATA_ONLY_FULL_REAL/data/bronze/statsbomb/three-sixty/3754004.json,optional_missing,404,0,,3754004.0,three-sixty
https://raw.githubusercontent.com/statsbomb/open-data/master/data/three-sixty/3754125.json,/content/drive/MyDrive/ml_project/code/data_pipeline/results/Premier_League_2015_16_DATA_ONLY_FULL_REAL/data/bronze/statsbomb/three-sixty/3754125.json,optional_missing,404,0,,3754125.0,three-sixty
https://raw.githubusercontent.com/statsbomb/open-data/master/data/lineups/3754125.json,/content/drive/MyDrive/ml_project/code/data_pipeline/results/Premier_League_2015_16_DATA_ONLY_FULL_REAL/data/bronze/statsbomb/lineups/3754125.json,downloaded,200,16731,0fca017bb09ea12a4c5f26896f5ef8adc7747f8c7023ad01fc90e5cb198ae8e8,3754125.0,lineups
https://raw.githubusercontent.com/statsbomb/open-data/master/data/three-sixty/3754168.json,/content/drive/MyDrive/ml_project/code/data_pipeline/results/Premier_League_2015_16_DATA_ONLY_FULL_REAL/data/bronze/statsbomb/three-sixty/3754168.json,optional_missing,404,0,,3754168.0,three-sixty
https://raw.githubusercontent.com/statsbomb/open-data/master/data/events/3754027.json,/content/drive/MyDrive/ml_project/code/data_pipeline/results/Premier_League_2015_16_DATA_ONLY_FULL_REAL/data/bronze/statsbomb/events/3754027.json,downloaded,200,3044057,c385cea247cd66933300f8fb7dbbf406b5a827a5f2691128e4a62cd4bf317099,3754027.0,events
https://raw.githubusercontent.com/statsbomb/open-data/master/data/lineups/3754168.json,/content/drive/MyDrive/ml_project/code/data_pipeline/results/Premier_League_2015_16_DATA_ONLY_FULL_REAL/data/bronze/statsbomb/lineups/3754168.json,downloaded,200,18236,8807b0c7ed6f8440637cc6038a4b11204c63a58f2362552b09d1094a602bea8c,3754168.0,lineups
https://raw.githubusercontent.com/statsbomb/open-data/master/data/events/3754004.json,/content/drive/MyDrive/ml_project/code/data_pipeline/results/Premier_League_2015_16_DATA_ONLY_FULL_REAL/data/bronze/statsbomb/events/3754004.json,downloaded,200,2844036,75c947c386a0c84825e859f664321a26711f8cb37e4a4b2491c60b8eabab33ea,3754004.0,events
https://raw.githubusercontent.com/statsbomb/open-data/master/data/three-sixty/3754260.json,/content/drive/MyDrive/ml_project/code/data_pipeline/results/Premier_League_2015_16_DATA_ONLY_FULL_REAL/data/bronze/statsbomb/three-sixty/3754260.json,optional_missing,404,0,,3754260.0,three-sixty
https://raw.githubusercontent.com/statsbomb/open-data/master/data/events/3754125.json,/content/drive/MyDrive/ml_project/code/data_pipeline/results/Premier_League_2015_16_DATA_ONLY_FULL_REAL/data/bronze/statsbomb/events/3754125.json,downloaded,200,3395066,e5a5d564384ef8d04424ea7c6ee3c3c99728fc5fdde8d119993552b3151375b6,3754125.0,events
https://raw.githubusercontent.com/statsbomb/open-data/master/data/lineups/3754260.json,/content/drive/MyDrive/ml_project/code/data_pipeline/results/Premier_League_2015_16_DATA_ONLY_FULL_REAL/data/bronze/statsbomb/lineups/3754260.json,downloaded,200,17483,c1af2995f28eade1605cc6d58e19e9b85fdf799738d00027a2336739621ff4bd,3754260.0,lineups
https://raw.githubusercontent.com/statsbomb/open-data/master/data/three-sixty/3754338.json,/content/drive/MyDrive/ml_project/code/data_pipeline/results/Premier_League_2015_16_DATA_ONLY_FULL_REAL/data/bronze/statsbomb/three-sixty/3754338.json,optional_missing,404,0,,3754338.0,three-sixty
https://raw.githubusercontent.com/statsbomb/open-data/master/data/lineups/3754338.json,/content/drive/MyDrive/ml_project/code/data_pipeline/results/Premier_League_2015_16_DATA_ONLY_FULL_REAL/data/bronze/statsbomb/lineups/3754338.json,downloaded,200,20215,b27af02fa88438312c01043e101c32e6d64684e94d8ca9590ebb1305cd5d7ec5,3754338.0,lineups
https://raw.githubusercontent.com/statsbomb/open-data/master/data/three-sixty/3754250.json,/content/drive/MyDrive/ml_project/code/data_pipeline/results/Premier_League_2015_16_DATA_ONLY_FULL_REAL/data/bronze/statsbomb/three-sixty/3754250.json,optional_missing,404,0,,3754250.0,three-sixty
https://raw.githubusercontent.com/statsbomb/open-data/master/data/lineups/3754250.json,/content/drive/MyDrive/ml_project/code/data_pipeline/results/Premier_League_2015_16_DATA_ONLY_FULL_REAL/data/bronze/statsbomb/lineups/3754250.json,downloaded,200,18194,49eb89a43ff8ae19bfa1f6318d35dd485f03e4f3032218908848f4b7bace18b5,3754250.0,lineups
https://raw.githubusercontent.com/statsbomb/open-data/master/data/events/3754338.json,/content/drive/MyDrive/ml_project/code/data_pipeline/results/Premier_League_2015_16_DATA_ONLY_FULL_REAL/data/bronze/statsbomb/events/3754338.json,downloaded,200,3103802,44a64e13d1ca1c2de0461518733fe8c93a221829d2426974698733242acef164,3754338.0,events
https://raw.githubusercontent.com/statsbomb/open-data/master/data/events/3754260.json,/content/drive/MyDrive/ml_project/code/data_pipeline/results/Premier_League_2015_16_DATA_ONLY_FULL_REAL/data/bronze/statsbomb/events/3754260.json,downloaded,200,3131903,6df48c13738551909cfef0c023292588bc2114f1a443f4d9a26030686d6427c2,3754260.0,events
https://raw.githubusercontent.com/statsbomb/open-data/master/data/three-sixty/3754345.json,/content/drive/MyDrive/ml_project/code/data_pipeline/results/Premier_League_2015_16_DATA_ONLY_FULL_REAL/data/bronze/statsbomb/three-sixty/3754345.json,optional_missing,404,0,,3754345.0,three-sixty
https://raw.githubusercontent.com/statsbomb/open-data/master/data/events/3754168.json,/content/drive/MyDrive/ml_project/code/data_pipeline/results/Premier_League_2015_16_DATA_ONLY_FULL_REAL/data/bronze/statsbomb/events/3754168.json,downloaded,200,2788448,734977d00d7ec672c8899127563f1c95f923ee733a082015dc4a2075a85df419,3754168.0,events
https://raw.githubusercontent.com/statsbomb/open-data/master/data/lineups/3754345.json,/content/drive/MyDrive/ml_project/code/data_pipeline/results/Premier_League_2015_16_DATA_ONLY_FULL_REAL/data/bronze/statsbomb/lineups/3754345.json,downloaded,200,18545,b5bbe733dfb37a44be8e60a9e36462bedb6da9b980525598bf3627bbb69e77cd,3754345.0,lineups
https://raw.githubusercontent.com/statsbomb/open-data/master/data/events/3754250.json,/content/drive/MyDrive/ml_project/code/data_pipeline/results/Premier_League_2015_16_DATA_ONLY_FULL_REAL/data/bronze/statsbomb/events/3754250.json,downloaded,200,2943320,b28a32800208c2ee20aca46d9b3a8c172e27da54ebbd92628fdd096d4d15a609,3754250.0,events
https://raw.githubusercontent.com/statsbomb/open-data/master/data/events/3754345.json,/content/drive/MyDrive/ml_project/code/data_pipeline/results/Premier_League_2015_16_DATA_ONLY_FULL_REAL/data/bronze/statsbomb/events/3754345.json,downloaded,200,3184501,4d472ff3fa5899be5bbb7e49143f2d11fd075a9187cc32621797cbf6df776db0,3754345.0,events
https://raw.githubusercontent.com/statsbomb/open-data/master/data/three-sixty/3754202.json,/content/drive/MyDrive/ml_project/code/data_pipeline/results/Premier_League_2015_16_DATA_ONLY_FULL_REAL/data/bronze/statsbomb/three-sixty/3754202.json,optional_missing,404,0,,3754202.0,three-sixty
https://raw.githubusercontent.com/statsbomb/open-data/master/data/lineups/3754202.json,/content/drive/MyDrive/ml_project/code/data_pipeline/results/Premier_League_2015_16_DATA_ONLY_FULL_REAL/data/bronze/statsbomb/lineups/3754202.json,downloaded,200,18423,0331a0ed3b7466318199c75ce28ff9bc77cdd0018dafb6f0c28126d03867e4d8,3754202.0,lineups
https://raw.githubusercontent.com/statsbomb/open-data/master/data/three-sixty/3754161.json,/content/drive/MyDrive/ml_project/code/data_pipeline/results/Premier_League_2015_16_DATA_ONLY_FULL_REAL/data/bronze/statsbomb/three-sixty/3754161.json,optional_missing,404,0,,3754161.0,three-sixty
https://raw.githubusercontent.com/statsbomb/open-data/master/data/lineups/3754161.json,/content/drive/MyDrive/ml_project/code/data_pipeline/results/Premier_League_2015_16_DATA_ONLY_FULL_REAL/data/bronze/statsbomb/lineups/3754161.json,downloaded,200,18002,5716cf3a9d5d4b2a7c87cc605de17e2c9541bbfef5d558b180c1ec572d125d8d,3754161.0,lineups
https://raw.githubusercontent.com/statsbomb/open-data/master/data/lineups/3754348.json,/content/drive/MyDrive/ml_project/code/data_pipeline/results/Premier_League_2015_16_DATA_ONLY_FULL_REAL/data/bronze/statsbomb/lineups/3754348.json,downloaded,200,19345,d25fa22e35bd43e628c9b948e9013613fa2155e5717cf1b8ed16a2e9ee92589d,3754348.0,lineups
https://raw.githubusercontent.com/statsbomb/open-data/master/data/events/3754202.json,/content/drive/MyDrive/ml_project/code/data_pipeline/results/Premier_League_2015_16_DATA_ONLY_FULL_REAL/data/bronze/statsbomb/events/3754202.json,downloaded,200,2999174,64b868ed5549542c12f0bc85ee55b7795c13c06cea227806406bc3b9346dc99c,3754202.0,events
https://raw.githubusercontent.com/statsbomb/open-data/master/data/three-sixty/3754348.json,/content/drive/MyDrive/ml_project/code/data_pipeline/results/Premier_League_2015_16_DATA_ONLY_FULL_REAL/data/bronze/statsbomb/three-sixty/3754348.json,optional_missing,404,0,,3754348.0,three-sixty
https://raw.githubusercontent.com/statsbomb/open-data/master/data/three-sixty/3753975.json,/content/drive/MyDrive/ml_project/code/data_pipeline/results/Premier_League_2015_16_DATA_ONLY_FULL_REAL/data/bronze/statsbomb/three-sixty/3753975.json,optional_missing,404,0,,3753975.0,three-sixty
https://raw.githubusercontent.com/statsbomb/open-data/master/data/lineups/3753975.json,/content/drive/MyDrive/ml_project/code/data_pipeline/results/Premier_League_2015_16_DATA_ONLY_FULL_REAL/data/bronze/statsbomb/lineups/3753975.json,downloaded,200,16250,5d62952bbd954d81864ddce10fbf830b44cce247f8694cad30831a1f58cdb04c,3753975.0,lineups
https://raw.githubusercontent.com/statsbomb/open-data/master/data/events/3754161.json,/content/drive/MyDrive/ml_project/code/data_pipeline/results/Premier_League_2015_16_DATA_ONLY_FULL_REAL/data/bronze/statsbomb/events/3754161.json,downloaded,200,2959894,5e935573a8791571bfb90ed79e09d5eeafffb22ad8cc92b00d6ed7cfef748b58,3754161.0,events
https://raw.githubusercontent.com/statsbomb/open-data/master/data/three-sixty/3754084.json,/content/drive/MyDrive/ml_project/code/data_pipeline/results/Premier_League_2015_16_DATA_ONLY_FULL_REAL/data/bronze/statsbomb/three-sixty/3754084.json,optional_missing,404,0,,3754084.0,three-sixty
https://raw.githubusercontent.com/statsbomb/open-data/master/data/events/3753975.json,/content/drive/MyDrive/ml_project/code/data_pipeline/results/Premier_League_2015_16_DATA_ONLY_FULL_REAL/data/bronze/statsbomb/events/3753975.json,downloaded,200,3218827,7bc80901da99ca29f1610f5cdee48b8130d65883499f9118c0aabdabe193864f,3753975.0,events
https://raw.githubusercontent.com/statsbomb/open-data/master/data/events/3754348.json,/content/drive/MyDrive/ml_project/code/data_pipeline/results/Premier_League_2015_16_DATA_ONLY_FULL_REAL/data/bronze/statsbomb/events/3754348.json,downloaded,200,2999906,13590158f75c6cdf88713c8093d3193e0860234c28e7633467f2cfd683e5bdc8,3754348.0,events
https://raw.githubusercontent.com/statsbomb/open-data/master/data/three-sixty/3754179.json,/content/drive/MyDrive/ml_project/code/data_pipeline/results/Premier_League_2015_16_DATA_ONLY_FULL_REAL/data/bronze/statsbomb/three-sixty/3754179.json,optional_missing,404,0,,3754179.0,three-sixty
https://raw.githubusercontent.com/statsbomb/open-data/master/data/lineups/3754084.json,/content/drive/MyDrive/ml_project/code/data_pipeline/results/Premier_League_2015_16_DATA_ONLY_FULL_REAL/data/bronze/statsbomb/lineups/3754084.json,downloaded,200,16047,6b8cde0b778d1842b108ee6bc7794ffa62b64ccb85a0c32a6bcff7d8f417190c,3754084.0,lineups
https://raw.githubusercontent.com/statsbomb/open-data/master/data/lineups/3754179.json,/content/drive/MyDrive/ml_project/code/data_pipeline/results/Premier_League_2015_16_DATA_ONLY_FULL_REAL/data/bronze/statsbomb/lineups/3754179.json,downloaded,200,16282,aa78988a58e4a7e755777869dbeee869bc5944d01729bee6467128fad129ff2e,3754179.0,lineups
https://raw.githubusercontent.com/statsbomb/open-data/master/data/events/3754179.json,/content/drive/MyDrive/ml_project/code/data_pipeline/results/Premier_League_2015_16_DATA_ONLY_FULL_REAL/data/bronze/statsbomb/events/3754179.json,downloaded,200,2909502,0508df02431a359cea03cb2d4c7040d76578443cbaa1510fa629e4c05bb25531,3754179.0,events
https://raw.githubusercontent.com/statsbomb/open-data/master/data/events/3754084.json,/content/drive/MyDrive/ml_project/code/data_pipeline/results/Premier_League_2015_16_DATA_ONLY_FULL_REAL/data/bronze/statsbomb/events/3754084.json,downloaded,200,2644806,d5ff53d4d3b3c47ce98f582f0b92af24ceaf1f6eb5bd55a2e113130676b36bfb,3754084.0,events
https://raw.githubusercontent.com/statsbomb/open-data/master/data/three-sixty/3754200.json,/content/drive/MyDrive/ml_project/code/data_pipeline/results/Premier_League_2015_16_DATA_ONLY_FULL_REAL/data/bronze/statsbomb/three-sixty/3754200.json,optional_missing,404,0,,3754200.0,three-sixty
https://raw.githubusercontent.com/statsbomb/open-data/master/data/lineups/3754200.json,/content/drive/MyDrive/ml_project/code/data_pipeline/results/Premier_League_2015_16_DATA_ONLY_FULL_REAL/data/bronze/statsbomb/lineups/3754200.json,downloaded,200,16788,c8ddcf0d62158a8afc32a1a8188024ca9ca33369c8434641574eaa67d3525f76,3754200.0,lineups
https://raw.githubusercontent.com/statsbomb/open-data/master/data/lineups/3754271.json,/content/drive/MyDrive/ml_project/code/data_pipeline/results/Premier_League_2015_16_DATA_ONLY_FULL_REAL/data/bronze/statsbomb/lineups/3754271.json,downloaded,200,18137,2eb64cf9fdab0b33fc2e79d8e7b984fd4755c89148d49783337a0eadfb93d75e,3754271.0,lineups
https://raw.githubusercontent.com/statsbomb/open-data/master/data/three-sixty/3754271.json,/content/drive/MyDrive/ml_project/code/data_pipeline/results/Premier_League_2015_16_DATA_ONLY_FULL_REAL/data/bronze/statsbomb/three-sixty/3754271.json,optional_missing,404,0,,3754271.0,three-sixty
https://raw.githubusercontent.com/statsbomb/open-data/master/data/three-sixty/3754341.json,/content/drive/MyDrive/ml_project/code/data_pipeline/results/Premier_League_2015_16_DATA_ONLY_FULL_REAL/data/bronze/statsbomb/three-sixty/3754341.json,optional_missing,404,0,,3754341.0,three-sixty
https://raw.githubusercontent.com/statsbomb/open-data/master/data/lineups/3754341.json,/content/drive/MyDrive/ml_project/code/data_pipeline/results/Premier_League_2015_16_DATA_ONLY_FULL_REAL/data/bronze/statsbomb/lineups/3754341.json,downloaded,200,16175,2b564594369820d56d59578e61d23c1e4237cda9c531ba6aa170ba0d8e7fddaf,3754341.0,lineups
https://raw.githubusercontent.com/statsbomb/open-data/master/data/three-sixty/3754110.json,/content/drive/MyDrive/ml_project/code/data_pipeline/results/Premier_League_2015_16_DATA_ONLY_FULL_REAL/data/bronze/statsbomb/three-sixty/3754110.json,optional_missing,404,0,,3754110.0,three-sixty
https://raw.githubusercontent.com/statsbomb/open-data/master/data/lineups/3754110.json,/content/drive/MyDrive/ml_project/code/data_pipeline/results/Premier_League_2015_16_DATA_ONLY_FULL_REAL/data/bronze/statsbomb/lineups/3754110.json,downloaded,200,17469,614175b7f291446169a66ceaff4f1df68a4bb860748688ce4a28a0663f0fee18,3754110.0,lineups
https://raw.githubusercontent.com/statsbomb/open-data/master/data/events/3754271.json,/content/drive/MyDrive/ml_project/code/data_pipeline/results/Premier_League_2015_16_DATA_ONLY_FULL_REAL/data/bronze/statsbomb/events/3754271.json,downloaded,200,3064799,aae611ca0145946a3bc996e4b2e1bc294129d42f1213fda42fcd9051e1a82c73,3754271.0,events
https://raw.githubusercontent.com/statsbomb/open-data/master/data/lineups/3754163.json,/content/drive/MyDrive/ml_project/code/data_pipeline/results/Premier_League_2015_16_DATA_ONLY_FULL_REAL/data/bronze/statsbomb/lineups/3754163.json,downloaded,200,16051,d304c23d5f7c233714f8d59401fef196e3892fa6de972e867e8d0b20fe78657b,3754163.0,lineups
https://raw.githubusercontent.com/statsbomb/open-data/master/data/events/3754110.json,/content/drive/MyDrive/ml_project/code/data_pipeline/results/Premier_League_2015_16_DATA_ONLY_FULL_REAL/data/bronze/statsbomb/events/3754110.json,downloaded,200,3006012,c800e0c97aee15e50ec98ea7f642c21198a151df54cd43d444656a92a859f694,3754110.0,events
https://raw.githubusercontent.com/statsbomb/open-data/master/data/events/3754200.json,/content/drive/MyDrive/ml_project/code/data_pipeline/results/Premier_League_2015_16_DATA_ONLY_FULL_REAL/data/bronze/statsbomb/events/3754200.json,downloaded,200,2885024,3352627da7854ed7e61b5eebf1d113e1b8da59d3d71ee16817e6593441797d3b,3754200.0,events
https://raw.githubusercontent.com/statsbomb/open-data/master/data/three-sixty/3754163.json,/content/drive/MyDrive/ml_project/code/data_pipeline/results/Premier_League_2015_16_DATA_ONLY_FULL_REAL/data/bronze/statsbomb/three-sixty/3754163.json,optional_missing,404,0,,3754163.0,three-sixty
https://raw.githubusercontent.com/statsbomb/open-data/master/data/three-sixty/3754111.json,/content/drive/MyDrive/ml_project/code/data_pipeline/results/Premier_League_2015_16_DATA_ONLY_FULL_REAL/data/bronze/statsbomb/three-sixty/3754111.json,optional_missing,404,0,,3754111.0,three-sixty
https://raw.githubusercontent.com/statsbomb/open-data/master/data/lineups/3754111.json,/content/drive/MyDrive/ml_project/code/data_pipeline/results/Premier_League_2015_16_DATA_ONLY_FULL_REAL/data/bronze/statsbomb/lineups/3754111.json,downloaded,200,18070,f86b44ad0695559d320de935568d1f23c1305b42058a8c3b2f8f03dcd9b2a2d4,3754111.0,lineups
https://raw.githubusercontent.com/statsbomb/open-data/master/data/events/3754163.json,/content/drive/MyDrive/ml_project/code/data_pipeline/results/Premier_League_2015_16_DATA_ONLY_FULL_REAL/data/bronze/statsbomb/events/3754163.json,downloaded,200,3315771,8972b00bf5def659758a542288aff6e4c56bf0a12c7aa53bcff00eb11dbee7b1,3754163.0,events
https://raw.githubusercontent.com/statsbomb/open-data/master/data/three-sixty/3753997.json,/content/drive/MyDrive/ml_project/code/data_pipeline/results/Premier_League_2015_16_DATA_ONLY_FULL_REAL/data/bronze/statsbomb/three-sixty/3753997.json,optional_missing,404,0,,3753997.0,three-sixty
https://raw.githubusercontent.com/statsbomb/open-data/master/data/lineups/3753997.json,/content/drive/MyDrive/ml_project/code/data_pipeline/results/Premier_League_2015_16_DATA_ONLY_FULL_REAL/data/bronze/statsbomb/lineups/3753997.json,downloaded,200,15910,ec19e75c01ee7bd5d10ff9570797709bf493aaff15a626476ef1f18ea40d8004,3753997.0,lineups
https://raw.githubusercontent.com/statsbomb/open-data/master/data/three-sixty/3754095.json,/content/drive/MyDrive/ml_project/code/data_pipeline/results/Premier_League_2015_16_DATA_ONLY_FULL_REAL/data/bronze/statsbomb/three-sixty/3754095.json,optional_missing,404,0,,3754095.0,three-sixty
https://raw.githubusercontent.com/statsbomb/open-data/master/data/lineups/3754095.json,/content/drive/MyDrive/ml_project/code/data_pipeline/results/Premier_League_2015_16_DATA_ONLY_FULL_REAL/data/bronze/statsbomb/lineups/3754095.json,downloaded,200,18654,1911b48d13d4ef751c9ca4ec932020d3185e175c04908ba80d9764138cfc009e,3754095.0,lineups
https://raw.githubusercontent.com/statsbomb/open-data/master/data/events/3754341.json,/content/drive/MyDrive/ml_project/code/data_pipeline/results/Premier_League_2015_16_DATA_ONLY_FULL_REAL/data/bronze/statsbomb/events/3754341.json,downloaded,200,2773557,b7bb222c889cc7a9e3f04db81df61af39475c970e6a1a3ef6353632d4694eb8b,3754341.0,events
https://raw.githubusercontent.com/statsbomb/open-data/master/data/events/3753997.json,/content/drive/MyDrive/ml_project/code/data_pipeline/results/Premier_League_2015_16_DATA_ONLY_FULL_REAL/data/bronze/statsbomb/events/3753997.json,downloaded,200,3206599,86eada41de1f42aca38ef8ab6f1614ed6be2b91c3f1b444bf20101f0123e17c4,3753997.0,events
https://raw.githubusercontent.com/statsbomb/open-data/master/data/events/3754095.json,/content/drive/MyDrive/ml_project/code/data_pipeline/results/Premier_League_2015_16_DATA_ONLY_FULL_REAL/data/bronze/statsbomb/events/3754095.json,downloaded,200,3021383,24d2af5f3a1265250a58458b8dfdec22b0481ae6076d72527939799f33f8dd98,3754095.0,events
https://raw.githubusercontent.com/statsbomb/open-data/master/data/events/3754111.json,/content/drive/MyDrive/ml_project/code/data_pipeline/results/Premier_League_2015_16_DATA_ONLY_FULL_REAL/data/bronze/statsbomb/events/3754111.json,downloaded,200,3173882,6882503f724fdef38d781c00733f8ce77f2f2d90d952c5af70b870a7a3124d74,3754111.0,events
https://raw.githubusercontent.com/statsbomb/open-data/master/data/lineups/3754201.json,/content/drive/MyDrive/ml_project/code/data_pipeline/results/Premier_League_2015_16_DATA_ONLY_FULL_REAL/data/bronze/statsbomb/lineups/3754201.json,downloaded,200,16789,590a977197770a8b823cf5c94b00e3ac0c90613866c5c695a933d61a2bf13676,3754201.0,lineups
https://raw.githubusercontent.com/statsbomb/open-data/master/data/three-sixty/3754275.json,/content/drive/MyDrive/ml_project/code/data_pipeline/results/Premier_League_2015_16_DATA_ONLY_FULL_REAL/data/bronze/statsbomb/three-sixty/3754275.json,optional_missing,404,0,,3754275.0,three-sixty
https://raw.githubusercontent.com/statsbomb/open-data/master/data/three-sixty/3754201.json,/content/drive/MyDrive/ml_project/code/data_pipeline/results/Premier_League_2015_16_DATA_ONLY_FULL_REAL/data/bronze/statsbomb/three-sixty/3754201.json,optional_missing,404,0,,3754201.0,three-sixty
https://raw.githubusercontent.com/statsbomb/open-data/master/data/lineups/3754275.json,/content/drive/MyDrive/ml_project/code/data_pipeline/results/Premier_League_2015_16_DATA_ONLY_FULL_REAL/data/bronze/statsbomb/lineups/3754275.json,downloaded,200,18564,9852dde850c7d6f68e5b1f1a869431ccacc23a23bc5ddeff1fbbf84ac35eeda1,3754275.0,lineups
https://raw.githubusercontent.com/statsbomb/open-data/master/data/lineups/3754317.json,/content/drive/MyDrive/ml_project/code/data_pipeline/results/Premier_League_2015_16_DATA_ONLY_FULL_REAL/data/bronze/statsbomb/lineups/3754317.json,downloaded,200,16396,252200c054fc4bd9e02e1471f8da272a80d1db73bb477c918ea6dcd37123cda1,3754317.0,lineups
https://raw.githubusercontent.com/statsbomb/open-data/master/data/three-sixty/3754317.json,/content/drive/MyDrive/ml_project/code/data_pipeline/results/Premier_League_2015_16_DATA_ONLY_FULL_REAL/data/bronze/statsbomb/three-sixty/3754317.json,optional_missing,404,0,,3754317.0,three-sixty
https://raw.githubusercontent.com/statsbomb/open-data/master/data/events/3754275.json,/content/drive/MyDrive/ml_project/code/data_pipeline/results/Premier_League_2015_16_DATA_ONLY_FULL_REAL/data/bronze/statsbomb/events/3754275.json,downloaded,200,3095530,0084969583b43aba1566cbbdf2b56df3d360e4542e03036e2ec92561e9e893f1,3754275.0,events
https://raw.githubusercontent.com/statsbomb/open-data/master/data/lineups/3754089.json,/content/drive/MyDrive/ml_project/code/data_pipeline/results/Premier_League_2015_16_DATA_ONLY_FULL_REAL/data/bronze/statsbomb/lineups/3754089.json,downloaded,200,16860,c061d0bce26c8b015e5f330fde984037dd014efd5302584c341bca0663f0ca64,3754089.0,lineups
https://raw.githubusercontent.com/statsbomb/open-data/master/data/events/3754089.json,/content/drive/MyDrive/ml_project/code/data_pipeline/results/Premier_League_2015_16_DATA_ONLY_FULL_REAL/data/bronze/statsbomb/events/3754089.json,downloaded,200,2713627,f8ef875c4d61b1d49751feff749143c6f96658e8e31759600dca65de34752bd2,3754089.0,events
https://raw.githubusercontent.com/statsbomb/open-data/master/data/three-sixty/3754089.json,/content/drive/MyDrive/ml_project/code/data_pipeline/results/Premier_League_2015_16_DATA_ONLY_FULL_REAL/data/bronze/statsbomb/three-sixty/3754089.json,optional_missing,404,0,,3754089.0,three-sixty
https://raw.githubusercontent.com/statsbomb/open-data/master/data/events/3754201.json,/content/drive/MyDrive/ml_project/code/data_pipeline/results/Premier_League_2015_16_DATA_ONLY_FULL_REAL/data/bronze/statsbomb/events/3754201.json,downloaded,200,3032480,2071a75f5c7a5284d60c20a14df3bc7dbb993b4577fedd1d0dfeb748b841c526,3754201.0,events
https://raw.githubusercontent.com/statsbomb/open-data/master/data/three-sixty/3754094.json,/content/drive/MyDrive/ml_project/code/data_pipeline/results/Premier_League_2015_16_DATA_ONLY_FULL_REAL/data/bronze/statsbomb/three-sixty/3754094.json,optional_missing,404,0,,3754094.0,three-sixty
https://raw.githubusercontent.com/statsbomb/open-data/master/data/lineups/3754094.json,/content/drive/MyDrive/ml_project/code/data_pipeline/results/Premier_League_2015_16_DATA_ONLY_FULL_REAL/data/bronze/statsbomb/lineups/3754094.json,downloaded,200,16339,8e4981895243b967e121a3b7146d39a373f22b6e0c474ca9778e9762c8a011a8,3754094.0,lineups
https://raw.githubusercontent.com/statsbomb/open-data/master/data/events/3754317.json,/content/drive/MyDrive/ml_project/code/data_pipeline/results/Premier_League_2015_16_DATA_ONLY_FULL_REAL/data/bronze/statsbomb/events/3754317.json,downloaded,200,2809307,ee96675a24d85ed638cb624034b79f3980a958eebece66bdaa9eb3d80ff01e8b,3754317.0,events
https://raw.githubusercontent.com/statsbomb/open-data/master/data/lineups/3754340.json,/content/drive/MyDrive/ml_project/code/data_pipeline/results/Premier_League_2015_16_DATA_ONLY_FULL_REAL/data/bronze/statsbomb/lineups/3754340.json,downloaded,200,19745,8a563a6d658d4649964ae7ce7e0c749a029090ff4c03f6bb1a8f23183612a51c,3754340.0,lineups
https://raw.githubusercontent.com/statsbomb/open-data/master/data/events/3754094.json,/content/drive/MyDrive/ml_project/code/data_pipeline/results/Premier_League_2015_16_DATA_ONLY_FULL_REAL/data/bronze/statsbomb/events/3754094.json,downloaded,200,3135812,b844f9eede4a90aa0dc7ea4d5767128cfdccc3e13bab7305406fbd33d374062d,3754094.0,events
https://raw.githubusercontent.com/statsbomb/open-data/master/data/lineups/3754103.json,/content/drive/MyDrive/ml_project/code/data_pipeline/results/Premier_League_2015_16_DATA_ONLY_FULL_REAL/data/bronze/statsbomb/lineups/3754103.json,downloaded,200,16437,0a36e102670c796e12acbb0dcae31bcb9dfeb20b2589474e8d96ee9ffa6bc94b,3754103.0,lineups
https://raw.githubusercontent.com/statsbomb/open-data/master/data/three-sixty/3754340.json,/content/drive/MyDrive/ml_project/code/data_pipeline/results/Premier_League_2015_16_DATA_ONLY_FULL_REAL/data/bronze/statsbomb/three-sixty/3754340.json,optional_missing,404,0,,3754340.0,three-sixty
https://raw.githubusercontent.com/statsbomb/open-data/master/data/three-sixty/3754103.json,/content/drive/MyDrive/ml_project/code/data_pipeline/results/Premier_League_2015_16_DATA_ONLY_FULL_REAL/data/bronze/statsbomb/three-sixty/3754103.json,optional_missing,404,0,,3754103.0,three-sixty
https://raw.githubusercontent.com/statsbomb/open-data/master/data/lineups/3754252.json,/content/drive/MyDrive/ml_project/code/data_pipeline/results/Premier_League_2015_16_DATA_ONLY_FULL_REAL/data/bronze/statsbomb/lineups/3754252.json,downloaded,200,15576,8f3a6c34d07b2440660c4b7eb3add4d69ad92a1b5a5d0906174b3777abaa8fa3,3754252.0,lineups
https://raw.githubusercontent.com/statsbomb/open-data/master/data/three-sixty/3754252.json,/content/drive/MyDrive/ml_project/code/data_pipeline/results/Premier_League_2015_16_DATA_ONLY_FULL_REAL/data/bronze/statsbomb/three-sixty/3754252.json,optional_missing,404,0,,3754252.0,three-sixty
https://raw.githubusercontent.com/statsbomb/open-data/master/data/lineups/3754290.json,/content/drive/MyDrive/ml_project/code/data_pipeline/results/Premier_League_2015_16_DATA_ONLY_FULL_REAL/data/bronze/statsbomb/lineups/3754290.json,downloaded,200,17276,553acc00588348d8b33887f1d354a967683b4939641dae68ee3ce202ca94a2c2,3754290.0,lineups
https://raw.githubusercontent.com/statsbomb/open-data/master/data/three-sixty/3754290.json,/content/drive/MyDrive/ml_project/code/data_pipeline/results/Premier_League_2015_16_DATA_ONLY_FULL_REAL/data/bronze/statsbomb/three-sixty/3754290.json,optional_missing,404,0,,3754290.0,three-sixty
https://raw.githubusercontent.com/statsbomb/open-data/master/data/events/3754252.json,/content/drive/MyDrive/ml_project/code/data_pipeline/results/Premier_League_2015_16_DATA_ONLY_FULL_REAL/data/bronze/statsbomb/events/3754252.json,downloaded,200,2928685,6ba703a2f1aea5ea84c50408ac160b44111b7d681f45a1ae467c1f6e11b8db7e,3754252.0,events
https://raw.githubusercontent.com/statsbomb/open-data/master/data/events/3754103.json,/content/drive/MyDrive/ml_project/code/data_pipeline/results/Premier_League_2015_16_DATA_ONLY_FULL_REAL/data/bronze/statsbomb/events/3754103.json,downloaded,200,3400348,0bbece567c03e888707fb94508d41dbc7d985eb518919b7fad0c275f4b3ee921,3754103.0,events
https://raw.githubusercontent.com/statsbomb/open-data/master/data/three-sixty/3754080.json,/content/drive/MyDrive/ml_project/code/data_pipeline/results/Premier_League_2015_16_DATA_ONLY_FULL_REAL/data/bronze/statsbomb/three-sixty/3754080.json,optional_missing,404,0,,3754080.0,three-sixty
https://raw.githubusercontent.com/statsbomb/open-data/master/data/events/3754080.json,/content/drive/MyDrive/ml_project/code/data_pipeline/results/Premier_League_2015_16_DATA_ONLY_FULL_REAL/data/bronze/statsbomb/events/3754080.json,downloaded,200,3067070,82214da80ae4bac03bf902f80d2f18e85ab4554c3622cd018dd60b759d0308ec,3754080.0,events
https://raw.githubusercontent.com/statsbomb/open-data/master/data/lineups/3754080.json,/content/drive/MyDrive/ml_project/code/data_pipeline/results/Premier_League_2015_16_DATA_ONLY_FULL_REAL/data/bronze/statsbomb/lineups/3754080.json,downloaded,200,19698,09b0f0abdf7a11e0576956f93cc4a81cdc8bab6944cc4c4686130bc6b8ded430,3754080.0,lineups
https://raw.githubusercontent.com/statsbomb/open-data/master/data/events/3754340.json,/content/drive/MyDrive/ml_project/code/data_pipeline/results/Premier_League_2015_16_DATA_ONLY_FULL_REAL/data/bronze/statsbomb/events/3754340.json,downloaded,200,3001741,4a4b78a0ff3085122d9f8166e7d24d3dce86f10e1c9f8eef3ab177a95618f590,3754340.0,events
https://raw.githubusercontent.com/statsbomb/open-data/master/data/three-sixty/3754127.json,/content/drive/MyDrive/ml_project/code/data_pipeline/results/Premier_League_2015_16_DATA_ONLY_FULL_REAL/data/bronze/statsbomb/three-sixty/3754127.json,optional_missing,404,0,,3754127.0,three-sixty
https://raw.githubusercontent.com/statsbomb/open-data/master/data/lineups/3754127.json,/content/drive/MyDrive/ml_project/code/data_pipeline/results/Premier_League_2015_16_DATA_ONLY_FULL_REAL/data/bronze/statsbomb/lineups/3754127.json,downloaded,200,19018,224504170f61b8b907885ffb85376d2107f24a4ae89047a85e28d66a62ea849f,3754127.0,lineups
https://raw.githubusercontent.com/statsbomb/open-data/master/data/events/3754127.json,/content/drive/MyDrive/ml_project/code/data_pipeline/results/Premier_League_2015_16_DATA_ONLY_FULL_REAL/data/bronze/statsbomb/events/3754127.json,downloaded,200,3193751,ae97625f14540ed304ae55dc765f0ae346019d027b7c921e68ddd709e810db11,3754127.0,events
https://raw.githubusercontent.com/statsbomb/open-data/master/data/three-sixty/3754292.json,/content/drive/MyDrive/ml_project/code/data_pipeline/results/Premier_League_2015_16_DATA_ONLY_FULL_REAL/data/bronze/statsbomb/three-sixty/3754292.json,optional_missing,404,0,,3754292.0,three-sixty
https://raw.githubusercontent.com/statsbomb/open-data/master/data/three-sixty/3754303.json,/content/drive/MyDrive/ml_project/code/data_pipeline/results/Premier_League_2015_16_DATA_ONLY_FULL_REAL/data/bronze/statsbomb/three-sixty/3754303.json,optional_missing,404,0,,3754303.0,three-sixty
https://raw.githubusercontent.com/statsbomb/open-data/master/data/lineups/3754292.json,/content/drive/MyDrive/ml_project/code/data_pipeline/results/Premier_League_2015_16_DATA_ONLY_FULL_REAL/data/bronze/statsbomb/lineups/3754292.json,downloaded,200,18314,e5fac038f97b0b3b58246de2d13cc937c0708ea2e9f3a4e19ea38fd107af807a,3754292.0,lineups
https://raw.githubusercontent.com/statsbomb/open-data/master/data/lineups/3754303.json,/content/drive/MyDrive/ml_project/code/data_pipeline/results/Premier_League_2015_16_DATA_ONLY_FULL_REAL/data/bronze/statsbomb/lineups/3754303.json,downloaded,200,16016,9e164527317bc55d0fc365f2155b2cb4ef07b35a0fd6826c93ffeea0abe0b3f2,3754303.0,lineups
https://raw.githubusercontent.com/statsbomb/open-data/master/data/events/3754290.json,/content/drive/MyDrive/ml_project/code/data_pipeline/results/Premier_League_2015_16_DATA_ONLY_FULL_REAL/data/bronze/statsbomb/events/3754290.json,downloaded,200,3044885,5b8b09a6ac00d35cf7cb0aa515fc0e9abffe6ba5a305b0e1cd9fe153adaa64ce,3754290.0,events
https://raw.githubusercontent.com/statsbomb/open-data/master/data/events/3754292.json,/content/drive/MyDrive/ml_project/code/data_pipeline/results/Premier_League_2015_16_DATA_ONLY_FULL_REAL/data/bronze/statsbomb/events/3754292.json,downloaded,200,2625451,842e6ea77b9d02304f3a4b04ba01e98fce7f42226f2177ef3ada285b171881af,3754292.0,events
https://raw.githubusercontent.com/statsbomb/open-data/master/data/three-sixty/3754306.json,/content/drive/MyDrive/ml_project/code/data_pipeline/results/Premier_League_2015_16_DATA_ONLY_FULL_REAL/data/bronze/statsbomb/three-sixty/3754306.json,optional_missing,404,0,,3754306.0,three-sixty
https://raw.githubusercontent.com/statsbomb/open-data/master/data/lineups/3754316.json,/content/drive/MyDrive/ml_project/code/data_pipeline/results/Premier_League_2015_16_DATA_ONLY_FULL_REAL/data/bronze/statsbomb/lineups/3754316.json,downloaded,200,18403,b880634f5a35f88bd8e3bde6ff34f4c585e4ba9b61479272df75443cd1fc1720,3754316.0,lineups
https://raw.githubusercontent.com/statsbomb/open-data/master/data/lineups/3754306.json,/content/drive/MyDrive/ml_project/code/data_pipeline/results/Premier_League_2015_16_DATA_ONLY_FULL_REAL/data/bronze/statsbomb/lineups/3754306.json,downloaded,200,16665,7519a9d1d44b44aec78fdef13e4b11aa72f4f327bd7a1846a110a1a79b008876,3754306.0,lineups
https://raw.githubusercontent.com/statsbomb/open-data/master/data/three-sixty/3754316.json,/content/drive/MyDrive/ml_project/code/data_pipeline/results/Premier_League_2015_16_DATA_ONLY_FULL_REAL/data/bronze/statsbomb/three-sixty/3754316.json,optional_missing,404,0,,3754316.0,three-sixty
https://raw.githubusercontent.com/statsbomb/open-data/master/data/events/3754316.json,/content/drive/MyDrive/ml_project/code/data_pipeline/results/Premier_League_2015_16_DATA_ONLY_FULL_REAL/data/bronze/statsbomb/events/3754316.json,downloaded,200,3159542,b0a2f70cb1336432f1cec4ad509f7989d484c9b5979a5d42948a7cbe2a148055,3754316.0,events
https://raw.githubusercontent.com/statsbomb/open-data/master/data/lineups/3754120.json,/content/drive/MyDrive/ml_project/code/data_pipeline/results/Premier_League_2015_16_DATA_ONLY_FULL_REAL/data/bronze/statsbomb/lineups/3754120.json,downloaded,200,18441,cc5d4e2aae7a6f534a5afed015dad49497753df3a6b35e56b57c04168f02ed8e,3754120.0,lineups
https://raw.githubusercontent.com/statsbomb/open-data/master/data/three-sixty/3754120.json,/content/drive/MyDrive/ml_project/code/data_pipeline/results/Premier_League_2015_16_DATA_ONLY_FULL_REAL/data/bronze/statsbomb/three-sixty/3754120.json,optional_missing,404,0,,3754120.0,three-sixty
https://raw.githubusercontent.com/statsbomb/open-data/master/data/events/3754306.json,/content/drive/MyDrive/ml_project/code/data_pipeline/results/Premier_League_2015_16_DATA_ONLY_FULL_REAL/data/bronze/statsbomb/events/3754306.json,downloaded,200,2730252,803adb90f25632fae00b47c5ec467a197844b5ab28b5d5a83afc7f10a2325bf8,3754306.0,events
https://raw.githubusercontent.com/statsbomb/open-data/master/data/events/3754303.json,/content/drive/MyDrive/ml_project/code/data_pipeline/results/Premier_League_2015_16_DATA_ONLY_FULL_REAL/data/bronze/statsbomb/events/3754303.json,downloaded,200,2990927,f996cb280a14d8399f7a768df4dceae426ca08ee667f9a8b527b24a9e9b13b82,3754303.0,events
https://raw.githubusercontent.com/statsbomb/open-data/master/data/lineups/3754253.json,/content/drive/MyDrive/ml_project/code/data_pipeline/results/Premier_League_2015_16_DATA_ONLY_FULL_REAL/data/bronze/statsbomb/lineups/3754253.json,downloaded,200,16244,868c9e90362689164e55f9a01fc50829cc0ea68e9cd5d7b575ab28fee5644468,3754253.0,lineups
https://raw.githubusercontent.com/statsbomb/open-data/master/data/three-sixty/3754253.json,/content/drive/MyDrive/ml_project/code/data_pipeline/results/Premier_League_2015_16_DATA_ONLY_FULL_REAL/data/bronze/statsbomb/three-sixty/3754253.json,optional_missing,404,0,,3754253.0,three-sixty
https://raw.githubusercontent.com/statsbomb/open-data/master/data/events/3754120.json,/content/drive/MyDrive/ml_project/code/data_pipeline/results/Premier_League_2015_16_DATA_ONLY_FULL_REAL/data/bronze/statsbomb/events/3754120.json,downloaded,200,2783844,1d952be8552eb545ab90b1c88ffa8071f7ef946e329fa9da89ddbc524e01df6e,3754120.0,events
https://raw.githubusercontent.com/statsbomb/open-data/master/data/three-sixty/3754281.json,/content/drive/MyDrive/ml_project/code/data_pipeline/results/Premier_League_2015_16_DATA_ONLY_FULL_REAL/data/bronze/statsbomb/three-sixty/3754281.json,optional_missing,404,0,,3754281.0,three-sixty
https://raw.githubusercontent.com/statsbomb/open-data/master/data/lineups/3754031.json,/content/drive/MyDrive/ml_project/code/data_pipeline/results/Premier_League_2015_16_DATA_ONLY_FULL_REAL/data/bronze/statsbomb/lineups/3754031.json,downloaded,200,17493,7a83ba006c0b5acb36efcbc827d26a1aa57f3e4120534f5b1bc7edeee82c0f71,3754031.0,lineups
https://raw.githubusercontent.com/statsbomb/open-data/master/data/lineups/3754281.json,/content/drive/MyDrive/ml_project/code/data_pipeline/results/Premier_League_2015_16_DATA_ONLY_FULL_REAL/data/bronze/statsbomb/lineups/3754281.json,downloaded,200,16982,f68c73dd0974ae75bffd8996c0b2902c116245f4abeecc165faa53ecc6309fe0,3754281.0,lineups
https://raw.githubusercontent.com/statsbomb/open-data/master/data/three-sixty/3754031.json,/content/drive/MyDrive/ml_project/code/data_pipeline/results/Premier_League_2015_16_DATA_ONLY_FULL_REAL/data/bronze/statsbomb/three-sixty/3754031.json,optional_missing,404,0,,3754031.0,three-sixty
https://raw.githubusercontent.com/statsbomb/open-data/master/data/events/3754253.json,/content/drive/MyDrive/ml_project/code/data_pipeline/results/Premier_League_2015_16_DATA_ONLY_FULL_REAL/data/bronze/statsbomb/events/3754253.json,downloaded,200,3474284,17b9f9c7bfdf3e20ac3fa5e7f2bd587cb95419c950a32f8e2d0c80a6e35281c2,3754253.0,events
https://raw.githubusercontent.com/statsbomb/open-data/master/data/lineups/3754039.json,/content/drive/MyDrive/ml_project/code/data_pipeline/results/Premier_League_2015_16_DATA_ONLY_FULL_REAL/data/bronze/statsbomb/lineups/3754039.json,downloaded,200,18591,ac6c1ba06d6634172c81be4b710d7283fae42a641f3861ff6d7496ab38f61f89,3754039.0,lineups
https://raw.githubusercontent.com/statsbomb/open-data/master/data/events/3754031.json,/content/drive/MyDrive/ml_project/code/data_pipeline/results/Premier_League_2015_16_DATA_ONLY_FULL_REAL/data/bronze/statsbomb/events/3754031.json,downloaded,200,2790990,f2af0f48fada64f251bc25d7ad3c34c69998b2d01bcc8c65c0d7e23b60cc577d,3754031.0,events
https://raw.githubusercontent.com/statsbomb/open-data/master/data/three-sixty/3754039.json,/content/drive/MyDrive/ml_project/code/data_pipeline/results/Premier_League_2015_16_DATA_ONLY_FULL_REAL/data/bronze/statsbomb/three-sixty/3754039.json,optional_missing,404,0,,3754039.0,three-sixty
https://raw.githubusercontent.com/statsbomb/open-data/master/data/three-sixty/3754139.json,/content/drive/MyDrive/ml_project/code/data_pipeline/results/Premier_League_2015_16_DATA_ONLY_FULL_REAL/data/bronze/statsbomb/three-sixty/3754139.json,optional_missing,404,0,,3754139.0,three-sixty
https://raw.githubusercontent.com/statsbomb/open-data/master/data/lineups/3754139.json,/content/drive/MyDrive/ml_project/code/data_pipeline/results/Premier_League_2015_16_DATA_ONLY_FULL_REAL/data/bronze/statsbomb/lineups/3754139.json,downloaded,200,16050,cd142b8c3b8a644142438f963e7db158949f3aefbd7044c5139f2527b1d5f306,3754139.0,lineups
https://raw.githubusercontent.com/statsbomb/open-data/master/data/events/3754281.json,/content/drive/MyDrive/ml_project/code/data_pipeline/results/Premier_League_2015_16_DATA_ONLY_FULL_REAL/data/bronze/statsbomb/events/3754281.json,downloaded,200,3009074,4020668028eab8709b01ca74aa3988813e7b4bc732827cca2ba93a6950faa074,3754281.0,events
https://raw.githubusercontent.com/statsbomb/open-data/master/data/events/3754039.json,/content/drive/MyDrive/ml_project/code/data_pipeline/results/Premier_League_2015_16_DATA_ONLY_FULL_REAL/data/bronze/statsbomb/events/3754039.json,downloaded,200,2727891,3ce5caf36f1ba17378a6e3e9f1f62f9f0330de8046ec2e3fdf7f49a769b45328,3754039.0,events
https://raw.githubusercontent.com/statsbomb/open-data/master/data/three-sixty/3754244.json,/content/drive/MyDrive/ml_project/code/data_pipeline/results/Premier_League_2015_16_DATA_ONLY_FULL_REAL/data/bronze/statsbomb/three-sixty/3754244.json,optional_missing,404,0,,3754244.0,three-sixty
https://raw.githubusercontent.com/statsbomb/open-data/master/data/lineups/3754244.json,/content/drive/MyDrive/ml_project/code/data_pipeline/results/Premier_League_2015_16_DATA_ONLY_FULL_REAL/data/bronze/statsbomb/lineups/3754244.json,downloaded,200,17180,f4010d452669255129a9796261faf0c77116bd391afec81eae27fc722f2db983,3754244.0,lineups
https://raw.githubusercontent.com/statsbomb/open-data/master/data/lineups/3754274.json,/content/drive/MyDrive/ml_project/code/data_pipeline/results/Premier_League_2015_16_DATA_ONLY_FULL_REAL/data/bronze/statsbomb/lineups/3754274.json,downloaded,200,18821,3a5a3e73179d841d1d0e91090a8dc2fe8a362b3b8dc938f9567365737c165baf,3754274.0,lineups
https://raw.githubusercontent.com/statsbomb/open-data/master/data/events/3754139.json,/content/drive/MyDrive/ml_project/code/data_pipeline/results/Premier_League_2015_16_DATA_ONLY_FULL_REAL/data/bronze/statsbomb/events/3754139.json,downloaded,200,2876221,0b16b0b6cc5b237ae5c92452cdc8816ba5d9c3ed6b89046c1bafd0c0847967c8,3754139.0,events
https://raw.githubusercontent.com/statsbomb/open-data/master/data/three-sixty/3754274.json,/content/drive/MyDrive/ml_project/code/data_pipeline/results/Premier_League_2015_16_DATA_ONLY_FULL_REAL/data/bronze/statsbomb/three-sixty/3754274.json,optional_missing,404,0,,3754274.0,three-sixty
https://raw.githubusercontent.com/statsbomb/open-data/master/data/events/3754244.json,/content/drive/MyDrive/ml_project/code/data_pipeline/results/Premier_League_2015_16_DATA_ONLY_FULL_REAL/data/bronze/statsbomb/events/3754244.json,downloaded,200,2764306,3b3676fb3d299461c6440effe16210982853a54749175b417b33e8a2149b2a13,3754244.0,events
https://raw.githubusercontent.com/statsbomb/open-data/master/data/three-sixty/3754350.json,/content/drive/MyDrive/ml_project/code/data_pipeline/results/Premier_League_2015_16_DATA_ONLY_FULL_REAL/data/bronze/statsbomb/three-sixty/3754350.json,optional_missing,404,0,,3754350.0,three-sixty
https://raw.githubusercontent.com/statsbomb/open-data/master/data/lineups/3754264.json,/content/drive/MyDrive/ml_project/code/data_pipeline/results/Premier_League_2015_16_DATA_ONLY_FULL_REAL/data/bronze/statsbomb/lineups/3754264.json,downloaded,200,18179,104c7d71fc2bf651d716f902f1708fcd2b97eb2f25f0a4e4aafc02a148fc45f4,3754264.0,lineups
https://raw.githubusercontent.com/statsbomb/open-data/master/data/lineups/3754350.json,/content/drive/MyDrive/ml_project/code/data_pipeline/results/Premier_League_2015_16_DATA_ONLY_FULL_REAL/data/bronze/statsbomb/lineups/3754350.json,downloaded,200,16345,8acef35bdb8e2366cbaf7f279aa3d0f85a95a9a509e52dd8a57d4d08d52c8427,3754350.0,lineups
https://raw.githubusercontent.com/statsbomb/open-data/master/data/three-sixty/3754264.json,/content/drive/MyDrive/ml_project/code/data_pipeline/results/Premier_League_2015_16_DATA_ONLY_FULL_REAL/data/bronze/statsbomb/three-sixty/3754264.json,optional_missing,404,0,,3754264.0,three-sixty
https://raw.githubusercontent.com/statsbomb/open-data/master/data/events/3754350.json,/content/drive/MyDrive/ml_project/code/data_pipeline/results/Premier_League_2015_16_DATA_ONLY_FULL_REAL/data/bronze/statsbomb/events/3754350.json,downloaded,200,3018918,84ee24ea718e383e620f361dbe53e5ee8af3425ec76f19460557fd86715c6f8a,3754350.0,events
https://raw.githubusercontent.com/statsbomb/open-data/master/data/events/3754261.json,/content/drive/MyDrive/ml_project/code/data_pipeline/results/Premier_League_2015_16_DATA_ONLY_FULL_REAL/data/bronze/statsbomb/events/3754261.json,downloaded,200,3248740,12de76a7f1974012de5efb1d87d2dbc9ff8992a43e4c02921df331057e85d14b,3754261.0,events
https://raw.githubusercontent.com/statsbomb/open-data/master/data/three-sixty/3754261.json,/content/drive/MyDrive/ml_project/code/data_pipeline/results/Premier_League_2015_16_DATA_ONLY_FULL_REAL/data/bronze/statsbomb/three-sixty/3754261.json,optional_missing,404,0,,3754261.0,three-sixty
https://raw.githubusercontent.com/statsbomb/open-data/master/data/events/3754274.json,/content/drive/MyDrive/ml_project/code/data_pipeline/results/Premier_League_2015_16_DATA_ONLY_FULL_REAL/data/bronze/statsbomb/events/3754274.json,downloaded,200,2802347,feecb3f1712f9feda8279f1ffbc9a60195b7acbff8a52882931f68ba6dc1750b,3754274.0,events
https://raw.githubusercontent.com/statsbomb/open-data/master/data/lineups/3754261.json,/content/drive/MyDrive/ml_project/code/data_pipeline/results/Premier_League_2015_16_DATA_ONLY_FULL_REAL/data/bronze/statsbomb/lineups/3754261.json,downloaded,200,18062,f2a39affc89b807e1a13de2b0927792ccd3c351edb30b9a02f3f20167030dba8,3754261.0,lineups
https://raw.githubusercontent.com/statsbomb/open-data/master/data/lineups/3754214.json,/content/drive/MyDrive/ml_project/code/data_pipeline/results/Premier_League_2015_16_DATA_ONLY_FULL_REAL/data/bronze/statsbomb/lineups/3754214.json,downloaded,200,16289,1eef5bad9bbafb410770ed36f316da426949961d631885ec819d1fcf572e9056,3754214.0,lineups
https://raw.githubusercontent.com/statsbomb/open-data/master/data/events/3754264.json,/content/drive/MyDrive/ml_project/code/data_pipeline/results/Premier_League_2015_16_DATA_ONLY_FULL_REAL/data/bronze/statsbomb/events/3754264.json,downloaded,200,3486984,5b07491b6a15e12d21b17d5c086a2356c4eda0bd084592d4523fb1742ce75011,3754264.0,events
https://raw.githubusercontent.com/statsbomb/open-data/master/data/three-sixty/3754214.json,/content/drive/MyDrive/ml_project/code/data_pipeline/results/Premier_League_2015_16_DATA_ONLY_FULL_REAL/data/bronze/statsbomb/three-sixty/3754214.json,optional_missing,404,0,,3754214.0,three-sixty
https://raw.githubusercontent.com/statsbomb/open-data/master/data/lineups/3754147.json,/content/drive/MyDrive/ml_project/code/data_pipeline/results/Premier_League_2015_16_DATA_ONLY_FULL_REAL/data/bronze/statsbomb/lineups/3754147.json,downloaded,200,16520,06feae678bc302f1520001838c078e38507222952df65ce56058434cd51d9ac8,3754147.0,lineups
https://raw.githubusercontent.com/statsbomb/open-data/master/data/three-sixty/3754147.json,/content/drive/MyDrive/ml_project/code/data_pipeline/results/Premier_League_2015_16_DATA_ONLY_FULL_REAL/data/bronze/statsbomb/three-sixty/3754147.json,optional_missing,404,0,,3754147.0,three-sixty
https://raw.githubusercontent.com/statsbomb/open-data/master/data/events/3754214.json,/content/drive/MyDrive/ml_project/code/data_pipeline/results/Premier_League_2015_16_DATA_ONLY_FULL_REAL/data/bronze/statsbomb/events/3754214.json,downloaded,200,3357127,d4952ca536a256fa8bfb448ceb6e45ca2591c7ad24359d6ad5207f453b5c7f63,3754214.0,events
https://raw.githubusercontent.com/statsbomb/open-data/master/data/three-sixty/3754331.json,/content/drive/MyDrive/ml_project/code/data_pipeline/results/Premier_League_2015_16_DATA_ONLY_FULL_REAL/data/bronze/statsbomb/three-sixty/3754331.json,optional_missing,404,0,,3754331.0,three-sixty
https://raw.githubusercontent.com/statsbomb/open-data/master/data/lineups/3754331.json,/content/drive/MyDrive/ml_project/code/data_pipeline/results/Premier_League_2015_16_DATA_ONLY_FULL_REAL/data/bronze/statsbomb/lineups/3754331.json,downloaded,200,16211,8c17c908901b5a8de8798fcff41def44ba91cd6176f1177a76181eb11a246e17,3754331.0,lineups
https://raw.githubusercontent.com/statsbomb/open-data/master/data/lineups/3754012.json,/content/drive/MyDrive/ml_project/code/data_pipeline/results/Premier_League_2015_16_DATA_ONLY_FULL_REAL/data/bronze/statsbomb/lineups/3754012.json,downloaded,200,17198,f0ddd282315a4493b0a9175060925e96b9977e9d2d635ebee319f6ee81212f55,3754012.0,lineups
https://raw.githubusercontent.com/statsbomb/open-data/master/data/events/3754331.json,/content/drive/MyDrive/ml_project/code/data_pipeline/results/Premier_League_2015_16_DATA_ONLY_FULL_REAL/data/bronze/statsbomb/events/3754331.json,downloaded,200,2718247,c401a6c1e1c1556228a119c02d13552d0cc85b49283d8f1b2fccd2b3972cdf0f,3754331.0,events
https://raw.githubusercontent.com/statsbomb/open-data/master/data/three-sixty/3754012.json,/content/drive/MyDrive/ml_project/code/data_pipeline/results/Premier_League_2015_16_DATA_ONLY_FULL_REAL/data/bronze/statsbomb/three-sixty/3754012.json,optional_missing,404,0,,3754012.0,three-sixty
https://raw.githubusercontent.com/statsbomb/open-data/master/data/three-sixty/3754049.json,/content/drive/MyDrive/ml_project/code/data_pipeline/results/Premier_League_2015_16_DATA_ONLY_FULL_REAL/data/bronze/statsbomb/three-sixty/3754049.json,optional_missing,404,0,,3754049.0,three-sixty
https://raw.githubusercontent.com/statsbomb/open-data/master/data/events/3754012.json,/content/drive/MyDrive/ml_project/code/data_pipeline/results/Premier_League_2015_16_DATA_ONLY_FULL_REAL/data/bronze/statsbomb/events/3754012.json,downloaded,200,3083684,5273364e0092c5d0b9a3223313c923c99725d696ee9ec76e582998ae5091cd97,3754012.0,events
https://raw.githubusercontent.com/statsbomb/open-data/master/data/lineups/3754049.json,/content/drive/MyDrive/ml_project/code/data_pipeline/results/Premier_League_2015_16_DATA_ONLY_FULL_REAL/data/bronze/statsbomb/lineups/3754049.json,downloaded,200,20313,f1da76bb0abd9802b970d399f9288055da27acecaa1ea9ea2868e090c47f9331,3754049.0,lineups
https://raw.githubusercontent.com/statsbomb/open-data/master/data/three-sixty/3754121.json,/content/drive/MyDrive/ml_project/code/data_pipeline/results/Premier_League_2015_16_DATA_ONLY_FULL_REAL/data/bronze/statsbomb/three-sixty/3754121.json,optional_missing,404,0,,3754121.0,three-sixty
https://raw.githubusercontent.com/statsbomb/open-data/master/data/lineups/3754121.json,/content/drive/MyDrive/ml_project/code/data_pipeline/results/Premier_League_2015_16_DATA_ONLY_FULL_REAL/data/bronze/statsbomb/lineups/3754121.json,downloaded,200,16147,479a36aca9c7c7ff5be22f4e5d3fdf20510eeed11f5328631aa9bf4c50852262,3754121.0,lineups
https://raw.githubusercontent.com/statsbomb/open-data/master/data/three-sixty/3754321.json,/content/drive/MyDrive/ml_project/code/data_pipeline/results/Premier_League_2015_16_DATA_ONLY_FULL_REAL/data/bronze/statsbomb/three-sixty/3754321.json,optional_missing,404,0,,3754321.0,three-sixty
https://raw.githubusercontent.com/statsbomb/open-data/master/data/events/3754121.json,/content/drive/MyDrive/ml_project/code/data_pipeline/results/Premier_League_2015_16_DATA_ONLY_FULL_REAL/data/bronze/statsbomb/events/3754121.json,downloaded,200,2584923,2eb589fd0e5118608171971e676bdab7b55c75ceeae4bec10fceb24acec20ba0,3754121.0,events
https://raw.githubusercontent.com/statsbomb/open-data/master/data/lineups/3754236.json,/content/drive/MyDrive/ml_project/code/data_pipeline/results/Premier_League_2015_16_DATA_ONLY_FULL_REAL/data/bronze/statsbomb/lineups/3754236.json,downloaded,200,19391,a4dd9f48d7176b11d5b3d421f31f542309f2b07ed9da8a0afe8567942af0fdd3,3754236.0,lineups
https://raw.githubusercontent.com/statsbomb/open-data/master/data/events/3754147.json,/content/drive/MyDrive/ml_project/code/data_pipeline/results/Premier_League_2015_16_DATA_ONLY_FULL_REAL/data/bronze/statsbomb/events/3754147.json,downloaded,200,3611329,0a9fedd4bda989bdf10136fac6fa030ac0195c9fcf7a7ebae90b1478127990ce,3754147.0,events
https://raw.githubusercontent.com/statsbomb/open-data/master/data/lineups/3754321.json,/content/drive/MyDrive/ml_project/code/data_pipeline/results/Premier_League_2015_16_DATA_ONLY_FULL_REAL/data/bronze/statsbomb/lineups/3754321.json,downloaded,200,16268,4c594ae88d1b88b634c3cdb214d21c59700cb5ad5382df985784300207255617,3754321.0,lineups
https://raw.githubusercontent.com/statsbomb/open-data/master/data/events/3754321.json,/content/drive/MyDrive/ml_project/code/data_pipeline/results/Premier_League_2015_16_DATA_ONLY_FULL_REAL/data/bronze/statsbomb/events/3754321.json,downloaded,200,3206051,dc3a07a6fdba10cec5539f4c2c3bcfc80f6c42d472e7c615bc0356a6bd6f7f90,3754321.0,events
https://raw.githubusercontent.com/statsbomb/open-data/master/data/three-sixty/3754236.json,/content/drive/MyDrive/ml_project/code/data_pipeline/results/Premier_League_2015_16_DATA_ONLY_FULL_REAL/data/bronze/statsbomb/three-sixty/3754236.json,optional_missing,404,0,,3754236.0,three-sixty
https://raw.githubusercontent.com/statsbomb/open-data/master/data/three-sixty/3754239.json,/content/drive/MyDrive/ml_project/code/data_pipeline/results/Premier_League_2015_16_DATA_ONLY_FULL_REAL/data/bronze/statsbomb/three-sixty/3754239.json,optional_missing,404,0,,3754239.0,three-sixty
https://raw.githubusercontent.com/statsbomb/open-data/master/data/events/3754049.json,/content/drive/MyDrive/ml_project/code/data_pipeline/results/Premier_League_2015_16_DATA_ONLY_FULL_REAL/data/bronze/statsbomb/events/3754049.json,downloaded,200,2821088,aabea605ca5dd80fb28d8dd0a5c8ae4b72c39b0195dca82f463ecaca458c9325,3754049.0,events
https://raw.githubusercontent.com/statsbomb/open-data/master/data/three-sixty/3754324.json,/content/drive/MyDrive/ml_project/code/data_pipeline/results/Premier_League_2015_16_DATA_ONLY_FULL_REAL/data/bronze/statsbomb/three-sixty/3754324.json,optional_missing,404,0,,3754324.0,three-sixty
https://raw.githubusercontent.com/statsbomb/open-data/master/data/lineups/3754239.json,/content/drive/MyDrive/ml_project/code/data_pipeline/results/Premier_League_2015_16_DATA_ONLY_FULL_REAL/data/bronze/statsbomb/lineups/3754239.json,downloaded,200,17177,ad0c8257f52b3eeab8c4cb708e1437114773e0e7d1cc828518e86aafa8eab196,3754239.0,lineups
https://raw.githubusercontent.com/statsbomb/open-data/master/data/lineups/3754324.json,/content/drive/MyDrive/ml_project/code/data_pipeline/results/Premier_League_2015_16_DATA_ONLY_FULL_REAL/data/bronze/statsbomb/lineups/3754324.json,downloaded,200,16703,b09f3cf83578f5c28b2befed65057dfdc9c29e0fa915dd609ed203847e3b4883,3754324.0,lineups
https://raw.githubusercontent.com/statsbomb/open-data/master/data/events/3754236.json,/content/drive/MyDrive/ml_project/code/data_pipeline/results/Premier_League_2015_16_DATA_ONLY_FULL_REAL/data/bronze/statsbomb/events/3754236.json,downloaded,200,2739038,5d65536906166d1923562041ce766e782e81c30cdbb02715972fb123cf9add01,3754236.0,events
https://raw.githubusercontent.com/statsbomb/open-data/master/data/three-sixty/3754050.json,/content/drive/MyDrive/ml_project/code/data_pipeline/results/Premier_League_2015_16_DATA_ONLY_FULL_REAL/data/bronze/statsbomb/three-sixty/3754050.json,optional_missing,404,0,,3754050.0,three-sixty
https://raw.githubusercontent.com/statsbomb/open-data/master/data/lineups/3754050.json,/content/drive/MyDrive/ml_project/code/data_pipeline/results/Premier_League_2015_16_DATA_ONLY_FULL_REAL/data/bronze/statsbomb/lineups/3754050.json,downloaded,200,16813,a36496ef30f63273e93d3c595f6173945a4a06a004f0a011a506e217f4fb7125,3754050.0,lineups
https://raw.githubusercontent.com/statsbomb/open-data/master/data/events/3754239.json,/content/drive/MyDrive/ml_project/code/data_pipeline/results/Premier_League_2015_16_DATA_ONLY_FULL_REAL/data/bronze/statsbomb/events/3754239.json,downloaded,200,2980482,2b7e51ee47c19c6cc8dac0a02b18a712b6418940c725ab9103b1434edb727960,3754239.0,events
https://raw.githubusercontent.com/statsbomb/open-data/master/data/events/3754324.json,/content/drive/MyDrive/ml_project/code/data_pipeline/results/Premier_League_2015_16_DATA_ONLY_FULL_REAL/data/bronze/statsbomb/events/3754324.json,downloaded,200,2853278,142fa6dd4921d123020f923b176125000d4d12d24b5e9ec1eced196594cdebe4,3754324.0,events
https://raw.githubusercontent.com/statsbomb/open-data/master/data/three-sixty/3754231.json,/content/drive/MyDrive/ml_project/code/data_pipeline/results/Premier_League_2015_16_DATA_ONLY_FULL_REAL/data/bronze/statsbomb/three-sixty/3754231.json,optional_missing,404,0,,3754231.0,three-sixty
https://raw.githubusercontent.com/statsbomb/open-data/master/data/lineups/3754231.json,/content/drive/MyDrive/ml_project/code/data_pipeline/results/Premier_League_2015_16_DATA_ONLY_FULL_REAL/data/bronze/statsbomb/lineups/3754231.json,downloaded,200,17664,f10c65baef3ff4e77d5b33f5a928ce6f3a4eb6d2ddc699d3c798dca1b15a3edf,3754231.0,lineups
https://raw.githubusercontent.com/statsbomb/open-data/master/data/lineups/3754280.json,/content/drive/MyDrive/ml_project/code/data_pipeline/results/Premier_League_2015_16_DATA_ONLY_FULL_REAL/data/bronze/statsbomb/lineups/3754280.json,downloaded,200,19097,f7a2c7ce2b23a50b544126eabeaf8e1965327dd32a7b79978c9c83837b7a6f2e,3754280.0,lineups
https://raw.githubusercontent.com/statsbomb/open-data/master/data/events/3754050.json,/content/drive/MyDrive/ml_project/code/data_pipeline/results/Premier_League_2015_16_DATA_ONLY_FULL_REAL/data/bronze/statsbomb/events/3754050.json,downloaded,200,2651996,cf85b41f1e8b62a22d321cce1b8191e1c96925c0e92fe77b40896886a555bd6c,3754050.0,events
https://raw.githubusercontent.com/statsbomb/open-data/master/data/events/3754231.json,/content/drive/MyDrive/ml_project/code/data_pipeline/results/Premier_League_2015_16_DATA_ONLY_FULL_REAL/data/bronze/statsbomb/events/3754231.json,downloaded,200,2800990,1a05f5a5fdb6d5787e120c52d0abfe4ae786502026a5fcbb656f72ddce2a1f55,3754231.0,events
https://raw.githubusercontent.com/statsbomb/open-data/master/data/three-sixty/3754280.json,/content/drive/MyDrive/ml_project/code/data_pipeline/results/Premier_League_2015_16_DATA_ONLY_FULL_REAL/data/bronze/statsbomb/three-sixty/3754280.json,optional_missing,404,0,,3754280.0,three-sixty
https://raw.githubusercontent.com/statsbomb/open-data/master/data/three-sixty/3754327.json,/content/drive/MyDrive/ml_project/code/data_pipeline/results/Premier_League_2015_16_DATA_ONLY_FULL_REAL/data/bronze/statsbomb/three-sixty/3754327.json,optional_missing,404,0,,3754327.0,three-sixty
https://raw.githubusercontent.com/statsbomb/open-data/master/data/lineups/3754327.json,/content/drive/MyDrive/ml_project/code/data_pipeline/results/Premier_League_2015_16_DATA_ONLY_FULL_REAL/data/bronze/statsbomb/lineups/3754327.json,downloaded,200,18658,2dcdcb0df460318e12545932b0b09954a6929f19366cd27c85ef5be65eb9cc4c,3754327.0,lineups
https://raw.githubusercontent.com/statsbomb/open-data/master/data/three-sixty/3754334.json,/content/drive/MyDrive/ml_project/code/data_pipeline/results/Premier_League_2015_16_DATA_ONLY_FULL_REAL/data/bronze/statsbomb/three-sixty/3754334.json,optional_missing,404,0,,3754334.0,three-sixty
https://raw.githubusercontent.com/statsbomb/open-data/master/data/lineups/3754334.json,/content/drive/MyDrive/ml_project/code/data_pipeline/results/Premier_League_2015_16_DATA_ONLY_FULL_REAL/data/bronze/statsbomb/lineups/3754334.json,downloaded,200,18538,1fbc3ded7ffc1b16ceeafdef89d65da90fd54ee8276032add5d73818b53ff850,3754334.0,lineups
https://raw.githubusercontent.com/statsbomb/open-data/master/data/lineups/3753976.json,/content/drive/MyDrive/ml_project/code/data_pipeline/results/Premier_League_2015_16_DATA_ONLY_FULL_REAL/data/bronze/statsbomb/lineups/3753976.json,downloaded,200,16253,c9fb8c0a732a612a1f1e04a2f43c721330ce2bbe8308b2c4eb1485af0a69a7ab,3753976.0,lineups
https://raw.githubusercontent.com/statsbomb/open-data/master/data/events/3754334.json,/content/drive/MyDrive/ml_project/code/data_pipeline/results/Premier_League_2015_16_DATA_ONLY_FULL_REAL/data/bronze/statsbomb/events/3754334.json,downloaded,200,2703991,78a16caa8aaaf31e47f79075f335603b3af4ae01fdf1868d84ea41cf2bd7b373,3754334.0,events
https://raw.githubusercontent.com/statsbomb/open-data/master/data/events/3753976.json,/content/drive/MyDrive/ml_project/code/data_pipeline/results/Premier_League_2015_16_DATA_ONLY_FULL_REAL/data/bronze/statsbomb/events/3753976.json,downloaded,200,3355198,ec00f689a110ec3a9ee59c554abc7957ae2b274558c17eb951acad7d2a94674a,3753976.0,events
https://raw.githubusercontent.com/statsbomb/open-data/master/data/events/3754327.json,/content/drive/MyDrive/ml_project/code/data_pipeline/results/Premier_League_2015_16_DATA_ONLY_FULL_REAL/data/bronze/statsbomb/events/3754327.json,downloaded,200,3251890,cfaf636cca8f737a385861ef2442ee8435d963107c12efddc7d9e86f80c4ec36,3754327.0,events
https://raw.githubusercontent.com/statsbomb/open-data/master/data/three-sixty/3753976.json,/content/drive/MyDrive/ml_project/code/data_pipeline/results/Premier_League_2015_16_DATA_ONLY_FULL_REAL/data/bronze/statsbomb/three-sixty/3753976.json,optional_missing,404,0,,3753976.0,three-sixty
https://raw.githubusercontent.com/statsbomb/open-data/master/data/events/3754280.json,/content/drive/MyDrive/ml_project/code/data_pipeline/results/Premier_League_2015_16_DATA_ONLY_FULL_REAL/data/bronze/statsbomb/events/3754280.json,downloaded,200,3032221,bfa65fc46c8cb9298b630dfb8a933883a23fd5e5de6b21b51ae759a4bf7dd439,3754280.0,events
https://raw.githubusercontent.com/statsbomb/open-data/master/data/lineups/3754005.json,/content/drive/MyDrive/ml_project/code/data_pipeline/results/Premier_League_2015_16_DATA_ONLY_FULL_REAL/data/bronze/statsbomb/lineups/3754005.json,downloaded,200,16477,4948ab8b6f45c5c1a021697c0ff85070216ebf3b41381d32db78518359a83bf8,3754005.0,lineups
https://raw.githubusercontent.com/statsbomb/open-data/master/data/three-sixty/3754005.json,/content/drive/MyDrive/ml_project/code/data_pipeline/results/Premier_League_2015_16_DATA_ONLY_FULL_REAL/data/bronze/statsbomb/three-sixty/3754005.json,optional_missing,404,0,,3754005.0,three-sixty
https://raw.githubusercontent.com/statsbomb/open-data/master/data/three-sixty/3754349.json,/content/drive/MyDrive/ml_project/code/data_pipeline/results/Premier_League_2015_16_DATA_ONLY_FULL_REAL/data/bronze/statsbomb/three-sixty/3754349.json,optional_missing,404,0,,3754349.0,three-sixty
https://raw.githubusercontent.com/statsbomb/open-data/master/data/lineups/3754349.json,/content/drive/MyDrive/ml_project/code/data_pipeline/results/Premier_League_2015_16_DATA_ONLY_FULL_REAL/data/bronze/statsbomb/lineups/3754349.json,downloaded,200,17874,90ca54a5881ad6c7345856582cbc242da0bb6a2239736744179b0f567437a6cd,3754349.0,lineups
https://raw.githubusercontent.com/statsbomb/open-data/master/data/events/3754005.json,/content/drive/MyDrive/ml_project/code/data_pipeline/results/Premier_League_2015_16_DATA_ONLY_FULL_REAL/data/bronze/statsbomb/events/3754005.json,downloaded,200,2848370,d248b59f72a016ffe0bb3763446aa79537788975c475c787e932e7bf685a2d69,3754005.0,events
https://raw.githubusercontent.com/statsbomb/open-data/master/data/three-sixty/3753991.json,/content/drive/MyDrive/ml_project/code/data_pipeline/results/Premier_League_2015_16_DATA_ONLY_FULL_REAL/data/bronze/statsbomb/three-sixty/3753991.json,optional_missing,404,0,,3753991.0,three-sixty
https://raw.githubusercontent.com/statsbomb/open-data/master/data/events/3754349.json,/content/drive/MyDrive/ml_project/code/data_pipeline/results/Premier_League_2015_16_DATA_ONLY_FULL_REAL/data/bronze/statsbomb/events/3754349.json,downloaded,200,3018123,e078e6993aeb5cb7c6c6e56d0cb97515fdef615d1f9336f9b05d2763c9ba30db,3754349.0,events
https://raw.githubusercontent.com/statsbomb/open-data/master/data/lineups/3754232.json,/content/drive/MyDrive/ml_project/code/data_pipeline/results/Premier_League_2015_16_DATA_ONLY_FULL_REAL/data/bronze/statsbomb/lineups/3754232.json,downloaded,200,17196,e35bd969cc8718ffd3b082c6a1898bbdebbb0e1d8c4787f1466335864171e439,3754232.0,lineups
https://raw.githubusercontent.com/statsbomb/open-data/master/data/lineups/3753991.json,/content/drive/MyDrive/ml_project/code/data_pipeline/results/Premier_League_2015_16_DATA_ONLY_FULL_REAL/data/bronze/statsbomb/lineups/3753991.json,downloaded,200,16801,db20fbf8fb3104f7f3e17a0fa61909996edd559aa524767e011914cf99282aed,3753991.0,lineups
https://raw.githubusercontent.com/statsbomb/open-data/master/data/three-sixty/3754232.json,/content/drive/MyDrive/ml_project/code/data_pipeline/results/Premier_League_2015_16_DATA_ONLY_FULL_REAL/data/bronze/statsbomb/three-sixty/3754232.json,optional_missing,404,0,,3754232.0,three-sixty
https://raw.githubusercontent.com/statsbomb/open-data/master/data/three-sixty/3754318.json,/content/drive/MyDrive/ml_project/code/data_pipeline/results/Premier_League_2015_16_DATA_ONLY_FULL_REAL/data/bronze/statsbomb/three-sixty/3754318.json,optional_missing,404,0,,3754318.0,three-sixty
https://raw.githubusercontent.com/statsbomb/open-data/master/data/events/3753991.json,/content/drive/MyDrive/ml_project/code/data_pipeline/results/Premier_League_2015_16_DATA_ONLY_FULL_REAL/data/bronze/statsbomb/events/3753991.json,downloaded,200,3319630,e716c1d55f3425a1ef4642c6e2214d912d40faeb9370ae009f8deb190265885a,3753991.0,events
https://raw.githubusercontent.com/statsbomb/open-data/master/data/lineups/3754318.json,/content/drive/MyDrive/ml_project/code/data_pipeline/results/Premier_League_2015_16_DATA_ONLY_FULL_REAL/data/bronze/statsbomb/lineups/3754318.json,downloaded,200,17685,0038a20803e532419ad1a12fd457c816202690bb3e424af0fee59e6861ec0660,3754318.0,lineups
https://raw.githubusercontent.com/statsbomb/open-data/master/data/events/3754318.json,/content/drive/MyDrive/ml_project/code/data_pipeline/results/Premier_League_2015_16_DATA_ONLY_FULL_REAL/data/bronze/statsbomb/events/3754318.json,downloaded,200,2982696,d6c7d6c723d7b747d41376c5d92719613f3206b798c12f3e737202e95ba72c63,3754318.0,events
https://raw.githubusercontent.com/statsbomb/open-data/master/data/events/3754232.json,/content/drive/MyDrive/ml_project/code/data_pipeline/results/Premier_League_2015_16_DATA_ONLY_FULL_REAL/data/bronze/statsbomb/events/3754232.json,downloaded,200,2866572,19c5f4ef908ef674401b7deae575462cb161e161e818308660295e471281bd8a,3754232.0,events
https://raw.githubusercontent.com/statsbomb/open-data/master/data/three-sixty/3754061.json,/content/drive/MyDrive/ml_project/code/data_pipeline/results/Premier_League_2015_16_DATA_ONLY_FULL_REAL/data/bronze/statsbomb/three-sixty/3754061.json,optional_missing,404,0,,3754061.0,three-sixty
https://raw.githubusercontent.com/statsbomb/open-data/master/data/lineups/3754151.json,/content/drive/MyDrive/ml_project/code/data_pipeline/results/Premier_League_2015_16_DATA_ONLY_FULL_REAL/data/bronze/statsbomb/lineups/3754151.json,downloaded,200,19241,f71c991cde93d20b66197cd7457f68cfc80332cd96caa5d06eb9565d25cfaf93,3754151.0,lineups
https://raw.githubusercontent.com/statsbomb/open-data/master/data/three-sixty/3754151.json,/content/drive/MyDrive/ml_project/code/data_pipeline/results/Premier_League_2015_16_DATA_ONLY_FULL_REAL/data/bronze/statsbomb/three-sixty/3754151.json,optional_missing,404,0,,3754151.0,three-sixty
https://raw.githubusercontent.com/statsbomb/open-data/master/data/three-sixty/3754164.json,/content/drive/MyDrive/ml_project/code/data_pipeline/results/Premier_League_2015_16_DATA_ONLY_FULL_REAL/data/bronze/statsbomb/three-sixty/3754164.json,optional_missing,404,0,,3754164.0,three-sixty
https://raw.githubusercontent.com/statsbomb/open-data/master/data/lineups/3754061.json,/content/drive/MyDrive/ml_project/code/data_pipeline/results/Premier_League_2015_16_DATA_ONLY_FULL_REAL/data/bronze/statsbomb/lineups/3754061.json,downloaded,200,17175,c9d56d342126802928a592916043ef4ab9ff6f6b8677d85708e813df861937d3,3754061.0,lineups
https://raw.githubusercontent.com/statsbomb/open-data/master/data/lineups/3754164.json,/content/drive/MyDrive/ml_project/code/data_pipeline/results/Premier_League_2015_16_DATA_ONLY_FULL_REAL/data/bronze/statsbomb/lineups/3754164.json,downloaded,200,17148,40265c324e2e3b02757cc7036b667e910117ae710d5479fabe552732658a4dc5,3754164.0,lineups
https://raw.githubusercontent.com/statsbomb/open-data/master/data/events/3754061.json,/content/drive/MyDrive/ml_project/code/data_pipeline/results/Premier_League_2015_16_DATA_ONLY_FULL_REAL/data/bronze/statsbomb/events/3754061.json,downloaded,200,3077653,6bb8ff791feef7d6e30747fe1c9bafc3fec72737e1dfbf577d39f4fa9ba49179,3754061.0,events
https://raw.githubusercontent.com/statsbomb/open-data/master/data/events/3754151.json,/content/drive/MyDrive/ml_project/code/data_pipeline/results/Premier_League_2015_16_DATA_ONLY_FULL_REAL/data/bronze/statsbomb/events/3754151.json,downloaded,200,2605782,d1f292d9df4574e0c8a940529a1fad20a7e4194f32b522b46b488f3f73b2e195,3754151.0,events
https://raw.githubusercontent.com/statsbomb/open-data/master/data/three-sixty/3754177.json,/content/drive/MyDrive/ml_project/code/data_pipeline/results/Premier_League_2015_16_DATA_ONLY_FULL_REAL/data/bronze/statsbomb/three-sixty/3754177.json,optional_missing,404,0,,3754177.0,three-sixty
https://raw.githubusercontent.com/statsbomb/open-data/master/data/lineups/3754177.json,/content/drive/MyDrive/ml_project/code/data_pipeline/results/Premier_League_2015_16_DATA_ONLY_FULL_REAL/data/bronze/statsbomb/lineups/3754177.json,downloaded,200,16977,7ad0e0a4034bc9c673c5813481b97fc13440f3a7150634cea6ee6c1c581cb009,3754177.0,lineups
https://raw.githubusercontent.com/statsbomb/open-data/master/data/lineups/3754249.json,/content/drive/MyDrive/ml_project/code/data_pipeline/results/Premier_League_2015_16_DATA_ONLY_FULL_REAL/data/bronze/statsbomb/lineups/3754249.json,downloaded,200,16755,8ac3f79414a62dd275d63896980283e796012810c0eead7f191b8ec8744e2d34,3754249.0,lineups
https://raw.githubusercontent.com/statsbomb/open-data/master/data/events/3754164.json,/content/drive/MyDrive/ml_project/code/data_pipeline/results/Premier_League_2015_16_DATA_ONLY_FULL_REAL/data/bronze/statsbomb/events/3754164.json,downloaded,200,2684936,9c186ebf71b57ad54d3f94f54f26dcffc10f6f4a31da0fda778d33c1fa64176e,3754164.0,events
https://raw.githubusercontent.com/statsbomb/open-data/master/data/three-sixty/3754249.json,/content/drive/MyDrive/ml_project/code/data_pipeline/results/Premier_League_2015_16_DATA_ONLY_FULL_REAL/data/bronze/statsbomb/three-sixty/3754249.json,optional_missing,404,0,,3754249.0,three-sixty
https://raw.githubusercontent.com/statsbomb/open-data/master/data/lineups/3754277.json,/content/drive/MyDrive/ml_project/code/data_pipeline/results/Premier_League_2015_16_DATA_ONLY_FULL_REAL/data/bronze/statsbomb/lineups/3754277.json,downloaded,200,23485,10652a9c7c7f56a96a751ae2709462ffcbf39e93a845c07ff428bdb0d9a5920e,3754277.0,lineups
https://raw.githubusercontent.com/statsbomb/open-data/master/data/three-sixty/3754277.json,/content/drive/MyDrive/ml_project/code/data_pipeline/results/Premier_League_2015_16_DATA_ONLY_FULL_REAL/data/bronze/statsbomb/three-sixty/3754277.json,optional_missing,404,0,,3754277.0,three-sixty
https://raw.githubusercontent.com/statsbomb/open-data/master/data/three-sixty/3754289.json,/content/drive/MyDrive/ml_project/code/data_pipeline/results/Premier_League_2015_16_DATA_ONLY_FULL_REAL/data/bronze/statsbomb/three-sixty/3754289.json,optional_missing,404,0,,3754289.0,three-sixty
https://raw.githubusercontent.com/statsbomb/open-data/master/data/lineups/3754289.json,/content/drive/MyDrive/ml_project/code/data_pipeline/results/Premier_League_2015_16_DATA_ONLY_FULL_REAL/data/bronze/statsbomb/lineups/3754289.json,downloaded,200,17179,8dd02e47342d2c4bbe96b01dfdf8f90ec9b965a533d0a230430392afa86062d8,3754289.0,lineups
https://raw.githubusercontent.com/statsbomb/open-data/master/data/events/3754249.json,/content/drive/MyDrive/ml_project/code/data_pipeline/results/Premier_League_2015_16_DATA_ONLY_FULL_REAL/data/bronze/statsbomb/events/3754249.json,downloaded,200,3648901,b412164aee7c134829e6530c98eb87f44eec4dc8a850120cb88627fa03438cc2,3754249.0,events
https://raw.githubusercontent.com/statsbomb/open-data/master/data/events/3754177.json,/content/drive/MyDrive/ml_project/code/data_pipeline/results/Premier_League_2015_16_DATA_ONLY_FULL_REAL/data/bronze/statsbomb/events/3754177.json,downloaded,200,3385863,60438411ffe7b546f420e73ea823c129e0f5ea8b6159a50b756fe94654fb3f7e,3754177.0,events
https://raw.githubusercontent.com/statsbomb/open-data/master/data/three-sixty/3754220.json,/content/drive/MyDrive/ml_project/code/data_pipeline/results/Premier_League_2015_16_DATA_ONLY_FULL_REAL/data/bronze/statsbomb/three-sixty/3754220.json,optional_missing,404,0,,3754220.0,three-sixty
https://raw.githubusercontent.com/statsbomb/open-data/master/data/lineups/3754220.json,/content/drive/MyDrive/ml_project/code/data_pipeline/results/Premier_League_2015_16_DATA_ONLY_FULL_REAL/data/bronze/statsbomb/lineups/3754220.json,downloaded,200,19840,17adf314eb96dce91e3364e367476c59cde11c78d7ebcdb86c2bb5110c703c4f,3754220.0,lineups
https://raw.githubusercontent.com/statsbomb/open-data/master/data/events/3754277.json,/content/drive/MyDrive/ml_project/code/data_pipeline/results/Premier_League_2015_16_DATA_ONLY_FULL_REAL/data/bronze/statsbomb/events/3754277.json,downloaded,200,2847050,c933b7577cc754549a96c30b252620daf38903f651e19d1fd48dddfb05243318,3754277.0,events
https://raw.githubusercontent.com/statsbomb/open-data/master/data/events/3754289.json,/content/drive/MyDrive/ml_project/code/data_pipeline/results/Premier_League_2015_16_DATA_ONLY_FULL_REAL/data/bronze/statsbomb/events/3754289.json,downloaded,200,2801475,d03ce5659c8810da6d58d2e0491ac2a43a8a32fb053f8d6cc50c4234cca9ba67,3754289.0,events
https://raw.githubusercontent.com/statsbomb/open-data/master/data/three-sixty/3754081.json,/content/drive/MyDrive/ml_project/code/data_pipeline/results/Premier_League_2015_16_DATA_ONLY_FULL_REAL/data/bronze/statsbomb/three-sixty/3754081.json,optional_missing,404,0,,3754081.0,three-sixty
https://raw.githubusercontent.com/statsbomb/open-data/master/data/lineups/3754081.json,/content/drive/MyDrive/ml_project/code/data_pipeline/results/Premier_League_2015_16_DATA_ONLY_FULL_REAL/data/bronze/statsbomb/lineups/3754081.json,downloaded,200,20873,ecdb4e2e00dd4356e2310821bc89b1804c389f49d216e86b3219f9507f966535,3754081.0,lineups
https://raw.githubusercontent.com/statsbomb/open-data/master/data/lineups/3754313.json,/content/drive/MyDrive/ml_project/code/data_pipeline/results/Premier_League_2015_16_DATA_ONLY_FULL_REAL/data/bronze/statsbomb/lineups/3754313.json,downloaded,200,18847,0d0594282f3b694d2ffa6b0198747b4cce0381a3b5588db5dc2da11f68ee30cd,3754313.0,lineups
https://raw.githubusercontent.com/statsbomb/open-data/master/data/three-sixty/3754313.json,/content/drive/MyDrive/ml_project/code/data_pipeline/results/Premier_League_2015_16_DATA_ONLY_FULL_REAL/data/bronze/statsbomb/three-sixty/3754313.json,optional_missing,404,0,,3754313.0,three-sixty
https://raw.githubusercontent.com/statsbomb/open-data/master/data/events/3754220.json,/content/drive/MyDrive/ml_project/code/data_pipeline/results/Premier_League_2015_16_DATA_ONLY_FULL_REAL/data/bronze/statsbomb/events/3754220.json,downloaded,200,3110626,28517fe2c70d6e0ace90021d458f405a9c7f942338d0296fd430847e11c8c2a3,3754220.0,events
https://raw.githubusercontent.com/statsbomb/open-data/master/data/events/3754081.json,/content/drive/MyDrive/ml_project/code/data_pipeline/results/Premier_League_2015_16_DATA_ONLY_FULL_REAL/data/bronze/statsbomb/events/3754081.json,downloaded,200,3160363,1f03edd969c0501f6ec803abb7ce252ae74448aa0f0ce991b1d08181e4f581eb,3754081.0,events
https://raw.githubusercontent.com/statsbomb/open-data/master/data/lineups/3753988.json,/content/drive/MyDrive/ml_project/code/data_pipeline/results/Premier_League_2015_16_DATA_ONLY_FULL_REAL/data/bronze/statsbomb/lineups/3753988.json,downloaded,200,16724,efde42311663405f563ade1e230199fed886cd8ab8d00dacc33119d4ec9664c9,3753988.0,lineups
https://raw.githubusercontent.com/statsbomb/open-data/master/data/three-sixty/3753988.json,/content/drive/MyDrive/ml_project/code/data_pipeline/results/Premier_League_2015_16_DATA_ONLY_FULL_REAL/data/bronze/statsbomb/three-sixty/3753988.json,optional_missing,404,0,,3753988.0,three-sixty
https://raw.githubusercontent.com/statsbomb/open-data/master/data/lineups/3754196.json,/content/drive/MyDrive/ml_project/code/data_pipeline/results/Premier_League_2015_16_DATA_ONLY_FULL_REAL/data/bronze/statsbomb/lineups/3754196.json,downloaded,200,17644,5dd6959cf5965aae607a015b5262110ab0f0cca6477c423ed126d8e3a4868591,3754196.0,lineups
https://raw.githubusercontent.com/statsbomb/open-data/master/data/three-sixty/3754196.json,/content/drive/MyDrive/ml_project/code/data_pipeline/results/Premier_League_2015_16_DATA_ONLY_FULL_REAL/data/bronze/statsbomb/three-sixty/3754196.json,optional_missing,404,0,,3754196.0,three-sixty
https://raw.githubusercontent.com/statsbomb/open-data/master/data/events/3754313.json,/content/drive/MyDrive/ml_project/code/data_pipeline/results/Premier_League_2015_16_DATA_ONLY_FULL_REAL/data/bronze/statsbomb/events/3754313.json,downloaded,200,3243705,7b5d5a4c4c0a9693efded419e0b769e1b7706ecb687e6705035a777587b4dfff,3754313.0,events
https://raw.githubusercontent.com/statsbomb/open-data/master/data/lineups/3754053.json,/content/drive/MyDrive/ml_project/code/data_pipeline/results/Premier_League_2015_16_DATA_ONLY_FULL_REAL/data/bronze/statsbomb/lineups/3754053.json,downloaded,200,16802,75ab4ea2cd9f59d0dd8a73c3fc6b44f2ba2fd0645dce2f33f603e59993a6cece,3754053.0,lineups
https://raw.githubusercontent.com/statsbomb/open-data/master/data/three-sixty/3754053.json,/content/drive/MyDrive/ml_project/code/data_pipeline/results/Premier_League_2015_16_DATA_ONLY_FULL_REAL/data/bronze/statsbomb/three-sixty/3754053.json,optional_missing,404,0,,3754053.0,three-sixty
https://raw.githubusercontent.com/statsbomb/open-data/master/data/events/3753988.json,/content/drive/MyDrive/ml_project/code/data_pipeline/results/Premier_League_2015_16_DATA_ONLY_FULL_REAL/data/bronze/statsbomb/events/3753988.json,downloaded,200,3070447,faf452f6a4077d5ae83ca6d78179728c61ba5065a64fa4c3519d3e3f39223603,3753988.0,events
https://raw.githubusercontent.com/statsbomb/open-data/master/data/events/3754196.json,/content/drive/MyDrive/ml_project/code/data_pipeline/results/Premier_League_2015_16_DATA_ONLY_FULL_REAL/data/bronze/statsbomb/events/3754196.json,downloaded,200,2966841,42ebe2210ef9efa8a35016aaf7f0407dec3aaccd3b74729bd70cd2ffdfcd7fb6,3754196.0,events
https://raw.githubusercontent.com/statsbomb/open-data/master/data/lineups/3754002.json,/content/drive/MyDrive/ml_project/code/data_pipeline/results/Premier_League_2015_16_DATA_ONLY_FULL_REAL/data/bronze/statsbomb/lineups/3754002.json,downloaded,200,16336,02e3947e10a64d74a4e03d8fda24975e3ef6755843cc9d875a04ea6c0a33efce,3754002.0,lineups
https://raw.githubusercontent.com/statsbomb/open-data/master/data/lineups/3753980.json,/content/drive/MyDrive/ml_project/code/data_pipeline/results/Premier_League_2015_16_DATA_ONLY_FULL_REAL/data/bronze/statsbomb/lineups/3753980.json,downloaded,200,16803,690d2163bf453e8b845b6da37b0231fd2651115caed5365c2c2443fd9521cf21,3753980.0,lineups
https://raw.githubusercontent.com/statsbomb/open-data/master/data/three-sixty/3754002.json,/content/drive/MyDrive/ml_project/code/data_pipeline/results/Premier_League_2015_16_DATA_ONLY_FULL_REAL/data/bronze/statsbomb/three-sixty/3754002.json,optional_missing,404,0,,3754002.0,three-sixty
https://raw.githubusercontent.com/statsbomb/open-data/master/data/three-sixty/3753980.json,/content/drive/MyDrive/ml_project/code/data_pipeline/results/Premier_League_2015_16_DATA_ONLY_FULL_REAL/data/bronze/statsbomb/three-sixty/3753980.json,optional_missing,404,0,,3753980.0,three-sixty
https://raw.githubusercontent.com/statsbomb/open-data/master/data/events/3754053.json,/content/drive/MyDrive/ml_project/code/data_pipeline/results/Premier_League_2015_16_DATA_ONLY_FULL_REAL/data/bronze/statsbomb/events/3754053.json,downloaded,200,3140969,2b63320adf95aec7a70f8ae0e6f21c0d5379ad73b3c3c9d1b3aae964afbd038c,3754053.0,events
https://raw.githubusercontent.com/statsbomb/open-data/master/data/events/3753980.json,/content/drive/MyDrive/ml_project/code/data_pipeline/results/Premier_League_2015_16_DATA_ONLY_FULL_REAL/data/bronze/statsbomb/events/3753980.json,downloaded,200,3265073,1dcd8a1ec5bc6cbf30ae271516c7a5cc64ba2513d6a4259a093943ece09b3384,3753980.0,events
https://raw.githubusercontent.com/statsbomb/open-data/master/data/three-sixty/3753973.json,/content/drive/MyDrive/ml_project/code/data_pipeline/results/Premier_League_2015_16_DATA_ONLY_FULL_REAL/data/bronze/statsbomb/three-sixty/3753973.json,optional_missing,404,0,,3753973.0,three-sixty
https://raw.githubusercontent.com/statsbomb/open-data/master/data/lineups/3753973.json,/content/drive/MyDrive/ml_project/code/data_pipeline/results/Premier_League_2015_16_DATA_ONLY_FULL_REAL/data/bronze/statsbomb/lineups/3753973.json,downloaded,200,17019,bae803a7b3de3a07ea0de13139060e807c6ca751efaadf79c1e758f863324ea5,3753973.0,lineups
https://raw.githubusercontent.com/statsbomb/open-data/master/data/lineups/3753977.json,/content/drive/MyDrive/ml_project/code/data_pipeline/results/Premier_League_2015_16_DATA_ONLY_FULL_REAL/data/bronze/statsbomb/lineups/3753977.json,downloaded,200,17203,49df48da2368ca9fbc6dcadaf6f58ee0a502b9e12174c4d386ec3e74fff1843c,3753977.0,lineups
https://raw.githubusercontent.com/statsbomb/open-data/master/data/three-sixty/3753977.json,/content/drive/MyDrive/ml_project/code/data_pipeline/results/Premier_League_2015_16_DATA_ONLY_FULL_REAL/data/bronze/statsbomb/three-sixty/3753977.json,optional_missing,404,0,,3753977.0,three-sixty
https://raw.githubusercontent.com/statsbomb/open-data/master/data/events/3753973.json,/content/drive/MyDrive/ml_project/code/data_pipeline/results/Premier_League_2015_16_DATA_ONLY_FULL_REAL/data/bronze/statsbomb/events/3753973.json,downloaded,200,3038026,171d8389a3882a642828de8a244902e49b9e89284ee8356b37e59d71e4221d10,3753973.0,events
https://raw.githubusercontent.com/statsbomb/open-data/master/data/three-sixty/3754052.json,/content/drive/MyDrive/ml_project/code/data_pipeline/results/Premier_League_2015_16_DATA_ONLY_FULL_REAL/data/bronze/statsbomb/three-sixty/3754052.json,optional_missing,404,0,,3754052.0,three-sixty
https://raw.githubusercontent.com/statsbomb/open-data/master/data/lineups/3754052.json,/content/drive/MyDrive/ml_project/code/data_pipeline/results/Premier_League_2015_16_DATA_ONLY_FULL_REAL/data/bronze/statsbomb/lineups/3754052.json,downloaded,200,18766,c01d07ff5375385cc73a76b8691e4ab48a84981e2641bb4a31d21a5ed134135d,3754052.0,lineups
https://raw.githubusercontent.com/statsbomb/open-data/master/data/events/3754002.json,/content/drive/MyDrive/ml_project/code/data_pipeline/results/Premier_League_2015_16_DATA_ONLY_FULL_REAL/data/bronze/statsbomb/events/3754002.json,downloaded,200,3082132,4cad0d0dbce51ef76c083b69f71388f12ed034010b8c2f12779d77e4f81c8df9,3754002.0,events
https://raw.githubusercontent.com/statsbomb/open-data/master/data/events/3754181.json,/content/drive/MyDrive/ml_project/code/data_pipeline/results/Premier_League_2015_16_DATA_ONLY_FULL_REAL/data/bronze/statsbomb/events/3754181.json,downloaded,200,2668344,83a7c617ea007bf14aa7c6497f7145b730182f352e5a872341422444616aba7d,3754181.0,events
https://raw.githubusercontent.com/statsbomb/open-data/master/data/three-sixty/3754181.json,/content/drive/MyDrive/ml_project/code/data_pipeline/results/Premier_League_2015_16_DATA_ONLY_FULL_REAL/data/bronze/statsbomb/three-sixty/3754181.json,optional_missing,404,0,,3754181.0,three-sixty
https://raw.githubusercontent.com/statsbomb/open-data/master/data/lineups/3754181.json,/content/drive/MyDrive/ml_project/code/data_pipeline/results/Premier_League_2015_16_DATA_ONLY_FULL_REAL/data/bronze/statsbomb/lineups/3754181.json,downloaded,200,18809,08a763e1c81715a94cdbba9a20f2e824a9a3579afce8b9f7be14a6e523b71637,3754181.0,lineups
https://raw.githubusercontent.com/statsbomb/open-data/master/data/events/3754052.json,/content/drive/MyDrive/ml_project/code/data_pipeline/results/Premier_League_2015_16_DATA_ONLY_FULL_REAL/data/bronze/statsbomb/events/3754052.json,downloaded,200,2787730,9a3ccd68376885fcf9f9e045e3470e2c3b318952d13ff323880a788d6f38f2f2,3754052.0,events
https://raw.githubusercontent.com/statsbomb/open-data/master/data/events/3753977.json,/content/drive/MyDrive/ml_project/code/data_pipeline/results/Premier_League_2015_16_DATA_ONLY_FULL_REAL/data/bronze/statsbomb/events/3753977.json,downloaded,200,3002728,2bfd20b0d4b0732ed729e7ee06dd3ad98fde7401ffa6d57c5ad1b466d1173b8f,3753977.0,events
https://raw.githubusercontent.com/statsbomb/open-data/master/data/lineups/3754224.json,/content/drive/MyDrive/ml_project/code/data_pipeline/results/Premier_League_2015_16_DATA_ONLY_FULL_REAL/data/bronze/statsbomb/lineups/3754224.json,downloaded,200,16537,52ef5b069905669b5d787273efe28dfb1d80c0c96a8d04b2579aecf031f6bf29,3754224.0,lineups
https://raw.githubusercontent.com/statsbomb/open-data/master/data/three-sixty/3754064.json,/content/drive/MyDrive/ml_project/code/data_pipeline/results/Premier_League_2015_16_DATA_ONLY_FULL_REAL/data/bronze/statsbomb/three-sixty/3754064.json,optional_missing,404,0,,3754064.0,three-sixty
https://raw.githubusercontent.com/statsbomb/open-data/master/data/three-sixty/3754224.json,/content/drive/MyDrive/ml_project/code/data_pipeline/results/Premier_League_2015_16_DATA_ONLY_FULL_REAL/data/bronze/statsbomb/three-sixty/3754224.json,optional_missing,404,0,,3754224.0,three-sixty
https://raw.githubusercontent.com/statsbomb/open-data/master/data/lineups/3754064.json,/content/drive/MyDrive/ml_project/code/data_pipeline/results/Premier_League_2015_16_DATA_ONLY_FULL_REAL/data/bronze/statsbomb/lineups/3754064.json,downloaded,200,18241,dd12f8f976b770b6d487dba66a33571a55f3b66dd355079ca6773bf66ea7ff79,3754064.0,lineups
https://raw.githubusercontent.com/statsbomb/open-data/master/data/events/3754224.json,/content/drive/MyDrive/ml_project/code/data_pipeline/results/Premier_League_2015_16_DATA_ONLY_FULL_REAL/data/bronze/statsbomb/events/3754224.json,downloaded,200,3084175,9b02fe8bd5f2e1241e356b64136268c0fc071d2de592bafea3e56269e71f779e,3754224.0,events
https://raw.githubusercontent.com/statsbomb/open-data/master/data/three-sixty/3754100.json,/content/drive/MyDrive/ml_project/code/data_pipeline/results/Premier_League_2015_16_DATA_ONLY_FULL_REAL/data/bronze/statsbomb/three-sixty/3754100.json,optional_missing,404,0,,3754100.0,three-sixty
https://raw.githubusercontent.com/statsbomb/open-data/master/data/three-sixty/3754043.json,/content/drive/MyDrive/ml_project/code/data_pipeline/results/Premier_League_2015_16_DATA_ONLY_FULL_REAL/data/bronze/statsbomb/three-sixty/3754043.json,optional_missing,404,0,,3754043.0,three-sixty
https://raw.githubusercontent.com/statsbomb/open-data/master/data/lineups/3754100.json,/content/drive/MyDrive/ml_project/code/data_pipeline/results/Premier_League_2015_16_DATA_ONLY_FULL_REAL/data/bronze/statsbomb/lineups/3754100.json,downloaded,200,17648,8b27e75e3635d18150f383831bdfe5e3b7d444ab5967ebcdb7803a68165fc935,3754100.0,lineups
https://raw.githubusercontent.com/statsbomb/open-data/master/data/lineups/3754043.json,/content/drive/MyDrive/ml_project/code/data_pipeline/results/Premier_League_2015_16_DATA_ONLY_FULL_REAL/data/bronze/statsbomb/lineups/3754043.json,downloaded,200,16435,1c1316910a04fa6726cf257210f87d94c862cbf1381a62ec741e72bd825ff261,3754043.0,lineups
https://raw.githubusercontent.com/statsbomb/open-data/master/data/events/3754100.json,/content/drive/MyDrive/ml_project/code/data_pipeline/results/Premier_League_2015_16_DATA_ONLY_FULL_REAL/data/bronze/statsbomb/events/3754100.json,downloaded,200,2740094,6d7e5f7698700c83b2f7d2b07f7ce354d0d171738e238dd4e0e4482aa132a2ab,3754100.0,events
https://raw.githubusercontent.com/statsbomb/open-data/master/data/events/3754064.json,/content/drive/MyDrive/ml_project/code/data_pipeline/results/Premier_League_2015_16_DATA_ONLY_FULL_REAL/data/bronze/statsbomb/events/3754064.json,downloaded,200,3291266,8963e052fbc8c6e22f2bf49d1d7d9211cfc79ae40ab7db0a971a846dcacca034,3754064.0,events
https://raw.githubusercontent.com/statsbomb/open-data/master/data/three-sixty/3754124.json,/content/drive/MyDrive/ml_project/code/data_pipeline/results/Premier_League_2015_16_DATA_ONLY_FULL_REAL/data/bronze/statsbomb/three-sixty/3754124.json,optional_missing,404,0,,3754124.0,three-sixty
https://raw.githubusercontent.com/statsbomb/open-data/master/data/lineups/3754124.json,/content/drive/MyDrive/ml_project/code/data_pipeline/results/Premier_League_2015_16_DATA_ONLY_FULL_REAL/data/bronze/statsbomb/lineups/3754124.json,downloaded,200,19631,e01c052c6d4b422b5aceba2cf58a19c0a4c7c9c3b3b18c45f8d1d4c79b035656,3754124.0,lineups
https://raw.githubusercontent.com/statsbomb/open-data/master/data/lineups/3754075.json,/content/drive/MyDrive/ml_project/code/data_pipeline/results/Premier_League_2015_16_DATA_ONLY_FULL_REAL/data/bronze/statsbomb/lineups/3754075.json,downloaded,200,21392,1fe63f427c633df126a54695dee77754ec3b40d2372e7232b80e3fb7f9da7f67,3754075.0,lineups
https://raw.githubusercontent.com/statsbomb/open-data/master/data/events/3754043.json,/content/drive/MyDrive/ml_project/code/data_pipeline/results/Premier_League_2015_16_DATA_ONLY_FULL_REAL/data/bronze/statsbomb/events/3754043.json,downloaded,200,3200484,f2288e375514e0f8357930d49dbfd4d335600027f12bb59ba3fce20a93b5c608,3754043.0,events
https://raw.githubusercontent.com/statsbomb/open-data/master/data/three-sixty/3754075.json,/content/drive/MyDrive/ml_project/code/data_pipeline/results/Premier_League_2015_16_DATA_ONLY_FULL_REAL/data/bronze/statsbomb/three-sixty/3754075.json,optional_missing,404,0,,3754075.0,three-sixty
https://raw.githubusercontent.com/statsbomb/open-data/master/data/three-sixty/3754118.json,/content/drive/MyDrive/ml_project/code/data_pipeline/results/Premier_League_2015_16_DATA_ONLY_FULL_REAL/data/bronze/statsbomb/three-sixty/3754118.json,optional_missing,404,0,,3754118.0,three-sixty
https://raw.githubusercontent.com/statsbomb/open-data/master/data/lineups/3754118.json,/content/drive/MyDrive/ml_project/code/data_pipeline/results/Premier_League_2015_16_DATA_ONLY_FULL_REAL/data/bronze/statsbomb/lineups/3754118.json,downloaded,200,16525,edd830ed147b4874cb6ed72fe2e9023dec9ffc2e38782724f3cdfbbf34e66456,3754118.0,lineups
https://raw.githubusercontent.com/statsbomb/open-data/master/data/events/3754075.json,/content/drive/MyDrive/ml_project/code/data_pipeline/results/Premier_League_2015_16_DATA_ONLY_FULL_REAL/data/bronze/statsbomb/events/3754075.json,downloaded,200,3330607,d5bd58e02377619947747ef9a43929c2b5dfdfdf23de91e59b7533caf34e4a00,3754075.0,events
https://raw.githubusercontent.com/statsbomb/open-data/master/data/three-sixty/3754144.json,/content/drive/MyDrive/ml_project/code/data_pipeline/results/Premier_League_2015_16_DATA_ONLY_FULL_REAL/data/bronze/statsbomb/three-sixty/3754144.json,optional_missing,404,0,,3754144.0,three-sixty
https://raw.githubusercontent.com/statsbomb/open-data/master/data/events/3754124.json,/content/drive/MyDrive/ml_project/code/data_pipeline/results/Premier_League_2015_16_DATA_ONLY_FULL_REAL/data/bronze/statsbomb/events/3754124.json,downloaded,200,3182263,fb4b272d39325079a99890a200849d486b06250e3d24b31410f6c7341b0ae09a,3754124.0,events
https://raw.githubusercontent.com/statsbomb/open-data/master/data/lineups/3754144.json,/content/drive/MyDrive/ml_project/code/data_pipeline/results/Premier_League_2015_16_DATA_ONLY_FULL_REAL/data/bronze/statsbomb/lineups/3754144.json,downloaded,200,19135,2907505bc736523fb242b05f5589aefb67dbe1fededb0de67f19e73e1df328f2,3754144.0,lineups
https://raw.githubusercontent.com/statsbomb/open-data/master/data/events/3754118.json,/content/drive/MyDrive/ml_project/code/data_pipeline/results/Premier_League_2015_16_DATA_ONLY_FULL_REAL/data/bronze/statsbomb/events/3754118.json,downloaded,200,3271479,39384f2d52dc10cabc788ce412942c7f5e818992d75b86370b5a442de5ac1d52,3754118.0,events
https://raw.githubusercontent.com/statsbomb/open-data/master/data/three-sixty/3754175.json,/content/drive/MyDrive/ml_project/code/data_pipeline/results/Premier_League_2015_16_DATA_ONLY_FULL_REAL/data/bronze/statsbomb/three-sixty/3754175.json,optional_missing,404,0,,3754175.0,three-sixty
https://raw.githubusercontent.com/statsbomb/open-data/master/data/events/3754144.json,/content/drive/MyDrive/ml_project/code/data_pipeline/results/Premier_League_2015_16_DATA_ONLY_FULL_REAL/data/bronze/statsbomb/events/3754144.json,downloaded,200,3360036,0da13fb6a1201c89f05bc7d0c05c44cb42dc82e2f75f9d39fea2f875aa3fc0be,3754144.0,events
https://raw.githubusercontent.com/statsbomb/open-data/master/data/lineups/3754176.json,/content/drive/MyDrive/ml_project/code/data_pipeline/results/Premier_League_2015_16_DATA_ONLY_FULL_REAL/data/bronze/statsbomb/lineups/3754176.json,downloaded,200,18685,8690f21a68435a5eeea422637ae0454fc7d01d7fcb9c128e0dcee319c4867c1a,3754176.0,lineups
https://raw.githubusercontent.com/statsbomb/open-data/master/data/three-sixty/3754176.json,/content/drive/MyDrive/ml_project/code/data_pipeline/results/Premier_League_2015_16_DATA_ONLY_FULL_REAL/data/bronze/statsbomb/three-sixty/3754176.json,optional_missing,404,0,,3754176.0,three-sixty
https://raw.githubusercontent.com/statsbomb/open-data/master/data/events/3754175.json,/content/drive/MyDrive/ml_project/code/data_pipeline/results/Premier_League_2015_16_DATA_ONLY_FULL_REAL/data/bronze/statsbomb/events/3754175.json,downloaded,200,2696636,daf5e42ffe3eddec21029d5d6e87fd8a36332ac8cb08106320960e108e27b705,3754175.0,events
https://raw.githubusercontent.com/statsbomb/open-data/master/data/lineups/3754175.json,/content/drive/MyDrive/ml_project/code/data_pipeline/results/Premier_League_2015_16_DATA_ONLY_FULL_REAL/data/bronze/statsbomb/lineups/3754175.json,downloaded,200,21194,211f7734395d8385105ff0373b0a9f6cd53d3839c7fff8f2947388f164189d7d,3754175.0,lineups
https://raw.githubusercontent.com/statsbomb/open-data/master/data/lineups/3754243.json,/content/drive/MyDrive/ml_project/code/data_pipeline/results/Premier_League_2015_16_DATA_ONLY_FULL_REAL/data/bronze/statsbomb/lineups/3754243.json,downloaded,200,17686,f44e279ab11088a1a7a230debf635d100400f83e22383dccbab51dfc7a2b755d,3754243.0,lineups
https://raw.githubusercontent.com/statsbomb/open-data/master/data/three-sixty/3754243.json,/content/drive/MyDrive/ml_project/code/data_pipeline/results/Premier_League_2015_16_DATA_ONLY_FULL_REAL/data/bronze/statsbomb/three-sixty/3754243.json,optional_missing,404,0,,3754243.0,three-sixty
https://raw.githubusercontent.com/statsbomb/open-data/master/data/lineups/3754272.json,/content/drive/MyDrive/ml_project/code/data_pipeline/results/Premier_League_2015_16_DATA_ONLY_FULL_REAL/data/bronze/statsbomb/lineups/3754272.json,downloaded,200,15631,62c72832b8c6ea375263faefce60d59d7c7a698ee9d3d819bdc7d821fe76c4e9,3754272.0,lineups
https://raw.githubusercontent.com/statsbomb/open-data/master/data/events/3754176.json,/content/drive/MyDrive/ml_project/code/data_pipeline/results/Premier_League_2015_16_DATA_ONLY_FULL_REAL/data/bronze/statsbomb/events/3754176.json,downloaded,200,2582371,fcafb5c2fdda4ce810b9888e001dd41e4cbad4274c51cc7d6609442b891f0e47,3754176.0,events
https://raw.githubusercontent.com/statsbomb/open-data/master/data/three-sixty/3754272.json,/content/drive/MyDrive/ml_project/code/data_pipeline/results/Premier_League_2015_16_DATA_ONLY_FULL_REAL/data/bronze/statsbomb/three-sixty/3754272.json,optional_missing,404,0,,3754272.0,three-sixty
https://raw.githubusercontent.com/statsbomb/open-data/master/data/events/3754243.json,/content/drive/MyDrive/ml_project/code/data_pipeline/results/Premier_League_2015_16_DATA_ONLY_FULL_REAL/data/bronze/statsbomb/events/3754243.json,downloaded,200,2846504,59458b0bb67d1603c1d6d6db1c2ddee54bf265bb7287b27c2bbf7d7c85d68efe,3754243.0,events
https://raw.githubusercontent.com/statsbomb/open-data/master/data/three-sixty/3754087.json,/content/drive/MyDrive/ml_project/code/data_pipeline/results/Premier_League_2015_16_DATA_ONLY_FULL_REAL/data/bronze/statsbomb/three-sixty/3754087.json,optional_missing,404,0,,3754087.0,three-sixty
https://raw.githubusercontent.com/statsbomb/open-data/master/data/events/3754272.json,/content/drive/MyDrive/ml_project/code/data_pipeline/results/Premier_League_2015_16_DATA_ONLY_FULL_REAL/data/bronze/statsbomb/events/3754272.json,downloaded,200,3174483,c34a5b9737d9cd6432a7e228b57a515bc0fbf040b9d9b2901a56e103a2ef8eae,3754272.0,events
https://raw.githubusercontent.com/statsbomb/open-data/master/data/lineups/3753982.json,/content/drive/MyDrive/ml_project/code/data_pipeline/results/Premier_League_2015_16_DATA_ONLY_FULL_REAL/data/bronze/statsbomb/lineups/3753982.json,downloaded,200,20081,8040a797e9106fa23fa9aeba475074aa006a6f6fe02fdae1089f09860e5fc57b,3753982.0,lineups
https://raw.githubusercontent.com/statsbomb/open-data/master/data/lineups/3754087.json,/content/drive/MyDrive/ml_project/code/data_pipeline/results/Premier_League_2015_16_DATA_ONLY_FULL_REAL/data/bronze/statsbomb/lineups/3754087.json,downloaded,200,15639,06b6be8de1bb1232a014a74f452b835ca5b8e585fe5282ef69d11d6a795a1945,3754087.0,lineups
https://raw.githubusercontent.com/statsbomb/open-data/master/data/three-sixty/3753982.json,/content/drive/MyDrive/ml_project/code/data_pipeline/results/Premier_League_2015_16_DATA_ONLY_FULL_REAL/data/bronze/statsbomb/three-sixty/3753982.json,optional_missing,404,0,,3753982.0,three-sixty
https://raw.githubusercontent.com/statsbomb/open-data/master/data/lineups/3754299.json,/content/drive/MyDrive/ml_project/code/data_pipeline/results/Premier_League_2015_16_DATA_ONLY_FULL_REAL/data/bronze/statsbomb/lineups/3754299.json,downloaded,200,16983,daba92b56ad02c1ef0595b048629024e06177c5814edc4d32f536b70efeeaecd,3754299.0,lineups
https://raw.githubusercontent.com/statsbomb/open-data/master/data/three-sixty/3754299.json,/content/drive/MyDrive/ml_project/code/data_pipeline/results/Premier_League_2015_16_DATA_ONLY_FULL_REAL/data/bronze/statsbomb/three-sixty/3754299.json,optional_missing,404,0,,3754299.0,three-sixty
https://raw.githubusercontent.com/statsbomb/open-data/master/data/events/3754087.json,/content/drive/MyDrive/ml_project/code/data_pipeline/results/Premier_League_2015_16_DATA_ONLY_FULL_REAL/data/bronze/statsbomb/events/3754087.json,downloaded,200,3110673,65255f38431b043bde60560f6ed703a20b7118f7ec0c0b3758f97002764ac7f8,3754087.0,events
https://raw.githubusercontent.com/statsbomb/open-data/master/data/lineups/3754241.json,/content/drive/MyDrive/ml_project/code/data_pipeline/results/Premier_League_2015_16_DATA_ONLY_FULL_REAL/data/bronze/statsbomb/lineups/3754241.json,downloaded,200,16914,c0efe57bf9b43cfd2f5f9ae3979ad3b85bb218fc209ca6e94b09009cb3d47026,3754241.0,lineups
https://raw.githubusercontent.com/statsbomb/open-data/master/data/three-sixty/3754241.json,/content/drive/MyDrive/ml_project/code/data_pipeline/results/Premier_League_2015_16_DATA_ONLY_FULL_REAL/data/bronze/statsbomb/three-sixty/3754241.json,optional_missing,404,0,,3754241.0,three-sixty
https://raw.githubusercontent.com/statsbomb/open-data/master/data/events/3753982.json,/content/drive/MyDrive/ml_project/code/data_pipeline/results/Premier_League_2015_16_DATA_ONLY_FULL_REAL/data/bronze/statsbomb/events/3753982.json,downloaded,200,2983579,f4f03d674fc9eaabf22218ea1b2c2dabd5f64b73047116b6f2fc5ce7597e91ae,3753982.0,events
https://raw.githubusercontent.com/statsbomb/open-data/master/data/events/3754299.json,/content/drive/MyDrive/ml_project/code/data_pipeline/results/Premier_League_2015_16_DATA_ONLY_FULL_REAL/data/bronze/statsbomb/events/3754299.json,downloaded,200,3223972,d2abf8500075ae2de5b5aa9884c60911bf301a8e236845189e8accc725258ce6,3754299.0,events
https://raw.githubusercontent.com/statsbomb/open-data/master/data/lineups/3754016.json,/content/drive/MyDrive/ml_project/code/data_pipeline/results/Premier_League_2015_16_DATA_ONLY_FULL_REAL/data/bronze/statsbomb/lineups/3754016.json,downloaded,200,18913,a4893e655a72328cb009c36eeca029a711c3ca8845cf71c20f0f09aa6f28c240,3754016.0,lineups
https://raw.githubusercontent.com/statsbomb/open-data/master/data/events/3754016.json,/content/drive/MyDrive/ml_project/code/data_pipeline/results/Premier_League_2015_16_DATA_ONLY_FULL_REAL/data/bronze/statsbomb/events/3754016.json,downloaded,200,2947287,450f53ba0b8951d41b7d7b6983b115454f5ba71d1377f9a48855b20acd3df4ad,3754016.0,events
https://raw.githubusercontent.com/statsbomb/open-data/master/data/lineups/3754022.json,/content/drive/MyDrive/ml_project/code/data_pipeline/results/Premier_League_2015_16_DATA_ONLY_FULL_REAL/data/bronze/statsbomb/lineups/3754022.json,downloaded,200,16489,650b7dd12dc0b788b2a109152dc2e56ea963e1f9fcf1f60b05359279b228fda7,3754022.0,lineups
https://raw.githubusercontent.com/statsbomb/open-data/master/data/three-sixty/3754016.json,/content/drive/MyDrive/ml_project/code/data_pipeline/results/Premier_League_2015_16_DATA_ONLY_FULL_REAL/data/bronze/statsbomb/three-sixty/3754016.json,optional_missing,404,0,,3754016.0,three-sixty
https://raw.githubusercontent.com/statsbomb/open-data/master/data/events/3754241.json,/content/drive/MyDrive/ml_project/code/data_pipeline/results/Premier_League_2015_16_DATA_ONLY_FULL_REAL/data/bronze/statsbomb/events/3754241.json,downloaded,200,3018180,495714752c5ce749ad9e0ac7b4084d2e55ffa156e6d462c6b608f7f5c85524db,3754241.0,events
https://raw.githubusercontent.com/statsbomb/open-data/master/data/three-sixty/3754022.json,/content/drive/MyDrive/ml_project/code/data_pipeline/results/Premier_League_2015_16_DATA_ONLY_FULL_REAL/data/bronze/statsbomb/three-sixty/3754022.json,optional_missing,404,0,,3754022.0,three-sixty
https://raw.githubusercontent.com/statsbomb/open-data/master/data/lineups/3754030.json,/content/drive/MyDrive/ml_project/code/data_pipeline/results/Premier_League_2015_16_DATA_ONLY_FULL_REAL/data/bronze/statsbomb/lineups/3754030.json,downloaded,200,16131,4881b4a014a963af1a0f980d08a5f66d03e0e2c9f84b09ed08efb3230d61d777,3754030.0,lineups
https://raw.githubusercontent.com/statsbomb/open-data/master/data/three-sixty/3754030.json,/content/drive/MyDrive/ml_project/code/data_pipeline/results/Premier_League_2015_16_DATA_ONLY_FULL_REAL/data/bronze/statsbomb/three-sixty/3754030.json,optional_missing,404,0,,3754030.0,three-sixty
https://raw.githubusercontent.com/statsbomb/open-data/master/data/events/3754022.json,/content/drive/MyDrive/ml_project/code/data_pipeline/results/Premier_League_2015_16_DATA_ONLY_FULL_REAL/data/bronze/statsbomb/events/3754022.json,downloaded,200,2357721,c64db8fe501501d5e5cd7c2e4d22a45e177f8c475da9ee6c3da87ffd21991297,3754022.0,events
https://raw.githubusercontent.com/statsbomb/open-data/master/data/three-sixty/3754116.json,/content/drive/MyDrive/ml_project/code/data_pipeline/results/Premier_League_2015_16_DATA_ONLY_FULL_REAL/data/bronze/statsbomb/three-sixty/3754116.json,optional_missing,404,0,,3754116.0,three-sixty
https://raw.githubusercontent.com/statsbomb/open-data/master/data/lineups/3754116.json,/content/drive/MyDrive/ml_project/code/data_pipeline/results/Premier_League_2015_16_DATA_ONLY_FULL_REAL/data/bronze/statsbomb/lineups/3754116.json,downloaded,200,18694,32fc51c9a13c8ac2adba86e36ebb468dc8949e4354f0b272f3ecdd9af7e5a6f9,3754116.0,lineups
https://raw.githubusercontent.com/statsbomb/open-data/master/data/lineups/3754262.json,/content/drive/MyDrive/ml_project/code/data_pipeline/results/Premier_League_2015_16_DATA_ONLY_FULL_REAL/data/bronze/statsbomb/lineups/3754262.json,downloaded,200,16857,35d67fde1a26ed61abcd9a9dea7bf93df4861668b4db1b89b87121ab46dac142,3754262.0,lineups
https://raw.githubusercontent.com/statsbomb/open-data/master/data/events/3754030.json,/content/drive/MyDrive/ml_project/code/data_pipeline/results/Premier_League_2015_16_DATA_ONLY_FULL_REAL/data/bronze/statsbomb/events/3754030.json,downloaded,200,2895850,d3edaf30c042defd3e7bb8c216ae03c6f476ca7c38955a5c59c071821de944a5,3754030.0,events
https://raw.githubusercontent.com/statsbomb/open-data/master/data/three-sixty/3754262.json,/content/drive/MyDrive/ml_project/code/data_pipeline/results/Premier_League_2015_16_DATA_ONLY_FULL_REAL/data/bronze/statsbomb/three-sixty/3754262.json,optional_missing,404,0,,3754262.0,three-sixty
https://raw.githubusercontent.com/statsbomb/open-data/master/data/events/3754116.json,/content/drive/MyDrive/ml_project/code/data_pipeline/results/Premier_League_2015_16_DATA_ONLY_FULL_REAL/data/bronze/statsbomb/events/3754116.json,downloaded,200,3391047,e3bb4c0e77554ceef06bf221b77e52c41c939543071182c834cd5f94bcc6256c,3754116.0,events
https://raw.githubusercontent.com/statsbomb/open-data/master/data/lineups/3754035.json,/content/drive/MyDrive/ml_project/code/data_pipeline/results/Premier_League_2015_16_DATA_ONLY_FULL_REAL/data/bronze/statsbomb/lineups/3754035.json,downloaded,200,18501,e1f5258ef3f5a1172c56cbf913a29bbe07ac8fcfa0c29773654d4726e6e6a64b,3754035.0,lineups
https://raw.githubusercontent.com/statsbomb/open-data/master/data/three-sixty/3754035.json,/content/drive/MyDrive/ml_project/code/data_pipeline/results/Premier_League_2015_16_DATA_ONLY_FULL_REAL/data/bronze/statsbomb/three-sixty/3754035.json,optional_missing,404,0,,3754035.0,three-sixty
https://raw.githubusercontent.com/statsbomb/open-data/master/data/lineups/3754152.json,/content/drive/MyDrive/ml_project/code/data_pipeline/results/Premier_League_2015_16_DATA_ONLY_FULL_REAL/data/bronze/statsbomb/lineups/3754152.json,downloaded,200,16310,74770ce095c952d1b37b0f2ed4750a4be526f6da4975ecb2b711de3e38e80821,3754152.0,lineups
https://raw.githubusercontent.com/statsbomb/open-data/master/data/three-sixty/3754152.json,/content/drive/MyDrive/ml_project/code/data_pipeline/results/Premier_League_2015_16_DATA_ONLY_FULL_REAL/data/bronze/statsbomb/three-sixty/3754152.json,optional_missing,404,0,,3754152.0,three-sixty
https://raw.githubusercontent.com/statsbomb/open-data/master/data/events/3754262.json,/content/drive/MyDrive/ml_project/code/data_pipeline/results/Premier_League_2015_16_DATA_ONLY_FULL_REAL/data/bronze/statsbomb/events/3754262.json,downloaded,200,3126438,8078369badb802b6583b58b3d75c84de823e4d0a6add41f44c7416286e90ef40,3754262.0,events
https://raw.githubusercontent.com/statsbomb/open-data/master/data/lineups/3753986.json,/content/drive/MyDrive/ml_project/code/data_pipeline/results/Premier_League_2015_16_DATA_ONLY_FULL_REAL/data/bronze/statsbomb/lineups/3753986.json,downloaded,200,16086,cf1bc170e24416558939273194af220b810e991f0e04c8df389b43198f5f6851,3753986.0,lineups
https://raw.githubusercontent.com/statsbomb/open-data/master/data/three-sixty/3753986.json,/content/drive/MyDrive/ml_project/code/data_pipeline/results/Premier_League_2015_16_DATA_ONLY_FULL_REAL/data/bronze/statsbomb/three-sixty/3753986.json,optional_missing,404,0,,3753986.0,three-sixty
https://raw.githubusercontent.com/statsbomb/open-data/master/data/lineups/3754209.json,/content/drive/MyDrive/ml_project/code/data_pipeline/results/Premier_League_2015_16_DATA_ONLY_FULL_REAL/data/bronze/statsbomb/lineups/3754209.json,downloaded,200,16432,aab2cda048d85c6410f5baded1d6546be66145675dccd3014cb30f8466d1378e,3754209.0,lineups
https://raw.githubusercontent.com/statsbomb/open-data/master/data/events/3754035.json,/content/drive/MyDrive/ml_project/code/data_pipeline/results/Premier_League_2015_16_DATA_ONLY_FULL_REAL/data/bronze/statsbomb/events/3754035.json,downloaded,200,2816067,375f06644d10c4632563f2df027e906a629152394529a5ab0760b5c86cff0b6e,3754035.0,events
https://raw.githubusercontent.com/statsbomb/open-data/master/data/three-sixty/3754209.json,/content/drive/MyDrive/ml_project/code/data_pipeline/results/Premier_League_2015_16_DATA_ONLY_FULL_REAL/data/bronze/statsbomb/three-sixty/3754209.json,optional_missing,404,0,,3754209.0,three-sixty
https://raw.githubusercontent.com/statsbomb/open-data/master/data/events/3754152.json,/content/drive/MyDrive/ml_project/code/data_pipeline/results/Premier_League_2015_16_DATA_ONLY_FULL_REAL/data/bronze/statsbomb/events/3754152.json,downloaded,200,2914359,f18364cb9270884dff5f1ee824c798a7a25e4c8f2bd35ceff986f2d73086ec74,3754152.0,events
https://raw.githubusercontent.com/statsbomb/open-data/master/data/events/3754209.json,/content/drive/MyDrive/ml_project/code/data_pipeline/results/Premier_League_2015_16_DATA_ONLY_FULL_REAL/data/bronze/statsbomb/events/3754209.json,downloaded,200,2993810,0a3ea79daf9e94845e8f100b515fee8b89d7afae35d4dfe5f95bc656964c07a1,3754209.0,events
https://raw.githubusercontent.com/statsbomb/open-data/master/data/events/3753986.json,/content/drive/MyDrive/ml_project/code/data_pipeline/results/Premier_League_2015_16_DATA_ONLY_FULL_REAL/data/bronze/statsbomb/events/3753986.json,downloaded,200,3002552,67f494a53dee31f07b4abf3d45a4c9b5ddf59b776ad6b6af65b71907af8d920e,3753986.0,events
https://raw.githubusercontent.com/statsbomb/open-data/master/data/lineups/3754048.json,/content/drive/MyDrive/ml_project/code/data_pipeline/results/Premier_League_2015_16_DATA_ONLY_FULL_REAL/data/bronze/statsbomb/lineups/3754048.json,downloaded,200,20246,b5f1119bb29d9568f2fcfcc2073388f07d23edba3fba3d01062fc2e45fe385ad,3754048.0,lineups
https://raw.githubusercontent.com/statsbomb/open-data/master/data/lineups/3754172.json,/content/drive/MyDrive/ml_project/code/data_pipeline/results/Premier_League_2015_16_DATA_ONLY_FULL_REAL/data/bronze/statsbomb/lineups/3754172.json,downloaded,200,17418,645ea41b3c027d8a2bbbe31569213852d6ca73693f92b6de590f2455823a6116,3754172.0,lineups
https://raw.githubusercontent.com/statsbomb/open-data/master/data/three-sixty/3754048.json,/content/drive/MyDrive/ml_project/code/data_pipeline/results/Premier_League_2015_16_DATA_ONLY_FULL_REAL/data/bronze/statsbomb/three-sixty/3754048.json,optional_missing,404,0,,3754048.0,three-sixty
https://raw.githubusercontent.com/statsbomb/open-data/master/data/events/3754048.json,/content/drive/MyDrive/ml_project/code/data_pipeline/results/Premier_League_2015_16_DATA_ONLY_FULL_REAL/data/bronze/statsbomb/events/3754048.json,downloaded,200,3138027,71e28ea229aaf5896f61742b0ee7b56cdaee0b3e71b898d7f6c5ab7e980c058c,3754048.0,events
https://raw.githubusercontent.com/statsbomb/open-data/master/data/three-sixty/3754172.json,/content/drive/MyDrive/ml_project/code/data_pipeline/results/Premier_League_2015_16_DATA_ONLY_FULL_REAL/data/bronze/statsbomb/three-sixty/3754172.json,optional_missing,404,0,,3754172.0,three-sixty
https://raw.githubusercontent.com/statsbomb/open-data/master/data/lineups/3754024.json,/content/drive/MyDrive/ml_project/code/data_pipeline/results/Premier_League_2015_16_DATA_ONLY_FULL_REAL/data/bronze/statsbomb/lineups/3754024.json,downloaded,200,17831,69f0b6589623c6b1d259fa5d0921c81bb598909e329346e3843d1ae0268b7c6b,3754024.0,lineups
https://raw.githubusercontent.com/statsbomb/open-data/master/data/three-sixty/3754024.json,/content/drive/MyDrive/ml_project/code/data_pipeline/results/Premier_League_2015_16_DATA_ONLY_FULL_REAL/data/bronze/statsbomb/three-sixty/3754024.json,optional_missing,404,0,,3754024.0,three-sixty
https://raw.githubusercontent.com/statsbomb/open-data/master/data/three-sixty/3754137.json,/content/drive/MyDrive/ml_project/code/data_pipeline/results/Premier_League_2015_16_DATA_ONLY_FULL_REAL/data/bronze/statsbomb/three-sixty/3754137.json,optional_missing,404,0,,3754137.0,three-sixty
https://raw.githubusercontent.com/statsbomb/open-data/master/data/lineups/3754137.json,/content/drive/MyDrive/ml_project/code/data_pipeline/results/Premier_League_2015_16_DATA_ONLY_FULL_REAL/data/bronze/statsbomb/lineups/3754137.json,downloaded,200,16466,fd37d02f65811f79f400ae84b916a9717a9bec21d201ee69d21b584504740b75,3754137.0,lineups
https://raw.githubusercontent.com/statsbomb/open-data/master/data/events/3754172.json,/content/drive/MyDrive/ml_project/code/data_pipeline/results/Premier_League_2015_16_DATA_ONLY_FULL_REAL/data/bronze/statsbomb/events/3754172.json,downloaded,200,2347677,2525d829210b8b0f849e8e5b92de8bfb8e02fcf1ca938d3f56ce925ceb944fc7,3754172.0,events
https://raw.githubusercontent.com/statsbomb/open-data/master/data/lineups/3754155.json,/content/drive/MyDrive/ml_project/code/data_pipeline/results/Premier_League_2015_16_DATA_ONLY_FULL_REAL/data/bronze/statsbomb/lineups/3754155.json,downloaded,200,16395,c4d719b8074c8d7302571b0b5298c5c40b5d50253ae53321454f0c0edbd92912,3754155.0,lineups
https://raw.githubusercontent.com/statsbomb/open-data/master/data/three-sixty/3754155.json,/content/drive/MyDrive/ml_project/code/data_pipeline/results/Premier_League_2015_16_DATA_ONLY_FULL_REAL/data/bronze/statsbomb/three-sixty/3754155.json,optional_missing,404,0,,3754155.0,three-sixty
https://raw.githubusercontent.com/statsbomb/open-data/master/data/events/3754137.json,/content/drive/MyDrive/ml_project/code/data_pipeline/results/Premier_League_2015_16_DATA_ONLY_FULL_REAL/data/bronze/statsbomb/events/3754137.json,downloaded,200,2709598,fe16aa77c2197840fa74397929b2f651b4d576c97ac3a3fb508e2453281640cd,3754137.0,events
https://raw.githubusercontent.com/statsbomb/open-data/master/data/lineups/3754295.json,/content/drive/MyDrive/ml_project/code/data_pipeline/results/Premier_League_2015_16_DATA_ONLY_FULL_REAL/data/bronze/statsbomb/lineups/3754295.json,downloaded,200,15799,aa227cf5b942e1630dd578e2f4ea758983d3a55572886b338b2daef3f91a2998,3754295.0,lineups
https://raw.githubusercontent.com/statsbomb/open-data/master/data/events/3754024.json,/content/drive/MyDrive/ml_project/code/data_pipeline/results/Premier_League_2015_16_DATA_ONLY_FULL_REAL/data/bronze/statsbomb/events/3754024.json,downloaded,200,2903130,4413c70c575f0d0d75b198fde6b493d43f8dffa6faf41595cab51972c5234f44,3754024.0,events
https://raw.githubusercontent.com/statsbomb/open-data/master/data/three-sixty/3754295.json,/content/drive/MyDrive/ml_project/code/data_pipeline/results/Premier_League_2015_16_DATA_ONLY_FULL_REAL/data/bronze/statsbomb/three-sixty/3754295.json,optional_missing,404,0,,3754295.0,three-sixty
https://raw.githubusercontent.com/statsbomb/open-data/master/data/events/3754155.json,/content/drive/MyDrive/ml_project/code/data_pipeline/results/Premier_League_2015_16_DATA_ONLY_FULL_REAL/data/bronze/statsbomb/events/3754155.json,downloaded,200,2649592,95c98110d72b96114cb7de40728e644ff205c5a182da8360154eb54f0c84095d,3754155.0,events
https://raw.githubusercontent.com/statsbomb/open-data/master/data/lineups/3754322.json,/content/drive/MyDrive/ml_project/code/data_pipeline/results/Premier_League_2015_16_DATA_ONLY_FULL_REAL/data/bronze/statsbomb/lineups/3754322.json,downloaded,200,17195,10c34e094621022075462847f77d52ef8a83aac4363b623afd55dd0e9095e95c,3754322.0,lineups
https://raw.githubusercontent.com/statsbomb/open-data/master/data/three-sixty/3754322.json,/content/drive/MyDrive/ml_project/code/data_pipeline/results/Premier_League_2015_16_DATA_ONLY_FULL_REAL/data/bronze/statsbomb/three-sixty/3754322.json,optional_missing,404,0,,3754322.0,three-sixty
https://raw.githubusercontent.com/statsbomb/open-data/master/data/three-sixty/3754216.json,/content/drive/MyDrive/ml_project/code/data_pipeline/results/Premier_League_2015_16_DATA_ONLY_FULL_REAL/data/bronze/statsbomb/three-sixty/3754216.json,optional_missing,404,0,,3754216.0,three-sixty
https://raw.githubusercontent.com/statsbomb/open-data/master/data/lineups/3754216.json,/content/drive/MyDrive/ml_project/code/data_pipeline/results/Premier_League_2015_16_DATA_ONLY_FULL_REAL/data/bronze/statsbomb/lineups/3754216.json,downloaded,200,18178,34e4bcaecbff79ca8f93506e9a1de8753667150f439c10f74bb3ae2429783748,3754216.0,lineups
https://raw.githubusercontent.com/statsbomb/open-data/master/data/events/3754322.json,/content/drive/MyDrive/ml_project/code/data_pipeline/results/Premier_League_2015_16_DATA_ONLY_FULL_REAL/data/bronze/statsbomb/events/3754322.json,downloaded,200,3413565,b3af0a2777c34ec1267b3eae41e9159c692d77ae99931f90ab765d0ba3558c27,3754322.0,events
https://raw.githubusercontent.com/statsbomb/open-data/master/data/three-sixty/3754227.json,/content/drive/MyDrive/ml_project/code/data_pipeline/results/Premier_League_2015_16_DATA_ONLY_FULL_REAL/data/bronze/statsbomb/three-sixty/3754227.json,optional_missing,404,0,,3754227.0,three-sixty
https://raw.githubusercontent.com/statsbomb/open-data/master/data/events/3754295.json,/content/drive/MyDrive/ml_project/code/data_pipeline/results/Premier_League_2015_16_DATA_ONLY_FULL_REAL/data/bronze/statsbomb/events/3754295.json,downloaded,200,2976396,ef631d3dc8162918e0562b532ad743637eabdefc66ae35d57eb13e9d84160519,3754295.0,events
https://raw.githubusercontent.com/statsbomb/open-data/master/data/three-sixty/3754009.json,/content/drive/MyDrive/ml_project/code/data_pipeline/results/Premier_League_2015_16_DATA_ONLY_FULL_REAL/data/bronze/statsbomb/three-sixty/3754009.json,optional_missing,404,0,,3754009.0,three-sixty
https://raw.githubusercontent.com/statsbomb/open-data/master/data/lineups/3754227.json,/content/drive/MyDrive/ml_project/code/data_pipeline/results/Premier_League_2015_16_DATA_ONLY_FULL_REAL/data/bronze/statsbomb/lineups/3754227.json,downloaded,200,16374,9e66b356aa81320d74b60bb5f130d3eba4ee65d3e5e9b88e2e789f9782ab20fb,3754227.0,lineups
https://raw.githubusercontent.com/statsbomb/open-data/master/data/lineups/3754009.json,/content/drive/MyDrive/ml_project/code/data_pipeline/results/Premier_League_2015_16_DATA_ONLY_FULL_REAL/data/bronze/statsbomb/lineups/3754009.json,downloaded,200,19429,31701dc8e49224d2e10d479c5eaa1080344be5d75b58335d327dd75bebbff02f,3754009.0,lineups
https://raw.githubusercontent.com/statsbomb/open-data/master/data/events/3754227.json,/content/drive/MyDrive/ml_project/code/data_pipeline/results/Premier_League_2015_16_DATA_ONLY_FULL_REAL/data/bronze/statsbomb/events/3754227.json,downloaded,200,2545160,8e52f49de3c2a3d16befbfc4765bc4d5235751f96f23cc3b3b0e40a18ec2ea2c,3754227.0,events
https://raw.githubusercontent.com/statsbomb/open-data/master/data/events/3754216.json,/content/drive/MyDrive/ml_project/code/data_pipeline/results/Premier_League_2015_16_DATA_ONLY_FULL_REAL/data/bronze/statsbomb/events/3754216.json,downloaded,200,3354203,464c4a245de8ba156cb405da64345fc703c49188a8c9344ac1ea5f8bcf81c960,3754216.0,events
https://raw.githubusercontent.com/statsbomb/open-data/master/data/events/3754009.json,/content/drive/MyDrive/ml_project/code/data_pipeline/results/Premier_League_2015_16_DATA_ONLY_FULL_REAL/data/bronze/statsbomb/events/3754009.json,downloaded,200,3431302,cc9d93ae3ce1495d1ac09ab5c5d94e5d159f29af3f84fe6e8a10c5c8b59f1ef8,3754009.0,events
https://raw.githubusercontent.com/statsbomb/open-data/master/data/three-sixty/3754187.json,/content/drive/MyDrive/ml_project/code/data_pipeline/results/Premier_League_2015_16_DATA_ONLY_FULL_REAL/data/bronze/statsbomb/three-sixty/3754187.json,optional_missing,404,0,,3754187.0,three-sixty
https://raw.githubusercontent.com/statsbomb/open-data/master/data/three-sixty/3754206.json,/content/drive/MyDrive/ml_project/code/data_pipeline/results/Premier_League_2015_16_DATA_ONLY_FULL_REAL/data/bronze/statsbomb/three-sixty/3754206.json,optional_missing,404,0,,3754206.0,three-sixty
https://raw.githubusercontent.com/statsbomb/open-data/master/data/lineups/3754206.json,/content/drive/MyDrive/ml_project/code/data_pipeline/results/Premier_League_2015_16_DATA_ONLY_FULL_REAL/data/bronze/statsbomb/lineups/3754206.json,downloaded,200,16442,20927ef68d85a170b283dbe7c38de6419fba80e6a9757263725d28381c1c12c5,3754206.0,lineups
https://raw.githubusercontent.com/statsbomb/open-data/master/data/lineups/3754187.json,/content/drive/MyDrive/ml_project/code/data_pipeline/results/Premier_League_2015_16_DATA_ONLY_FULL_REAL/data/bronze/statsbomb/lineups/3754187.json,downloaded,200,16109,d1227e1a7ee0cf0744f996a0dc34347964daf8a91ed6a06a714e5e0f65d7be2c,3754187.0,lineups
https://raw.githubusercontent.com/statsbomb/open-data/master/data/events/3754187.json,/content/drive/MyDrive/ml_project/code/data_pipeline/results/Premier_League_2015_16_DATA_ONLY_FULL_REAL/data/bronze/statsbomb/events/3754187.json,downloaded,200,2894571,2bb7463ee81e2b19042d89eb0df068517a0b9603f2df1d033f7e98ac1905611c,3754187.0,events
https://raw.githubusercontent.com/statsbomb/open-data/master/data/lineups/3754086.json,/content/drive/MyDrive/ml_project/code/data_pipeline/results/Premier_League_2015_16_DATA_ONLY_FULL_REAL/data/bronze/statsbomb/lineups/3754086.json,downloaded,200,17178,fe69584d76e39b5ae94d68b92b3eff55933c117d2b5b64bee58efd4665d37d94,3754086.0,lineups
https://raw.githubusercontent.com/statsbomb/open-data/master/data/three-sixty/3754086.json,/content/drive/MyDrive/ml_project/code/data_pipeline/results/Premier_League_2015_16_DATA_ONLY_FULL_REAL/data/bronze/statsbomb/three-sixty/3754086.json,optional_missing,404,0,,3754086.0,three-sixty
https://raw.githubusercontent.com/statsbomb/open-data/master/data/events/3754206.json,/content/drive/MyDrive/ml_project/code/data_pipeline/results/Premier_League_2015_16_DATA_ONLY_FULL_REAL/data/bronze/statsbomb/events/3754206.json,downloaded,200,3161107,a6d9ff6e9377dd09a52ac24ac128a78636d303b3c28b810541ee6329d4d85d59,3754206.0,events
https://raw.githubusercontent.com/statsbomb/open-data/master/data/lineups/3754294.json,/content/drive/MyDrive/ml_project/code/data_pipeline/results/Premier_League_2015_16_DATA_ONLY_FULL_REAL/data/bronze/statsbomb/lineups/3754294.json,downloaded,200,19198,2c4a9d1934aef76d1d30ca1839725987b851facb38038b45d5d0ff6e8fa90e05,3754294.0,lineups
https://raw.githubusercontent.com/statsbomb/open-data/master/data/three-sixty/3754294.json,/content/drive/MyDrive/ml_project/code/data_pipeline/results/Premier_League_2015_16_DATA_ONLY_FULL_REAL/data/bronze/statsbomb/three-sixty/3754294.json,optional_missing,404,0,,3754294.0,three-sixty
https://raw.githubusercontent.com/statsbomb/open-data/master/data/lineups/3754310.json,/content/drive/MyDrive/ml_project/code/data_pipeline/results/Premier_League_2015_16_DATA_ONLY_FULL_REAL/data/bronze/statsbomb/lineups/3754310.json,downloaded,200,17090,ffee0b0f4f0e80ea63d976beb2911828955c3fbf568a4b05be3a224042740e23,3754310.0,lineups
https://raw.githubusercontent.com/statsbomb/open-data/master/data/three-sixty/3754310.json,/content/drive/MyDrive/ml_project/code/data_pipeline/results/Premier_League_2015_16_DATA_ONLY_FULL_REAL/data/bronze/statsbomb/three-sixty/3754310.json,optional_missing,404,0,,3754310.0,three-sixty
https://raw.githubusercontent.com/statsbomb/open-data/master/data/events/3754294.json,/content/drive/MyDrive/ml_project/code/data_pipeline/results/Premier_League_2015_16_DATA_ONLY_FULL_REAL/data/bronze/statsbomb/events/3754294.json,downloaded,200,3094164,9e80f9b9183c64f024c113c7f4d797e9f3ec994ae29f415631e3ce77244ace91,3754294.0,events
https://raw.githubusercontent.com/statsbomb/open-data/master/data/lineups/3754284.json,/content/drive/MyDrive/ml_project/code/data_pipeline/results/Premier_League_2015_16_DATA_ONLY_FULL_REAL/data/bronze/statsbomb/lineups/3754284.json,downloaded,200,18664,f3f512ef067cdddaabda837b5ca30e3a90703efd2bff6f77765efc9a7a270014,3754284.0,lineups
https://raw.githubusercontent.com/statsbomb/open-data/master/data/three-sixty/3754284.json,/content/drive/MyDrive/ml_project/code/data_pipeline/results/Premier_League_2015_16_DATA_ONLY_FULL_REAL/data/bronze/statsbomb/three-sixty/3754284.json,optional_missing,404,0,,3754284.0,three-sixty
https://raw.githubusercontent.com/statsbomb/open-data/master/data/events/3754310.json,/content/drive/MyDrive/ml_project/code/data_pipeline/results/Premier_League_2015_16_DATA_ONLY_FULL_REAL/data/bronze/statsbomb/events/3754310.json,downloaded,200,3187231,cd2e85b86ee56609d864de9057a4356a1c0f98d10bd1fdbd049f0cc7256f34a3,3754310.0,events
https://raw.githubusercontent.com/statsbomb/open-data/master/data/three-sixty/3754307.json,/content/drive/MyDrive/ml_project/code/data_pipeline/results/Premier_League_2015_16_DATA_ONLY_FULL_REAL/data/bronze/statsbomb/three-sixty/3754307.json,optional_missing,404,0,,3754307.0,three-sixty
https://raw.githubusercontent.com/statsbomb/open-data/master/data/events/3754284.json,/content/drive/MyDrive/ml_project/code/data_pipeline/results/Premier_League_2015_16_DATA_ONLY_FULL_REAL/data/bronze/statsbomb/events/3754284.json,downloaded,200,3266017,fdb393d6c757164bed69c7a6fe0f3bd32cca83e2d0632600e822e5228dba1616,3754284.0,events
https://raw.githubusercontent.com/statsbomb/open-data/master/data/events/3754086.json,/content/drive/MyDrive/ml_project/code/data_pipeline/results/Premier_League_2015_16_DATA_ONLY_FULL_REAL/data/bronze/statsbomb/events/3754086.json,downloaded,200,2732918,f3d2741774853fc67dc7bebd72dcd97aa35f0c95c941bba4f6c315b1b9f08754,3754086.0,events
https://raw.githubusercontent.com/statsbomb/open-data/master/data/events/3754307.json,/content/drive/MyDrive/ml_project/code/data_pipeline/results/Premier_League_2015_16_DATA_ONLY_FULL_REAL/data/bronze/statsbomb/events/3754307.json,downloaded,200,3035173,59ce55189c6142381cae6137920dd38d5413f200e242809b97e1b41ebfa52a9f,3754307.0,events
https://raw.githubusercontent.com/statsbomb/open-data/master/data/three-sixty/3754154.json,/content/drive/MyDrive/ml_project/code/data_pipeline/results/Premier_League_2015_16_DATA_ONLY_FULL_REAL/data/bronze/statsbomb/three-sixty/3754154.json,optional_missing,404,0,,3754154.0,three-sixty
https://raw.githubusercontent.com/statsbomb/open-data/master/data/lineups/3754307.json,/content/drive/MyDrive/ml_project/code/data_pipeline/results/Premier_League_2015_16_DATA_ONLY_FULL_REAL/data/bronze/statsbomb/lineups/3754307.json,downloaded,200,15887,7359715452bbffa7cea83e5d496453caa3bf266fe3435c2093349e15e060ae4f,3754307.0,lineups
https://raw.githubusercontent.com/statsbomb/open-data/master/data/lineups/3754154.json,/content/drive/MyDrive/ml_project/code/data_pipeline/results/Premier_League_2015_16_DATA_ONLY_FULL_REAL/data/bronze/statsbomb/lineups/3754154.json,downloaded,200,17762,5f590acbf2dbd851cb1dc664cd4e2865e3a777284dc602e6205bbdff71ac7ff2,3754154.0,lineups
https://raw.githubusercontent.com/statsbomb/open-data/master/data/events/3754154.json,/content/drive/MyDrive/ml_project/code/data_pipeline/results/Premier_League_2015_16_DATA_ONLY_FULL_REAL/data/bronze/statsbomb/events/3754154.json,downloaded,200,3272242,bc1e696588bfd7f5d992d1f34102cfc7605ebb69315be678f232442a45914ad6,3754154.0,events
https://raw.githubusercontent.com/statsbomb/open-data/master/data/lineups/3754242.json,/content/drive/MyDrive/ml_project/code/data_pipeline/results/Premier_League_2015_16_DATA_ONLY_FULL_REAL/data/bronze/statsbomb/lineups/3754242.json,downloaded,200,16526,fafedcbeabc86fb6201150e0b39ebeb0b8528afad2b858d841196e7650ea0b63,3754242.0,lineups
https://raw.githubusercontent.com/statsbomb/open-data/master/data/lineups/3754282.json,/content/drive/MyDrive/ml_project/code/data_pipeline/results/Premier_League_2015_16_DATA_ONLY_FULL_REAL/data/bronze/statsbomb/lineups/3754282.json,downloaded,200,16120,9cb0ce4d565582ab764ba085c06e301cfb5b05c1a8bccde5a6b384fc5d4974fe,3754282.0,lineups
https://raw.githubusercontent.com/statsbomb/open-data/master/data/three-sixty/3754282.json,/content/drive/MyDrive/ml_project/code/data_pipeline/results/Premier_League_2015_16_DATA_ONLY_FULL_REAL/data/bronze/statsbomb/three-sixty/3754282.json,optional_missing,404,0,,3754282.0,three-sixty
https://raw.githubusercontent.com/statsbomb/open-data/master/data/three-sixty/3754242.json,/content/drive/MyDrive/ml_project/code/data_pipeline/results/Premier_League_2015_16_DATA_ONLY_FULL_REAL/data/bronze/statsbomb/three-sixty/3754242.json,optional_missing,404,0,,3754242.0,three-sixty
https://raw.githubusercontent.com/statsbomb/open-data/master/data/lineups/3753990.json,/content/drive/MyDrive/ml_project/code/data_pipeline/results/Premier_League_2015_16_DATA_ONLY_FULL_REAL/data/bronze/statsbomb/lineups/3753990.json,downloaded,200,16189,9a4905f0428eac212e6d837a85118c96de93c41a702eae01c326ce49f8d316cd,3753990.0,lineups
https://raw.githubusercontent.com/statsbomb/open-data/master/data/three-sixty/3753990.json,/content/drive/MyDrive/ml_project/code/data_pipeline/results/Premier_League_2015_16_DATA_ONLY_FULL_REAL/data/bronze/statsbomb/three-sixty/3753990.json,optional_missing,404,0,,3753990.0,three-sixty
https://raw.githubusercontent.com/statsbomb/open-data/master/data/events/3754282.json,/content/drive/MyDrive/ml_project/code/data_pipeline/results/Premier_League_2015_16_DATA_ONLY_FULL_REAL/data/bronze/statsbomb/events/3754282.json,downloaded,200,3127830,bb8d2fbbd38352edceebe3425c9870fd8b74f01318ef4f85b2fb6d000010d3e3,3754282.0,events
https://raw.githubusercontent.com/statsbomb/open-data/master/data/lineups/3754228.json,/content/drive/MyDrive/ml_project/code/data_pipeline/results/Premier_League_2015_16_DATA_ONLY_FULL_REAL/data/bronze/statsbomb/lineups/3754228.json,downloaded,200,17772,66ade74c3e5905615c2ec5470f3415c972ac750f3d03839a0f1c91caaaf0d921,3754228.0,lineups
https://raw.githubusercontent.com/statsbomb/open-data/master/data/events/3754242.json,/content/drive/MyDrive/ml_project/code/data_pipeline/results/Premier_League_2015_16_DATA_ONLY_FULL_REAL/data/bronze/statsbomb/events/3754242.json,downloaded,200,3272061,c73830fb75b1c9136634dbbd6f1bf301498efc47619e6193098f7ec667f567e3,3754242.0,events
https://raw.githubusercontent.com/statsbomb/open-data/master/data/three-sixty/3754228.json,/content/drive/MyDrive/ml_project/code/data_pipeline/results/Premier_League_2015_16_DATA_ONLY_FULL_REAL/data/bronze/statsbomb/three-sixty/3754228.json,optional_missing,404,0,,3754228.0,three-sixty
https://raw.githubusercontent.com/statsbomb/open-data/master/data/events/3753990.json,/content/drive/MyDrive/ml_project/code/data_pipeline/results/Premier_League_2015_16_DATA_ONLY_FULL_REAL/data/bronze/statsbomb/events/3753990.json,downloaded,200,3056412,4dfb4e608a5526a30a91e4ae9bc934721b8fa9c9f210549ff25315ba3b718211,3753990.0,events
https://raw.githubusercontent.com/statsbomb/open-data/master/data/lineups/3754332.json,/content/drive/MyDrive/ml_project/code/data_pipeline/results/Premier_League_2015_16_DATA_ONLY_FULL_REAL/data/bronze/statsbomb/lineups/3754332.json,downloaded,200,16259,deb223708eefeff8c56d91c1c704fea81b8bff5024afb8c9732ca869665002a9,3754332.0,lineups
https://raw.githubusercontent.com/statsbomb/open-data/master/data/three-sixty/3754332.json,/content/drive/MyDrive/ml_project/code/data_pipeline/results/Premier_League_2015_16_DATA_ONLY_FULL_REAL/data/bronze/statsbomb/three-sixty/3754332.json,optional_missing,404,0,,3754332.0,three-sixty
https://raw.githubusercontent.com/statsbomb/open-data/master/data/three-sixty/3754037.json,/content/drive/MyDrive/ml_project/code/data_pipeline/results/Premier_League_2015_16_DATA_ONLY_FULL_REAL/data/bronze/statsbomb/three-sixty/3754037.json,optional_missing,404,0,,3754037.0,three-sixty
https://raw.githubusercontent.com/statsbomb/open-data/master/data/lineups/3754037.json,/content/drive/MyDrive/ml_project/code/data_pipeline/results/Premier_League_2015_16_DATA_ONLY_FULL_REAL/data/bronze/statsbomb/lineups/3754037.json,downloaded,200,15675,0eab733bd36378c53fb8d8d8ecc510df7b443bd14214f95c673a50a687b4be08,3754037.0,lineups
https://raw.githubusercontent.com/statsbomb/open-data/master/data/events/3754332.json,/content/drive/MyDrive/ml_project/code/data_pipeline/results/Premier_League_2015_16_DATA_ONLY_FULL_REAL/data/bronze/statsbomb/events/3754332.json,downloaded,200,2896090,e361ac19f289308099678aef7fb54db6100b0dedf6c98eaa24144da74b376439,3754332.0,events
https://raw.githubusercontent.com/statsbomb/open-data/master/data/three-sixty/3754063.json,/content/drive/MyDrive/ml_project/code/data_pipeline/results/Premier_League_2015_16_DATA_ONLY_FULL_REAL/data/bronze/statsbomb/three-sixty/3754063.json,optional_missing,404,0,,3754063.0,three-sixty
https://raw.githubusercontent.com/statsbomb/open-data/master/data/lineups/3754063.json,/content/drive/MyDrive/ml_project/code/data_pipeline/results/Premier_League_2015_16_DATA_ONLY_FULL_REAL/data/bronze/statsbomb/lineups/3754063.json,downloaded,200,17886,9fdee4692aed27485c5eca88e7fb24a0b51652b28e8acf3a9d89cd3df84ab180,3754063.0,lineups
https://raw.githubusercontent.com/statsbomb/open-data/master/data/events/3754037.json,/content/drive/MyDrive/ml_project/code/data_pipeline/results/Premier_League_2015_16_DATA_ONLY_FULL_REAL/data/bronze/statsbomb/events/3754037.json,downloaded,200,3306453,14f1ae98d76aac9e754cce89dbac0fd3f3379a92922ef491e111402d6ce1ab10,3754037.0,events
https://raw.githubusercontent.com/statsbomb/open-data/master/data/three-sixty/3754132.json,/content/drive/MyDrive/ml_project/code/data_pipeline/results/Premier_League_2015_16_DATA_ONLY_FULL_REAL/data/bronze/statsbomb/three-sixty/3754132.json,optional_missing,404,0,,3754132.0,three-sixty
https://raw.githubusercontent.com/statsbomb/open-data/master/data/lineups/3754132.json,/content/drive/MyDrive/ml_project/code/data_pipeline/results/Premier_League_2015_16_DATA_ONLY_FULL_REAL/data/bronze/statsbomb/lineups/3754132.json,downloaded,200,16631,0c0e5544f8d8995d7b7cd7a99889cfddca9a845a8a6e63f25b17a379f932906f,3754132.0,lineups
https://raw.githubusercontent.com/statsbomb/open-data/master/data/three-sixty/3754170.json,/content/drive/MyDrive/ml_project/code/data_pipeline/results/Premier_League_2015_16_DATA_ONLY_FULL_REAL/data/bronze/statsbomb/three-sixty/3754170.json,optional_missing,404,0,,3754170.0,three-sixty
https://raw.githubusercontent.com/statsbomb/open-data/master/data/events/3754132.json,/content/drive/MyDrive/ml_project/code/data_pipeline/results/Premier_League_2015_16_DATA_ONLY_FULL_REAL/data/bronze/statsbomb/events/3754132.json,downloaded,200,2401223,e9192cb9a8c58185383adc9eef0d9379795f60b6a89c4a1bf10d9b3e43309098,3754132.0,events
https://raw.githubusercontent.com/statsbomb/open-data/master/data/events/3754228.json,/content/drive/MyDrive/ml_project/code/data_pipeline/results/Premier_League_2015_16_DATA_ONLY_FULL_REAL/data/bronze/statsbomb/events/3754228.json,downloaded,200,3498486,e89fbfe79b241f2d5040afdd0ac595f8f509719318749ed3e5aad55b76ed36e9,3754228.0,events
https://raw.githubusercontent.com/statsbomb/open-data/master/data/events/3754063.json,/content/drive/MyDrive/ml_project/code/data_pipeline/results/Premier_League_2015_16_DATA_ONLY_FULL_REAL/data/bronze/statsbomb/events/3754063.json,downloaded,200,3026609,ede3cd17367bd7fe0686b21a1f680d6a9242a11f71b4fc0c8224bed70b411c3e,3754063.0,events
https://raw.githubusercontent.com/statsbomb/open-data/master/data/lineups/3754170.json,/content/drive/MyDrive/ml_project/code/data_pipeline/results/Premier_League_2015_16_DATA_ONLY_FULL_REAL/data/bronze/statsbomb/lineups/3754170.json,downloaded,200,19079,b0328c61be7a523cd8157f4aeeec62dc274e7ead8ccebd3f4c108d96aef5b21f,3754170.0,lineups
https://raw.githubusercontent.com/statsbomb/open-data/master/data/three-sixty/3754192.json,/content/drive/MyDrive/ml_project/code/data_pipeline/results/Premier_League_2015_16_DATA_ONLY_FULL_REAL/data/bronze/statsbomb/three-sixty/3754192.json,optional_missing,404,0,,3754192.0,three-sixty
https://raw.githubusercontent.com/statsbomb/open-data/master/data/lineups/3754192.json,/content/drive/MyDrive/ml_project/code/data_pipeline/results/Premier_League_2015_16_DATA_ONLY_FULL_REAL/data/bronze/statsbomb/lineups/3754192.json,downloaded,200,18130,d8f0f911a22554035e9924730bf368ded09ed3dd79befac315a784d930d60269,3754192.0,lineups
https://raw.githubusercontent.com/statsbomb/open-data/master/data/lineups/3754184.json,/content/drive/MyDrive/ml_project/code/data_pipeline/results/Premier_League_2015_16_DATA_ONLY_FULL_REAL/data/bronze/statsbomb/lineups/3754184.json,downloaded,200,18361,dc7c56094680ba9b4db0580b2466d9b2d80d1333f0e092cbd5baea68dd3154af,3754184.0,lineups
https://raw.githubusercontent.com/statsbomb/open-data/master/data/events/3754170.json,/content/drive/MyDrive/ml_project/code/data_pipeline/results/Premier_League_2015_16_DATA_ONLY_FULL_REAL/data/bronze/statsbomb/events/3754170.json,downloaded,200,2836584,45d7fae2206c362d654f481631ea2d5ff3d8ad12a4fd4677e77ca27f4932e87e,3754170.0,events
https://raw.githubusercontent.com/statsbomb/open-data/master/data/three-sixty/3754018.json,/content/drive/MyDrive/ml_project/code/data_pipeline/results/Premier_League_2015_16_DATA_ONLY_FULL_REAL/data/bronze/statsbomb/three-sixty/3754018.json,optional_missing,404,0,,3754018.0,three-sixty
https://raw.githubusercontent.com/statsbomb/open-data/master/data/three-sixty/3754184.json,/content/drive/MyDrive/ml_project/code/data_pipeline/results/Premier_League_2015_16_DATA_ONLY_FULL_REAL/data/bronze/statsbomb/three-sixty/3754184.json,optional_missing,404,0,,3754184.0,three-sixty
https://raw.githubusercontent.com/statsbomb/open-data/master/data/lineups/3754018.json,/content/drive/MyDrive/ml_project/code/data_pipeline/results/Premier_League_2015_16_DATA_ONLY_FULL_REAL/data/bronze/statsbomb/lineups/3754018.json,downloaded,200,18497,d3b1a33bb049fe3957769344510e9a7d22a2253c240cccb4a6eb134d0f5faf55,3754018.0,lineups
https://raw.githubusercontent.com/statsbomb/open-data/master/data/events/3754184.json,/content/drive/MyDrive/ml_project/code/data_pipeline/results/Premier_League_2015_16_DATA_ONLY_FULL_REAL/data/bronze/statsbomb/events/3754184.json,downloaded,200,3183017,db78f1180fc60d0e7948f2c85a1acd3f8ba2da7f207a9730ddd9a90afead293e,3754184.0,events
https://raw.githubusercontent.com/statsbomb/open-data/master/data/three-sixty/3754165.json,/content/drive/MyDrive/ml_project/code/data_pipeline/results/Premier_League_2015_16_DATA_ONLY_FULL_REAL/data/bronze/statsbomb/three-sixty/3754165.json,optional_missing,404,0,,3754165.0,three-sixty
https://raw.githubusercontent.com/statsbomb/open-data/master/data/events/3754192.json,/content/drive/MyDrive/ml_project/code/data_pipeline/results/Premier_League_2015_16_DATA_ONLY_FULL_REAL/data/bronze/statsbomb/events/3754192.json,downloaded,200,2796472,80cae25786159e4734ea6fd9d209a38f2257dd70cdc96de31e1c38cc19970d54,3754192.0,events
https://raw.githubusercontent.com/statsbomb/open-data/master/data/lineups/3754165.json,/content/drive/MyDrive/ml_project/code/data_pipeline/results/Premier_League_2015_16_DATA_ONLY_FULL_REAL/data/bronze/statsbomb/lineups/3754165.json,downloaded,200,17360,8b35ff62b96d4ea5f25c0e614984da16579df7c48e30e37d53ce36504b6004e6,3754165.0,lineups
https://raw.githubusercontent.com/statsbomb/open-data/master/data/events/3754018.json,/content/drive/MyDrive/ml_project/code/data_pipeline/results/Premier_League_2015_16_DATA_ONLY_FULL_REAL/data/bronze/statsbomb/events/3754018.json,downloaded,200,3492950,2ace01d4d43e0645a8fae708dcb9fa77e317423956d4752cd3939cc291408255,3754018.0,events
https://raw.githubusercontent.com/statsbomb/open-data/master/data/three-sixty/3754320.json,/content/drive/MyDrive/ml_project/code/data_pipeline/results/Premier_League_2015_16_DATA_ONLY_FULL_REAL/data/bronze/statsbomb/three-sixty/3754320.json,optional_missing,404,0,,3754320.0,three-sixty
https://raw.githubusercontent.com/statsbomb/open-data/master/data/lineups/3754092.json,/content/drive/MyDrive/ml_project/code/data_pipeline/results/Premier_League_2015_16_DATA_ONLY_FULL_REAL/data/bronze/statsbomb/lineups/3754092.json,downloaded,200,22050,d7a15cf8dff5326cc2397a9e0212749a2f907a4cee28c49b9422f75c82ab6ce7,3754092.0,lineups
https://raw.githubusercontent.com/statsbomb/open-data/master/data/lineups/3754320.json,/content/drive/MyDrive/ml_project/code/data_pipeline/results/Premier_League_2015_16_DATA_ONLY_FULL_REAL/data/bronze/statsbomb/lineups/3754320.json,downloaded,200,16426,c65eb55098a7ac820c12d1da0686b0e19669694af3233aa144bf92020e7c1407,3754320.0,lineups
https://raw.githubusercontent.com/statsbomb/open-data/master/data/events/3754320.json,/content/drive/MyDrive/ml_project/code/data_pipeline/results/Premier_League_2015_16_DATA_ONLY_FULL_REAL/data/bronze/statsbomb/events/3754320.json,downloaded,200,3321334,25cfdf00febef482adf8b678724e1c04c907d9ac632ae2b502056e1719ca7177,3754320.0,events
https://raw.githubusercontent.com/statsbomb/open-data/master/data/three-sixty/3754092.json,/content/drive/MyDrive/ml_project/code/data_pipeline/results/Premier_League_2015_16_DATA_ONLY_FULL_REAL/data/bronze/statsbomb/three-sixty/3754092.json,optional_missing,404,0,,3754092.0,three-sixty
https://raw.githubusercontent.com/statsbomb/open-data/master/data/three-sixty/3754210.json,/content/drive/MyDrive/ml_project/code/data_pipeline/results/Premier_League_2015_16_DATA_ONLY_FULL_REAL/data/bronze/statsbomb/three-sixty/3754210.json,optional_missing,404,0,,3754210.0,three-sixty
https://raw.githubusercontent.com/statsbomb/open-data/master/data/lineups/3754210.json,/content/drive/MyDrive/ml_project/code/data_pipeline/results/Premier_League_2015_16_DATA_ONLY_FULL_REAL/data/bronze/statsbomb/lineups/3754210.json,downloaded,200,17893,9a12c7f65bb6d4f165c5706a62dee33c553ede5c10b67180e99a0606f652386d,3754210.0,lineups
https://raw.githubusercontent.com/statsbomb/open-data/master/data/events/3754092.json,/content/drive/MyDrive/ml_project/code/data_pipeline/results/Premier_League_2015_16_DATA_ONLY_FULL_REAL/data/bronze/statsbomb/events/3754092.json,downloaded,200,2848389,2e03ee9864ffa7cb93914ccf88ddf8edad0f1d40d9a86bb4bb5976a9ff43926d,3754092.0,events
https://raw.githubusercontent.com/statsbomb/open-data/master/data/events/3754165.json,/content/drive/MyDrive/ml_project/code/data_pipeline/results/Premier_League_2015_16_DATA_ONLY_FULL_REAL/data/bronze/statsbomb/events/3754165.json,downloaded,200,3155558,63b1f679c2d16c5e0f4a2273c6140a48458ea6233ef16b9e3ee667d1432f7e6e,3754165.0,events
https://raw.githubusercontent.com/statsbomb/open-data/master/data/three-sixty/3754026.json,/content/drive/MyDrive/ml_project/code/data_pipeline/results/Premier_League_2015_16_DATA_ONLY_FULL_REAL/data/bronze/statsbomb/three-sixty/3754026.json,optional_missing,404,0,,3754026.0,three-sixty
https://raw.githubusercontent.com/statsbomb/open-data/master/data/events/3754210.json,/content/drive/MyDrive/ml_project/code/data_pipeline/results/Premier_League_2015_16_DATA_ONLY_FULL_REAL/data/bronze/statsbomb/events/3754210.json,downloaded,200,3018937,c5fbd4061bb1d32e26d853636ce88f6a99143207101e8df38697f301373bf39e,3754210.0,events
https://raw.githubusercontent.com/statsbomb/open-data/master/data/lineups/3754026.json,/content/drive/MyDrive/ml_project/code/data_pipeline/results/Premier_League_2015_16_DATA_ONLY_FULL_REAL/data/bronze/statsbomb/lineups/3754026.json,downloaded,200,20191,81fac90088f3396132e49ba9f65889e80390718933e4a15b27601c74847b7e98,3754026.0,lineups
https://raw.githubusercontent.com/statsbomb/open-data/master/data/lineups/3754070.json,/content/drive/MyDrive/ml_project/code/data_pipeline/results/Premier_League_2015_16_DATA_ONLY_FULL_REAL/data/bronze/statsbomb/lineups/3754070.json,downloaded,200,15408,f85faf0f16620d997c91087142d169853d1753f090bc7a85139b42123207a9c0,3754070.0,lineups
https://raw.githubusercontent.com/statsbomb/open-data/master/data/three-sixty/3754070.json,/content/drive/MyDrive/ml_project/code/data_pipeline/results/Premier_League_2015_16_DATA_ONLY_FULL_REAL/data/bronze/statsbomb/three-sixty/3754070.json,optional_missing,404,0,,3754070.0,three-sixty
https://raw.githubusercontent.com/statsbomb/open-data/master/data/three-sixty/3754108.json,/content/drive/MyDrive/ml_project/code/data_pipeline/results/Premier_League_2015_16_DATA_ONLY_FULL_REAL/data/bronze/statsbomb/three-sixty/3754108.json,optional_missing,404,0,,3754108.0,three-sixty
https://raw.githubusercontent.com/statsbomb/open-data/master/data/lineups/3754108.json,/content/drive/MyDrive/ml_project/code/data_pipeline/results/Premier_League_2015_16_DATA_ONLY_FULL_REAL/data/bronze/statsbomb/lineups/3754108.json,downloaded,200,19083,6a950f89d77fc7a544e40699a2356d429957a0b0ea2fd867825779fed5db4b0f,3754108.0,lineups
https://raw.githubusercontent.com/statsbomb/open-data/master/data/events/3754070.json,/content/drive/MyDrive/ml_project/code/data_pipeline/results/Premier_League_2015_16_DATA_ONLY_FULL_REAL/data/bronze/statsbomb/events/3754070.json,downloaded,200,3027390,7deb486575ccb72a3398f71f50d16864568d790357d064f214fbf61a6f944a51,3754070.0,events
https://raw.githubusercontent.com/statsbomb/open-data/master/data/events/3754026.json,/content/drive/MyDrive/ml_project/code/data_pipeline/results/Premier_League_2015_16_DATA_ONLY_FULL_REAL/data/bronze/statsbomb/events/3754026.json,downloaded,200,2456306,45b18f54bd5532e9c0247d1cb40f9591e17e5d169f35fd78b2ddc16b2d4aea94,3754026.0,events
https://raw.githubusercontent.com/statsbomb/open-data/master/data/three-sixty/3754158.json,/content/drive/MyDrive/ml_project/code/data_pipeline/results/Premier_League_2015_16_DATA_ONLY_FULL_REAL/data/bronze/statsbomb/three-sixty/3754158.json,optional_missing,404,0,,3754158.0,three-sixty
https://raw.githubusercontent.com/statsbomb/open-data/master/data/events/3754108.json,/content/drive/MyDrive/ml_project/code/data_pipeline/results/Premier_League_2015_16_DATA_ONLY_FULL_REAL/data/bronze/statsbomb/events/3754108.json,downloaded,200,3008834,938a3f24c81958ce85fbcd43707389e16e2541ad8530f07a5161277007d3aedc,3754108.0,events
https://raw.githubusercontent.com/statsbomb/open-data/master/data/lineups/3754225.json,/content/drive/MyDrive/ml_project/code/data_pipeline/results/Premier_League_2015_16_DATA_ONLY_FULL_REAL/data/bronze/statsbomb/lineups/3754225.json,downloaded,200,16998,918b86a726e3d3f201238ad10c7e2ad83ebf3a8aac5d362f10215c6e80bfce84,3754225.0,lineups
https://raw.githubusercontent.com/statsbomb/open-data/master/data/lineups/3754158.json,/content/drive/MyDrive/ml_project/code/data_pipeline/results/Premier_League_2015_16_DATA_ONLY_FULL_REAL/data/bronze/statsbomb/lineups/3754158.json,downloaded,200,18159,8e7954a8e5c7c45be4935d0ad2a36c5e9762f8abb804422cd4a5ff3b1c753cc3,3754158.0,lineups
https://raw.githubusercontent.com/statsbomb/open-data/master/data/three-sixty/3754225.json,/content/drive/MyDrive/ml_project/code/data_pipeline/results/Premier_League_2015_16_DATA_ONLY_FULL_REAL/data/bronze/statsbomb/three-sixty/3754225.json,optional_missing,404,0,,3754225.0,three-sixty
https://raw.githubusercontent.com/statsbomb/open-data/master/data/three-sixty/3754033.json,/content/drive/MyDrive/ml_project/code/data_pipeline/results/Premier_League_2015_16_DATA_ONLY_FULL_REAL/data/bronze/statsbomb/three-sixty/3754033.json,optional_missing,404,0,,3754033.0,three-sixty
https://raw.githubusercontent.com/statsbomb/open-data/master/data/lineups/3754033.json,/content/drive/MyDrive/ml_project/code/data_pipeline/results/Premier_League_2015_16_DATA_ONLY_FULL_REAL/data/bronze/statsbomb/lineups/3754033.json,downloaded,200,17740,360a83adcafef1c9dbcb77f31deb32630555fad3edd34d4a2eef17ab1035ef40,3754033.0,lineups
https://raw.githubusercontent.com/statsbomb/open-data/master/data/events/3754225.json,/content/drive/MyDrive/ml_project/code/data_pipeline/results/Premier_League_2015_16_DATA_ONLY_FULL_REAL/data/bronze/statsbomb/events/3754225.json,downloaded,200,2948346,07e69435a97a2b263dbd7d1cfe3112a10b8d486cc2f8a36f8f1d0e6c671c3ee0,3754225.0,events
https://raw.githubusercontent.com/statsbomb/open-data/master/data/three-sixty/3753992.json,/content/drive/MyDrive/ml_project/code/data_pipeline/results/Premier_League_2015_16_DATA_ONLY_FULL_REAL/data/bronze/statsbomb/three-sixty/3753992.json,optional_missing,404,0,,3753992.0,three-sixty
https://raw.githubusercontent.com/statsbomb/open-data/master/data/lineups/3753992.json,/content/drive/MyDrive/ml_project/code/data_pipeline/results/Premier_League_2015_16_DATA_ONLY_FULL_REAL/data/bronze/statsbomb/lineups/3753992.json,downloaded,200,16664,2736ba419bebee909d2d95c505fb6a22fd18f997f7f7df9af60d832953d65156,3753992.0,lineups
https://raw.githubusercontent.com/statsbomb/open-data/master/data/lineups/3754314.json,/content/drive/MyDrive/ml_project/code/data_pipeline/results/Premier_League_2015_16_DATA_ONLY_FULL_REAL/data/bronze/statsbomb/lineups/3754314.json,downloaded,200,18509,4809d5e347c8272e2cbcc7e577234ca46fb10a1fc51eead6bb8c588301af2be6,3754314.0,lineups
https://raw.githubusercontent.com/statsbomb/open-data/master/data/three-sixty/3754314.json,/content/drive/MyDrive/ml_project/code/data_pipeline/results/Premier_League_2015_16_DATA_ONLY_FULL_REAL/data/bronze/statsbomb/three-sixty/3754314.json,optional_missing,404,0,,3754314.0,three-sixty
https://raw.githubusercontent.com/statsbomb/open-data/master/data/events/3754033.json,/content/drive/MyDrive/ml_project/code/data_pipeline/results/Premier_League_2015_16_DATA_ONLY_FULL_REAL/data/bronze/statsbomb/events/3754033.json,downloaded,200,2840114,ba8409f6cc1e5853d2ebb9397dcb4b2cac39df9e25034f2576d3f3223e42dd34,3754033.0,events
https://raw.githubusercontent.com/statsbomb/open-data/master/data/events/3754158.json,/content/drive/MyDrive/ml_project/code/data_pipeline/results/Premier_League_2015_16_DATA_ONLY_FULL_REAL/data/bronze/statsbomb/events/3754158.json,downloaded,200,2987565,58cefcbc1e116e94f29f19d56bd98c15ddbe1438f5b0aa2a24956ab4c9e4875f,3754158.0,events
https://raw.githubusercontent.com/statsbomb/open-data/master/data/events/3754314.json,/content/drive/MyDrive/ml_project/code/data_pipeline/results/Premier_League_2015_16_DATA_ONLY_FULL_REAL/data/bronze/statsbomb/events/3754314.json,downloaded,200,3027404,f53a10721086238f6fce72fad871cb593ec4a1242295f7a6840c086f0d9d7da4,3754314.0,events
https://raw.githubusercontent.com/statsbomb/open-data/master/data/events/3753992.json,/content/drive/MyDrive/ml_project/code/data_pipeline/results/Premier_League_2015_16_DATA_ONLY_FULL_REAL/data/bronze/statsbomb/events/3753992.json,downloaded,200,2955102,5a72e897102e69c8ddf98c95df83b486f3d0c0089065c43b073ce5acc7fb319e,3753992.0,events
https://raw.githubusercontent.com/statsbomb/open-data/master/data/three-sixty/3754342.json,/content/drive/MyDrive/ml_project/code/data_pipeline/results/Premier_League_2015_16_DATA_ONLY_FULL_REAL/data/bronze/statsbomb/three-sixty/3754342.json,optional_missing,404,0,,3754342.0,three-sixty
https://raw.githubusercontent.com/statsbomb/open-data/master/data/three-sixty/3754134.json,/content/drive/MyDrive/ml_project/code/data_pipeline/results/Premier_League_2015_16_DATA_ONLY_FULL_REAL/data/bronze/statsbomb/three-sixty/3754134.json,optional_missing,404,0,,3754134.0,three-sixty
https://raw.githubusercontent.com/statsbomb/open-data/master/data/lineups/3754342.json,/content/drive/MyDrive/ml_project/code/data_pipeline/results/Premier_League_2015_16_DATA_ONLY_FULL_REAL/data/bronze/statsbomb/lineups/3754342.json,downloaded,200,17205,1c3218a644192e6cccbfc759568c8d32d3713df70a93e141c5317af7f3c4e512,3754342.0,lineups
https://raw.githubusercontent.com/statsbomb/open-data/master/data/lineups/3754134.json,/content/drive/MyDrive/ml_project/code/data_pipeline/results/Premier_League_2015_16_DATA_ONLY_FULL_REAL/data/bronze/statsbomb/lineups/3754134.json,downloaded,200,17698,d2cc22e0dc43bae5d992d3ba1bdd040d4caec9d2478c70a52211f49815c07602,3754134.0,lineups
https://raw.githubusercontent.com/statsbomb/open-data/master/data/events/3754342.json,/content/drive/MyDrive/ml_project/code/data_pipeline/results/Premier_League_2015_16_DATA_ONLY_FULL_REAL/data/bronze/statsbomb/events/3754342.json,downloaded,200,2886856,a2ba0953368fa8df9b9951e3ad91c97a54b228e952fa0524c3893a96fe13405b,3754342.0,events
https://raw.githubusercontent.com/statsbomb/open-data/master/data/three-sixty/3753989.json,/content/drive/MyDrive/ml_project/code/data_pipeline/results/Premier_League_2015_16_DATA_ONLY_FULL_REAL/data/bronze/statsbomb/three-sixty/3753989.json,optional_missing,404,0,,3753989.0,three-sixty
https://raw.githubusercontent.com/statsbomb/open-data/master/data/lineups/3753989.json,/content/drive/MyDrive/ml_project/code/data_pipeline/results/Premier_League_2015_16_DATA_ONLY_FULL_REAL/data/bronze/statsbomb/lineups/3753989.json,downloaded,200,16008,86d4385140bd935ae77b262678eacdd46926dc9dfebe297fc65c630fb7b7cd87,3753989.0,lineups
https://raw.githubusercontent.com/statsbomb/open-data/master/data/lineups/3754207.json,/content/drive/MyDrive/ml_project/code/data_pipeline/results/Premier_League_2015_16_DATA_ONLY_FULL_REAL/data/bronze/statsbomb/lineups/3754207.json,downloaded,200,17602,05366b1ceddd2d0b46755525eeea36fc199b94e0692c869f10ea845aa5cd111b,3754207.0,lineups
https://raw.githubusercontent.com/statsbomb/open-data/master/data/three-sixty/3754207.json,/content/drive/MyDrive/ml_project/code/data_pipeline/results/Premier_League_2015_16_DATA_ONLY_FULL_REAL/data/bronze/statsbomb/three-sixty/3754207.json,optional_missing,404,0,,3754207.0,three-sixty
https://raw.githubusercontent.com/statsbomb/open-data/master/data/lineups/3754055.json,/content/drive/MyDrive/ml_project/code/data_pipeline/results/Premier_League_2015_16_DATA_ONLY_FULL_REAL/data/bronze/statsbomb/lineups/3754055.json,downloaded,200,18604,dcf07371c8d74050eb316d3c8c57ef5391ad5b10394ce2c3273886333964ae9a,3754055.0,lineups
https://raw.githubusercontent.com/statsbomb/open-data/master/data/events/3754207.json,/content/drive/MyDrive/ml_project/code/data_pipeline/results/Premier_League_2015_16_DATA_ONLY_FULL_REAL/data/bronze/statsbomb/events/3754207.json,downloaded,200,2949295,48a8dc53fbc2f7bbc5ac143f960588178dbf5eb5f6e746275201e430fb4f2e91,3754207.0,events
https://raw.githubusercontent.com/statsbomb/open-data/master/data/three-sixty/3754055.json,/content/drive/MyDrive/ml_project/code/data_pipeline/results/Premier_League_2015_16_DATA_ONLY_FULL_REAL/data/bronze/statsbomb/three-sixty/3754055.json,optional_missing,404,0,,3754055.0,three-sixty
https://raw.githubusercontent.com/statsbomb/open-data/master/data/events/3753989.json,/content/drive/MyDrive/ml_project/code/data_pipeline/results/Premier_League_2015_16_DATA_ONLY_FULL_REAL/data/bronze/statsbomb/events/3753989.json,downloaded,200,3048481,8c037338d82b05c086644a6fce5b4d6f856404e5ce337facc3b418ec3ed854fd,3753989.0,events
https://raw.githubusercontent.com/statsbomb/open-data/master/data/events/3754055.json,/content/drive/MyDrive/ml_project/code/data_pipeline/results/Premier_League_2015_16_DATA_ONLY_FULL_REAL/data/bronze/statsbomb/events/3754055.json,downloaded,200,3411574,e140ca8d2c419af5e7ee0fc8d2227d48da88c91bf2263d80201f2fc344a6d93c,3754055.0,events
https://raw.githubusercontent.com/statsbomb/open-data/master/data/lineups/3753994.json,/content/drive/MyDrive/ml_project/code/data_pipeline/results/Premier_League_2015_16_DATA_ONLY_FULL_REAL/data/bronze/statsbomb/lineups/3753994.json,downloaded,200,15960,e8d7dba70aaa4a7d48a37e1c8ad2a485ee82e51588ca51a6966c0492b9d35bf9,3753994.0,lineups
https://raw.githubusercontent.com/statsbomb/open-data/master/data/events/3754134.json,/content/drive/MyDrive/ml_project/code/data_pipeline/results/Premier_League_2015_16_DATA_ONLY_FULL_REAL/data/bronze/statsbomb/events/3754134.json,downloaded,200,2766436,41a7e77bb8552dfccb6f65651c5398c57edd1b951c213d7e3cc1101504984d4b,3754134.0,events
https://raw.githubusercontent.com/statsbomb/open-data/master/data/three-sixty/3753994.json,/content/drive/MyDrive/ml_project/code/data_pipeline/results/Premier_League_2015_16_DATA_ONLY_FULL_REAL/data/bronze/statsbomb/three-sixty/3753994.json,optional_missing,404,0,,3753994.0,three-sixty
https://raw.githubusercontent.com/statsbomb/open-data/master/data/three-sixty/3754041.json,/content/drive/MyDrive/ml_project/code/data_pipeline/results/Premier_League_2015_16_DATA_ONLY_FULL_REAL/data/bronze/statsbomb/three-sixty/3754041.json,optional_missing,404,0,,3754041.0,three-sixty
https://raw.githubusercontent.com/statsbomb/open-data/master/data/lineups/3754041.json,/content/drive/MyDrive/ml_project/code/data_pipeline/results/Premier_League_2015_16_DATA_ONLY_FULL_REAL/data/bronze/statsbomb/lineups/3754041.json,downloaded,200,16141,f36e578bc125289e1fb30073f6c41b4f2024a7290803fdeb7c5f4444219b1dab,3754041.0,lineups
https://raw.githubusercontent.com/statsbomb/open-data/master/data/events/3754041.json,/content/drive/MyDrive/ml_project/code/data_pipeline/results/Premier_League_2015_16_DATA_ONLY_FULL_REAL/data/bronze/statsbomb/events/3754041.json,downloaded,200,3178617,d72998be9dcebda64df593ff8c3dfb1d04ae897c54fd2f85e01e15ce42438317,3754041.0,events
https://raw.githubusercontent.com/statsbomb/open-data/master/data/events/3753994.json,/content/drive/MyDrive/ml_project/code/data_pipeline/results/Premier_League_2015_16_DATA_ONLY_FULL_REAL/data/bronze/statsbomb/events/3753994.json,downloaded,200,2822423,96a5172eb61c370d16d8393a3f7e1ccdefbf2cd74bfd67569bb03ac05a38538c,3753994.0,events
https://raw.githubusercontent.com/statsbomb/open-data/master/data/three-sixty/3754042.json,/content/drive/MyDrive/ml_project/code/data_pipeline/results/Premier_League_2015_16_DATA_ONLY_FULL_REAL/data/bronze/statsbomb/three-sixty/3754042.json,optional_missing,404,0,,3754042.0,three-sixty
https://raw.githubusercontent.com/statsbomb/open-data/master/data/three-sixty/3754123.json,/content/drive/MyDrive/ml_project/code/data_pipeline/results/Premier_League_2015_16_DATA_ONLY_FULL_REAL/data/bronze/statsbomb/three-sixty/3754123.json,optional_missing,404,0,,3754123.0,three-sixty
https://raw.githubusercontent.com/statsbomb/open-data/master/data/lineups/3754042.json,/content/drive/MyDrive/ml_project/code/data_pipeline/results/Premier_League_2015_16_DATA_ONLY_FULL_REAL/data/bronze/statsbomb/lineups/3754042.json,downloaded,200,17113,eb48c9939695a6557571b734c3cd7ad3265efac1872865732ee93b6a94f5f57d,3754042.0,lineups
https://raw.githubusercontent.com/statsbomb/open-data/master/data/lineups/3754123.json,/content/drive/MyDrive/ml_project/code/data_pipeline/results/Premier_League_2015_16_DATA_ONLY_FULL_REAL/data/bronze/statsbomb/lineups/3754123.json,downloaded,200,16333,e12330b897ad1905306e6f7ba98f932a5afe0be6b9bd6870ca7c3f5816231bc7,3754123.0,lineups
https://raw.githubusercontent.com/statsbomb/open-data/master/data/three-sixty/3754149.json,/content/drive/MyDrive/ml_project/code/data_pipeline/results/Premier_League_2015_16_DATA_ONLY_FULL_REAL/data/bronze/statsbomb/three-sixty/3754149.json,optional_missing,404,0,,3754149.0,three-sixty
https://raw.githubusercontent.com/statsbomb/open-data/master/data/lineups/3754149.json,/content/drive/MyDrive/ml_project/code/data_pipeline/results/Premier_League_2015_16_DATA_ONLY_FULL_REAL/data/bronze/statsbomb/lineups/3754149.json,downloaded,200,17731,4c08e5b796d0613cd51cb21b5fb7b9f85c5ff3258389b01fb3ca2454badb10b8,3754149.0,lineups
https://raw.githubusercontent.com/statsbomb/open-data/master/data/events/3754123.json,/content/drive/MyDrive/ml_project/code/data_pipeline/results/Premier_League_2015_16_DATA_ONLY_FULL_REAL/data/bronze/statsbomb/events/3754123.json,downloaded,200,2830242,791f35e150ff9d2285201b9868eb6e71d321c02b1b315fc013dcefe3e0939b54,3754123.0,events
https://raw.githubusercontent.com/statsbomb/open-data/master/data/events/3754042.json,/content/drive/MyDrive/ml_project/code/data_pipeline/results/Premier_League_2015_16_DATA_ONLY_FULL_REAL/data/bronze/statsbomb/events/3754042.json,downloaded,200,3076439,b24ee81d1979fbaac25cca0a27a6d727fa189da058afb00ad10ee99ada43324e,3754042.0,events
https://raw.githubusercontent.com/statsbomb/open-data/master/data/three-sixty/3754199.json,/content/drive/MyDrive/ml_project/code/data_pipeline/results/Premier_League_2015_16_DATA_ONLY_FULL_REAL/data/bronze/statsbomb/three-sixty/3754199.json,optional_missing,404,0,,3754199.0,three-sixty
https://raw.githubusercontent.com/statsbomb/open-data/master/data/lineups/3754199.json,/content/drive/MyDrive/ml_project/code/data_pipeline/results/Premier_League_2015_16_DATA_ONLY_FULL_REAL/data/bronze/statsbomb/lineups/3754199.json,downloaded,200,16390,02ede123e74c0fbf6eae721a6a7fce7070516fe736bb50b872127ba4afbce612,3754199.0,lineups
https://raw.githubusercontent.com/statsbomb/open-data/master/data/events/3754199.json,/content/drive/MyDrive/ml_project/code/data_pipeline/results/Premier_League_2015_16_DATA_ONLY_FULL_REAL/data/bronze/statsbomb/events/3754199.json,downloaded,200,2635414,8143d4849c213535c84d7fbb34f8f7d85ed551aef04951e53ee822a6531c53bb,3754199.0,events
https://raw.githubusercontent.com/statsbomb/open-data/master/data/lineups/3754229.json,/content/drive/MyDrive/ml_project/code/data_pipeline/results/Premier_League_2015_16_DATA_ONLY_FULL_REAL/data/bronze/statsbomb/lineups/3754229.json,downloaded,200,17196,f3fb52f063dfec80b2f10f472ed72e2d40eb4ae269ac6593770a5325f65f6961,3754229.0,lineups
https://raw.githubusercontent.com/statsbomb/open-data/master/data/three-sixty/3754229.json,/content/drive/MyDrive/ml_project/code/data_pipeline/results/Premier_League_2015_16_DATA_ONLY_FULL_REAL/data/bronze/statsbomb/three-sixty/3754229.json,optional_missing,404,0,,3754229.0,three-sixty
https://raw.githubusercontent.com/statsbomb/open-data/master/data/lineups/3754308.json,/content/drive/MyDrive/ml_project/code/data_pipeline/results/Premier_League_2015_16_DATA_ONLY_FULL_REAL/data/bronze/statsbomb/lineups/3754308.json,downloaded,200,16799,b0801f04a11fb76521a14e24ef426a11976cb9a9abc33dc73b9a5b597b0c6622,3754308.0,lineups
https://raw.githubusercontent.com/statsbomb/open-data/master/data/three-sixty/3754308.json,/content/drive/MyDrive/ml_project/code/data_pipeline/results/Premier_League_2015_16_DATA_ONLY_FULL_REAL/data/bronze/statsbomb/three-sixty/3754308.json,optional_missing,404,0,,3754308.0,three-sixty
https://raw.githubusercontent.com/statsbomb/open-data/master/data/three-sixty/3754333.json,/content/drive/MyDrive/ml_project/code/data_pipeline/results/Premier_League_2015_16_DATA_ONLY_FULL_REAL/data/bronze/statsbomb/three-sixty/3754333.json,optional_missing,404,0,,3754333.0,three-sixty
https://raw.githubusercontent.com/statsbomb/open-data/master/data/events/3754229.json,/content/drive/MyDrive/ml_project/code/data_pipeline/results/Premier_League_2015_16_DATA_ONLY_FULL_REAL/data/bronze/statsbomb/events/3754229.json,downloaded,200,3387432,eb7138d06313b58c8f708db379c8fdcb838f729221a4b1d8787a960a38d3f300,3754229.0,events
https://raw.githubusercontent.com/statsbomb/open-data/master/data/lineups/3754333.json,/content/drive/MyDrive/ml_project/code/data_pipeline/results/Premier_League_2015_16_DATA_ONLY_FULL_REAL/data/bronze/statsbomb/lineups/3754333.json,downloaded,200,17298,a449257e9f3a80faffc980738c4829ae845acc58b36b8c28a1cb0f634f2225e3,3754333.0,lineups
https://raw.githubusercontent.com/statsbomb/open-data/master/data/events/3754149.json,/content/drive/MyDrive/ml_project/code/data_pipeline/results/Premier_League_2015_16_DATA_ONLY_FULL_REAL/data/bronze/statsbomb/events/3754149.json,downloaded,200,3459987,f9bb57f6592b9b687be41aed4eb41551cbf9ecba4c55364229770e1b73da11d7,3754149.0,events
https://raw.githubusercontent.com/statsbomb/open-data/master/data/events/3754308.json,/content/drive/MyDrive/ml_project/code/data_pipeline/results/Premier_League_2015_16_DATA_ONLY_FULL_REAL/data/bronze/statsbomb/events/3754308.json,downloaded,200,2664817,80b1ba3bcf5f584338ae121c288aa638b6fbfbafa977441dc336d0d97acfe1e8,3754308.0,events
https://raw.githubusercontent.com/statsbomb/open-data/master/data/three-sixty/3754159.json,/content/drive/MyDrive/ml_project/code/data_pipeline/results/Premier_League_2015_16_DATA_ONLY_FULL_REAL/data/bronze/statsbomb/three-sixty/3754159.json,optional_missing,404,0,,3754159.0,three-sixty
https://raw.githubusercontent.com/statsbomb/open-data/master/data/lineups/3754159.json,/content/drive/MyDrive/ml_project/code/data_pipeline/results/Premier_League_2015_16_DATA_ONLY_FULL_REAL/data/bronze/statsbomb/lineups/3754159.json,downloaded,200,15802,b88e62e83960a365b5362097109c27d7a303d5a5110d600642be129bec50d060,3754159.0,lineups
https://raw.githubusercontent.com/statsbomb/open-data/master/data/events/3754333.json,/content/drive/MyDrive/ml_project/code/data_pipeline/results/Premier_League_2015_16_DATA_ONLY_FULL_REAL/data/bronze/statsbomb/events/3754333.json,downloaded,200,3093838,b5fb5b977d28012eeb5a7c8333f50646859f0c24be0f32cbf6e0a568cea13b48,3754333.0,events
https://raw.githubusercontent.com/statsbomb/open-data/master/data/events/3754159.json,/content/drive/MyDrive/ml_project/code/data_pipeline/results/Premier_League_2015_16_DATA_ONLY_FULL_REAL/data/bronze/statsbomb/events/3754159.json,downloaded,200,3270172,6c7f938aaf03da6abb1772eaa902507f73b85fbb6aa72795ab34d3bf75efc46f,3754159.0,events
https://www.football-data.co.uk/mmz4281/1516/E0.csv,/content/drive/MyDrive/ml_project/code/data_pipeline/results/Premier_League_2015_16_DATA_ONLY_FULL_REAL/data/bronze/football_data/E0_1516.csv,downloaded,200,100656,bd3502a18c38a1597fd9af62e2366b4015006d3528dd4d18b311bd6237bbc085,,
